date,factor,level,kind,source,retrieval_timestamp
2025-01-02,EQ_CA,97.85740253378844,log,SYNTHETIC: seeded teaching dataset; not observed market data,2026-09-01T00:00:00+00:00
2025-01-03,EQ_CA,97.94199053685189,log,SYNTHETIC: seeded teaching dataset; not observed market data,2026-09-01T00:00:00+00:00
2025-01-06,EQ_CA,96.33241358390123,log,SYNTHETIC: seeded teaching dataset; not observed market data,2026-09-01T00:00:00+00:00
2025-01-07,EQ_CA,96.3492381293612,log,SYNTHETIC: seeded teaching dataset; not observed market data,2026-09-01T00:00:00+00:00
2025-01-08,EQ_CA,95.35676514632881,log,SYNTHETIC: seeded teaching dataset; not observed market data,2026-09-01T00:00:00+00:00
2025-01-09,EQ_CA,95.95758205338416,log,SYNTHETIC: seeded teaching dataset; not observed market data,2026-09-01T00:00:00+00:00
2025-01-10,EQ_CA,96.25009997271904,log,SYNTHETIC: seeded teaching dataset; not observed market data,2026-09-01T00:00:00+00:00
2025-01-13,EQ_CA,95.8409618398431,log,SYNTHETIC: seeded teaching dataset; not observed market data,2026-09-01T00:00:00+00:00
2025-01-14,EQ_CA,95.66326929032303,log,SYNTHETIC: seeded teaching dataset; not observed market data,2026-09-01T00:00:00+00:00
2025-01-15,EQ_CA,96.44541795907573,log,SYNTHETIC: seeded teaching dataset; not observed market data,2026-09-01T00:00:00+00:00
2025-01-16,EQ_CA,95.6435591743454,log,SYNTHETIC: seeded teaching dataset; not observed market data,2026-09-01T00:00:00+00:00
2025-01-17,EQ_CA,96.20481547471556,log,SYNTHETIC: seeded teaching dataset; not observed market data,2026-09-01T00:00:00+00:00
2025-01-20,EQ_CA,96.92088050656852,log,SYNTHETIC: seeded teaching dataset; not observed market data,2026-09-01T00:00:00+00:00
2025-01-21,EQ_CA,97.39589907733249,log,SYNTHETIC: seeded teaching dataset; not observed market data,2026-09-01T00:00:00+00:00
2025-01-22,EQ_CA,97.57396130765015,log,SYNTHETIC: seeded teaching dataset; not observed market data,2026-09-01T00:00:00+00:00
2025-01-23,EQ_CA,97.39019776636864,log,SYNTHETIC: seeded teaching dataset; not observed market data,2026-09-01T00:00:00+00:00
2025-01-24,EQ_CA,97.54390320058306,log,SYNTHETIC: seeded teaching dataset; not observed market data,2026-09-01T00:00:00+00:00
2025-01-27,EQ_CA,98.99366347983187,log,SYNTHETIC: seeded teaching dataset; not observed market data,2026-09-01T00:00:00+00:00
2025-01-28,EQ_CA,100.43829618419116,log,SYNTHETIC: seeded teaching dataset; not observed market data,2026-09-01T00:00:00+00:00
2025-01-29,EQ_CA,99.01826757051366,log,SYNTHETIC: seeded teaching dataset; not observed market data,2026-09-01T00:00:00+00:00
2025-01-30,EQ_CA,100.50379474390247,log,SYNTHETIC: seeded teaching dataset; not observed market data,2026-09-01T00:00:00+00:00
2025-01-31,EQ_CA,101.50262388933986,log,SYNTHETIC: seeded teaching dataset; not observed market data,2026-09-01T00:00:00+00:00
2025-02-03,EQ_CA,102.19583841759199,log,SYNTHETIC: seeded teaching dataset; not observed market data,2026-09-01T00:00:00+00:00
2025-02-04,EQ_CA,104.1545078831197,log,SYNTHETIC: seeded teaching dataset; not observed market data,2026-09-01T00:00:00+00:00
2025-02-05,EQ_CA,106.09948781389478,log,SYNTHETIC: seeded teaching dataset; not observed market data,2026-09-01T00:00:00+00:00
2025-02-06,EQ_CA,107.38246761268087,log,SYNTHETIC: seeded teaching dataset; not observed market data,2026-09-01T00:00:00+00:00
2025-02-07,EQ_CA,107.52479131839718,log,SYNTHETIC: seeded teaching dataset; not observed market data,2026-09-01T00:00:00+00:00
2025-02-10,EQ_CA,106.65959680723284,log,SYNTHETIC: seeded teaching dataset; not observed market data,2026-09-01T00:00:00+00:00
2025-02-11,EQ_CA,107.27933409767402,log,SYNTHETIC: seeded teaching dataset; not observed market data,2026-09-01T00:00:00+00:00
2025-02-12,EQ_CA,108.0949929784809,log,SYNTHETIC: seeded teaching dataset; not observed market data,2026-09-01T00:00:00+00:00
2025-02-13,EQ_CA,107.69864564485852,log,SYNTHETIC: seeded teaching dataset; not observed market data,2026-09-01T00:00:00+00:00
2025-02-14,EQ_CA,107.27710374360653,log,SYNTHETIC: seeded teaching dataset; not observed market data,2026-09-01T00:00:00+00:00
2025-02-17,EQ_CA,106.31718336132077,log,SYNTHETIC: seeded teaching dataset; not observed market data,2026-09-01T00:00:00+00:00
2025-02-18,EQ_CA,104.79249122683163,log,SYNTHETIC: seeded teaching dataset; not observed market data,2026-09-01T00:00:00+00:00
2025-02-19,EQ_CA,107.30873209762031,log,SYNTHETIC: seeded teaching dataset; not observed market data,2026-09-01T00:00:00+00:00
2025-02-20,EQ_CA,107.86556329606223,log,SYNTHETIC: seeded teaching dataset; not observed market data,2026-09-01T00:00:00+00:00
2025-02-21,EQ_CA,107.25506810902881,log,SYNTHETIC: seeded teaching dataset; not observed market data,2026-09-01T00:00:00+00:00
2025-02-24,EQ_CA,107.12018215151386,log,SYNTHETIC: seeded teaching dataset; not observed market data,2026-09-01T00:00:00+00:00
2025-02-25,EQ_CA,108.44813505425887,log,SYNTHETIC: seeded teaching dataset; not observed market data,2026-09-01T00:00:00+00:00
2025-02-26,EQ_CA,106.0891891259264,log,SYNTHETIC: seeded teaching dataset; not observed market data,2026-09-01T00:00:00+00:00
2025-02-27,EQ_CA,104.53886395617585,log,SYNTHETIC: seeded teaching dataset; not observed market data,2026-09-01T00:00:00+00:00
2025-02-28,EQ_CA,105.19866657888525,log,SYNTHETIC: seeded teaching dataset; not observed market data,2026-09-01T00:00:00+00:00
2025-03-03,EQ_CA,104.03612492239705,log,SYNTHETIC: seeded teaching dataset; not observed market data,2026-09-01T00:00:00+00:00
2025-03-04,EQ_CA,103.00850300560363,log,SYNTHETIC: seeded teaching dataset; not observed market data,2026-09-01T00:00:00+00:00
2025-03-05,EQ_CA,102.17554601827715,log,SYNTHETIC: seeded teaching dataset; not observed market data,2026-09-01T00:00:00+00:00
2025-03-06,EQ_CA,100.79680700004458,log,SYNTHETIC: seeded teaching dataset; not observed market data,2026-09-01T00:00:00+00:00
2025-03-07,EQ_CA,101.22747232301059,log,SYNTHETIC: seeded teaching dataset; not observed market data,2026-09-01T00:00:00+00:00
2025-03-10,EQ_CA,102.58802631680956,log,SYNTHETIC: seeded teaching dataset; not observed market data,2026-09-01T00:00:00+00:00
2025-03-11,EQ_CA,102.66351584191938,log,SYNTHETIC: seeded teaching dataset; not observed market data,2026-09-01T00:00:00+00:00
2025-03-12,EQ_CA,103.37985203725127,log,SYNTHETIC: seeded teaching dataset; not observed market data,2026-09-01T00:00:00+00:00
2025-03-13,EQ_CA,104.68137568135955,log,SYNTHETIC: seeded teaching dataset; not observed market data,2026-09-01T00:00:00+00:00
2025-03-14,EQ_CA,104.39694952350268,log,SYNTHETIC: seeded teaching dataset; not observed market data,2026-09-01T00:00:00+00:00
2025-03-17,EQ_CA,105.26690673837382,log,SYNTHETIC: seeded teaching dataset; not observed market data,2026-09-01T00:00:00+00:00
2025-03-18,EQ_CA,104.17299725509923,log,SYNTHETIC: seeded teaching dataset; not observed market data,2026-09-01T00:00:00+00:00
2025-03-19,EQ_CA,103.66041035709772,log,SYNTHETIC: seeded teaching dataset; not observed market data,2026-09-01T00:00:00+00:00
2025-03-20,EQ_CA,105.43623845126243,log,SYNTHETIC: seeded teaching dataset; not observed market data,2026-09-01T00:00:00+00:00
2025-03-21,EQ_CA,104.10011506530203,log,SYNTHETIC: seeded teaching dataset; not observed market data,2026-09-01T00:00:00+00:00
2025-03-24,EQ_CA,103.60319337800048,log,SYNTHETIC: seeded teaching dataset; not observed market data,2026-09-01T00:00:00+00:00
2025-03-25,EQ_CA,101.34606163143982,log,SYNTHETIC: seeded teaching dataset; not observed market data,2026-09-01T00:00:00+00:00
2025-03-26,EQ_CA,102.30276835364862,log,SYNTHETIC: seeded teaching dataset; not observed market data,2026-09-01T00:00:00+00:00
2025-03-27,EQ_CA,101.78462818746468,log,SYNTHETIC: seeded teaching dataset; not observed market data,2026-09-01T00:00:00+00:00
2025-03-28,EQ_CA,102.80276241043327,log,SYNTHETIC: seeded teaching dataset; not observed market data,2026-09-01T00:00:00+00:00
2025-03-31,EQ_CA,103.30548411891036,log,SYNTHETIC: seeded teaching dataset; not observed market data,2026-09-01T00:00:00+00:00
2025-04-01,EQ_CA,101.4054233865692,log,SYNTHETIC: seeded teaching dataset; not observed market data,2026-09-01T00:00:00+00:00
2025-04-02,EQ_CA,99.29041728715366,log,SYNTHETIC: seeded teaching dataset; not observed market data,2026-09-01T00:00:00+00:00
2025-04-03,EQ_CA,101.1626956431274,log,SYNTHETIC: seeded teaching dataset; not observed market data,2026-09-01T00:00:00+00:00
2025-04-04,EQ_CA,100.64366900029091,log,SYNTHETIC: seeded teaching dataset; not observed market data,2026-09-01T00:00:00+00:00
2025-04-07,EQ_CA,101.19873414340393,log,SYNTHETIC: seeded teaching dataset; not observed market data,2026-09-01T00:00:00+00:00
2025-04-08,EQ_CA,101.47260994536866,log,SYNTHETIC: seeded teaching dataset; not observed market data,2026-09-01T00:00:00+00:00
2025-04-09,EQ_CA,100.21000347365892,log,SYNTHETIC: seeded teaching dataset; not observed market data,2026-09-01T00:00:00+00:00
2025-04-10,EQ_CA,101.84977658668492,log,SYNTHETIC: seeded teaching dataset; not observed market data,2026-09-01T00:00:00+00:00
2025-04-11,EQ_CA,102.56547330101861,log,SYNTHETIC: seeded teaching dataset; not observed market data,2026-09-01T00:00:00+00:00
2025-04-14,EQ_CA,103.13280456664957,log,SYNTHETIC: seeded teaching dataset; not observed market data,2026-09-01T00:00:00+00:00
2025-04-15,EQ_CA,103.11948099436788,log,SYNTHETIC: seeded teaching dataset; not observed market data,2026-09-01T00:00:00+00:00
2025-04-16,EQ_CA,104.13972408063128,log,SYNTHETIC: seeded teaching dataset; not observed market data,2026-09-01T00:00:00+00:00
2025-04-17,EQ_CA,103.83781992574956,log,SYNTHETIC: seeded teaching dataset; not observed market data,2026-09-01T00:00:00+00:00
2025-04-18,EQ_CA,103.70035872573979,log,SYNTHETIC: seeded teaching dataset; not observed market data,2026-09-01T00:00:00+00:00
2025-04-21,EQ_CA,102.49151930068933,log,SYNTHETIC: seeded teaching dataset; not observed market data,2026-09-01T00:00:00+00:00
2025-04-22,EQ_CA,102.10331247174047,log,SYNTHETIC: seeded teaching dataset; not observed market data,2026-09-01T00:00:00+00:00
2025-04-23,EQ_CA,100.10990330139178,log,SYNTHETIC: seeded teaching dataset; not observed market data,2026-09-01T00:00:00+00:00
2025-04-24,EQ_CA,101.13065064616418,log,SYNTHETIC: seeded teaching dataset; not observed market data,2026-09-01T00:00:00+00:00
2025-04-25,EQ_CA,101.60169047664145,log,SYNTHETIC: seeded teaching dataset; not observed market data,2026-09-01T00:00:00+00:00
2025-04-28,EQ_CA,101.66969160689364,log,SYNTHETIC: seeded teaching dataset; not observed market data,2026-09-01T00:00:00+00:00
2025-04-29,EQ_CA,101.16651447236022,log,SYNTHETIC: seeded teaching dataset; not observed market data,2026-09-01T00:00:00+00:00
2025-04-30,EQ_CA,102.33259040300571,log,SYNTHETIC: seeded teaching dataset; not observed market data,2026-09-01T00:00:00+00:00
2025-05-01,EQ_CA,102.58359381984157,log,SYNTHETIC: seeded teaching dataset; not observed market data,2026-09-01T00:00:00+00:00
2025-05-02,EQ_CA,99.74054728518168,log,SYNTHETIC: seeded teaching dataset; not observed market data,2026-09-01T00:00:00+00:00
2025-05-05,EQ_CA,98.43259000601579,log,SYNTHETIC: seeded teaching dataset; not observed market data,2026-09-01T00:00:00+00:00
2025-05-06,EQ_CA,97.27496988799507,log,SYNTHETIC: seeded teaching dataset; not observed market data,2026-09-01T00:00:00+00:00
2025-05-07,EQ_CA,98.04425800861128,log,SYNTHETIC: seeded teaching dataset; not observed market data,2026-09-01T00:00:00+00:00
2025-05-08,EQ_CA,97.85940606814341,log,SYNTHETIC: seeded teaching dataset; not observed market data,2026-09-01T00:00:00+00:00
2025-05-09,EQ_CA,98.81732495863747,log,SYNTHETIC: seeded teaching dataset; not observed market data,2026-09-01T00:00:00+00:00
2025-05-12,EQ_CA,100.74618841590606,log,SYNTHETIC: seeded teaching dataset; not observed market data,2026-09-01T00:00:00+00:00
2025-05-13,EQ_CA,100.13986972814213,log,SYNTHETIC: seeded teaching dataset; not observed market data,2026-09-01T00:00:00+00:00
2025-05-14,EQ_CA,99.59669107481233,log,SYNTHETIC: seeded teaching dataset; not observed market data,2026-09-01T00:00:00+00:00
2025-05-15,EQ_CA,101.44025134126392,log,SYNTHETIC: seeded teaching dataset; not observed market data,2026-09-01T00:00:00+00:00
2025-05-16,EQ_CA,100.89609860556644,log,SYNTHETIC: seeded teaching dataset; not observed market data,2026-09-01T00:00:00+00:00
2025-05-19,EQ_CA,100.7969896754235,log,SYNTHETIC: seeded teaching dataset; not observed market data,2026-09-01T00:00:00+00:00
2025-05-20,EQ_CA,100.8371460821991,log,SYNTHETIC: seeded teaching dataset; not observed market data,2026-09-01T00:00:00+00:00
2025-05-21,EQ_CA,101.5118867438017,log,SYNTHETIC: seeded teaching dataset; not observed market data,2026-09-01T00:00:00+00:00
2025-05-22,EQ_CA,102.03808825761467,log,SYNTHETIC: seeded teaching dataset; not observed market data,2026-09-01T00:00:00+00:00
2025-05-23,EQ_CA,102.71507034649241,log,SYNTHETIC: seeded teaching dataset; not observed market data,2026-09-01T00:00:00+00:00
2025-05-26,EQ_CA,102.91340754984905,log,SYNTHETIC: seeded teaching dataset; not observed market data,2026-09-01T00:00:00+00:00
2025-05-27,EQ_CA,104.3040748383816,log,SYNTHETIC: seeded teaching dataset; not observed market data,2026-09-01T00:00:00+00:00
2025-05-28,EQ_CA,102.26250065160957,log,SYNTHETIC: seeded teaching dataset; not observed market data,2026-09-01T00:00:00+00:00
2025-05-29,EQ_CA,102.16007410688637,log,SYNTHETIC: seeded teaching dataset; not observed market data,2026-09-01T00:00:00+00:00
2025-05-30,EQ_CA,101.75770817754008,log,SYNTHETIC: seeded teaching dataset; not observed market data,2026-09-01T00:00:00+00:00
2025-06-02,EQ_CA,100.6965105909635,log,SYNTHETIC: seeded teaching dataset; not observed market data,2026-09-01T00:00:00+00:00
2025-06-03,EQ_CA,99.76970817328167,log,SYNTHETIC: seeded teaching dataset; not observed market data,2026-09-01T00:00:00+00:00
2025-06-04,EQ_CA,98.78397849516472,log,SYNTHETIC: seeded teaching dataset; not observed market data,2026-09-01T00:00:00+00:00
2025-06-05,EQ_CA,97.82101541227938,log,SYNTHETIC: seeded teaching dataset; not observed market data,2026-09-01T00:00:00+00:00
2025-06-06,EQ_CA,99.05156015616096,log,SYNTHETIC: seeded teaching dataset; not observed market data,2026-09-01T00:00:00+00:00
2025-06-09,EQ_CA,99.1915797787725,log,SYNTHETIC: seeded teaching dataset; not observed market data,2026-09-01T00:00:00+00:00
2025-06-10,EQ_CA,98.19571275598726,log,SYNTHETIC: seeded teaching dataset; not observed market data,2026-09-01T00:00:00+00:00
2025-06-11,EQ_CA,96.28318453959396,log,SYNTHETIC: seeded teaching dataset; not observed market data,2026-09-01T00:00:00+00:00
2025-06-12,EQ_CA,95.68626045307589,log,SYNTHETIC: seeded teaching dataset; not observed market data,2026-09-01T00:00:00+00:00
2025-06-13,EQ_CA,97.15280311700457,log,SYNTHETIC: seeded teaching dataset; not observed market data,2026-09-01T00:00:00+00:00
2025-06-16,EQ_CA,95.66669322254391,log,SYNTHETIC: seeded teaching dataset; not observed market data,2026-09-01T00:00:00+00:00
2025-06-17,EQ_CA,95.82136642566607,log,SYNTHETIC: seeded teaching dataset; not observed market data,2026-09-01T00:00:00+00:00
2025-06-18,EQ_CA,96.89400206893441,log,SYNTHETIC: seeded teaching dataset; not observed market data,2026-09-01T00:00:00+00:00
2025-06-19,EQ_CA,97.61357144950382,log,SYNTHETIC: seeded teaching dataset; not observed market data,2026-09-01T00:00:00+00:00
2025-06-20,EQ_CA,98.95692884719773,log,SYNTHETIC: seeded teaching dataset; not observed market data,2026-09-01T00:00:00+00:00
2025-06-23,EQ_CA,99.1792212418674,log,SYNTHETIC: seeded teaching dataset; not observed market data,2026-09-01T00:00:00+00:00
2025-06-24,EQ_CA,99.51760225338879,log,SYNTHETIC: seeded teaching dataset; not observed market data,2026-09-01T00:00:00+00:00
2025-06-25,EQ_CA,100.05812932071588,log,SYNTHETIC: seeded teaching dataset; not observed market data,2026-09-01T00:00:00+00:00
2025-06-26,EQ_CA,99.9849817359403,log,SYNTHETIC: seeded teaching dataset; not observed market data,2026-09-01T00:00:00+00:00
2025-06-27,EQ_CA,98.34526888379601,log,SYNTHETIC: seeded teaching dataset; not observed market data,2026-09-01T00:00:00+00:00
2025-06-30,EQ_CA,96.80400661827665,log,SYNTHETIC: seeded teaching dataset; not observed market data,2026-09-01T00:00:00+00:00
2025-07-01,EQ_CA,97.420202607355,log,SYNTHETIC: seeded teaching dataset; not observed market data,2026-09-01T00:00:00+00:00
2025-07-02,EQ_CA,97.51117254001296,log,SYNTHETIC: seeded teaching dataset; not observed market data,2026-09-01T00:00:00+00:00
2025-07-03,EQ_CA,96.37720440596624,log,SYNTHETIC: seeded teaching dataset; not observed market data,2026-09-01T00:00:00+00:00
2025-07-04,EQ_CA,96.91281847764314,log,SYNTHETIC: seeded teaching dataset; not observed market data,2026-09-01T00:00:00+00:00
2025-07-07,EQ_CA,95.35275497143483,log,SYNTHETIC: seeded teaching dataset; not observed market data,2026-09-01T00:00:00+00:00
2025-07-08,EQ_CA,96.08535485279874,log,SYNTHETIC: seeded teaching dataset; not observed market data,2026-09-01T00:00:00+00:00
2025-07-09,EQ_CA,95.60384933132717,log,SYNTHETIC: seeded teaching dataset; not observed market data,2026-09-01T00:00:00+00:00
2025-07-10,EQ_CA,96.16932061315532,log,SYNTHETIC: seeded teaching dataset; not observed market data,2026-09-01T00:00:00+00:00
2025-07-11,EQ_CA,95.96954804787879,log,SYNTHETIC: seeded teaching dataset; not observed market data,2026-09-01T00:00:00+00:00
2025-07-14,EQ_CA,95.63931405265296,log,SYNTHETIC: seeded teaching dataset; not observed market data,2026-09-01T00:00:00+00:00
2025-07-15,EQ_CA,95.99327033261032,log,SYNTHETIC: seeded teaching dataset; not observed market data,2026-09-01T00:00:00+00:00
2025-07-16,EQ_CA,95.8323346318471,log,SYNTHETIC: seeded teaching dataset; not observed market data,2026-09-01T00:00:00+00:00
2025-07-17,EQ_CA,94.68373196480434,log,SYNTHETIC: seeded teaching dataset; not observed market data,2026-09-01T00:00:00+00:00
2025-07-18,EQ_CA,94.37067709993816,log,SYNTHETIC: seeded teaching dataset; not observed market data,2026-09-01T00:00:00+00:00
2025-07-21,EQ_CA,93.68513834405523,log,SYNTHETIC: seeded teaching dataset; not observed market data,2026-09-01T00:00:00+00:00
2025-07-22,EQ_CA,93.22492822046583,log,SYNTHETIC: seeded teaching dataset; not observed market data,2026-09-01T00:00:00+00:00
2025-07-23,EQ_CA,95.44369797970887,log,SYNTHETIC: seeded teaching dataset; not observed market data,2026-09-01T00:00:00+00:00
2025-07-24,EQ_CA,94.74398655132987,log,SYNTHETIC: seeded teaching dataset; not observed market data,2026-09-01T00:00:00+00:00
2025-07-25,EQ_CA,95.37935936150609,log,SYNTHETIC: seeded teaching dataset; not observed market data,2026-09-01T00:00:00+00:00
2025-07-28,EQ_CA,94.05205946121788,log,SYNTHETIC: seeded teaching dataset; not observed market data,2026-09-01T00:00:00+00:00
2025-07-29,EQ_CA,93.66361658334425,log,SYNTHETIC: seeded teaching dataset; not observed market data,2026-09-01T00:00:00+00:00
2025-07-30,EQ_CA,94.38848685393604,log,SYNTHETIC: seeded teaching dataset; not observed market data,2026-09-01T00:00:00+00:00
2025-07-31,EQ_CA,94.44165121030494,log,SYNTHETIC: seeded teaching dataset; not observed market data,2026-09-01T00:00:00+00:00
2025-08-01,EQ_CA,94.56709842481212,log,SYNTHETIC: seeded teaching dataset; not observed market data,2026-09-01T00:00:00+00:00
2025-08-04,EQ_CA,94.03982178634072,log,SYNTHETIC: seeded teaching dataset; not observed market data,2026-09-01T00:00:00+00:00
2025-08-05,EQ_CA,95.41839350716442,log,SYNTHETIC: seeded teaching dataset; not observed market data,2026-09-01T00:00:00+00:00
2025-08-06,EQ_CA,95.98822074708744,log,SYNTHETIC: seeded teaching dataset; not observed market data,2026-09-01T00:00:00+00:00
2025-08-07,EQ_CA,96.4162968217992,log,SYNTHETIC: seeded teaching dataset; not observed market data,2026-09-01T00:00:00+00:00
2025-08-08,EQ_CA,96.93036771230364,log,SYNTHETIC: seeded teaching dataset; not observed market data,2026-09-01T00:00:00+00:00
2025-08-11,EQ_CA,97.12651458203018,log,SYNTHETIC: seeded teaching dataset; not observed market data,2026-09-01T00:00:00+00:00
2025-08-12,EQ_CA,96.83999740894096,log,SYNTHETIC: seeded teaching dataset; not observed market data,2026-09-01T00:00:00+00:00
2025-08-13,EQ_CA,95.71109331564514,log,SYNTHETIC: seeded teaching dataset; not observed market data,2026-09-01T00:00:00+00:00
2025-08-14,EQ_CA,96.0606107544561,log,SYNTHETIC: seeded teaching dataset; not observed market data,2026-09-01T00:00:00+00:00
2025-08-15,EQ_CA,96.1080338305095,log,SYNTHETIC: seeded teaching dataset; not observed market data,2026-09-01T00:00:00+00:00
2025-08-18,EQ_CA,97.1752359405914,log,SYNTHETIC: seeded teaching dataset; not observed market data,2026-09-01T00:00:00+00:00
2025-08-19,EQ_CA,97.31853363119289,log,SYNTHETIC: seeded teaching dataset; not observed market data,2026-09-01T00:00:00+00:00
2025-08-20,EQ_CA,97.53943392019384,log,SYNTHETIC: seeded teaching dataset; not observed market data,2026-09-01T00:00:00+00:00
2025-08-21,EQ_CA,98.07441958301034,log,SYNTHETIC: seeded teaching dataset; not observed market data,2026-09-01T00:00:00+00:00
2025-08-22,EQ_CA,99.0338122927437,log,SYNTHETIC: seeded teaching dataset; not observed market data,2026-09-01T00:00:00+00:00
2025-08-25,EQ_CA,101.33571715607663,log,SYNTHETIC: seeded teaching dataset; not observed market data,2026-09-01T00:00:00+00:00
2025-08-26,EQ_CA,102.37467947379997,log,SYNTHETIC: seeded teaching dataset; not observed market data,2026-09-01T00:00:00+00:00
2025-08-27,EQ_CA,100.66473997486322,log,SYNTHETIC: seeded teaching dataset; not observed market data,2026-09-01T00:00:00+00:00
2025-08-28,EQ_CA,100.84000183640501,log,SYNTHETIC: seeded teaching dataset; not observed market data,2026-09-01T00:00:00+00:00
2025-08-29,EQ_CA,102.05966228094884,log,SYNTHETIC: seeded teaching dataset; not observed market data,2026-09-01T00:00:00+00:00
2025-09-01,EQ_CA,101.49873328759149,log,SYNTHETIC: seeded teaching dataset; not observed market data,2026-09-01T00:00:00+00:00
2025-09-02,EQ_CA,101.63259499061832,log,SYNTHETIC: seeded teaching dataset; not observed market data,2026-09-01T00:00:00+00:00
2025-09-03,EQ_CA,100.45642949832418,log,SYNTHETIC: seeded teaching dataset; not observed market data,2026-09-01T00:00:00+00:00
2025-09-04,EQ_CA,100.80601871127064,log,SYNTHETIC: seeded teaching dataset; not observed market data,2026-09-01T00:00:00+00:00
2025-09-05,EQ_CA,99.13067532914081,log,SYNTHETIC: seeded teaching dataset; not observed market data,2026-09-01T00:00:00+00:00
2025-09-08,EQ_CA,99.67965282918647,log,SYNTHETIC: seeded teaching dataset; not observed market data,2026-09-01T00:00:00+00:00
2025-09-09,EQ_CA,97.43747677023214,log,SYNTHETIC: seeded teaching dataset; not observed market data,2026-09-01T00:00:00+00:00
2025-09-10,EQ_CA,97.51618854720179,log,SYNTHETIC: seeded teaching dataset; not observed market data,2026-09-01T00:00:00+00:00
2025-09-11,EQ_CA,99.50224326577958,log,SYNTHETIC: seeded teaching dataset; not observed market data,2026-09-01T00:00:00+00:00
2025-09-12,EQ_CA,98.51540481947998,log,SYNTHETIC: seeded teaching dataset; not observed market data,2026-09-01T00:00:00+00:00
2025-09-15,EQ_CA,98.60559304803478,log,SYNTHETIC: seeded teaching dataset; not observed market data,2026-09-01T00:00:00+00:00
2025-09-16,EQ_CA,97.17265386370485,log,SYNTHETIC: seeded teaching dataset; not observed market data,2026-09-01T00:00:00+00:00
2025-09-17,EQ_CA,98.47776742854315,log,SYNTHETIC: seeded teaching dataset; not observed market data,2026-09-01T00:00:00+00:00
2025-09-18,EQ_CA,97.72500615735602,log,SYNTHETIC: seeded teaching dataset; not observed market data,2026-09-01T00:00:00+00:00
2025-09-19,EQ_CA,97.91037792520324,log,SYNTHETIC: seeded teaching dataset; not observed market data,2026-09-01T00:00:00+00:00
2025-09-22,EQ_CA,96.43502103199806,log,SYNTHETIC: seeded teaching dataset; not observed market data,2026-09-01T00:00:00+00:00
2025-09-23,EQ_CA,96.30442946048088,log,SYNTHETIC: seeded teaching dataset; not observed market data,2026-09-01T00:00:00+00:00
2025-09-24,EQ_CA,96.69373147263937,log,SYNTHETIC: seeded teaching dataset; not observed market data,2026-09-01T00:00:00+00:00
2025-09-25,EQ_CA,97.35855931125826,log,SYNTHETIC: seeded teaching dataset; not observed market data,2026-09-01T00:00:00+00:00
2025-09-26,EQ_CA,97.60082203237643,log,SYNTHETIC: seeded teaching dataset; not observed market data,2026-09-01T00:00:00+00:00
2025-09-29,EQ_CA,96.41980161900835,log,SYNTHETIC: seeded teaching dataset; not observed market data,2026-09-01T00:00:00+00:00
2025-09-30,EQ_CA,96.56630779068718,log,SYNTHETIC: seeded teaching dataset; not observed market data,2026-09-01T00:00:00+00:00
2025-10-01,EQ_CA,95.06648634108271,log,SYNTHETIC: seeded teaching dataset; not observed market data,2026-09-01T00:00:00+00:00
2025-10-02,EQ_CA,95.92743902112207,log,SYNTHETIC: seeded teaching dataset; not observed market data,2026-09-01T00:00:00+00:00
2025-10-03,EQ_CA,94.426523673772,log,SYNTHETIC: seeded teaching dataset; not observed market data,2026-09-01T00:00:00+00:00
2025-10-06,EQ_CA,93.35763838062164,log,SYNTHETIC: seeded teaching dataset; not observed market data,2026-09-01T00:00:00+00:00
2025-10-07,EQ_CA,92.11573663035752,log,SYNTHETIC: seeded teaching dataset; not observed market data,2026-09-01T00:00:00+00:00
2025-10-08,EQ_CA,91.67665956265527,log,SYNTHETIC: seeded teaching dataset; not observed market data,2026-09-01T00:00:00+00:00
2025-10-09,EQ_CA,91.21743650925602,log,SYNTHETIC: seeded teaching dataset; not observed market data,2026-09-01T00:00:00+00:00
2025-10-10,EQ_CA,90.24657077878295,log,SYNTHETIC: seeded teaching dataset; not observed market data,2026-09-01T00:00:00+00:00
2025-10-13,EQ_CA,91.18522774026708,log,SYNTHETIC: seeded teaching dataset; not observed market data,2026-09-01T00:00:00+00:00
2025-10-14,EQ_CA,91.00685823392242,log,SYNTHETIC: seeded teaching dataset; not observed market data,2026-09-01T00:00:00+00:00
2025-10-15,EQ_CA,91.3216562164111,log,SYNTHETIC: seeded teaching dataset; not observed market data,2026-09-01T00:00:00+00:00
2025-10-16,EQ_CA,90.54179632525918,log,SYNTHETIC: seeded teaching dataset; not observed market data,2026-09-01T00:00:00+00:00
2025-10-17,EQ_CA,91.11833184049677,log,SYNTHETIC: seeded teaching dataset; not observed market data,2026-09-01T00:00:00+00:00
2025-10-20,EQ_CA,90.31813239297935,log,SYNTHETIC: seeded teaching dataset; not observed market data,2026-09-01T00:00:00+00:00
2025-10-21,EQ_CA,90.55561251290084,log,SYNTHETIC: seeded teaching dataset; not observed market data,2026-09-01T00:00:00+00:00
2025-10-22,EQ_CA,91.92495562240211,log,SYNTHETIC: seeded teaching dataset; not observed market data,2026-09-01T00:00:00+00:00
2025-10-23,EQ_CA,91.09088768995319,log,SYNTHETIC: seeded teaching dataset; not observed market data,2026-09-01T00:00:00+00:00
2025-10-24,EQ_CA,89.78176423432946,log,SYNTHETIC: seeded teaching dataset; not observed market data,2026-09-01T00:00:00+00:00
2025-10-27,EQ_CA,91.97358101167737,log,SYNTHETIC: seeded teaching dataset; not observed market data,2026-09-01T00:00:00+00:00
2025-10-28,EQ_CA,92.09920443179743,log,SYNTHETIC: seeded teaching dataset; not observed market data,2026-09-01T00:00:00+00:00
2025-10-29,EQ_CA,91.50522971944271,log,SYNTHETIC: seeded teaching dataset; not observed market data,2026-09-01T00:00:00+00:00
2025-10-30,EQ_CA,91.6423892427466,log,SYNTHETIC: seeded teaching dataset; not observed market data,2026-09-01T00:00:00+00:00
2025-10-31,EQ_CA,91.8283344124941,log,SYNTHETIC: seeded teaching dataset; not observed market data,2026-09-01T00:00:00+00:00
2025-11-03,EQ_CA,92.23104623959613,log,SYNTHETIC: seeded teaching dataset; not observed market data,2026-09-01T00:00:00+00:00
2025-11-04,EQ_CA,92.10458670252983,log,SYNTHETIC: seeded teaching dataset; not observed market data,2026-09-01T00:00:00+00:00
2025-11-05,EQ_CA,92.18622184443595,log,SYNTHETIC: seeded teaching dataset; not observed market data,2026-09-01T00:00:00+00:00
2025-11-06,EQ_CA,93.01476230975115,log,SYNTHETIC: seeded teaching dataset; not observed market data,2026-09-01T00:00:00+00:00
2025-11-07,EQ_CA,93.78507752926687,log,SYNTHETIC: seeded teaching dataset; not observed market data,2026-09-01T00:00:00+00:00
2025-11-10,EQ_CA,93.98949684740123,log,SYNTHETIC: seeded teaching dataset; not observed market data,2026-09-01T00:00:00+00:00
2025-11-11,EQ_CA,92.34469699563628,log,SYNTHETIC: seeded teaching dataset; not observed market data,2026-09-01T00:00:00+00:00
2025-11-12,EQ_CA,90.57639363519785,log,SYNTHETIC: seeded teaching dataset; not observed market data,2026-09-01T00:00:00+00:00
2025-11-13,EQ_CA,91.03574785112632,log,SYNTHETIC: seeded teaching dataset; not observed market data,2026-09-01T00:00:00+00:00
2025-11-14,EQ_CA,90.5224925446637,log,SYNTHETIC: seeded teaching dataset; not observed market data,2026-09-01T00:00:00+00:00
2025-11-17,EQ_CA,90.32888793540361,log,SYNTHETIC: seeded teaching dataset; not observed market data,2026-09-01T00:00:00+00:00
2025-11-18,EQ_CA,90.34887867949634,log,SYNTHETIC: seeded teaching dataset; not observed market data,2026-09-01T00:00:00+00:00
2025-11-19,EQ_CA,89.94672291094595,log,SYNTHETIC: seeded teaching dataset; not observed market data,2026-09-01T00:00:00+00:00
2025-11-20,EQ_CA,88.06271564406188,log,SYNTHETIC: seeded teaching dataset; not observed market data,2026-09-01T00:00:00+00:00
2025-11-21,EQ_CA,88.52234466585922,log,SYNTHETIC: seeded teaching dataset; not observed market data,2026-09-01T00:00:00+00:00
2025-11-24,EQ_CA,89.88231889363071,log,SYNTHETIC: seeded teaching dataset; not observed market data,2026-09-01T00:00:00+00:00
2025-11-25,EQ_CA,89.8903498697482,log,SYNTHETIC: seeded teaching dataset; not observed market data,2026-09-01T00:00:00+00:00
2025-11-26,EQ_CA,90.80838597272111,log,SYNTHETIC: seeded teaching dataset; not observed market data,2026-09-01T00:00:00+00:00
2025-11-27,EQ_CA,91.15727683592037,log,SYNTHETIC: seeded teaching dataset; not observed market data,2026-09-01T00:00:00+00:00
2025-11-28,EQ_CA,89.43302343141977,log,SYNTHETIC: seeded teaching dataset; not observed market data,2026-09-01T00:00:00+00:00
2025-12-01,EQ_CA,89.16046918669961,log,SYNTHETIC: seeded teaching dataset; not observed market data,2026-09-01T00:00:00+00:00
2025-12-02,EQ_CA,90.55485860317842,log,SYNTHETIC: seeded teaching dataset; not observed market data,2026-09-01T00:00:00+00:00
2025-12-03,EQ_CA,91.53211579764312,log,SYNTHETIC: seeded teaching dataset; not observed market data,2026-09-01T00:00:00+00:00
2025-12-04,EQ_CA,89.84164654196961,log,SYNTHETIC: seeded teaching dataset; not observed market data,2026-09-01T00:00:00+00:00
2025-12-05,EQ_CA,89.58713849521936,log,SYNTHETIC: seeded teaching dataset; not observed market data,2026-09-01T00:00:00+00:00
2025-12-08,EQ_CA,89.74843441830713,log,SYNTHETIC: seeded teaching dataset; not observed market data,2026-09-01T00:00:00+00:00
2025-12-09,EQ_CA,89.04594721085408,log,SYNTHETIC: seeded teaching dataset; not observed market data,2026-09-01T00:00:00+00:00
2025-12-10,EQ_CA,89.49833220047799,log,SYNTHETIC: seeded teaching dataset; not observed market data,2026-09-01T00:00:00+00:00
2025-12-11,EQ_CA,89.64638051850932,log,SYNTHETIC: seeded teaching dataset; not observed market data,2026-09-01T00:00:00+00:00
2025-12-12,EQ_CA,89.39870570471446,log,SYNTHETIC: seeded teaching dataset; not observed market data,2026-09-01T00:00:00+00:00
2025-12-15,EQ_CA,89.37844187970458,log,SYNTHETIC: seeded teaching dataset; not observed market data,2026-09-01T00:00:00+00:00
2025-12-16,EQ_CA,89.49021598984136,log,SYNTHETIC: seeded teaching dataset; not observed market data,2026-09-01T00:00:00+00:00
2025-12-17,EQ_CA,88.27332670925348,log,SYNTHETIC: seeded teaching dataset; not observed market data,2026-09-01T00:00:00+00:00
2025-12-18,EQ_CA,87.2739981606528,log,SYNTHETIC: seeded teaching dataset; not observed market data,2026-09-01T00:00:00+00:00
2025-12-19,EQ_CA,88.47364894432668,log,SYNTHETIC: seeded teaching dataset; not observed market data,2026-09-01T00:00:00+00:00
2025-12-22,EQ_CA,88.3743330160671,log,SYNTHETIC: seeded teaching dataset; not observed market data,2026-09-01T00:00:00+00:00
2025-12-23,EQ_CA,88.89876344421279,log,SYNTHETIC: seeded teaching dataset; not observed market data,2026-09-01T00:00:00+00:00
2025-12-24,EQ_CA,89.66492021979273,log,SYNTHETIC: seeded teaching dataset; not observed market data,2026-09-01T00:00:00+00:00
2025-12-25,EQ_CA,90.70012519470444,log,SYNTHETIC: seeded teaching dataset; not observed market data,2026-09-01T00:00:00+00:00
2025-12-26,EQ_CA,90.50421976454463,log,SYNTHETIC: seeded teaching dataset; not observed market data,2026-09-01T00:00:00+00:00
2025-12-29,EQ_CA,91.4256185373592,log,SYNTHETIC: seeded teaching dataset; not observed market data,2026-09-01T00:00:00+00:00
2025-12-30,EQ_CA,90.5056972165618,log,SYNTHETIC: seeded teaching dataset; not observed market data,2026-09-01T00:00:00+00:00
2025-12-31,EQ_CA,89.60409233298662,log,SYNTHETIC: seeded teaching dataset; not observed market data,2026-09-01T00:00:00+00:00
2026-01-01,EQ_CA,90.53151150534788,log,SYNTHETIC: seeded teaching dataset; not observed market data,2026-09-01T00:00:00+00:00
2026-01-02,EQ_CA,90.54356701510686,log,SYNTHETIC: seeded teaching dataset; not observed market data,2026-09-01T00:00:00+00:00
2026-01-05,EQ_CA,90.65669742571039,log,SYNTHETIC: seeded teaching dataset; not observed market data,2026-09-01T00:00:00+00:00
2026-01-06,EQ_CA,91.13883895087689,log,SYNTHETIC: seeded teaching dataset; not observed market data,2026-09-01T00:00:00+00:00
2026-01-07,EQ_CA,90.59865974824606,log,SYNTHETIC: seeded teaching dataset; not observed market data,2026-09-01T00:00:00+00:00
2026-01-08,EQ_CA,91.58651098713742,log,SYNTHETIC: seeded teaching dataset; not observed market data,2026-09-01T00:00:00+00:00
2026-01-09,EQ_CA,90.88930440432306,log,SYNTHETIC: seeded teaching dataset; not observed market data,2026-09-01T00:00:00+00:00
2026-01-12,EQ_CA,90.2749481061733,log,SYNTHETIC: seeded teaching dataset; not observed market data,2026-09-01T00:00:00+00:00
2026-01-13,EQ_CA,90.18799485744556,log,SYNTHETIC: seeded teaching dataset; not observed market data,2026-09-01T00:00:00+00:00
2026-01-14,EQ_CA,90.82856873767167,log,SYNTHETIC: seeded teaching dataset; not observed market data,2026-09-01T00:00:00+00:00
2026-01-15,EQ_CA,92.09381398532635,log,SYNTHETIC: seeded teaching dataset; not observed market data,2026-09-01T00:00:00+00:00
2026-01-16,EQ_CA,92.03291679159157,log,SYNTHETIC: seeded teaching dataset; not observed market data,2026-09-01T00:00:00+00:00
2026-01-19,EQ_CA,91.89999470501954,log,SYNTHETIC: seeded teaching dataset; not observed market data,2026-09-01T00:00:00+00:00
2026-01-20,EQ_CA,93.37871420616491,log,SYNTHETIC: seeded teaching dataset; not observed market data,2026-09-01T00:00:00+00:00
2026-01-21,EQ_CA,95.71241672111363,log,SYNTHETIC: seeded teaching dataset; not observed market data,2026-09-01T00:00:00+00:00
2026-01-22,EQ_CA,95.45332002475392,log,SYNTHETIC: seeded teaching dataset; not observed market data,2026-09-01T00:00:00+00:00
2026-01-23,EQ_CA,96.20037905870457,log,SYNTHETIC: seeded teaching dataset; not observed market data,2026-09-01T00:00:00+00:00
2026-01-26,EQ_CA,97.54853223418787,log,SYNTHETIC: seeded teaching dataset; not observed market data,2026-09-01T00:00:00+00:00
2026-01-27,EQ_CA,97.23397823295757,log,SYNTHETIC: seeded teaching dataset; not observed market data,2026-09-01T00:00:00+00:00
2026-01-28,EQ_CA,96.32342859239522,log,SYNTHETIC: seeded teaching dataset; not observed market data,2026-09-01T00:00:00+00:00
2026-01-29,EQ_CA,95.81466877357197,log,SYNTHETIC: seeded teaching dataset; not observed market data,2026-09-01T00:00:00+00:00
2026-01-30,EQ_CA,94.98502616773432,log,SYNTHETIC: seeded teaching dataset; not observed market data,2026-09-01T00:00:00+00:00
2026-02-02,EQ_CA,96.00664551584103,log,SYNTHETIC: seeded teaching dataset; not observed market data,2026-09-01T00:00:00+00:00
2026-02-03,EQ_CA,98.27872160684102,log,SYNTHETIC: seeded teaching dataset; not observed market data,2026-09-01T00:00:00+00:00
2026-02-04,EQ_CA,98.3093499961593,log,SYNTHETIC: seeded teaching dataset; not observed market data,2026-09-01T00:00:00+00:00
2026-02-05,EQ_CA,97.61423222899364,log,SYNTHETIC: seeded teaching dataset; not observed market data,2026-09-01T00:00:00+00:00
2026-02-06,EQ_CA,96.22748885613578,log,SYNTHETIC: seeded teaching dataset; not observed market data,2026-09-01T00:00:00+00:00
2026-02-09,EQ_CA,97.59389921114426,log,SYNTHETIC: seeded teaching dataset; not observed market data,2026-09-01T00:00:00+00:00
2026-02-10,EQ_CA,96.80324991009694,log,SYNTHETIC: seeded teaching dataset; not observed market data,2026-09-01T00:00:00+00:00
2026-02-11,EQ_CA,96.0907349296376,log,SYNTHETIC: seeded teaching dataset; not observed market data,2026-09-01T00:00:00+00:00
2026-02-12,EQ_CA,96.05276452884719,log,SYNTHETIC: seeded teaching dataset; not observed market data,2026-09-01T00:00:00+00:00
2026-02-13,EQ_CA,96.515373624788,log,SYNTHETIC: seeded teaching dataset; not observed market data,2026-09-01T00:00:00+00:00
2026-02-16,EQ_CA,97.813080950568,log,SYNTHETIC: seeded teaching dataset; not observed market data,2026-09-01T00:00:00+00:00
2026-02-17,EQ_CA,99.89253487218366,log,SYNTHETIC: seeded teaching dataset; not observed market data,2026-09-01T00:00:00+00:00
2026-02-18,EQ_CA,97.667721354561,log,SYNTHETIC: seeded teaching dataset; not observed market data,2026-09-01T00:00:00+00:00
2026-02-19,EQ_CA,98.33277625131316,log,SYNTHETIC: seeded teaching dataset; not observed market data,2026-09-01T00:00:00+00:00
2026-02-20,EQ_CA,98.3337067236287,log,SYNTHETIC: seeded teaching dataset; not observed market data,2026-09-01T00:00:00+00:00
2026-02-23,EQ_CA,98.6967855338142,log,SYNTHETIC: seeded teaching dataset; not observed market data,2026-09-01T00:00:00+00:00
2026-02-24,EQ_CA,99.82896398245636,log,SYNTHETIC: seeded teaching dataset; not observed market data,2026-09-01T00:00:00+00:00
2026-02-25,EQ_CA,99.83622452540135,log,SYNTHETIC: seeded teaching dataset; not observed market data,2026-09-01T00:00:00+00:00
2026-02-26,EQ_CA,99.74627244199046,log,SYNTHETIC: seeded teaching dataset; not observed market data,2026-09-01T00:00:00+00:00
2026-02-27,EQ_CA,98.33944349912113,log,SYNTHETIC: seeded teaching dataset; not observed market data,2026-09-01T00:00:00+00:00
2026-03-02,EQ_CA,97.59739541210718,log,SYNTHETIC: seeded teaching dataset; not observed market data,2026-09-01T00:00:00+00:00
2026-03-03,EQ_CA,98.4405132984707,log,SYNTHETIC: seeded teaching dataset; not observed market data,2026-09-01T00:00:00+00:00
2026-03-04,EQ_CA,99.67846534086824,log,SYNTHETIC: seeded teaching dataset; not observed market data,2026-09-01T00:00:00+00:00
2026-03-05,EQ_CA,99.07851076822396,log,SYNTHETIC: seeded teaching dataset; not observed market data,2026-09-01T00:00:00+00:00
2026-03-06,EQ_CA,96.82947166803027,log,SYNTHETIC: seeded teaching dataset; not observed market data,2026-09-01T00:00:00+00:00
2026-03-09,EQ_CA,97.53556932396154,log,SYNTHETIC: seeded teaching dataset; not observed market data,2026-09-01T00:00:00+00:00
2026-03-10,EQ_CA,98.38803163261647,log,SYNTHETIC: seeded teaching dataset; not observed market data,2026-09-01T00:00:00+00:00
2026-03-11,EQ_CA,98.52862264920734,log,SYNTHETIC: seeded teaching dataset; not observed market data,2026-09-01T00:00:00+00:00
2026-03-12,EQ_CA,99.65678494215831,log,SYNTHETIC: seeded teaching dataset; not observed market data,2026-09-01T00:00:00+00:00
2026-03-13,EQ_CA,99.07962638486887,log,SYNTHETIC: seeded teaching dataset; not observed market data,2026-09-01T00:00:00+00:00
2026-03-16,EQ_CA,98.26108067246207,log,SYNTHETIC: seeded teaching dataset; not observed market data,2026-09-01T00:00:00+00:00
2026-03-17,EQ_CA,98.86516179377756,log,SYNTHETIC: seeded teaching dataset; not observed market data,2026-09-01T00:00:00+00:00
2026-03-18,EQ_CA,98.69320016474285,log,SYNTHETIC: seeded teaching dataset; not observed market data,2026-09-01T00:00:00+00:00
2026-03-19,EQ_CA,99.67064765453696,log,SYNTHETIC: seeded teaching dataset; not observed market data,2026-09-01T00:00:00+00:00
2026-03-20,EQ_CA,99.09582286920066,log,SYNTHETIC: seeded teaching dataset; not observed market data,2026-09-01T00:00:00+00:00
2026-03-23,EQ_CA,98.57810614676465,log,SYNTHETIC: seeded teaching dataset; not observed market data,2026-09-01T00:00:00+00:00
2026-03-24,EQ_CA,100.9544450017079,log,SYNTHETIC: seeded teaching dataset; not observed market data,2026-09-01T00:00:00+00:00
2026-03-25,EQ_CA,103.38541837107422,log,SYNTHETIC: seeded teaching dataset; not observed market data,2026-09-01T00:00:00+00:00
2026-03-26,EQ_CA,103.0624689801781,log,SYNTHETIC: seeded teaching dataset; not observed market data,2026-09-01T00:00:00+00:00
2026-03-27,EQ_CA,103.33031020526262,log,SYNTHETIC: seeded teaching dataset; not observed market data,2026-09-01T00:00:00+00:00
2026-03-30,EQ_CA,102.17237054331036,log,SYNTHETIC: seeded teaching dataset; not observed market data,2026-09-01T00:00:00+00:00
2026-03-31,EQ_CA,101.94451064422508,log,SYNTHETIC: seeded teaching dataset; not observed market data,2026-09-01T00:00:00+00:00
2026-04-01,EQ_CA,100.99440058145468,log,SYNTHETIC: seeded teaching dataset; not observed market data,2026-09-01T00:00:00+00:00
2026-04-02,EQ_CA,103.79842692245356,log,SYNTHETIC: seeded teaching dataset; not observed market data,2026-09-01T00:00:00+00:00
2026-04-03,EQ_CA,102.88272228095639,log,SYNTHETIC: seeded teaching dataset; not observed market data,2026-09-01T00:00:00+00:00
2026-04-06,EQ_CA,102.34874483287967,log,SYNTHETIC: seeded teaching dataset; not observed market data,2026-09-01T00:00:00+00:00
2026-04-07,EQ_CA,102.77126099853113,log,SYNTHETIC: seeded teaching dataset; not observed market data,2026-09-01T00:00:00+00:00
2026-04-08,EQ_CA,102.73309645826181,log,SYNTHETIC: seeded teaching dataset; not observed market data,2026-09-01T00:00:00+00:00
2026-04-09,EQ_CA,102.77294187501194,log,SYNTHETIC: seeded teaching dataset; not observed market data,2026-09-01T00:00:00+00:00
2026-04-10,EQ_CA,103.35034943415027,log,SYNTHETIC: seeded teaching dataset; not observed market data,2026-09-01T00:00:00+00:00
2026-04-13,EQ_CA,104.69697030530149,log,SYNTHETIC: seeded teaching dataset; not observed market data,2026-09-01T00:00:00+00:00
2026-04-14,EQ_CA,106.01469571469326,log,SYNTHETIC: seeded teaching dataset; not observed market data,2026-09-01T00:00:00+00:00
2026-04-15,EQ_CA,107.40533601154958,log,SYNTHETIC: seeded teaching dataset; not observed market data,2026-09-01T00:00:00+00:00
2026-04-16,EQ_CA,107.09858197905682,log,SYNTHETIC: seeded teaching dataset; not observed market data,2026-09-01T00:00:00+00:00
2026-04-17,EQ_CA,108.62514106856361,log,SYNTHETIC: seeded teaching dataset; not observed market data,2026-09-01T00:00:00+00:00
2026-04-20,EQ_CA,110.37386891704861,log,SYNTHETIC: seeded teaching dataset; not observed market data,2026-09-01T00:00:00+00:00
2026-04-21,EQ_CA,110.15968652749977,log,SYNTHETIC: seeded teaching dataset; not observed market data,2026-09-01T00:00:00+00:00
2026-04-22,EQ_CA,110.47271082750856,log,SYNTHETIC: seeded teaching dataset; not observed market data,2026-09-01T00:00:00+00:00
2026-04-23,EQ_CA,109.21276391016374,log,SYNTHETIC: seeded teaching dataset; not observed market data,2026-09-01T00:00:00+00:00
2026-04-24,EQ_CA,111.33604940320461,log,SYNTHETIC: seeded teaching dataset; not observed market data,2026-09-01T00:00:00+00:00
2026-04-27,EQ_CA,110.45461215184851,log,SYNTHETIC: seeded teaching dataset; not observed market data,2026-09-01T00:00:00+00:00
2026-04-28,EQ_CA,108.92513705153779,log,SYNTHETIC: seeded teaching dataset; not observed market data,2026-09-01T00:00:00+00:00
2026-04-29,EQ_CA,106.45795481529395,log,SYNTHETIC: seeded teaching dataset; not observed market data,2026-09-01T00:00:00+00:00
2026-04-30,EQ_CA,105.27450971076482,log,SYNTHETIC: seeded teaching dataset; not observed market data,2026-09-01T00:00:00+00:00
2026-05-01,EQ_CA,103.80767902103499,log,SYNTHETIC: seeded teaching dataset; not observed market data,2026-09-01T00:00:00+00:00
2026-05-04,EQ_CA,102.55120855381443,log,SYNTHETIC: seeded teaching dataset; not observed market data,2026-09-01T00:00:00+00:00
2026-05-05,EQ_CA,101.49502903009429,log,SYNTHETIC: seeded teaching dataset; not observed market data,2026-09-01T00:00:00+00:00
2026-05-06,EQ_CA,99.14285494479749,log,SYNTHETIC: seeded teaching dataset; not observed market data,2026-09-01T00:00:00+00:00
2026-05-07,EQ_CA,100.01179601321452,log,SYNTHETIC: seeded teaching dataset; not observed market data,2026-09-01T00:00:00+00:00
2026-05-08,EQ_CA,100.18593218518035,log,SYNTHETIC: seeded teaching dataset; not observed market data,2026-09-01T00:00:00+00:00
2026-05-11,EQ_CA,101.73289895950613,log,SYNTHETIC: seeded teaching dataset; not observed market data,2026-09-01T00:00:00+00:00
2026-05-12,EQ_CA,101.14352671055191,log,SYNTHETIC: seeded teaching dataset; not observed market data,2026-09-01T00:00:00+00:00
2026-05-13,EQ_CA,102.75285254780226,log,SYNTHETIC: seeded teaching dataset; not observed market data,2026-09-01T00:00:00+00:00
2026-05-14,EQ_CA,103.15157192462657,log,SYNTHETIC: seeded teaching dataset; not observed market data,2026-09-01T00:00:00+00:00
2026-05-15,EQ_CA,102.583055591355,log,SYNTHETIC: seeded teaching dataset; not observed market data,2026-09-01T00:00:00+00:00
2026-05-18,EQ_CA,105.00961351201087,log,SYNTHETIC: seeded teaching dataset; not observed market data,2026-09-01T00:00:00+00:00
2026-05-19,EQ_CA,103.15429107043698,log,SYNTHETIC: seeded teaching dataset; not observed market data,2026-09-01T00:00:00+00:00
2026-05-20,EQ_CA,103.71779626953226,log,SYNTHETIC: seeded teaching dataset; not observed market data,2026-09-01T00:00:00+00:00
2026-05-21,EQ_CA,105.94407090164538,log,SYNTHETIC: seeded teaching dataset; not observed market data,2026-09-01T00:00:00+00:00
2026-05-22,EQ_CA,105.0022644006704,log,SYNTHETIC: seeded teaching dataset; not observed market data,2026-09-01T00:00:00+00:00
2026-05-25,EQ_CA,103.24459380702311,log,SYNTHETIC: seeded teaching dataset; not observed market data,2026-09-01T00:00:00+00:00
2026-05-26,EQ_CA,104.81093933601322,log,SYNTHETIC: seeded teaching dataset; not observed market data,2026-09-01T00:00:00+00:00
2026-05-27,EQ_CA,104.8450074647555,log,SYNTHETIC: seeded teaching dataset; not observed market data,2026-09-01T00:00:00+00:00
2026-05-28,EQ_CA,106.40280082114863,log,SYNTHETIC: seeded teaching dataset; not observed market data,2026-09-01T00:00:00+00:00
2026-05-29,EQ_CA,106.21226687905707,log,SYNTHETIC: seeded teaching dataset; not observed market data,2026-09-01T00:00:00+00:00
2026-06-01,EQ_CA,104.2638151792843,log,SYNTHETIC: seeded teaching dataset; not observed market data,2026-09-01T00:00:00+00:00
2026-06-02,EQ_CA,104.45279032511266,log,SYNTHETIC: seeded teaching dataset; not observed market data,2026-09-01T00:00:00+00:00
2026-06-03,EQ_CA,105.51359527699478,log,SYNTHETIC: seeded teaching dataset; not observed market data,2026-09-01T00:00:00+00:00
2026-06-04,EQ_CA,106.37422880297498,log,SYNTHETIC: seeded teaching dataset; not observed market data,2026-09-01T00:00:00+00:00
2026-06-05,EQ_CA,105.98976624595231,log,SYNTHETIC: seeded teaching dataset; not observed market data,2026-09-01T00:00:00+00:00
2026-06-08,EQ_CA,103.66156711967878,log,SYNTHETIC: seeded teaching dataset; not observed market data,2026-09-01T00:00:00+00:00
2026-06-09,EQ_CA,102.63159999710416,log,SYNTHETIC: seeded teaching dataset; not observed market data,2026-09-01T00:00:00+00:00
2026-06-10,EQ_CA,100.78732470765814,log,SYNTHETIC: seeded teaching dataset; not observed market data,2026-09-01T00:00:00+00:00
2026-06-11,EQ_CA,100.31242411857002,log,SYNTHETIC: seeded teaching dataset; not observed market data,2026-09-01T00:00:00+00:00
2026-06-12,EQ_CA,99.84881426486993,log,SYNTHETIC: seeded teaching dataset; not observed market data,2026-09-01T00:00:00+00:00
2026-06-15,EQ_CA,97.9224015888941,log,SYNTHETIC: seeded teaching dataset; not observed market data,2026-09-01T00:00:00+00:00
2026-06-16,EQ_CA,98.47073611314374,log,SYNTHETIC: seeded teaching dataset; not observed market data,2026-09-01T00:00:00+00:00
2026-06-17,EQ_CA,97.78682934609371,log,SYNTHETIC: seeded teaching dataset; not observed market data,2026-09-01T00:00:00+00:00
2026-06-18,EQ_CA,95.92346493050535,log,SYNTHETIC: seeded teaching dataset; not observed market data,2026-09-01T00:00:00+00:00
2026-06-19,EQ_CA,95.77588621487051,log,SYNTHETIC: seeded teaching dataset; not observed market data,2026-09-01T00:00:00+00:00
2026-06-22,EQ_CA,95.60911961228956,log,SYNTHETIC: seeded teaching dataset; not observed market data,2026-09-01T00:00:00+00:00
2026-06-23,EQ_CA,96.43273392802608,log,SYNTHETIC: seeded teaching dataset; not observed market data,2026-09-01T00:00:00+00:00
2026-06-24,EQ_CA,95.25732696056319,log,SYNTHETIC: seeded teaching dataset; not observed market data,2026-09-01T00:00:00+00:00
2026-06-25,EQ_CA,94.2271470207712,log,SYNTHETIC: seeded teaching dataset; not observed market data,2026-09-01T00:00:00+00:00
2026-06-26,EQ_CA,95.02516482936211,log,SYNTHETIC: seeded teaching dataset; not observed market data,2026-09-01T00:00:00+00:00
2026-06-29,EQ_CA,94.42473079679814,log,SYNTHETIC: seeded teaching dataset; not observed market data,2026-09-01T00:00:00+00:00
2026-06-30,EQ_CA,94.48489111053475,log,SYNTHETIC: seeded teaching dataset; not observed market data,2026-09-01T00:00:00+00:00
2026-07-01,EQ_CA,94.20410615729833,log,SYNTHETIC: seeded teaching dataset; not observed market data,2026-09-01T00:00:00+00:00
2026-07-02,EQ_CA,93.56101708343037,log,SYNTHETIC: seeded teaching dataset; not observed market data,2026-09-01T00:00:00+00:00
2026-07-03,EQ_CA,94.37032203540646,log,SYNTHETIC: seeded teaching dataset; not observed market data,2026-09-01T00:00:00+00:00
2026-07-06,EQ_CA,93.53590031996919,log,SYNTHETIC: seeded teaching dataset; not observed market data,2026-09-01T00:00:00+00:00
2026-07-07,EQ_CA,93.33206590240111,log,SYNTHETIC: seeded teaching dataset; not observed market data,2026-09-01T00:00:00+00:00
2026-07-08,EQ_CA,94.26302050018829,log,SYNTHETIC: seeded teaching dataset; not observed market data,2026-09-01T00:00:00+00:00
2026-07-09,EQ_CA,94.48251556459859,log,SYNTHETIC: seeded teaching dataset; not observed market data,2026-09-01T00:00:00+00:00
2026-07-10,EQ_CA,92.25403470131113,log,SYNTHETIC: seeded teaching dataset; not observed market data,2026-09-01T00:00:00+00:00
2026-07-13,EQ_CA,92.739789222833,log,SYNTHETIC: seeded teaching dataset; not observed market data,2026-09-01T00:00:00+00:00
2026-07-14,EQ_CA,93.24671128452212,log,SYNTHETIC: seeded teaching dataset; not observed market data,2026-09-01T00:00:00+00:00
2026-07-15,EQ_CA,91.70679980010516,log,SYNTHETIC: seeded teaching dataset; not observed market data,2026-09-01T00:00:00+00:00
2026-07-16,EQ_CA,90.6052902869294,log,SYNTHETIC: seeded teaching dataset; not observed market data,2026-09-01T00:00:00+00:00
2026-07-17,EQ_CA,90.31982466321718,log,SYNTHETIC: seeded teaching dataset; not observed market data,2026-09-01T00:00:00+00:00
2026-07-20,EQ_CA,90.8676241682071,log,SYNTHETIC: seeded teaching dataset; not observed market data,2026-09-01T00:00:00+00:00
2026-07-21,EQ_CA,89.95773781628155,log,SYNTHETIC: seeded teaching dataset; not observed market data,2026-09-01T00:00:00+00:00
2026-07-22,EQ_CA,90.68838070480282,log,SYNTHETIC: seeded teaching dataset; not observed market data,2026-09-01T00:00:00+00:00
2026-07-23,EQ_CA,90.7854695578314,log,SYNTHETIC: seeded teaching dataset; not observed market data,2026-09-01T00:00:00+00:00
2026-07-24,EQ_CA,90.52195519047133,log,SYNTHETIC: seeded teaching dataset; not observed market data,2026-09-01T00:00:00+00:00
2026-07-27,EQ_CA,91.80643471968263,log,SYNTHETIC: seeded teaching dataset; not observed market data,2026-09-01T00:00:00+00:00
2026-07-28,EQ_CA,90.00078985733924,log,SYNTHETIC: seeded teaching dataset; not observed market data,2026-09-01T00:00:00+00:00
2026-07-29,EQ_CA,89.24338972673756,log,SYNTHETIC: seeded teaching dataset; not observed market data,2026-09-01T00:00:00+00:00
2026-07-30,EQ_CA,92.45238313238197,log,SYNTHETIC: seeded teaching dataset; not observed market data,2026-09-01T00:00:00+00:00
2026-07-31,EQ_CA,92.19377470857285,log,SYNTHETIC: seeded teaching dataset; not observed market data,2026-09-01T00:00:00+00:00
2026-08-03,EQ_CA,94.1697536616027,log,SYNTHETIC: seeded teaching dataset; not observed market data,2026-09-01T00:00:00+00:00
2026-08-04,EQ_CA,93.63606541804018,log,SYNTHETIC: seeded teaching dataset; not observed market data,2026-09-01T00:00:00+00:00
2026-08-05,EQ_CA,95.957558932983,log,SYNTHETIC: seeded teaching dataset; not observed market data,2026-09-01T00:00:00+00:00
2026-08-06,EQ_CA,95.57324984941175,log,SYNTHETIC: seeded teaching dataset; not observed market data,2026-09-01T00:00:00+00:00
2026-08-07,EQ_CA,94.67613191182528,log,SYNTHETIC: seeded teaching dataset; not observed market data,2026-09-01T00:00:00+00:00
2026-08-10,EQ_CA,94.52343457541036,log,SYNTHETIC: seeded teaching dataset; not observed market data,2026-09-01T00:00:00+00:00
2026-08-11,EQ_CA,95.41411563832618,log,SYNTHETIC: seeded teaching dataset; not observed market data,2026-09-01T00:00:00+00:00
2026-08-12,EQ_CA,96.81139583885594,log,SYNTHETIC: seeded teaching dataset; not observed market data,2026-09-01T00:00:00+00:00
2026-08-13,EQ_CA,97.36632512355742,log,SYNTHETIC: seeded teaching dataset; not observed market data,2026-09-01T00:00:00+00:00
2026-08-14,EQ_CA,97.59371590150315,log,SYNTHETIC: seeded teaching dataset; not observed market data,2026-09-01T00:00:00+00:00
2026-08-17,EQ_CA,97.7859067910176,log,SYNTHETIC: seeded teaching dataset; not observed market data,2026-09-01T00:00:00+00:00
2026-08-18,EQ_CA,98.75467041204547,log,SYNTHETIC: seeded teaching dataset; not observed market data,2026-09-01T00:00:00+00:00
2026-08-19,EQ_CA,99.6094291220133,log,SYNTHETIC: seeded teaching dataset; not observed market data,2026-09-01T00:00:00+00:00
2026-08-20,EQ_CA,100.63063302316242,log,SYNTHETIC: seeded teaching dataset; not observed market data,2026-09-01T00:00:00+00:00
2026-08-21,EQ_CA,101.20621190615469,log,SYNTHETIC: seeded teaching dataset; not observed market data,2026-09-01T00:00:00+00:00
2026-08-24,EQ_CA,101.72140862900537,log,SYNTHETIC: seeded teaching dataset; not observed market data,2026-09-01T00:00:00+00:00
2026-08-25,EQ_CA,100.86345592983265,log,SYNTHETIC: seeded teaching dataset; not observed market data,2026-09-01T00:00:00+00:00
2026-08-26,EQ_CA,100.17161137416464,log,SYNTHETIC: seeded teaching dataset; not observed market data,2026-09-01T00:00:00+00:00
2026-08-27,EQ_CA,100.36231641848039,log,SYNTHETIC: seeded teaching dataset; not observed market data,2026-09-01T00:00:00+00:00
2026-08-28,EQ_CA,100.63889740298504,log,SYNTHETIC: seeded teaching dataset; not observed market data,2026-09-01T00:00:00+00:00
2026-08-31,EQ_CA,100.0,log,SYNTHETIC: seeded teaching dataset; not observed market data,2026-09-01T00:00:00+00:00
2025-01-02,EQ_US,266.09459337671217,log,SYNTHETIC: seeded teaching dataset; not observed market data,2026-09-01T00:00:00+00:00
2025-01-03,EQ_US,261.7481809740675,log,SYNTHETIC: seeded teaching dataset; not observed market data,2026-09-01T00:00:00+00:00
2025-01-06,EQ_US,262.89722455683193,log,SYNTHETIC: seeded teaching dataset; not observed market data,2026-09-01T00:00:00+00:00
2025-01-07,EQ_US,259.0836130111878,log,SYNTHETIC: seeded teaching dataset; not observed market data,2026-09-01T00:00:00+00:00
2025-01-08,EQ_US,249.98887680040517,log,SYNTHETIC: seeded teaching dataset; not observed market data,2026-09-01T00:00:00+00:00
2025-01-09,EQ_US,247.0244163081369,log,SYNTHETIC: seeded teaching dataset; not observed market data,2026-09-01T00:00:00+00:00
2025-01-10,EQ_US,246.40148463069482,log,SYNTHETIC: seeded teaching dataset; not observed market data,2026-09-01T00:00:00+00:00
2025-01-13,EQ_US,251.29919262167445,log,SYNTHETIC: seeded teaching dataset; not observed market data,2026-09-01T00:00:00+00:00
2025-01-14,EQ_US,252.74665379693528,log,SYNTHETIC: seeded teaching dataset; not observed market data,2026-09-01T00:00:00+00:00
2025-01-15,EQ_US,259.4266819425611,log,SYNTHETIC: seeded teaching dataset; not observed market data,2026-09-01T00:00:00+00:00
2025-01-16,EQ_US,255.24207935803122,log,SYNTHETIC: seeded teaching dataset; not observed market data,2026-09-01T00:00:00+00:00
2025-01-17,EQ_US,256.5257209862664,log,SYNTHETIC: seeded teaching dataset; not observed market data,2026-09-01T00:00:00+00:00
2025-01-20,EQ_US,255.1882517822639,log,SYNTHETIC: seeded teaching dataset; not observed market data,2026-09-01T00:00:00+00:00
2025-01-21,EQ_US,253.7521237740505,log,SYNTHETIC: seeded teaching dataset; not observed market data,2026-09-01T00:00:00+00:00
2025-01-22,EQ_US,251.30913860106818,log,SYNTHETIC: seeded teaching dataset; not observed market data,2026-09-01T00:00:00+00:00
2025-01-23,EQ_US,250.80732233704322,log,SYNTHETIC: seeded teaching dataset; not observed market data,2026-09-01T00:00:00+00:00
2025-01-24,EQ_US,253.48856546843479,log,SYNTHETIC: seeded teaching dataset; not observed market data,2026-09-01T00:00:00+00:00
2025-01-27,EQ_US,254.71218266084904,log,SYNTHETIC: seeded teaching dataset; not observed market data,2026-09-01T00:00:00+00:00
2025-01-28,EQ_US,256.9479060265609,log,SYNTHETIC: seeded teaching dataset; not observed market data,2026-09-01T00:00:00+00:00
2025-01-29,EQ_US,255.87737943497723,log,SYNTHETIC: seeded teaching dataset; not observed market data,2026-09-01T00:00:00+00:00
2025-01-30,EQ_US,256.6211119745987,log,SYNTHETIC: seeded teaching dataset; not observed market data,2026-09-01T00:00:00+00:00
2025-01-31,EQ_US,254.27669924442108,log,SYNTHETIC: seeded teaching dataset; not observed market data,2026-09-01T00:00:00+00:00
2025-02-03,EQ_US,257.1718259527048,log,SYNTHETIC: seeded teaching dataset; not observed market data,2026-09-01T00:00:00+00:00
2025-02-04,EQ_US,260.9491018161256,log,SYNTHETIC: seeded teaching dataset; not observed market data,2026-09-01T00:00:00+00:00
2025-02-05,EQ_US,259.74447271314716,log,SYNTHETIC: seeded teaching dataset; not observed market data,2026-09-01T00:00:00+00:00
2025-02-06,EQ_US,261.4774941245066,log,SYNTHETIC: seeded teaching dataset; not observed market data,2026-09-01T00:00:00+00:00
2025-02-07,EQ_US,262.0182818340562,log,SYNTHETIC: seeded teaching dataset; not observed market data,2026-09-01T00:00:00+00:00
2025-02-10,EQ_US,264.5585434714705,log,SYNTHETIC: seeded teaching dataset; not observed market data,2026-09-01T00:00:00+00:00
2025-02-11,EQ_US,266.9757395271697,log,SYNTHETIC: seeded teaching dataset; not observed market data,2026-09-01T00:00:00+00:00
2025-02-12,EQ_US,267.1031039391063,log,SYNTHETIC: seeded teaching dataset; not observed market data,2026-09-01T00:00:00+00:00
2025-02-13,EQ_US,263.88953593206924,log,SYNTHETIC: seeded teaching dataset; not observed market data,2026-09-01T00:00:00+00:00
2025-02-14,EQ_US,268.06274979407965,log,SYNTHETIC: seeded teaching dataset; not observed market data,2026-09-01T00:00:00+00:00
2025-02-17,EQ_US,268.83569462449486,log,SYNTHETIC: seeded teaching dataset; not observed market data,2026-09-01T00:00:00+00:00
2025-02-18,EQ_US,266.0627298321978,log,SYNTHETIC: seeded teaching dataset; not observed market data,2026-09-01T00:00:00+00:00
2025-02-19,EQ_US,262.62251431691607,log,SYNTHETIC: seeded teaching dataset; not observed market data,2026-09-01T00:00:00+00:00
2025-02-20,EQ_US,265.96189866124064,log,SYNTHETIC: seeded teaching dataset; not observed market data,2026-09-01T00:00:00+00:00
2025-02-21,EQ_US,264.19981732671755,log,SYNTHETIC: seeded teaching dataset; not observed market data,2026-09-01T00:00:00+00:00
2025-02-24,EQ_US,263.14617765136666,log,SYNTHETIC: seeded teaching dataset; not observed market data,2026-09-01T00:00:00+00:00
2025-02-25,EQ_US,265.6895904358701,log,SYNTHETIC: seeded teaching dataset; not observed market data,2026-09-01T00:00:00+00:00
2025-02-26,EQ_US,264.6826918534404,log,SYNTHETIC: seeded teaching dataset; not observed market data,2026-09-01T00:00:00+00:00
2025-02-27,EQ_US,261.70967203588077,log,SYNTHETIC: seeded teaching dataset; not observed market data,2026-09-01T00:00:00+00:00
2025-02-28,EQ_US,267.16515073460135,log,SYNTHETIC: seeded teaching dataset; not observed market data,2026-09-01T00:00:00+00:00
2025-03-03,EQ_US,266.88353499480496,log,SYNTHETIC: seeded teaching dataset; not observed market data,2026-09-01T00:00:00+00:00
2025-03-04,EQ_US,261.24284463675804,log,SYNTHETIC: seeded teaching dataset; not observed market data,2026-09-01T00:00:00+00:00
2025-03-05,EQ_US,263.8788240782211,log,SYNTHETIC: seeded teaching dataset; not observed market data,2026-09-01T00:00:00+00:00
2025-03-06,EQ_US,267.4928252840138,log,SYNTHETIC: seeded teaching dataset; not observed market data,2026-09-01T00:00:00+00:00
2025-03-07,EQ_US,266.3915552357968,log,SYNTHETIC: seeded teaching dataset; not observed market data,2026-09-01T00:00:00+00:00
2025-03-10,EQ_US,272.16051928425634,log,SYNTHETIC: seeded teaching dataset; not observed market data,2026-09-01T00:00:00+00:00
2025-03-11,EQ_US,277.13046606359944,log,SYNTHETIC: seeded teaching dataset; not observed market data,2026-09-01T00:00:00+00:00
2025-03-12,EQ_US,284.9433703897901,log,SYNTHETIC: seeded teaching dataset; not observed market data,2026-09-01T00:00:00+00:00
2025-03-13,EQ_US,285.4027309525349,log,SYNTHETIC: seeded teaching dataset; not observed market data,2026-09-01T00:00:00+00:00
2025-03-14,EQ_US,283.2929729689427,log,SYNTHETIC: seeded teaching dataset; not observed market data,2026-09-01T00:00:00+00:00
2025-03-17,EQ_US,283.86870715439034,log,SYNTHETIC: seeded teaching dataset; not observed market data,2026-09-01T00:00:00+00:00
2025-03-18,EQ_US,283.2706719368538,log,SYNTHETIC: seeded teaching dataset; not observed market data,2026-09-01T00:00:00+00:00
2025-03-19,EQ_US,282.4954892618434,log,SYNTHETIC: seeded teaching dataset; not observed market data,2026-09-01T00:00:00+00:00
2025-03-20,EQ_US,285.1906357099899,log,SYNTHETIC: seeded teaching dataset; not observed market data,2026-09-01T00:00:00+00:00
2025-03-21,EQ_US,279.77629307369324,log,SYNTHETIC: seeded teaching dataset; not observed market data,2026-09-01T00:00:00+00:00
2025-03-24,EQ_US,277.59040847155177,log,SYNTHETIC: seeded teaching dataset; not observed market data,2026-09-01T00:00:00+00:00
2025-03-25,EQ_US,274.7724477755823,log,SYNTHETIC: seeded teaching dataset; not observed market data,2026-09-01T00:00:00+00:00
2025-03-26,EQ_US,274.55393792929397,log,SYNTHETIC: seeded teaching dataset; not observed market data,2026-09-01T00:00:00+00:00
2025-03-27,EQ_US,276.03040155376505,log,SYNTHETIC: seeded teaching dataset; not observed market data,2026-09-01T00:00:00+00:00
2025-03-28,EQ_US,284.7746890239306,log,SYNTHETIC: seeded teaching dataset; not observed market data,2026-09-01T00:00:00+00:00
2025-03-31,EQ_US,286.9287086096317,log,SYNTHETIC: seeded teaching dataset; not observed market data,2026-09-01T00:00:00+00:00
2025-04-01,EQ_US,279.5587646317013,log,SYNTHETIC: seeded teaching dataset; not observed market data,2026-09-01T00:00:00+00:00
2025-04-02,EQ_US,271.9234224511615,log,SYNTHETIC: seeded teaching dataset; not observed market data,2026-09-01T00:00:00+00:00
2025-04-03,EQ_US,268.919905946793,log,SYNTHETIC: seeded teaching dataset; not observed market data,2026-09-01T00:00:00+00:00
2025-04-04,EQ_US,268.9337079526539,log,SYNTHETIC: seeded teaching dataset; not observed market data,2026-09-01T00:00:00+00:00
2025-04-07,EQ_US,269.73638062854843,log,SYNTHETIC: seeded teaching dataset; not observed market data,2026-09-01T00:00:00+00:00
2025-04-08,EQ_US,271.6979671623971,log,SYNTHETIC: seeded teaching dataset; not observed market data,2026-09-01T00:00:00+00:00
2025-04-09,EQ_US,267.190485702284,log,SYNTHETIC: seeded teaching dataset; not observed market data,2026-09-01T00:00:00+00:00
2025-04-10,EQ_US,267.2495007884404,log,SYNTHETIC: seeded teaching dataset; not observed market data,2026-09-01T00:00:00+00:00
2025-04-11,EQ_US,272.2128829823157,log,SYNTHETIC: seeded teaching dataset; not observed market data,2026-09-01T00:00:00+00:00
2025-04-14,EQ_US,272.5366290369977,log,SYNTHETIC: seeded teaching dataset; not observed market data,2026-09-01T00:00:00+00:00
2025-04-15,EQ_US,268.95472420250513,log,SYNTHETIC: seeded teaching dataset; not observed market data,2026-09-01T00:00:00+00:00
2025-04-16,EQ_US,267.16331086735914,log,SYNTHETIC: seeded teaching dataset; not observed market data,2026-09-01T00:00:00+00:00
2025-04-17,EQ_US,256.2973843971014,log,SYNTHETIC: seeded teaching dataset; not observed market data,2026-09-01T00:00:00+00:00
2025-04-18,EQ_US,256.25938684988154,log,SYNTHETIC: seeded teaching dataset; not observed market data,2026-09-01T00:00:00+00:00
2025-04-21,EQ_US,249.5768272600863,log,SYNTHETIC: seeded teaching dataset; not observed market data,2026-09-01T00:00:00+00:00
2025-04-22,EQ_US,245.58999963923918,log,SYNTHETIC: seeded teaching dataset; not observed market data,2026-09-01T00:00:00+00:00
2025-04-23,EQ_US,242.1466243438891,log,SYNTHETIC: seeded teaching dataset; not observed market data,2026-09-01T00:00:00+00:00
2025-04-24,EQ_US,243.99794821803764,log,SYNTHETIC: seeded teaching dataset; not observed market data,2026-09-01T00:00:00+00:00
2025-04-25,EQ_US,245.2968537833336,log,SYNTHETIC: seeded teaching dataset; not observed market data,2026-09-01T00:00:00+00:00
2025-04-28,EQ_US,244.37007521622309,log,SYNTHETIC: seeded teaching dataset; not observed market data,2026-09-01T00:00:00+00:00
2025-04-29,EQ_US,244.73316434085694,log,SYNTHETIC: seeded teaching dataset; not observed market data,2026-09-01T00:00:00+00:00
2025-04-30,EQ_US,239.05327763187378,log,SYNTHETIC: seeded teaching dataset; not observed market data,2026-09-01T00:00:00+00:00
2025-05-01,EQ_US,238.0078215670597,log,SYNTHETIC: seeded teaching dataset; not observed market data,2026-09-01T00:00:00+00:00
2025-05-02,EQ_US,233.49645627631517,log,SYNTHETIC: seeded teaching dataset; not observed market data,2026-09-01T00:00:00+00:00
2025-05-05,EQ_US,230.39716915239754,log,SYNTHETIC: seeded teaching dataset; not observed market data,2026-09-01T00:00:00+00:00
2025-05-06,EQ_US,227.87163715518693,log,SYNTHETIC: seeded teaching dataset; not observed market data,2026-09-01T00:00:00+00:00
2025-05-07,EQ_US,221.72454799051832,log,SYNTHETIC: seeded teaching dataset; not observed market data,2026-09-01T00:00:00+00:00
2025-05-08,EQ_US,223.73435369434716,log,SYNTHETIC: seeded teaching dataset; not observed market data,2026-09-01T00:00:00+00:00
2025-05-09,EQ_US,225.43871449691463,log,SYNTHETIC: seeded teaching dataset; not observed market data,2026-09-01T00:00:00+00:00
2025-05-12,EQ_US,226.66591153194446,log,SYNTHETIC: seeded teaching dataset; not observed market data,2026-09-01T00:00:00+00:00
2025-05-13,EQ_US,225.06931866388624,log,SYNTHETIC: seeded teaching dataset; not observed market data,2026-09-01T00:00:00+00:00
2025-05-14,EQ_US,223.39823058609934,log,SYNTHETIC: seeded teaching dataset; not observed market data,2026-09-01T00:00:00+00:00
2025-05-15,EQ_US,222.5741206936881,log,SYNTHETIC: seeded teaching dataset; not observed market data,2026-09-01T00:00:00+00:00
2025-05-16,EQ_US,225.91495521010054,log,SYNTHETIC: seeded teaching dataset; not observed market data,2026-09-01T00:00:00+00:00
2025-05-19,EQ_US,225.9164857750114,log,SYNTHETIC: seeded teaching dataset; not observed market data,2026-09-01T00:00:00+00:00
2025-05-20,EQ_US,223.05994963684273,log,SYNTHETIC: seeded teaching dataset; not observed market data,2026-09-01T00:00:00+00:00
2025-05-21,EQ_US,218.8359858705488,log,SYNTHETIC: seeded teaching dataset; not observed market data,2026-09-01T00:00:00+00:00
2025-05-22,EQ_US,221.91558349904574,log,SYNTHETIC: seeded teaching dataset; not observed market data,2026-09-01T00:00:00+00:00
2025-05-23,EQ_US,223.96715612363354,log,SYNTHETIC: seeded teaching dataset; not observed market data,2026-09-01T00:00:00+00:00
2025-05-26,EQ_US,221.37885758132813,log,SYNTHETIC: seeded teaching dataset; not observed market data,2026-09-01T00:00:00+00:00
2025-05-27,EQ_US,219.62560543756936,log,SYNTHETIC: seeded teaching dataset; not observed market data,2026-09-01T00:00:00+00:00
2025-05-28,EQ_US,216.1384457212458,log,SYNTHETIC: seeded teaching dataset; not observed market data,2026-09-01T00:00:00+00:00
2025-05-29,EQ_US,215.48580115418594,log,SYNTHETIC: seeded teaching dataset; not observed market data,2026-09-01T00:00:00+00:00
2025-05-30,EQ_US,215.78502612689311,log,SYNTHETIC: seeded teaching dataset; not observed market data,2026-09-01T00:00:00+00:00
2025-06-02,EQ_US,214.84661903493244,log,SYNTHETIC: seeded teaching dataset; not observed market data,2026-09-01T00:00:00+00:00
2025-06-03,EQ_US,215.83968989114362,log,SYNTHETIC: seeded teaching dataset; not observed market data,2026-09-01T00:00:00+00:00
2025-06-04,EQ_US,215.72991859541267,log,SYNTHETIC: seeded teaching dataset; not observed market data,2026-09-01T00:00:00+00:00
2025-06-05,EQ_US,218.7900617696021,log,SYNTHETIC: seeded teaching dataset; not observed market data,2026-09-01T00:00:00+00:00
2025-06-06,EQ_US,223.73127420689653,log,SYNTHETIC: seeded teaching dataset; not observed market data,2026-09-01T00:00:00+00:00
2025-06-09,EQ_US,220.82104933640963,log,SYNTHETIC: seeded teaching dataset; not observed market data,2026-09-01T00:00:00+00:00
2025-06-10,EQ_US,220.20562544150332,log,SYNTHETIC: seeded teaching dataset; not observed market data,2026-09-01T00:00:00+00:00
2025-06-11,EQ_US,217.6025012557938,log,SYNTHETIC: seeded teaching dataset; not observed market data,2026-09-01T00:00:00+00:00
2025-06-12,EQ_US,218.28272562664938,log,SYNTHETIC: seeded teaching dataset; not observed market data,2026-09-01T00:00:00+00:00
2025-06-13,EQ_US,219.09615930141123,log,SYNTHETIC: seeded teaching dataset; not observed market data,2026-09-01T00:00:00+00:00
2025-06-16,EQ_US,218.39037962514658,log,SYNTHETIC: seeded teaching dataset; not observed market data,2026-09-01T00:00:00+00:00
2025-06-17,EQ_US,219.32705918259495,log,SYNTHETIC: seeded teaching dataset; not observed market data,2026-09-01T00:00:00+00:00
2025-06-18,EQ_US,218.71402565165437,log,SYNTHETIC: seeded teaching dataset; not observed market data,2026-09-01T00:00:00+00:00
2025-06-19,EQ_US,222.67244875018446,log,SYNTHETIC: seeded teaching dataset; not observed market data,2026-09-01T00:00:00+00:00
2025-06-20,EQ_US,224.27427353416783,log,SYNTHETIC: seeded teaching dataset; not observed market data,2026-09-01T00:00:00+00:00
2025-06-23,EQ_US,218.67650672320224,log,SYNTHETIC: seeded teaching dataset; not observed market data,2026-09-01T00:00:00+00:00
2025-06-24,EQ_US,216.47339505586044,log,SYNTHETIC: seeded teaching dataset; not observed market data,2026-09-01T00:00:00+00:00
2025-06-25,EQ_US,216.77617319489457,log,SYNTHETIC: seeded teaching dataset; not observed market data,2026-09-01T00:00:00+00:00
2025-06-26,EQ_US,216.42422282467152,log,SYNTHETIC: seeded teaching dataset; not observed market data,2026-09-01T00:00:00+00:00
2025-06-27,EQ_US,215.10437364503213,log,SYNTHETIC: seeded teaching dataset; not observed market data,2026-09-01T00:00:00+00:00
2025-06-30,EQ_US,211.4110813856701,log,SYNTHETIC: seeded teaching dataset; not observed market data,2026-09-01T00:00:00+00:00
2025-07-01,EQ_US,212.09502178215703,log,SYNTHETIC: seeded teaching dataset; not observed market data,2026-09-01T00:00:00+00:00
2025-07-02,EQ_US,212.17202904704342,log,SYNTHETIC: seeded teaching dataset; not observed market data,2026-09-01T00:00:00+00:00
2025-07-03,EQ_US,209.2426651724781,log,SYNTHETIC: seeded teaching dataset; not observed market data,2026-09-01T00:00:00+00:00
2025-07-04,EQ_US,209.21554239443708,log,SYNTHETIC: seeded teaching dataset; not observed market data,2026-09-01T00:00:00+00:00
2025-07-07,EQ_US,204.2355274640424,log,SYNTHETIC: seeded teaching dataset; not observed market data,2026-09-01T00:00:00+00:00
2025-07-08,EQ_US,204.5076614530247,log,SYNTHETIC: seeded teaching dataset; not observed market data,2026-09-01T00:00:00+00:00
2025-07-09,EQ_US,202.45375940748917,log,SYNTHETIC: seeded teaching dataset; not observed market data,2026-09-01T00:00:00+00:00
2025-07-10,EQ_US,203.82918523945128,log,SYNTHETIC: seeded teaching dataset; not observed market data,2026-09-01T00:00:00+00:00
2025-07-11,EQ_US,196.63856092395906,log,SYNTHETIC: seeded teaching dataset; not observed market data,2026-09-01T00:00:00+00:00
2025-07-14,EQ_US,193.7616854945758,log,SYNTHETIC: seeded teaching dataset; not observed market data,2026-09-01T00:00:00+00:00
2025-07-15,EQ_US,190.4714319509935,log,SYNTHETIC: seeded teaching dataset; not observed market data,2026-09-01T00:00:00+00:00
2025-07-16,EQ_US,190.90676872266997,log,SYNTHETIC: seeded teaching dataset; not observed market data,2026-09-01T00:00:00+00:00
2025-07-17,EQ_US,189.6030948787494,log,SYNTHETIC: seeded teaching dataset; not observed market data,2026-09-01T00:00:00+00:00
2025-07-18,EQ_US,190.56280275025023,log,SYNTHETIC: seeded teaching dataset; not observed market data,2026-09-01T00:00:00+00:00
2025-07-21,EQ_US,191.41144239608963,log,SYNTHETIC: seeded teaching dataset; not observed market data,2026-09-01T00:00:00+00:00
2025-07-22,EQ_US,193.63632870118093,log,SYNTHETIC: seeded teaching dataset; not observed market data,2026-09-01T00:00:00+00:00
2025-07-23,EQ_US,196.3839508888391,log,SYNTHETIC: seeded teaching dataset; not observed market data,2026-09-01T00:00:00+00:00
2025-07-24,EQ_US,196.84880861156012,log,SYNTHETIC: seeded teaching dataset; not observed market data,2026-09-01T00:00:00+00:00
2025-07-25,EQ_US,200.48307102615277,log,SYNTHETIC: seeded teaching dataset; not observed market data,2026-09-01T00:00:00+00:00
2025-07-28,EQ_US,197.91288692731766,log,SYNTHETIC: seeded teaching dataset; not observed market data,2026-09-01T00:00:00+00:00
2025-07-29,EQ_US,198.17385286025595,log,SYNTHETIC: seeded teaching dataset; not observed market data,2026-09-01T00:00:00+00:00
2025-07-30,EQ_US,199.06983597628064,log,SYNTHETIC: seeded teaching dataset; not observed market data,2026-09-01T00:00:00+00:00
2025-07-31,EQ_US,198.85531011527203,log,SYNTHETIC: seeded teaching dataset; not observed market data,2026-09-01T00:00:00+00:00
2025-08-01,EQ_US,200.09441330260694,log,SYNTHETIC: seeded teaching dataset; not observed market data,2026-09-01T00:00:00+00:00
2025-08-04,EQ_US,198.95558773849987,log,SYNTHETIC: seeded teaching dataset; not observed market data,2026-09-01T00:00:00+00:00
2025-08-05,EQ_US,200.42709895501358,log,SYNTHETIC: seeded teaching dataset; not observed market data,2026-09-01T00:00:00+00:00
2025-08-06,EQ_US,202.80959988092243,log,SYNTHETIC: seeded teaching dataset; not observed market data,2026-09-01T00:00:00+00:00
2025-08-07,EQ_US,205.8381547185588,log,SYNTHETIC: seeded teaching dataset; not observed market data,2026-09-01T00:00:00+00:00
2025-08-08,EQ_US,206.70172962649912,log,SYNTHETIC: seeded teaching dataset; not observed market data,2026-09-01T00:00:00+00:00
2025-08-11,EQ_US,205.35888346405605,log,SYNTHETIC: seeded teaching dataset; not observed market data,2026-09-01T00:00:00+00:00
2025-08-12,EQ_US,207.1405951733028,log,SYNTHETIC: seeded teaching dataset; not observed market data,2026-09-01T00:00:00+00:00
2025-08-13,EQ_US,206.8945443135965,log,SYNTHETIC: seeded teaching dataset; not observed market data,2026-09-01T00:00:00+00:00
2025-08-14,EQ_US,209.10692068998503,log,SYNTHETIC: seeded teaching dataset; not observed market data,2026-09-01T00:00:00+00:00
2025-08-15,EQ_US,209.61164310658128,log,SYNTHETIC: seeded teaching dataset; not observed market data,2026-09-01T00:00:00+00:00
2025-08-18,EQ_US,210.58521862349932,log,SYNTHETIC: seeded teaching dataset; not observed market data,2026-09-01T00:00:00+00:00
2025-08-19,EQ_US,209.78590863854367,log,SYNTHETIC: seeded teaching dataset; not observed market data,2026-09-01T00:00:00+00:00
2025-08-20,EQ_US,211.67876153742307,log,SYNTHETIC: seeded teaching dataset; not observed market data,2026-09-01T00:00:00+00:00
2025-08-21,EQ_US,210.5309769418052,log,SYNTHETIC: seeded teaching dataset; not observed market data,2026-09-01T00:00:00+00:00
2025-08-22,EQ_US,212.59433387777366,log,SYNTHETIC: seeded teaching dataset; not observed market data,2026-09-01T00:00:00+00:00
2025-08-25,EQ_US,212.66154303544167,log,SYNTHETIC: seeded teaching dataset; not observed market data,2026-09-01T00:00:00+00:00
2025-08-26,EQ_US,211.79613380282947,log,SYNTHETIC: seeded teaching dataset; not observed market data,2026-09-01T00:00:00+00:00
2025-08-27,EQ_US,208.71210562406537,log,SYNTHETIC: seeded teaching dataset; not observed market data,2026-09-01T00:00:00+00:00
2025-08-28,EQ_US,207.16473150353352,log,SYNTHETIC: seeded teaching dataset; not observed market data,2026-09-01T00:00:00+00:00
2025-08-29,EQ_US,208.82354747032335,log,SYNTHETIC: seeded teaching dataset; not observed market data,2026-09-01T00:00:00+00:00
2025-09-01,EQ_US,211.90128469057018,log,SYNTHETIC: seeded teaching dataset; not observed market data,2026-09-01T00:00:00+00:00
2025-09-02,EQ_US,214.59747549600837,log,SYNTHETIC: seeded teaching dataset; not observed market data,2026-09-01T00:00:00+00:00
2025-09-03,EQ_US,213.13816630678394,log,SYNTHETIC: seeded teaching dataset; not observed market data,2026-09-01T00:00:00+00:00
2025-09-04,EQ_US,210.64087304204352,log,SYNTHETIC: seeded teaching dataset; not observed market data,2026-09-01T00:00:00+00:00
2025-09-05,EQ_US,205.47745831958346,log,SYNTHETIC: seeded teaching dataset; not observed market data,2026-09-01T00:00:00+00:00
2025-09-08,EQ_US,204.39582730724175,log,SYNTHETIC: seeded teaching dataset; not observed market data,2026-09-01T00:00:00+00:00
2025-09-09,EQ_US,205.82026349345242,log,SYNTHETIC: seeded teaching dataset; not observed market data,2026-09-01T00:00:00+00:00
2025-09-10,EQ_US,203.87782503604723,log,SYNTHETIC: seeded teaching dataset; not observed market data,2026-09-01T00:00:00+00:00
2025-09-11,EQ_US,207.3333264781508,log,SYNTHETIC: seeded teaching dataset; not observed market data,2026-09-01T00:00:00+00:00
2025-09-12,EQ_US,201.48291444153892,log,SYNTHETIC: seeded teaching dataset; not observed market data,2026-09-01T00:00:00+00:00
2025-09-15,EQ_US,202.86171195040316,log,SYNTHETIC: seeded teaching dataset; not observed market data,2026-09-01T00:00:00+00:00
2025-09-16,EQ_US,199.2446086485741,log,SYNTHETIC: seeded teaching dataset; not observed market data,2026-09-01T00:00:00+00:00
2025-09-17,EQ_US,199.6152243563976,log,SYNTHETIC: seeded teaching dataset; not observed market data,2026-09-01T00:00:00+00:00
2025-09-18,EQ_US,203.05008151033948,log,SYNTHETIC: seeded teaching dataset; not observed market data,2026-09-01T00:00:00+00:00
2025-09-19,EQ_US,201.8076580329602,log,SYNTHETIC: seeded teaching dataset; not observed market data,2026-09-01T00:00:00+00:00
2025-09-22,EQ_US,199.3124498395246,log,SYNTHETIC: seeded teaching dataset; not observed market data,2026-09-01T00:00:00+00:00
2025-09-23,EQ_US,198.59453920541276,log,SYNTHETIC: seeded teaching dataset; not observed market data,2026-09-01T00:00:00+00:00
2025-09-24,EQ_US,200.68925685194665,log,SYNTHETIC: seeded teaching dataset; not observed market data,2026-09-01T00:00:00+00:00
2025-09-25,EQ_US,199.95595350174355,log,SYNTHETIC: seeded teaching dataset; not observed market data,2026-09-01T00:00:00+00:00
2025-09-26,EQ_US,202.5907243632815,log,SYNTHETIC: seeded teaching dataset; not observed market data,2026-09-01T00:00:00+00:00
2025-09-29,EQ_US,199.75811717011075,log,SYNTHETIC: seeded teaching dataset; not observed market data,2026-09-01T00:00:00+00:00
2025-09-30,EQ_US,198.74242460749807,log,SYNTHETIC: seeded teaching dataset; not observed market data,2026-09-01T00:00:00+00:00
2025-10-01,EQ_US,198.49390536770554,log,SYNTHETIC: seeded teaching dataset; not observed market data,2026-09-01T00:00:00+00:00
2025-10-02,EQ_US,202.98269582637116,log,SYNTHETIC: seeded teaching dataset; not observed market data,2026-09-01T00:00:00+00:00
2025-10-03,EQ_US,202.10685716366882,log,SYNTHETIC: seeded teaching dataset; not observed market data,2026-09-01T00:00:00+00:00
2025-10-06,EQ_US,199.83313764688245,log,SYNTHETIC: seeded teaching dataset; not observed market data,2026-09-01T00:00:00+00:00
2025-10-07,EQ_US,198.3119897242664,log,SYNTHETIC: seeded teaching dataset; not observed market data,2026-09-01T00:00:00+00:00
2025-10-08,EQ_US,196.1206151157237,log,SYNTHETIC: seeded teaching dataset; not observed market data,2026-09-01T00:00:00+00:00
2025-10-09,EQ_US,193.62481874754107,log,SYNTHETIC: seeded teaching dataset; not observed market data,2026-09-01T00:00:00+00:00
2025-10-10,EQ_US,190.69831196718602,log,SYNTHETIC: seeded teaching dataset; not observed market data,2026-09-01T00:00:00+00:00
2025-10-13,EQ_US,190.72446042477281,log,SYNTHETIC: seeded teaching dataset; not observed market data,2026-09-01T00:00:00+00:00
2025-10-14,EQ_US,189.61580614191482,log,SYNTHETIC: seeded teaching dataset; not observed market data,2026-09-01T00:00:00+00:00
2025-10-15,EQ_US,193.84749451716198,log,SYNTHETIC: seeded teaching dataset; not observed market data,2026-09-01T00:00:00+00:00
2025-10-16,EQ_US,194.2490994277502,log,SYNTHETIC: seeded teaching dataset; not observed market data,2026-09-01T00:00:00+00:00
2025-10-17,EQ_US,194.51018112694885,log,SYNTHETIC: seeded teaching dataset; not observed market data,2026-09-01T00:00:00+00:00
2025-10-20,EQ_US,195.12115209390674,log,SYNTHETIC: seeded teaching dataset; not observed market data,2026-09-01T00:00:00+00:00
2025-10-21,EQ_US,193.92398350633167,log,SYNTHETIC: seeded teaching dataset; not observed market data,2026-09-01T00:00:00+00:00
2025-10-22,EQ_US,193.81711157351725,log,SYNTHETIC: seeded teaching dataset; not observed market data,2026-09-01T00:00:00+00:00
2025-10-23,EQ_US,195.44299442030345,log,SYNTHETIC: seeded teaching dataset; not observed market data,2026-09-01T00:00:00+00:00
2025-10-24,EQ_US,196.30839302052348,log,SYNTHETIC: seeded teaching dataset; not observed market data,2026-09-01T00:00:00+00:00
2025-10-27,EQ_US,198.70010475713516,log,SYNTHETIC: seeded teaching dataset; not observed market data,2026-09-01T00:00:00+00:00
2025-10-28,EQ_US,197.06848581714502,log,SYNTHETIC: seeded teaching dataset; not observed market data,2026-09-01T00:00:00+00:00
2025-10-29,EQ_US,198.16820956286162,log,SYNTHETIC: seeded teaching dataset; not observed market data,2026-09-01T00:00:00+00:00
2025-10-30,EQ_US,196.65841065967948,log,SYNTHETIC: seeded teaching dataset; not observed market data,2026-09-01T00:00:00+00:00
2025-10-31,EQ_US,196.00412975037293,log,SYNTHETIC: seeded teaching dataset; not observed market data,2026-09-01T00:00:00+00:00
2025-11-03,EQ_US,197.82617683694107,log,SYNTHETIC: seeded teaching dataset; not observed market data,2026-09-01T00:00:00+00:00
2025-11-04,EQ_US,201.00743569430614,log,SYNTHETIC: seeded teaching dataset; not observed market data,2026-09-01T00:00:00+00:00
2025-11-05,EQ_US,201.42753765931155,log,SYNTHETIC: seeded teaching dataset; not observed market data,2026-09-01T00:00:00+00:00
2025-11-06,EQ_US,200.05846492241497,log,SYNTHETIC: seeded teaching dataset; not observed market data,2026-09-01T00:00:00+00:00
2025-11-07,EQ_US,201.37017123807428,log,SYNTHETIC: seeded teaching dataset; not observed market data,2026-09-01T00:00:00+00:00
2025-11-10,EQ_US,206.62187647806468,log,SYNTHETIC: seeded teaching dataset; not observed market data,2026-09-01T00:00:00+00:00
2025-11-11,EQ_US,203.90192915412044,log,SYNTHETIC: seeded teaching dataset; not observed market data,2026-09-01T00:00:00+00:00
2025-11-12,EQ_US,201.35434294054255,log,SYNTHETIC: seeded teaching dataset; not observed market data,2026-09-01T00:00:00+00:00
2025-11-13,EQ_US,200.34276460746713,log,SYNTHETIC: seeded teaching dataset; not observed market data,2026-09-01T00:00:00+00:00
2025-11-14,EQ_US,202.69949925652162,log,SYNTHETIC: seeded teaching dataset; not observed market data,2026-09-01T00:00:00+00:00
2025-11-17,EQ_US,203.69599652422485,log,SYNTHETIC: seeded teaching dataset; not observed market data,2026-09-01T00:00:00+00:00
2025-11-18,EQ_US,202.61032508661663,log,SYNTHETIC: seeded teaching dataset; not observed market data,2026-09-01T00:00:00+00:00
2025-11-19,EQ_US,201.73749923491062,log,SYNTHETIC: seeded teaching dataset; not observed market data,2026-09-01T00:00:00+00:00
2025-11-20,EQ_US,199.7665895326049,log,SYNTHETIC: seeded teaching dataset; not observed market data,2026-09-01T00:00:00+00:00
2025-11-21,EQ_US,203.85993300515952,log,SYNTHETIC: seeded teaching dataset; not observed market data,2026-09-01T00:00:00+00:00
2025-11-24,EQ_US,208.50488683983858,log,SYNTHETIC: seeded teaching dataset; not observed market data,2026-09-01T00:00:00+00:00
2025-11-25,EQ_US,206.8134009242077,log,SYNTHETIC: seeded teaching dataset; not observed market data,2026-09-01T00:00:00+00:00
2025-11-26,EQ_US,204.80938098826556,log,SYNTHETIC: seeded teaching dataset; not observed market data,2026-09-01T00:00:00+00:00
2025-11-27,EQ_US,207.43683297172115,log,SYNTHETIC: seeded teaching dataset; not observed market data,2026-09-01T00:00:00+00:00
2025-11-28,EQ_US,201.35742118759723,log,SYNTHETIC: seeded teaching dataset; not observed market data,2026-09-01T00:00:00+00:00
2025-12-01,EQ_US,199.62326008070406,log,SYNTHETIC: seeded teaching dataset; not observed market data,2026-09-01T00:00:00+00:00
2025-12-02,EQ_US,202.89324258101843,log,SYNTHETIC: seeded teaching dataset; not observed market data,2026-09-01T00:00:00+00:00
2025-12-03,EQ_US,198.87097625428245,log,SYNTHETIC: seeded teaching dataset; not observed market data,2026-09-01T00:00:00+00:00
2025-12-04,EQ_US,198.92785571690914,log,SYNTHETIC: seeded teaching dataset; not observed market data,2026-09-01T00:00:00+00:00
2025-12-05,EQ_US,196.78134828932525,log,SYNTHETIC: seeded teaching dataset; not observed market data,2026-09-01T00:00:00+00:00
2025-12-08,EQ_US,193.17971304517522,log,SYNTHETIC: seeded teaching dataset; not observed market data,2026-09-01T00:00:00+00:00
2025-12-09,EQ_US,194.51670096454095,log,SYNTHETIC: seeded teaching dataset; not observed market data,2026-09-01T00:00:00+00:00
2025-12-10,EQ_US,196.42111573555914,log,SYNTHETIC: seeded teaching dataset; not observed market data,2026-09-01T00:00:00+00:00
2025-12-11,EQ_US,198.23607501647948,log,SYNTHETIC: seeded teaching dataset; not observed market data,2026-09-01T00:00:00+00:00
2025-12-12,EQ_US,199.66425908637638,log,SYNTHETIC: seeded teaching dataset; not observed market data,2026-09-01T00:00:00+00:00
2025-12-15,EQ_US,198.21792671571768,log,SYNTHETIC: seeded teaching dataset; not observed market data,2026-09-01T00:00:00+00:00
2025-12-16,EQ_US,196.82463835563075,log,SYNTHETIC: seeded teaching dataset; not observed market data,2026-09-01T00:00:00+00:00
2025-12-17,EQ_US,197.66586516400685,log,SYNTHETIC: seeded teaching dataset; not observed market data,2026-09-01T00:00:00+00:00
2025-12-18,EQ_US,194.9898027856758,log,SYNTHETIC: seeded teaching dataset; not observed market data,2026-09-01T00:00:00+00:00
2025-12-19,EQ_US,197.44338002080536,log,SYNTHETIC: seeded teaching dataset; not observed market data,2026-09-01T00:00:00+00:00
2025-12-22,EQ_US,193.2870900052696,log,SYNTHETIC: seeded teaching dataset; not observed market data,2026-09-01T00:00:00+00:00
2025-12-23,EQ_US,193.15680728761293,log,SYNTHETIC: seeded teaching dataset; not observed market data,2026-09-01T00:00:00+00:00
2025-12-24,EQ_US,190.50495853233184,log,SYNTHETIC: seeded teaching dataset; not observed market data,2026-09-01T00:00:00+00:00
2025-12-25,EQ_US,193.84534115725847,log,SYNTHETIC: seeded teaching dataset; not observed market data,2026-09-01T00:00:00+00:00
2025-12-26,EQ_US,191.035146975111,log,SYNTHETIC: seeded teaching dataset; not observed market data,2026-09-01T00:00:00+00:00
2025-12-29,EQ_US,188.80722245850123,log,SYNTHETIC: seeded teaching dataset; not observed market data,2026-09-01T00:00:00+00:00
2025-12-30,EQ_US,191.2999901961459,log,SYNTHETIC: seeded teaching dataset; not observed market data,2026-09-01T00:00:00+00:00
2025-12-31,EQ_US,190.10550144051706,log,SYNTHETIC: seeded teaching dataset; not observed market data,2026-09-01T00:00:00+00:00
2026-01-01,EQ_US,189.42917985204087,log,SYNTHETIC: seeded teaching dataset; not observed market data,2026-09-01T00:00:00+00:00
2026-01-02,EQ_US,191.13071504518632,log,SYNTHETIC: seeded teaching dataset; not observed market data,2026-09-01T00:00:00+00:00
2026-01-05,EQ_US,193.37618466426088,log,SYNTHETIC: seeded teaching dataset; not observed market data,2026-09-01T00:00:00+00:00
2026-01-06,EQ_US,192.47016514829613,log,SYNTHETIC: seeded teaching dataset; not observed market data,2026-09-01T00:00:00+00:00
2026-01-07,EQ_US,189.55589592238366,log,SYNTHETIC: seeded teaching dataset; not observed market data,2026-09-01T00:00:00+00:00
2026-01-08,EQ_US,192.6962362556566,log,SYNTHETIC: seeded teaching dataset; not observed market data,2026-09-01T00:00:00+00:00
2026-01-09,EQ_US,192.49563137226806,log,SYNTHETIC: seeded teaching dataset; not observed market data,2026-09-01T00:00:00+00:00
2026-01-12,EQ_US,187.550989922992,log,SYNTHETIC: seeded teaching dataset; not observed market data,2026-09-01T00:00:00+00:00
2026-01-13,EQ_US,184.87782756458358,log,SYNTHETIC: seeded teaching dataset; not observed market data,2026-09-01T00:00:00+00:00
2026-01-14,EQ_US,187.07807493550814,log,SYNTHETIC: seeded teaching dataset; not observed market data,2026-09-01T00:00:00+00:00
2026-01-15,EQ_US,189.30985122839002,log,SYNTHETIC: seeded teaching dataset; not observed market data,2026-09-01T00:00:00+00:00
2026-01-16,EQ_US,188.43601933464748,log,SYNTHETIC: seeded teaching dataset; not observed market data,2026-09-01T00:00:00+00:00
2026-01-19,EQ_US,188.29505790911466,log,SYNTHETIC: seeded teaching dataset; not observed market data,2026-09-01T00:00:00+00:00
2026-01-20,EQ_US,185.9339429244384,log,SYNTHETIC: seeded teaching dataset; not observed market data,2026-09-01T00:00:00+00:00
2026-01-21,EQ_US,183.3075101594562,log,SYNTHETIC: seeded teaching dataset; not observed market data,2026-09-01T00:00:00+00:00
2026-01-22,EQ_US,185.30294285167793,log,SYNTHETIC: seeded teaching dataset; not observed market data,2026-09-01T00:00:00+00:00
2026-01-23,EQ_US,185.39569632944304,log,SYNTHETIC: seeded teaching dataset; not observed market data,2026-09-01T00:00:00+00:00
2026-01-26,EQ_US,190.19268953986472,log,SYNTHETIC: seeded teaching dataset; not observed market data,2026-09-01T00:00:00+00:00
2026-01-27,EQ_US,188.50879498790513,log,SYNTHETIC: seeded teaching dataset; not observed market data,2026-09-01T00:00:00+00:00
2026-01-28,EQ_US,187.16586094885028,log,SYNTHETIC: seeded teaching dataset; not observed market data,2026-09-01T00:00:00+00:00
2026-01-29,EQ_US,185.43340088683533,log,SYNTHETIC: seeded teaching dataset; not observed market data,2026-09-01T00:00:00+00:00
2026-01-30,EQ_US,185.3379537758278,log,SYNTHETIC: seeded teaching dataset; not observed market data,2026-09-01T00:00:00+00:00
2026-02-02,EQ_US,184.2029861727834,log,SYNTHETIC: seeded teaching dataset; not observed market data,2026-09-01T00:00:00+00:00
2026-02-03,EQ_US,189.03538926562786,log,SYNTHETIC: seeded teaching dataset; not observed market data,2026-09-01T00:00:00+00:00
2026-02-04,EQ_US,193.0640895404344,log,SYNTHETIC: seeded teaching dataset; not observed market data,2026-09-01T00:00:00+00:00
2026-02-05,EQ_US,194.65398364813592,log,SYNTHETIC: seeded teaching dataset; not observed market data,2026-09-01T00:00:00+00:00
2026-02-06,EQ_US,192.43835812917794,log,SYNTHETIC: seeded teaching dataset; not observed market data,2026-09-01T00:00:00+00:00
2026-02-09,EQ_US,193.0764726493417,log,SYNTHETIC: seeded teaching dataset; not observed market data,2026-09-01T00:00:00+00:00
2026-02-10,EQ_US,188.93343562593122,log,SYNTHETIC: seeded teaching dataset; not observed market data,2026-09-01T00:00:00+00:00
2026-02-11,EQ_US,194.2250734871247,log,SYNTHETIC: seeded teaching dataset; not observed market data,2026-09-01T00:00:00+00:00
2026-02-12,EQ_US,193.84103861042135,log,SYNTHETIC: seeded teaching dataset; not observed market data,2026-09-01T00:00:00+00:00
2026-02-13,EQ_US,193.4931097611373,log,SYNTHETIC: seeded teaching dataset; not observed market data,2026-09-01T00:00:00+00:00
2026-02-16,EQ_US,194.395985626091,log,SYNTHETIC: seeded teaching dataset; not observed market data,2026-09-01T00:00:00+00:00
2026-02-17,EQ_US,198.52367066531968,log,SYNTHETIC: seeded teaching dataset; not observed market data,2026-09-01T00:00:00+00:00
2026-02-18,EQ_US,198.98806695190692,log,SYNTHETIC: seeded teaching dataset; not observed market data,2026-09-01T00:00:00+00:00
2026-02-19,EQ_US,198.12519856685304,log,SYNTHETIC: seeded teaching dataset; not observed market data,2026-09-01T00:00:00+00:00
2026-02-20,EQ_US,198.42762118582664,log,SYNTHETIC: seeded teaching dataset; not observed market data,2026-09-01T00:00:00+00:00
2026-02-23,EQ_US,196.9881142658894,log,SYNTHETIC: seeded teaching dataset; not observed market data,2026-09-01T00:00:00+00:00
2026-02-24,EQ_US,198.2086356829318,log,SYNTHETIC: seeded teaching dataset; not observed market data,2026-09-01T00:00:00+00:00
2026-02-25,EQ_US,199.0225598013841,log,SYNTHETIC: seeded teaching dataset; not observed market data,2026-09-01T00:00:00+00:00
2026-02-26,EQ_US,197.73963830995555,log,SYNTHETIC: seeded teaching dataset; not observed market data,2026-09-01T00:00:00+00:00
2026-02-27,EQ_US,197.64004055104328,log,SYNTHETIC: seeded teaching dataset; not observed market data,2026-09-01T00:00:00+00:00
2026-03-02,EQ_US,197.7193497723902,log,SYNTHETIC: seeded teaching dataset; not observed market data,2026-09-01T00:00:00+00:00
2026-03-03,EQ_US,196.88253887959627,log,SYNTHETIC: seeded teaching dataset; not observed market data,2026-09-01T00:00:00+00:00
2026-03-04,EQ_US,202.71187758786925,log,SYNTHETIC: seeded teaching dataset; not observed market data,2026-09-01T00:00:00+00:00
2026-03-05,EQ_US,200.63989902500086,log,SYNTHETIC: seeded teaching dataset; not observed market data,2026-09-01T00:00:00+00:00
2026-03-06,EQ_US,200.28424529513532,log,SYNTHETIC: seeded teaching dataset; not observed market data,2026-09-01T00:00:00+00:00
2026-03-09,EQ_US,200.33129662345178,log,SYNTHETIC: seeded teaching dataset; not observed market data,2026-09-01T00:00:00+00:00
2026-03-10,EQ_US,199.3417640864164,log,SYNTHETIC: seeded teaching dataset; not observed market data,2026-09-01T00:00:00+00:00
2026-03-11,EQ_US,204.349530983791,log,SYNTHETIC: seeded teaching dataset; not observed market data,2026-09-01T00:00:00+00:00
2026-03-12,EQ_US,209.36616268184312,log,SYNTHETIC: seeded teaching dataset; not observed market data,2026-09-01T00:00:00+00:00
2026-03-13,EQ_US,209.38681374683108,log,SYNTHETIC: seeded teaching dataset; not observed market data,2026-09-01T00:00:00+00:00
2026-03-16,EQ_US,210.26819353387592,log,SYNTHETIC: seeded teaching dataset; not observed market data,2026-09-01T00:00:00+00:00
2026-03-17,EQ_US,210.797349082407,log,SYNTHETIC: seeded teaching dataset; not observed market data,2026-09-01T00:00:00+00:00
2026-03-18,EQ_US,208.9254253553423,log,SYNTHETIC: seeded teaching dataset; not observed market data,2026-09-01T00:00:00+00:00
2026-03-19,EQ_US,212.18637124715093,log,SYNTHETIC: seeded teaching dataset; not observed market data,2026-09-01T00:00:00+00:00
2026-03-20,EQ_US,207.25623263970726,log,SYNTHETIC: seeded teaching dataset; not observed market data,2026-09-01T00:00:00+00:00
2026-03-23,EQ_US,206.1900635684645,log,SYNTHETIC: seeded teaching dataset; not observed market data,2026-09-01T00:00:00+00:00
2026-03-24,EQ_US,210.69284508702214,log,SYNTHETIC: seeded teaching dataset; not observed market data,2026-09-01T00:00:00+00:00
2026-03-25,EQ_US,211.31171665274132,log,SYNTHETIC: seeded teaching dataset; not observed market data,2026-09-01T00:00:00+00:00
2026-03-26,EQ_US,206.44850493140913,log,SYNTHETIC: seeded teaching dataset; not observed market data,2026-09-01T00:00:00+00:00
2026-03-27,EQ_US,206.21853181056508,log,SYNTHETIC: seeded teaching dataset; not observed market data,2026-09-01T00:00:00+00:00
2026-03-30,EQ_US,206.44634017962593,log,SYNTHETIC: seeded teaching dataset; not observed market data,2026-09-01T00:00:00+00:00
2026-03-31,EQ_US,210.08606133887486,log,SYNTHETIC: seeded teaching dataset; not observed market data,2026-09-01T00:00:00+00:00
2026-04-01,EQ_US,207.58921597948552,log,SYNTHETIC: seeded teaching dataset; not observed market data,2026-09-01T00:00:00+00:00
2026-04-02,EQ_US,206.9030684496379,log,SYNTHETIC: seeded teaching dataset; not observed market data,2026-09-01T00:00:00+00:00
2026-04-03,EQ_US,208.7707822538309,log,SYNTHETIC: seeded teaching dataset; not observed market data,2026-09-01T00:00:00+00:00
2026-04-06,EQ_US,203.3962198993536,log,SYNTHETIC: seeded teaching dataset; not observed market data,2026-09-01T00:00:00+00:00
2026-04-07,EQ_US,204.82391604764723,log,SYNTHETIC: seeded teaching dataset; not observed market data,2026-09-01T00:00:00+00:00
2026-04-08,EQ_US,208.4937373736106,log,SYNTHETIC: seeded teaching dataset; not observed market data,2026-09-01T00:00:00+00:00
2026-04-09,EQ_US,210.21399319318706,log,SYNTHETIC: seeded teaching dataset; not observed market data,2026-09-01T00:00:00+00:00
2026-04-10,EQ_US,214.39152282312745,log,SYNTHETIC: seeded teaching dataset; not observed market data,2026-09-01T00:00:00+00:00
2026-04-13,EQ_US,211.538787192694,log,SYNTHETIC: seeded teaching dataset; not observed market data,2026-09-01T00:00:00+00:00
2026-04-14,EQ_US,215.33524994206988,log,SYNTHETIC: seeded teaching dataset; not observed market data,2026-09-01T00:00:00+00:00
2026-04-15,EQ_US,216.72662015514362,log,SYNTHETIC: seeded teaching dataset; not observed market data,2026-09-01T00:00:00+00:00
2026-04-16,EQ_US,213.86566358454823,log,SYNTHETIC: seeded teaching dataset; not observed market data,2026-09-01T00:00:00+00:00
2026-04-17,EQ_US,217.90298261500865,log,SYNTHETIC: seeded teaching dataset; not observed market data,2026-09-01T00:00:00+00:00
2026-04-20,EQ_US,224.9358984360974,log,SYNTHETIC: seeded teaching dataset; not observed market data,2026-09-01T00:00:00+00:00
2026-04-21,EQ_US,222.75037589993724,log,SYNTHETIC: seeded teaching dataset; not observed market data,2026-09-01T00:00:00+00:00
2026-04-22,EQ_US,224.40092393477602,log,SYNTHETIC: seeded teaching dataset; not observed market data,2026-09-01T00:00:00+00:00
2026-04-23,EQ_US,222.6193378017634,log,SYNTHETIC: seeded teaching dataset; not observed market data,2026-09-01T00:00:00+00:00
2026-04-24,EQ_US,223.39669397704978,log,SYNTHETIC: seeded teaching dataset; not observed market data,2026-09-01T00:00:00+00:00
2026-04-27,EQ_US,220.80111115656368,log,SYNTHETIC: seeded teaching dataset; not observed market data,2026-09-01T00:00:00+00:00
2026-04-28,EQ_US,216.49767235921985,log,SYNTHETIC: seeded teaching dataset; not observed market data,2026-09-01T00:00:00+00:00
2026-04-29,EQ_US,212.97785819965998,log,SYNTHETIC: seeded teaching dataset; not observed market data,2026-09-01T00:00:00+00:00
2026-04-30,EQ_US,213.17440867608715,log,SYNTHETIC: seeded teaching dataset; not observed market data,2026-09-01T00:00:00+00:00
2026-05-01,EQ_US,209.04139590856167,log,SYNTHETIC: seeded teaching dataset; not observed market data,2026-09-01T00:00:00+00:00
2026-05-04,EQ_US,205.0966391269322,log,SYNTHETIC: seeded teaching dataset; not observed market data,2026-09-01T00:00:00+00:00
2026-05-05,EQ_US,204.42507725120632,log,SYNTHETIC: seeded teaching dataset; not observed market data,2026-09-01T00:00:00+00:00
2026-05-06,EQ_US,200.83504362486795,log,SYNTHETIC: seeded teaching dataset; not observed market data,2026-09-01T00:00:00+00:00
2026-05-07,EQ_US,205.4265497990894,log,SYNTHETIC: seeded teaching dataset; not observed market data,2026-09-01T00:00:00+00:00
2026-05-08,EQ_US,202.4189713178583,log,SYNTHETIC: seeded teaching dataset; not observed market data,2026-09-01T00:00:00+00:00
2026-05-11,EQ_US,198.56994347930754,log,SYNTHETIC: seeded teaching dataset; not observed market data,2026-09-01T00:00:00+00:00
2026-05-12,EQ_US,197.9839253591314,log,SYNTHETIC: seeded teaching dataset; not observed market data,2026-09-01T00:00:00+00:00
2026-05-13,EQ_US,198.02263339315988,log,SYNTHETIC: seeded teaching dataset; not observed market data,2026-09-01T00:00:00+00:00
2026-05-14,EQ_US,198.07110512556284,log,SYNTHETIC: seeded teaching dataset; not observed market data,2026-09-01T00:00:00+00:00
2026-05-15,EQ_US,200.91075214873052,log,SYNTHETIC: seeded teaching dataset; not observed market data,2026-09-01T00:00:00+00:00
2026-05-18,EQ_US,208.28818980957124,log,SYNTHETIC: seeded teaching dataset; not observed market data,2026-09-01T00:00:00+00:00
2026-05-19,EQ_US,205.16543348934368,log,SYNTHETIC: seeded teaching dataset; not observed market data,2026-09-01T00:00:00+00:00
2026-05-20,EQ_US,210.78191826228374,log,SYNTHETIC: seeded teaching dataset; not observed market data,2026-09-01T00:00:00+00:00
2026-05-21,EQ_US,220.06790176458162,log,SYNTHETIC: seeded teaching dataset; not observed market data,2026-09-01T00:00:00+00:00
2026-05-22,EQ_US,221.08690101827662,log,SYNTHETIC: seeded teaching dataset; not observed market data,2026-09-01T00:00:00+00:00
2026-05-25,EQ_US,214.71603373440897,log,SYNTHETIC: seeded teaching dataset; not observed market data,2026-09-01T00:00:00+00:00
2026-05-26,EQ_US,217.32656721319796,log,SYNTHETIC: seeded teaching dataset; not observed market data,2026-09-01T00:00:00+00:00
2026-05-27,EQ_US,219.57354530445483,log,SYNTHETIC: seeded teaching dataset; not observed market data,2026-09-01T00:00:00+00:00
2026-05-28,EQ_US,223.3896526522852,log,SYNTHETIC: seeded teaching dataset; not observed market data,2026-09-01T00:00:00+00:00
2026-05-29,EQ_US,224.4341915719452,log,SYNTHETIC: seeded teaching dataset; not observed market data,2026-09-01T00:00:00+00:00
2026-06-01,EQ_US,220.78563049992363,log,SYNTHETIC: seeded teaching dataset; not observed market data,2026-09-01T00:00:00+00:00
2026-06-02,EQ_US,222.10175379297104,log,SYNTHETIC: seeded teaching dataset; not observed market data,2026-09-01T00:00:00+00:00
2026-06-03,EQ_US,226.4197074170507,log,SYNTHETIC: seeded teaching dataset; not observed market data,2026-09-01T00:00:00+00:00
2026-06-04,EQ_US,232.58067444942532,log,SYNTHETIC: seeded teaching dataset; not observed market data,2026-09-01T00:00:00+00:00
2026-06-05,EQ_US,234.47338328337625,log,SYNTHETIC: seeded teaching dataset; not observed market data,2026-09-01T00:00:00+00:00
2026-06-08,EQ_US,232.50012324386364,log,SYNTHETIC: seeded teaching dataset; not observed market data,2026-09-01T00:00:00+00:00
2026-06-09,EQ_US,234.91314780055637,log,SYNTHETIC: seeded teaching dataset; not observed market data,2026-09-01T00:00:00+00:00
2026-06-10,EQ_US,235.4768475795681,log,SYNTHETIC: seeded teaching dataset; not observed market data,2026-09-01T00:00:00+00:00
2026-06-11,EQ_US,231.54709603825393,log,SYNTHETIC: seeded teaching dataset; not observed market data,2026-09-01T00:00:00+00:00
2026-06-12,EQ_US,230.6521888533387,log,SYNTHETIC: seeded teaching dataset; not observed market data,2026-09-01T00:00:00+00:00
2026-06-15,EQ_US,224.90525278497452,log,SYNTHETIC: seeded teaching dataset; not observed market data,2026-09-01T00:00:00+00:00
2026-06-16,EQ_US,227.7775788946729,log,SYNTHETIC: seeded teaching dataset; not observed market data,2026-09-01T00:00:00+00:00
2026-06-17,EQ_US,222.96461074582544,log,SYNTHETIC: seeded teaching dataset; not observed market data,2026-09-01T00:00:00+00:00
2026-06-18,EQ_US,222.70857144261848,log,SYNTHETIC: seeded teaching dataset; not observed market data,2026-09-01T00:00:00+00:00
2026-06-19,EQ_US,222.8848713322402,log,SYNTHETIC: seeded teaching dataset; not observed market data,2026-09-01T00:00:00+00:00
2026-06-22,EQ_US,218.99124839347326,log,SYNTHETIC: seeded teaching dataset; not observed market data,2026-09-01T00:00:00+00:00
2026-06-23,EQ_US,220.07082997712985,log,SYNTHETIC: seeded teaching dataset; not observed market data,2026-09-01T00:00:00+00:00
2026-06-24,EQ_US,215.08884376873982,log,SYNTHETIC: seeded teaching dataset; not observed market data,2026-09-01T00:00:00+00:00
2026-06-25,EQ_US,215.38272627068062,log,SYNTHETIC: seeded teaching dataset; not observed market data,2026-09-01T00:00:00+00:00
2026-06-26,EQ_US,221.23486144405868,log,SYNTHETIC: seeded teaching dataset; not observed market data,2026-09-01T00:00:00+00:00
2026-06-29,EQ_US,217.70143539058492,log,SYNTHETIC: seeded teaching dataset; not observed market data,2026-09-01T00:00:00+00:00
2026-06-30,EQ_US,223.2002871091947,log,SYNTHETIC: seeded teaching dataset; not observed market data,2026-09-01T00:00:00+00:00
2026-07-01,EQ_US,220.10183168655706,log,SYNTHETIC: seeded teaching dataset; not observed market data,2026-09-01T00:00:00+00:00
2026-07-02,EQ_US,219.99131858307615,log,SYNTHETIC: seeded teaching dataset; not observed market data,2026-09-01T00:00:00+00:00
2026-07-03,EQ_US,222.83610662260577,log,SYNTHETIC: seeded teaching dataset; not observed market data,2026-09-01T00:00:00+00:00
2026-07-06,EQ_US,224.49433486028963,log,SYNTHETIC: seeded teaching dataset; not observed market data,2026-09-01T00:00:00+00:00
2026-07-07,EQ_US,226.9487303908547,log,SYNTHETIC: seeded teaching dataset; not observed market data,2026-09-01T00:00:00+00:00
2026-07-08,EQ_US,226.40137442850704,log,SYNTHETIC: seeded teaching dataset; not observed market data,2026-09-01T00:00:00+00:00
2026-07-09,EQ_US,225.134208299207,log,SYNTHETIC: seeded teaching dataset; not observed market data,2026-09-01T00:00:00+00:00
2026-07-10,EQ_US,224.59363665887935,log,SYNTHETIC: seeded teaching dataset; not observed market data,2026-09-01T00:00:00+00:00
2026-07-13,EQ_US,227.33415079675277,log,SYNTHETIC: seeded teaching dataset; not observed market data,2026-09-01T00:00:00+00:00
2026-07-14,EQ_US,230.83114517121496,log,SYNTHETIC: seeded teaching dataset; not observed market data,2026-09-01T00:00:00+00:00
2026-07-15,EQ_US,227.2780411983978,log,SYNTHETIC: seeded teaching dataset; not observed market data,2026-09-01T00:00:00+00:00
2026-07-16,EQ_US,228.67444625469088,log,SYNTHETIC: seeded teaching dataset; not observed market data,2026-09-01T00:00:00+00:00
2026-07-17,EQ_US,226.4216936188201,log,SYNTHETIC: seeded teaching dataset; not observed market data,2026-09-01T00:00:00+00:00
2026-07-20,EQ_US,226.09238533212888,log,SYNTHETIC: seeded teaching dataset; not observed market data,2026-09-01T00:00:00+00:00
2026-07-21,EQ_US,227.04614087326988,log,SYNTHETIC: seeded teaching dataset; not observed market data,2026-09-01T00:00:00+00:00
2026-07-22,EQ_US,226.24206798055013,log,SYNTHETIC: seeded teaching dataset; not observed market data,2026-09-01T00:00:00+00:00
2026-07-23,EQ_US,229.92307561768487,log,SYNTHETIC: seeded teaching dataset; not observed market data,2026-09-01T00:00:00+00:00
2026-07-24,EQ_US,233.73996868190636,log,SYNTHETIC: seeded teaching dataset; not observed market data,2026-09-01T00:00:00+00:00
2026-07-27,EQ_US,233.35621831859257,log,SYNTHETIC: seeded teaching dataset; not observed market data,2026-09-01T00:00:00+00:00
2026-07-28,EQ_US,231.54967276182512,log,SYNTHETIC: seeded teaching dataset; not observed market data,2026-09-01T00:00:00+00:00
2026-07-29,EQ_US,227.75484117960906,log,SYNTHETIC: seeded teaching dataset; not observed market data,2026-09-01T00:00:00+00:00
2026-07-30,EQ_US,231.7226347864347,log,SYNTHETIC: seeded teaching dataset; not observed market data,2026-09-01T00:00:00+00:00
2026-07-31,EQ_US,235.4783011856683,log,SYNTHETIC: seeded teaching dataset; not observed market data,2026-09-01T00:00:00+00:00
2026-08-03,EQ_US,245.79972260666455,log,SYNTHETIC: seeded teaching dataset; not observed market data,2026-09-01T00:00:00+00:00
2026-08-04,EQ_US,244.73116976369502,log,SYNTHETIC: seeded teaching dataset; not observed market data,2026-09-01T00:00:00+00:00
2026-08-05,EQ_US,249.17524627546624,log,SYNTHETIC: seeded teaching dataset; not observed market data,2026-09-01T00:00:00+00:00
2026-08-06,EQ_US,248.62677336997112,log,SYNTHETIC: seeded teaching dataset; not observed market data,2026-09-01T00:00:00+00:00
2026-08-07,EQ_US,247.37333465803766,log,SYNTHETIC: seeded teaching dataset; not observed market data,2026-09-01T00:00:00+00:00
2026-08-10,EQ_US,248.20193938850477,log,SYNTHETIC: seeded teaching dataset; not observed market data,2026-09-01T00:00:00+00:00
2026-08-11,EQ_US,254.34159248723182,log,SYNTHETIC: seeded teaching dataset; not observed market data,2026-09-01T00:00:00+00:00
2026-08-12,EQ_US,257.79319781736433,log,SYNTHETIC: seeded teaching dataset; not observed market data,2026-09-01T00:00:00+00:00
2026-08-13,EQ_US,255.30586250589343,log,SYNTHETIC: seeded teaching dataset; not observed market data,2026-09-01T00:00:00+00:00
2026-08-14,EQ_US,257.0924615313684,log,SYNTHETIC: seeded teaching dataset; not observed market data,2026-09-01T00:00:00+00:00
2026-08-17,EQ_US,253.7132772100031,log,SYNTHETIC: seeded teaching dataset; not observed market data,2026-09-01T00:00:00+00:00
2026-08-18,EQ_US,255.9953930975713,log,SYNTHETIC: seeded teaching dataset; not observed market data,2026-09-01T00:00:00+00:00
2026-08-19,EQ_US,258.08676736005305,log,SYNTHETIC: seeded teaching dataset; not observed market data,2026-09-01T00:00:00+00:00
2026-08-20,EQ_US,262.2552040680464,log,SYNTHETIC: seeded teaching dataset; not observed market data,2026-09-01T00:00:00+00:00
2026-08-21,EQ_US,263.03442711806713,log,SYNTHETIC: seeded teaching dataset; not observed market data,2026-09-01T00:00:00+00:00
2026-08-24,EQ_US,264.46512661987634,log,SYNTHETIC: seeded teaching dataset; not observed market data,2026-09-01T00:00:00+00:00
2026-08-25,EQ_US,256.2377769070262,log,SYNTHETIC: seeded teaching dataset; not observed market data,2026-09-01T00:00:00+00:00
2026-08-26,EQ_US,257.47125336710303,log,SYNTHETIC: seeded teaching dataset; not observed market data,2026-09-01T00:00:00+00:00
2026-08-27,EQ_US,256.46390601356876,log,SYNTHETIC: seeded teaching dataset; not observed market data,2026-09-01T00:00:00+00:00
2026-08-28,EQ_US,252.18731441343644,log,SYNTHETIC: seeded teaching dataset; not observed market data,2026-09-01T00:00:00+00:00
2026-08-31,EQ_US,250.0,log,SYNTHETIC: seeded teaching dataset; not observed market data,2026-09-01T00:00:00+00:00
2025-01-02,ETF_US,98.80738070468578,log,SYNTHETIC: seeded teaching dataset; not observed market data,2026-09-01T00:00:00+00:00
2025-01-03,ETF_US,98.18626867216972,log,SYNTHETIC: seeded teaching dataset; not observed market data,2026-09-01T00:00:00+00:00
2025-01-06,ETF_US,98.46398284256291,log,SYNTHETIC: seeded teaching dataset; not observed market data,2026-09-01T00:00:00+00:00
2025-01-07,ETF_US,98.06243921401058,log,SYNTHETIC: seeded teaching dataset; not observed market data,2026-09-01T00:00:00+00:00
2025-01-08,ETF_US,98.01136736730741,log,SYNTHETIC: seeded teaching dataset; not observed market data,2026-09-01T00:00:00+00:00
2025-01-09,ETF_US,98.233116664873,log,SYNTHETIC: seeded teaching dataset; not observed market data,2026-09-01T00:00:00+00:00
2025-01-10,ETF_US,97.9659357938005,log,SYNTHETIC: seeded teaching dataset; not observed market data,2026-09-01T00:00:00+00:00
2025-01-13,ETF_US,97.54117244111535,log,SYNTHETIC: seeded teaching dataset; not observed market data,2026-09-01T00:00:00+00:00
2025-01-14,ETF_US,97.97620888110812,log,SYNTHETIC: seeded teaching dataset; not observed market data,2026-09-01T00:00:00+00:00
2025-01-15,ETF_US,97.39283789378533,log,SYNTHETIC: seeded teaching dataset; not observed market data,2026-09-01T00:00:00+00:00
2025-01-16,ETF_US,97.79573445887299,log,SYNTHETIC: seeded teaching dataset; not observed market data,2026-09-01T00:00:00+00:00
2025-01-17,ETF_US,97.87234738878627,log,SYNTHETIC: seeded teaching dataset; not observed market data,2026-09-01T00:00:00+00:00
2025-01-20,ETF_US,97.54014780943167,log,SYNTHETIC: seeded teaching dataset; not observed market data,2026-09-01T00:00:00+00:00
2025-01-21,ETF_US,97.34138261788836,log,SYNTHETIC: seeded teaching dataset; not observed market data,2026-09-01T00:00:00+00:00
2025-01-22,ETF_US,97.32120261908636,log,SYNTHETIC: seeded teaching dataset; not observed market data,2026-09-01T00:00:00+00:00
2025-01-23,ETF_US,97.0331175364917,log,SYNTHETIC: seeded teaching dataset; not observed market data,2026-09-01T00:00:00+00:00
2025-01-24,ETF_US,96.57723235231926,log,SYNTHETIC: seeded teaching dataset; not observed market data,2026-09-01T00:00:00+00:00
2025-01-27,ETF_US,96.47778490995321,log,SYNTHETIC: seeded teaching dataset; not observed market data,2026-09-01T00:00:00+00:00
2025-01-28,ETF_US,96.54278046719915,log,SYNTHETIC: seeded teaching dataset; not observed market data,2026-09-01T00:00:00+00:00
2025-01-29,ETF_US,96.20662829359325,log,SYNTHETIC: seeded teaching dataset; not observed market data,2026-09-01T00:00:00+00:00
2025-01-30,ETF_US,96.15960853176298,log,SYNTHETIC: seeded teaching dataset; not observed market data,2026-09-01T00:00:00+00:00
2025-01-31,ETF_US,96.40023032698092,log,SYNTHETIC: seeded teaching dataset; not observed market data,2026-09-01T00:00:00+00:00
2025-02-03,ETF_US,96.69703370251308,log,SYNTHETIC: seeded teaching dataset; not observed market data,2026-09-01T00:00:00+00:00
2025-02-04,ETF_US,96.28295145825038,log,SYNTHETIC: seeded teaching dataset; not observed market data,2026-09-01T00:00:00+00:00
2025-02-05,ETF_US,97.1056653797443,log,SYNTHETIC: seeded teaching dataset; not observed market data,2026-09-01T00:00:00+00:00
2025-02-06,ETF_US,96.3054778373324,log,SYNTHETIC: seeded teaching dataset; not observed market data,2026-09-01T00:00:00+00:00
2025-02-07,ETF_US,96.08751913869854,log,SYNTHETIC: seeded teaching dataset; not observed market data,2026-09-01T00:00:00+00:00
2025-02-10,ETF_US,95.96888462096564,log,SYNTHETIC: seeded teaching dataset; not observed market data,2026-09-01T00:00:00+00:00
2025-02-11,ETF_US,95.21908993385004,log,SYNTHETIC: seeded teaching dataset; not observed market data,2026-09-01T00:00:00+00:00
2025-02-12,ETF_US,95.18998832569683,log,SYNTHETIC: seeded teaching dataset; not observed market data,2026-09-01T00:00:00+00:00
2025-02-13,ETF_US,95.24769645781517,log,SYNTHETIC: seeded teaching dataset; not observed market data,2026-09-01T00:00:00+00:00
2025-02-14,ETF_US,94.64550523205408,log,SYNTHETIC: seeded teaching dataset; not observed market data,2026-09-01T00:00:00+00:00
2025-02-17,ETF_US,94.73960653882969,log,SYNTHETIC: seeded teaching dataset; not observed market data,2026-09-01T00:00:00+00:00
2025-02-18,ETF_US,95.36413801979927,log,SYNTHETIC: seeded teaching dataset; not observed market data,2026-09-01T00:00:00+00:00
2025-02-19,ETF_US,95.78241508399807,log,SYNTHETIC: seeded teaching dataset; not observed market data,2026-09-01T00:00:00+00:00
2025-02-20,ETF_US,95.45478625786261,log,SYNTHETIC: seeded teaching dataset; not observed market data,2026-09-01T00:00:00+00:00
2025-02-21,ETF_US,95.23465999705351,log,SYNTHETIC: seeded teaching dataset; not observed market data,2026-09-01T00:00:00+00:00
2025-02-24,ETF_US,95.67658825562225,log,SYNTHETIC: seeded teaching dataset; not observed market data,2026-09-01T00:00:00+00:00
2025-02-25,ETF_US,95.66700937184302,log,SYNTHETIC: seeded teaching dataset; not observed market data,2026-09-01T00:00:00+00:00
2025-02-26,ETF_US,95.68614442953591,log,SYNTHETIC: seeded teaching dataset; not observed market data,2026-09-01T00:00:00+00:00
2025-02-27,ETF_US,95.7772363284061,log,SYNTHETIC: seeded teaching dataset; not observed market data,2026-09-01T00:00:00+00:00
2025-02-28,ETF_US,95.09800719497065,log,SYNTHETIC: seeded teaching dataset; not observed market data,2026-09-01T00:00:00+00:00
2025-03-03,ETF_US,95.56998525932458,log,SYNTHETIC: seeded teaching dataset; not observed market data,2026-09-01T00:00:00+00:00
2025-03-04,ETF_US,95.8620912302322,log,SYNTHETIC: seeded teaching dataset; not observed market data,2026-09-01T00:00:00+00:00
2025-03-05,ETF_US,95.90168760628467,log,SYNTHETIC: seeded teaching dataset; not observed market data,2026-09-01T00:00:00+00:00
2025-03-06,ETF_US,95.83260097178736,log,SYNTHETIC: seeded teaching dataset; not observed market data,2026-09-01T00:00:00+00:00
2025-03-07,ETF_US,95.90717934707075,log,SYNTHETIC: seeded teaching dataset; not observed market data,2026-09-01T00:00:00+00:00
2025-03-10,ETF_US,96.04522511990993,log,SYNTHETIC: seeded teaching dataset; not observed market data,2026-09-01T00:00:00+00:00
2025-03-11,ETF_US,95.87559130973698,log,SYNTHETIC: seeded teaching dataset; not observed market data,2026-09-01T00:00:00+00:00
2025-03-12,ETF_US,95.87434032727086,log,SYNTHETIC: seeded teaching dataset; not observed market data,2026-09-01T00:00:00+00:00
2025-03-13,ETF_US,95.37352745202577,log,SYNTHETIC: seeded teaching dataset; not observed market data,2026-09-01T00:00:00+00:00
2025-03-14,ETF_US,95.7110262372689,log,SYNTHETIC: seeded teaching dataset; not observed market data,2026-09-01T00:00:00+00:00
2025-03-17,ETF_US,94.87562561287612,log,SYNTHETIC: seeded teaching dataset; not observed market data,2026-09-01T00:00:00+00:00
2025-03-18,ETF_US,94.63416356408787,log,SYNTHETIC: seeded teaching dataset; not observed market data,2026-09-01T00:00:00+00:00
2025-03-19,ETF_US,94.94824717928181,log,SYNTHETIC: seeded teaching dataset; not observed market data,2026-09-01T00:00:00+00:00
2025-03-20,ETF_US,94.69096041793081,log,SYNTHETIC: seeded teaching dataset; not observed market data,2026-09-01T00:00:00+00:00
2025-03-21,ETF_US,95.11124636287786,log,SYNTHETIC: seeded teaching dataset; not observed market data,2026-09-01T00:00:00+00:00
2025-03-24,ETF_US,95.07527117605807,log,SYNTHETIC: seeded teaching dataset; not observed market data,2026-09-01T00:00:00+00:00
2025-03-25,ETF_US,94.7714565963152,log,SYNTHETIC: seeded teaching dataset; not observed market data,2026-09-01T00:00:00+00:00
2025-03-26,ETF_US,95.00339120052936,log,SYNTHETIC: seeded teaching dataset; not observed market data,2026-09-01T00:00:00+00:00
2025-03-27,ETF_US,94.95601211560165,log,SYNTHETIC: seeded teaching dataset; not observed market data,2026-09-01T00:00:00+00:00
2025-03-28,ETF_US,95.2802417231845,log,SYNTHETIC: seeded teaching dataset; not observed market data,2026-09-01T00:00:00+00:00
2025-03-31,ETF_US,95.82931580013496,log,SYNTHETIC: seeded teaching dataset; not observed market data,2026-09-01T00:00:00+00:00
2025-04-01,ETF_US,96.14523253495888,log,SYNTHETIC: seeded teaching dataset; not observed market data,2026-09-01T00:00:00+00:00
2025-04-02,ETF_US,96.1896004443902,log,SYNTHETIC: seeded teaching dataset; not observed market data,2026-09-01T00:00:00+00:00
2025-04-03,ETF_US,95.48946015431392,log,SYNTHETIC: seeded teaching dataset; not observed market data,2026-09-01T00:00:00+00:00
2025-04-04,ETF_US,95.3236875866635,log,SYNTHETIC: seeded teaching dataset; not observed market data,2026-09-01T00:00:00+00:00
2025-04-07,ETF_US,95.59013349317249,log,SYNTHETIC: seeded teaching dataset; not observed market data,2026-09-01T00:00:00+00:00
2025-04-08,ETF_US,95.48394291119983,log,SYNTHETIC: seeded teaching dataset; not observed market data,2026-09-01T00:00:00+00:00
2025-04-09,ETF_US,95.58396865207064,log,SYNTHETIC: seeded teaching dataset; not observed market data,2026-09-01T00:00:00+00:00
2025-04-10,ETF_US,95.570998920716,log,SYNTHETIC: seeded teaching dataset; not observed market data,2026-09-01T00:00:00+00:00
2025-04-11,ETF_US,95.83134710153523,log,SYNTHETIC: seeded teaching dataset; not observed market data,2026-09-01T00:00:00+00:00
2025-04-14,ETF_US,95.79872818280495,log,SYNTHETIC: seeded teaching dataset; not observed market data,2026-09-01T00:00:00+00:00
2025-04-15,ETF_US,95.06149141229832,log,SYNTHETIC: seeded teaching dataset; not observed market data,2026-09-01T00:00:00+00:00
2025-04-16,ETF_US,95.03908263724128,log,SYNTHETIC: seeded teaching dataset; not observed market data,2026-09-01T00:00:00+00:00
2025-04-17,ETF_US,95.14623037884479,log,SYNTHETIC: seeded teaching dataset; not observed market data,2026-09-01T00:00:00+00:00
2025-04-18,ETF_US,94.82188156205105,log,SYNTHETIC: seeded teaching dataset; not observed market data,2026-09-01T00:00:00+00:00
2025-04-21,ETF_US,95.08610473124125,log,SYNTHETIC: seeded teaching dataset; not observed market data,2026-09-01T00:00:00+00:00
2025-04-22,ETF_US,94.92055341960086,log,SYNTHETIC: seeded teaching dataset; not observed market data,2026-09-01T00:00:00+00:00
2025-04-23,ETF_US,95.00286364256031,log,SYNTHETIC: seeded teaching dataset; not observed market data,2026-09-01T00:00:00+00:00
2025-04-24,ETF_US,95.29685200468788,log,SYNTHETIC: seeded teaching dataset; not observed market data,2026-09-01T00:00:00+00:00
2025-04-25,ETF_US,95.23036263709147,log,SYNTHETIC: seeded teaching dataset; not observed market data,2026-09-01T00:00:00+00:00
2025-04-28,ETF_US,94.99389690266142,log,SYNTHETIC: seeded teaching dataset; not observed market data,2026-09-01T00:00:00+00:00
2025-04-29,ETF_US,95.37476950713855,log,SYNTHETIC: seeded teaching dataset; not observed market data,2026-09-01T00:00:00+00:00
2025-04-30,ETF_US,95.27332753424552,log,SYNTHETIC: seeded teaching dataset; not observed market data,2026-09-01T00:00:00+00:00
2025-05-01,ETF_US,95.54037343674379,log,SYNTHETIC: seeded teaching dataset; not observed market data,2026-09-01T00:00:00+00:00
2025-05-02,ETF_US,95.63917502350374,log,SYNTHETIC: seeded teaching dataset; not observed market data,2026-09-01T00:00:00+00:00
2025-05-05,ETF_US,95.25759578047482,log,SYNTHETIC: seeded teaching dataset; not observed market data,2026-09-01T00:00:00+00:00
2025-05-06,ETF_US,95.18755457445181,log,SYNTHETIC: seeded teaching dataset; not observed market data,2026-09-01T00:00:00+00:00
2025-05-07,ETF_US,95.44293448128394,log,SYNTHETIC: seeded teaching dataset; not observed market data,2026-09-01T00:00:00+00:00
2025-05-08,ETF_US,94.98391141404201,log,SYNTHETIC: seeded teaching dataset; not observed market data,2026-09-01T00:00:00+00:00
2025-05-09,ETF_US,94.96156468434663,log,SYNTHETIC: seeded teaching dataset; not observed market data,2026-09-01T00:00:00+00:00
2025-05-12,ETF_US,94.80938711746451,log,SYNTHETIC: seeded teaching dataset; not observed market data,2026-09-01T00:00:00+00:00
2025-05-13,ETF_US,94.85374220370402,log,SYNTHETIC: seeded teaching dataset; not observed market data,2026-09-01T00:00:00+00:00
2025-05-14,ETF_US,94.71831946831212,log,SYNTHETIC: seeded teaching dataset; not observed market data,2026-09-01T00:00:00+00:00
2025-05-15,ETF_US,94.30972941343298,log,SYNTHETIC: seeded teaching dataset; not observed market data,2026-09-01T00:00:00+00:00
2025-05-16,ETF_US,93.67164393072616,log,SYNTHETIC: seeded teaching dataset; not observed market data,2026-09-01T00:00:00+00:00
2025-05-19,ETF_US,92.99032465793532,log,SYNTHETIC: seeded teaching dataset; not observed market data,2026-09-01T00:00:00+00:00
2025-05-20,ETF_US,92.57382630954913,log,SYNTHETIC: seeded teaching dataset; not observed market data,2026-09-01T00:00:00+00:00
2025-05-21,ETF_US,92.30542747800122,log,SYNTHETIC: seeded teaching dataset; not observed market data,2026-09-01T00:00:00+00:00
2025-05-22,ETF_US,92.52207846519504,log,SYNTHETIC: seeded teaching dataset; not observed market data,2026-09-01T00:00:00+00:00
2025-05-23,ETF_US,92.83303677028498,log,SYNTHETIC: seeded teaching dataset; not observed market data,2026-09-01T00:00:00+00:00
2025-05-26,ETF_US,93.19212798835602,log,SYNTHETIC: seeded teaching dataset; not observed market data,2026-09-01T00:00:00+00:00
2025-05-27,ETF_US,92.88904132012767,log,SYNTHETIC: seeded teaching dataset; not observed market data,2026-09-01T00:00:00+00:00
2025-05-28,ETF_US,92.23871506647673,log,SYNTHETIC: seeded teaching dataset; not observed market data,2026-09-01T00:00:00+00:00
2025-05-29,ETF_US,92.31150809955773,log,SYNTHETIC: seeded teaching dataset; not observed market data,2026-09-01T00:00:00+00:00
2025-05-30,ETF_US,92.85446081649282,log,SYNTHETIC: seeded teaching dataset; not observed market data,2026-09-01T00:00:00+00:00
2025-06-02,ETF_US,92.48274032606315,log,SYNTHETIC: seeded teaching dataset; not observed market data,2026-09-01T00:00:00+00:00
2025-06-03,ETF_US,92.39482263593337,log,SYNTHETIC: seeded teaching dataset; not observed market data,2026-09-01T00:00:00+00:00
2025-06-04,ETF_US,91.71552801488758,log,SYNTHETIC: seeded teaching dataset; not observed market data,2026-09-01T00:00:00+00:00
2025-06-05,ETF_US,91.48924052568121,log,SYNTHETIC: seeded teaching dataset; not observed market data,2026-09-01T00:00:00+00:00
2025-06-06,ETF_US,91.23267512346729,log,SYNTHETIC: seeded teaching dataset; not observed market data,2026-09-01T00:00:00+00:00
2025-06-09,ETF_US,91.53881552011919,log,SYNTHETIC: seeded teaching dataset; not observed market data,2026-09-01T00:00:00+00:00
2025-06-10,ETF_US,91.7072814288618,log,SYNTHETIC: seeded teaching dataset; not observed market data,2026-09-01T00:00:00+00:00
2025-06-11,ETF_US,92.17762482000899,log,SYNTHETIC: seeded teaching dataset; not observed market data,2026-09-01T00:00:00+00:00
2025-06-12,ETF_US,92.15195485112551,log,SYNTHETIC: seeded teaching dataset; not observed market data,2026-09-01T00:00:00+00:00
2025-06-13,ETF_US,92.133348473942,log,SYNTHETIC: seeded teaching dataset; not observed market data,2026-09-01T00:00:00+00:00
2025-06-16,ETF_US,92.33336693993701,log,SYNTHETIC: seeded teaching dataset; not observed market data,2026-09-01T00:00:00+00:00
2025-06-17,ETF_US,92.64174611409682,log,SYNTHETIC: seeded teaching dataset; not observed market data,2026-09-01T00:00:00+00:00
2025-06-18,ETF_US,92.47223868732375,log,SYNTHETIC: seeded teaching dataset; not observed market data,2026-09-01T00:00:00+00:00
2025-06-19,ETF_US,92.66978697459794,log,SYNTHETIC: seeded teaching dataset; not observed market data,2026-09-01T00:00:00+00:00
2025-06-20,ETF_US,92.53826081576743,log,SYNTHETIC: seeded teaching dataset; not observed market data,2026-09-01T00:00:00+00:00
2025-06-23,ETF_US,92.27931455117798,log,SYNTHETIC: seeded teaching dataset; not observed market data,2026-09-01T00:00:00+00:00
2025-06-24,ETF_US,91.95656753678858,log,SYNTHETIC: seeded teaching dataset; not observed market data,2026-09-01T00:00:00+00:00
2025-06-25,ETF_US,91.80118903033204,log,SYNTHETIC: seeded teaching dataset; not observed market data,2026-09-01T00:00:00+00:00
2025-06-26,ETF_US,92.33437455212105,log,SYNTHETIC: seeded teaching dataset; not observed market data,2026-09-01T00:00:00+00:00
2025-06-27,ETF_US,92.28755742626161,log,SYNTHETIC: seeded teaching dataset; not observed market data,2026-09-01T00:00:00+00:00
2025-06-30,ETF_US,92.35146570480978,log,SYNTHETIC: seeded teaching dataset; not observed market data,2026-09-01T00:00:00+00:00
2025-07-01,ETF_US,92.71876200432385,log,SYNTHETIC: seeded teaching dataset; not observed market data,2026-09-01T00:00:00+00:00
2025-07-02,ETF_US,92.0539268719682,log,SYNTHETIC: seeded teaching dataset; not observed market data,2026-09-01T00:00:00+00:00
2025-07-03,ETF_US,92.20738662404752,log,SYNTHETIC: seeded teaching dataset; not observed market data,2026-09-01T00:00:00+00:00
2025-07-04,ETF_US,92.20770919914558,log,SYNTHETIC: seeded teaching dataset; not observed market data,2026-09-01T00:00:00+00:00
2025-07-07,ETF_US,92.62260786663194,log,SYNTHETIC: seeded teaching dataset; not observed market data,2026-09-01T00:00:00+00:00
2025-07-08,ETF_US,92.76466062531071,log,SYNTHETIC: seeded teaching dataset; not observed market data,2026-09-01T00:00:00+00:00
2025-07-09,ETF_US,93.12584825917267,log,SYNTHETIC: seeded teaching dataset; not observed market data,2026-09-01T00:00:00+00:00
2025-07-10,ETF_US,93.33492411841529,log,SYNTHETIC: seeded teaching dataset; not observed market data,2026-09-01T00:00:00+00:00
2025-07-11,ETF_US,94.01036430786503,log,SYNTHETIC: seeded teaching dataset; not observed market data,2026-09-01T00:00:00+00:00
2025-07-14,ETF_US,93.36453080234912,log,SYNTHETIC: seeded teaching dataset; not observed market data,2026-09-01T00:00:00+00:00
2025-07-15,ETF_US,93.36158719922591,log,SYNTHETIC: seeded teaching dataset; not observed market data,2026-09-01T00:00:00+00:00
2025-07-16,ETF_US,93.6481852684783,log,SYNTHETIC: seeded teaching dataset; not observed market data,2026-09-01T00:00:00+00:00
2025-07-17,ETF_US,93.89147920505052,log,SYNTHETIC: seeded teaching dataset; not observed market data,2026-09-01T00:00:00+00:00
2025-07-18,ETF_US,93.90898966454523,log,SYNTHETIC: seeded teaching dataset; not observed market data,2026-09-01T00:00:00+00:00
2025-07-21,ETF_US,94.39636648436088,log,SYNTHETIC: seeded teaching dataset; not observed market data,2026-09-01T00:00:00+00:00
2025-07-22,ETF_US,94.83751439303185,log,SYNTHETIC: seeded teaching dataset; not observed market data,2026-09-01T00:00:00+00:00
2025-07-23,ETF_US,94.5002233357458,log,SYNTHETIC: seeded teaching dataset; not observed market data,2026-09-01T00:00:00+00:00
2025-07-24,ETF_US,94.28477819178539,log,SYNTHETIC: seeded teaching dataset; not observed market data,2026-09-01T00:00:00+00:00
2025-07-25,ETF_US,94.52508112055924,log,SYNTHETIC: seeded teaching dataset; not observed market data,2026-09-01T00:00:00+00:00
2025-07-28,ETF_US,94.19900793775038,log,SYNTHETIC: seeded teaching dataset; not observed market data,2026-09-01T00:00:00+00:00
2025-07-29,ETF_US,94.10780302682839,log,SYNTHETIC: seeded teaching dataset; not observed market data,2026-09-01T00:00:00+00:00
2025-07-30,ETF_US,93.32870405306082,log,SYNTHETIC: seeded teaching dataset; not observed market data,2026-09-01T00:00:00+00:00
2025-07-31,ETF_US,93.37290354922592,log,SYNTHETIC: seeded teaching dataset; not observed market data,2026-09-01T00:00:00+00:00
2025-08-01,ETF_US,93.45015085493772,log,SYNTHETIC: seeded teaching dataset; not observed market data,2026-09-01T00:00:00+00:00
2025-08-04,ETF_US,93.94110312684424,log,SYNTHETIC: seeded teaching dataset; not observed market data,2026-09-01T00:00:00+00:00
2025-08-05,ETF_US,93.92736179818297,log,SYNTHETIC: seeded teaching dataset; not observed market data,2026-09-01T00:00:00+00:00
2025-08-06,ETF_US,93.9104097435794,log,SYNTHETIC: seeded teaching dataset; not observed market data,2026-09-01T00:00:00+00:00
2025-08-07,ETF_US,93.30295797264463,log,SYNTHETIC: seeded teaching dataset; not observed market data,2026-09-01T00:00:00+00:00
2025-08-08,ETF_US,94.1019005569662,log,SYNTHETIC: seeded teaching dataset; not observed market data,2026-09-01T00:00:00+00:00
2025-08-11,ETF_US,94.25426603152079,log,SYNTHETIC: seeded teaching dataset; not observed market data,2026-09-01T00:00:00+00:00
2025-08-12,ETF_US,93.70699072001764,log,SYNTHETIC: seeded teaching dataset; not observed market data,2026-09-01T00:00:00+00:00
2025-08-13,ETF_US,93.45846421444307,log,SYNTHETIC: seeded teaching dataset; not observed market data,2026-09-01T00:00:00+00:00
2025-08-14,ETF_US,94.07645592839032,log,SYNTHETIC: seeded teaching dataset; not observed market data,2026-09-01T00:00:00+00:00
2025-08-15,ETF_US,93.46364801925472,log,SYNTHETIC: seeded teaching dataset; not observed market data,2026-09-01T00:00:00+00:00
2025-08-18,ETF_US,93.85675509323362,log,SYNTHETIC: seeded teaching dataset; not observed market data,2026-09-01T00:00:00+00:00
2025-08-19,ETF_US,93.67190856807247,log,SYNTHETIC: seeded teaching dataset; not observed market data,2026-09-01T00:00:00+00:00
2025-08-20,ETF_US,93.45069555609551,log,SYNTHETIC: seeded teaching dataset; not observed market data,2026-09-01T00:00:00+00:00
2025-08-21,ETF_US,93.39051224781748,log,SYNTHETIC: seeded teaching dataset; not observed market data,2026-09-01T00:00:00+00:00
2025-08-22,ETF_US,94.07010866700477,log,SYNTHETIC: seeded teaching dataset; not observed market data,2026-09-01T00:00:00+00:00
2025-08-25,ETF_US,93.70763709458835,log,SYNTHETIC: seeded teaching dataset; not observed market data,2026-09-01T00:00:00+00:00
2025-08-26,ETF_US,93.24977942293555,log,SYNTHETIC: seeded teaching dataset; not observed market data,2026-09-01T00:00:00+00:00
2025-08-27,ETF_US,92.63666523931428,log,SYNTHETIC: seeded teaching dataset; not observed market data,2026-09-01T00:00:00+00:00
2025-08-28,ETF_US,92.35187681567699,log,SYNTHETIC: seeded teaching dataset; not observed market data,2026-09-01T00:00:00+00:00
2025-08-29,ETF_US,91.83886175036498,log,SYNTHETIC: seeded teaching dataset; not observed market data,2026-09-01T00:00:00+00:00
2025-09-01,ETF_US,91.7313330953228,log,SYNTHETIC: seeded teaching dataset; not observed market data,2026-09-01T00:00:00+00:00
2025-09-02,ETF_US,91.9646229479022,log,SYNTHETIC: seeded teaching dataset; not observed market data,2026-09-01T00:00:00+00:00
2025-09-03,ETF_US,91.6219220568953,log,SYNTHETIC: seeded teaching dataset; not observed market data,2026-09-01T00:00:00+00:00
2025-09-04,ETF_US,91.58432783568972,log,SYNTHETIC: seeded teaching dataset; not observed market data,2026-09-01T00:00:00+00:00
2025-09-05,ETF_US,91.5191394592939,log,SYNTHETIC: seeded teaching dataset; not observed market data,2026-09-01T00:00:00+00:00
2025-09-08,ETF_US,90.76301694332483,log,SYNTHETIC: seeded teaching dataset; not observed market data,2026-09-01T00:00:00+00:00
2025-09-09,ETF_US,91.06822350198837,log,SYNTHETIC: seeded teaching dataset; not observed market data,2026-09-01T00:00:00+00:00
2025-09-10,ETF_US,90.92163157303575,log,SYNTHETIC: seeded teaching dataset; not observed market data,2026-09-01T00:00:00+00:00
2025-09-11,ETF_US,90.55661793215782,log,SYNTHETIC: seeded teaching dataset; not observed market data,2026-09-01T00:00:00+00:00
2025-09-12,ETF_US,91.09151354923134,log,SYNTHETIC: seeded teaching dataset; not observed market data,2026-09-01T00:00:00+00:00
2025-09-15,ETF_US,90.63223515706737,log,SYNTHETIC: seeded teaching dataset; not observed market data,2026-09-01T00:00:00+00:00
2025-09-16,ETF_US,90.64803477962732,log,SYNTHETIC: seeded teaching dataset; not observed market data,2026-09-01T00:00:00+00:00
2025-09-17,ETF_US,91.47907444660923,log,SYNTHETIC: seeded teaching dataset; not observed market data,2026-09-01T00:00:00+00:00
2025-09-18,ETF_US,91.48233131247271,log,SYNTHETIC: seeded teaching dataset; not observed market data,2026-09-01T00:00:00+00:00
2025-09-19,ETF_US,91.57261250637981,log,SYNTHETIC: seeded teaching dataset; not observed market data,2026-09-01T00:00:00+00:00
2025-09-22,ETF_US,91.13192045922352,log,SYNTHETIC: seeded teaching dataset; not observed market data,2026-09-01T00:00:00+00:00
2025-09-23,ETF_US,91.40944962241714,log,SYNTHETIC: seeded teaching dataset; not observed market data,2026-09-01T00:00:00+00:00
2025-09-24,ETF_US,91.06253369757513,log,SYNTHETIC: seeded teaching dataset; not observed market data,2026-09-01T00:00:00+00:00
2025-09-25,ETF_US,90.72424303850926,log,SYNTHETIC: seeded teaching dataset; not observed market data,2026-09-01T00:00:00+00:00
2025-09-26,ETF_US,90.22176026806041,log,SYNTHETIC: seeded teaching dataset; not observed market data,2026-09-01T00:00:00+00:00
2025-09-29,ETF_US,90.49081201054312,log,SYNTHETIC: seeded teaching dataset; not observed market data,2026-09-01T00:00:00+00:00
2025-09-30,ETF_US,91.12134868244769,log,SYNTHETIC: seeded teaching dataset; not observed market data,2026-09-01T00:00:00+00:00
2025-10-01,ETF_US,91.59872733820285,log,SYNTHETIC: seeded teaching dataset; not observed market data,2026-09-01T00:00:00+00:00
2025-10-02,ETF_US,91.58452294975534,log,SYNTHETIC: seeded teaching dataset; not observed market data,2026-09-01T00:00:00+00:00
2025-10-03,ETF_US,91.04607989842474,log,SYNTHETIC: seeded teaching dataset; not observed market data,2026-09-01T00:00:00+00:00
2025-10-06,ETF_US,91.31629710699251,log,SYNTHETIC: seeded teaching dataset; not observed market data,2026-09-01T00:00:00+00:00
2025-10-07,ETF_US,91.69590809464206,log,SYNTHETIC: seeded teaching dataset; not observed market data,2026-09-01T00:00:00+00:00
2025-10-08,ETF_US,91.52886731766343,log,SYNTHETIC: seeded teaching dataset; not observed market data,2026-09-01T00:00:00+00:00
2025-10-09,ETF_US,91.44898674220777,log,SYNTHETIC: seeded teaching dataset; not observed market data,2026-09-01T00:00:00+00:00
2025-10-10,ETF_US,91.13613648905121,log,SYNTHETIC: seeded teaching dataset; not observed market data,2026-09-01T00:00:00+00:00
2025-10-13,ETF_US,91.18936813534025,log,SYNTHETIC: seeded teaching dataset; not observed market data,2026-09-01T00:00:00+00:00
2025-10-14,ETF_US,90.93637722123589,log,SYNTHETIC: seeded teaching dataset; not observed market data,2026-09-01T00:00:00+00:00
2025-10-15,ETF_US,90.96301088952494,log,SYNTHETIC: seeded teaching dataset; not observed market data,2026-09-01T00:00:00+00:00
2025-10-16,ETF_US,90.92130097342361,log,SYNTHETIC: seeded teaching dataset; not observed market data,2026-09-01T00:00:00+00:00
2025-10-17,ETF_US,90.66945601846113,log,SYNTHETIC: seeded teaching dataset; not observed market data,2026-09-01T00:00:00+00:00
2025-10-20,ETF_US,90.49863999626768,log,SYNTHETIC: seeded teaching dataset; not observed market data,2026-09-01T00:00:00+00:00
2025-10-21,ETF_US,90.58122052836094,log,SYNTHETIC: seeded teaching dataset; not observed market data,2026-09-01T00:00:00+00:00
2025-10-22,ETF_US,90.16631774855983,log,SYNTHETIC: seeded teaching dataset; not observed market data,2026-09-01T00:00:00+00:00
2025-10-23,ETF_US,89.27830796429848,log,SYNTHETIC: seeded teaching dataset; not observed market data,2026-09-01T00:00:00+00:00
2025-10-24,ETF_US,89.63680650583387,log,SYNTHETIC: seeded teaching dataset; not observed market data,2026-09-01T00:00:00+00:00
2025-10-27,ETF_US,89.26342138609776,log,SYNTHETIC: seeded teaching dataset; not observed market data,2026-09-01T00:00:00+00:00
2025-10-28,ETF_US,89.18612780479411,log,SYNTHETIC: seeded teaching dataset; not observed market data,2026-09-01T00:00:00+00:00
2025-10-29,ETF_US,89.40641385339188,log,SYNTHETIC: seeded teaching dataset; not observed market data,2026-09-01T00:00:00+00:00
2025-10-30,ETF_US,89.60772571641168,log,SYNTHETIC: seeded teaching dataset; not observed market data,2026-09-01T00:00:00+00:00
2025-10-31,ETF_US,89.64226251134657,log,SYNTHETIC: seeded teaching dataset; not observed market data,2026-09-01T00:00:00+00:00
2025-11-03,ETF_US,89.85175779630478,log,SYNTHETIC: seeded teaching dataset; not observed market data,2026-09-01T00:00:00+00:00
2025-11-04,ETF_US,89.74453744941215,log,SYNTHETIC: seeded teaching dataset; not observed market data,2026-09-01T00:00:00+00:00
2025-11-05,ETF_US,90.09290320229812,log,SYNTHETIC: seeded teaching dataset; not observed market data,2026-09-01T00:00:00+00:00
2025-11-06,ETF_US,90.28533206620841,log,SYNTHETIC: seeded teaching dataset; not observed market data,2026-09-01T00:00:00+00:00
2025-11-07,ETF_US,90.16390054315724,log,SYNTHETIC: seeded teaching dataset; not observed market data,2026-09-01T00:00:00+00:00
2025-11-10,ETF_US,90.19624333973861,log,SYNTHETIC: seeded teaching dataset; not observed market data,2026-09-01T00:00:00+00:00
2025-11-11,ETF_US,89.81485296744506,log,SYNTHETIC: seeded teaching dataset; not observed market data,2026-09-01T00:00:00+00:00
2025-11-12,ETF_US,89.32230593609276,log,SYNTHETIC: seeded teaching dataset; not observed market data,2026-09-01T00:00:00+00:00
2025-11-13,ETF_US,89.0108897359847,log,SYNTHETIC: seeded teaching dataset; not observed market data,2026-09-01T00:00:00+00:00
2025-11-14,ETF_US,88.81824892551165,log,SYNTHETIC: seeded teaching dataset; not observed market data,2026-09-01T00:00:00+00:00
2025-11-17,ETF_US,89.17062756915684,log,SYNTHETIC: seeded teaching dataset; not observed market data,2026-09-01T00:00:00+00:00
2025-11-18,ETF_US,88.99966112346257,log,SYNTHETIC: seeded teaching dataset; not observed market data,2026-09-01T00:00:00+00:00
2025-11-19,ETF_US,88.94934287321466,log,SYNTHETIC: seeded teaching dataset; not observed market data,2026-09-01T00:00:00+00:00
2025-11-20,ETF_US,89.44897136735275,log,SYNTHETIC: seeded teaching dataset; not observed market data,2026-09-01T00:00:00+00:00
2025-11-21,ETF_US,89.87944382187472,log,SYNTHETIC: seeded teaching dataset; not observed market data,2026-09-01T00:00:00+00:00
2025-11-24,ETF_US,90.06685542152262,log,SYNTHETIC: seeded teaching dataset; not observed market data,2026-09-01T00:00:00+00:00
2025-11-25,ETF_US,89.76485257134394,log,SYNTHETIC: seeded teaching dataset; not observed market data,2026-09-01T00:00:00+00:00
2025-11-26,ETF_US,89.59664242299537,log,SYNTHETIC: seeded teaching dataset; not observed market data,2026-09-01T00:00:00+00:00
2025-11-27,ETF_US,89.3950217207969,log,SYNTHETIC: seeded teaching dataset; not observed market data,2026-09-01T00:00:00+00:00
2025-11-28,ETF_US,89.26176744419804,log,SYNTHETIC: seeded teaching dataset; not observed market data,2026-09-01T00:00:00+00:00
2025-12-01,ETF_US,89.20994185002948,log,SYNTHETIC: seeded teaching dataset; not observed market data,2026-09-01T00:00:00+00:00
2025-12-02,ETF_US,89.42009717089172,log,SYNTHETIC: seeded teaching dataset; not observed market data,2026-09-01T00:00:00+00:00
2025-12-03,ETF_US,89.91711392985233,log,SYNTHETIC: seeded teaching dataset; not observed market data,2026-09-01T00:00:00+00:00
2025-12-04,ETF_US,90.20606075859605,log,SYNTHETIC: seeded teaching dataset; not observed market data,2026-09-01T00:00:00+00:00
2025-12-05,ETF_US,89.75026124193663,log,SYNTHETIC: seeded teaching dataset; not observed market data,2026-09-01T00:00:00+00:00
2025-12-08,ETF_US,89.81981655235538,log,SYNTHETIC: seeded teaching dataset; not observed market data,2026-09-01T00:00:00+00:00
2025-12-09,ETF_US,89.37098870707968,log,SYNTHETIC: seeded teaching dataset; not observed market data,2026-09-01T00:00:00+00:00
2025-12-10,ETF_US,89.84437386675795,log,SYNTHETIC: seeded teaching dataset; not observed market data,2026-09-01T00:00:00+00:00
2025-12-11,ETF_US,89.74353749690339,log,SYNTHETIC: seeded teaching dataset; not observed market data,2026-09-01T00:00:00+00:00
2025-12-12,ETF_US,89.46104898955215,log,SYNTHETIC: seeded teaching dataset; not observed market data,2026-09-01T00:00:00+00:00
2025-12-15,ETF_US,89.73839799251994,log,SYNTHETIC: seeded teaching dataset; not observed market data,2026-09-01T00:00:00+00:00
2025-12-16,ETF_US,89.11902456960392,log,SYNTHETIC: seeded teaching dataset; not observed market data,2026-09-01T00:00:00+00:00
2025-12-17,ETF_US,89.46839933550382,log,SYNTHETIC: seeded teaching dataset; not observed market data,2026-09-01T00:00:00+00:00
2025-12-18,ETF_US,88.90681710520725,log,SYNTHETIC: seeded teaching dataset; not observed market data,2026-09-01T00:00:00+00:00
2025-12-19,ETF_US,88.56654650400311,log,SYNTHETIC: seeded teaching dataset; not observed market data,2026-09-01T00:00:00+00:00
2025-12-22,ETF_US,88.89240970452308,log,SYNTHETIC: seeded teaching dataset; not observed market data,2026-09-01T00:00:00+00:00
2025-12-23,ETF_US,88.20033821274839,log,SYNTHETIC: seeded teaching dataset; not observed market data,2026-09-01T00:00:00+00:00
2025-12-24,ETF_US,88.22247811708183,log,SYNTHETIC: seeded teaching dataset; not observed market data,2026-09-01T00:00:00+00:00
2025-12-25,ETF_US,88.26919169869073,log,SYNTHETIC: seeded teaching dataset; not observed market data,2026-09-01T00:00:00+00:00
2025-12-26,ETF_US,88.63646360867268,log,SYNTHETIC: seeded teaching dataset; not observed market data,2026-09-01T00:00:00+00:00
2025-12-29,ETF_US,88.24777102992834,log,SYNTHETIC: seeded teaching dataset; not observed market data,2026-09-01T00:00:00+00:00
2025-12-30,ETF_US,88.46932854394758,log,SYNTHETIC: seeded teaching dataset; not observed market data,2026-09-01T00:00:00+00:00
2025-12-31,ETF_US,88.76492366684688,log,SYNTHETIC: seeded teaching dataset; not observed market data,2026-09-01T00:00:00+00:00
2026-01-01,ETF_US,88.35684248303176,log,SYNTHETIC: seeded teaching dataset; not observed market data,2026-09-01T00:00:00+00:00
2026-01-02,ETF_US,88.36632268495072,log,SYNTHETIC: seeded teaching dataset; not observed market data,2026-09-01T00:00:00+00:00
2026-01-05,ETF_US,88.75582492982988,log,SYNTHETIC: seeded teaching dataset; not observed market data,2026-09-01T00:00:00+00:00
2026-01-06,ETF_US,87.88116285208078,log,SYNTHETIC: seeded teaching dataset; not observed market data,2026-09-01T00:00:00+00:00
2026-01-07,ETF_US,87.93368284351158,log,SYNTHETIC: seeded teaching dataset; not observed market data,2026-09-01T00:00:00+00:00
2026-01-08,ETF_US,88.3146749839795,log,SYNTHETIC: seeded teaching dataset; not observed market data,2026-09-01T00:00:00+00:00
2026-01-09,ETF_US,88.46321092657845,log,SYNTHETIC: seeded teaching dataset; not observed market data,2026-09-01T00:00:00+00:00
2026-01-12,ETF_US,88.29187366048427,log,SYNTHETIC: seeded teaching dataset; not observed market data,2026-09-01T00:00:00+00:00
2026-01-13,ETF_US,88.96651593367926,log,SYNTHETIC: seeded teaching dataset; not observed market data,2026-09-01T00:00:00+00:00
2026-01-14,ETF_US,88.99604253036391,log,SYNTHETIC: seeded teaching dataset; not observed market data,2026-09-01T00:00:00+00:00
2026-01-15,ETF_US,89.17770851882213,log,SYNTHETIC: seeded teaching dataset; not observed market data,2026-09-01T00:00:00+00:00
2026-01-16,ETF_US,89.25335766015225,log,SYNTHETIC: seeded teaching dataset; not observed market data,2026-09-01T00:00:00+00:00
2026-01-19,ETF_US,89.35036665958602,log,SYNTHETIC: seeded teaching dataset; not observed market data,2026-09-01T00:00:00+00:00
2026-01-20,ETF_US,89.5677122240874,log,SYNTHETIC: seeded teaching dataset; not observed market data,2026-09-01T00:00:00+00:00
2026-01-21,ETF_US,89.91520042134532,log,SYNTHETIC: seeded teaching dataset; not observed market data,2026-09-01T00:00:00+00:00
2026-01-22,ETF_US,89.93653243834927,log,SYNTHETIC: seeded teaching dataset; not observed market data,2026-09-01T00:00:00+00:00
2026-01-23,ETF_US,89.62091086361887,log,SYNTHETIC: seeded teaching dataset; not observed market data,2026-09-01T00:00:00+00:00
2026-01-26,ETF_US,89.86225070602543,log,SYNTHETIC: seeded teaching dataset; not observed market data,2026-09-01T00:00:00+00:00
2026-01-27,ETF_US,90.40519524450467,log,SYNTHETIC: seeded teaching dataset; not observed market data,2026-09-01T00:00:00+00:00
2026-01-28,ETF_US,90.68144629646167,log,SYNTHETIC: seeded teaching dataset; not observed market data,2026-09-01T00:00:00+00:00
2026-01-29,ETF_US,91.19213309494711,log,SYNTHETIC: seeded teaching dataset; not observed market data,2026-09-01T00:00:00+00:00
2026-01-30,ETF_US,90.63039418360702,log,SYNTHETIC: seeded teaching dataset; not observed market data,2026-09-01T00:00:00+00:00
2026-02-02,ETF_US,90.20215286211483,log,SYNTHETIC: seeded teaching dataset; not observed market data,2026-09-01T00:00:00+00:00
2026-02-03,ETF_US,89.7944641837962,log,SYNTHETIC: seeded teaching dataset; not observed market data,2026-09-01T00:00:00+00:00
2026-02-04,ETF_US,89.94031464282384,log,SYNTHETIC: seeded teaching dataset; not observed market data,2026-09-01T00:00:00+00:00
2026-02-05,ETF_US,90.13269743051353,log,SYNTHETIC: seeded teaching dataset; not observed market data,2026-09-01T00:00:00+00:00
2026-02-06,ETF_US,89.8511575911155,log,SYNTHETIC: seeded teaching dataset; not observed market data,2026-09-01T00:00:00+00:00
2026-02-09,ETF_US,89.74765516304527,log,SYNTHETIC: seeded teaching dataset; not observed market data,2026-09-01T00:00:00+00:00
2026-02-10,ETF_US,90.09927870359206,log,SYNTHETIC: seeded teaching dataset; not observed market data,2026-09-01T00:00:00+00:00
2026-02-11,ETF_US,89.58089158147028,log,SYNTHETIC: seeded teaching dataset; not observed market data,2026-09-01T00:00:00+00:00
2026-02-12,ETF_US,89.82942701295818,log,SYNTHETIC: seeded teaching dataset; not observed market data,2026-09-01T00:00:00+00:00
2026-02-13,ETF_US,89.45491369218942,log,SYNTHETIC: seeded teaching dataset; not observed market data,2026-09-01T00:00:00+00:00
2026-02-16,ETF_US,88.82986715468783,log,SYNTHETIC: seeded teaching dataset; not observed market data,2026-09-01T00:00:00+00:00
2026-02-17,ETF_US,88.44818798578845,log,SYNTHETIC: seeded teaching dataset; not observed market data,2026-09-01T00:00:00+00:00
2026-02-18,ETF_US,88.09797386821121,log,SYNTHETIC: seeded teaching dataset; not observed market data,2026-09-01T00:00:00+00:00
2026-02-19,ETF_US,87.70043215018003,log,SYNTHETIC: seeded teaching dataset; not observed market data,2026-09-01T00:00:00+00:00
2026-02-20,ETF_US,88.3649457186582,log,SYNTHETIC: seeded teaching dataset; not observed market data,2026-09-01T00:00:00+00:00
2026-02-23,ETF_US,88.2317647329371,log,SYNTHETIC: seeded teaching dataset; not observed market data,2026-09-01T00:00:00+00:00
2026-02-24,ETF_US,88.15580879448657,log,SYNTHETIC: seeded teaching dataset; not observed market data,2026-09-01T00:00:00+00:00
2026-02-25,ETF_US,87.68002767619444,log,SYNTHETIC: seeded teaching dataset; not observed market data,2026-09-01T00:00:00+00:00
2026-02-26,ETF_US,87.7740138207165,log,SYNTHETIC: seeded teaching dataset; not observed market data,2026-09-01T00:00:00+00:00
2026-02-27,ETF_US,87.7889372918158,log,SYNTHETIC: seeded teaching dataset; not observed market data,2026-09-01T00:00:00+00:00
2026-03-02,ETF_US,87.4166352446895,log,SYNTHETIC: seeded teaching dataset; not observed market data,2026-09-01T00:00:00+00:00
2026-03-03,ETF_US,87.48301959106237,log,SYNTHETIC: seeded teaching dataset; not observed market data,2026-09-01T00:00:00+00:00
2026-03-04,ETF_US,87.60177912804568,log,SYNTHETIC: seeded teaching dataset; not observed market data,2026-09-01T00:00:00+00:00
2026-03-05,ETF_US,87.50713044173881,log,SYNTHETIC: seeded teaching dataset; not observed market data,2026-09-01T00:00:00+00:00
2026-03-06,ETF_US,87.62569763512532,log,SYNTHETIC: seeded teaching dataset; not observed market data,2026-09-01T00:00:00+00:00
2026-03-09,ETF_US,86.97018286939138,log,SYNTHETIC: seeded teaching dataset; not observed market data,2026-09-01T00:00:00+00:00
2026-03-10,ETF_US,86.40272169850232,log,SYNTHETIC: seeded teaching dataset; not observed market data,2026-09-01T00:00:00+00:00
2026-03-11,ETF_US,86.94529627305008,log,SYNTHETIC: seeded teaching dataset; not observed market data,2026-09-01T00:00:00+00:00
2026-03-12,ETF_US,87.18588334965877,log,SYNTHETIC: seeded teaching dataset; not observed market data,2026-09-01T00:00:00+00:00
2026-03-13,ETF_US,87.13432193399679,log,SYNTHETIC: seeded teaching dataset; not observed market data,2026-09-01T00:00:00+00:00
2026-03-16,ETF_US,86.92679356083292,log,SYNTHETIC: seeded teaching dataset; not observed market data,2026-09-01T00:00:00+00:00
2026-03-17,ETF_US,87.11704972212253,log,SYNTHETIC: seeded teaching dataset; not observed market data,2026-09-01T00:00:00+00:00
2026-03-18,ETF_US,87.07522233903504,log,SYNTHETIC: seeded teaching dataset; not observed market data,2026-09-01T00:00:00+00:00
2026-03-19,ETF_US,87.5183973530363,log,SYNTHETIC: seeded teaching dataset; not observed market data,2026-09-01T00:00:00+00:00
2026-03-20,ETF_US,87.8966704561213,log,SYNTHETIC: seeded teaching dataset; not observed market data,2026-09-01T00:00:00+00:00
2026-03-23,ETF_US,87.51095930893717,log,SYNTHETIC: seeded teaching dataset; not observed market data,2026-09-01T00:00:00+00:00
2026-03-24,ETF_US,87.56361577163175,log,SYNTHETIC: seeded teaching dataset; not observed market data,2026-09-01T00:00:00+00:00
2026-03-25,ETF_US,87.81435749999011,log,SYNTHETIC: seeded teaching dataset; not observed market data,2026-09-01T00:00:00+00:00
2026-03-26,ETF_US,88.08001971073422,log,SYNTHETIC: seeded teaching dataset; not observed market data,2026-09-01T00:00:00+00:00
2026-03-27,ETF_US,88.59765715160182,log,SYNTHETIC: seeded teaching dataset; not observed market data,2026-09-01T00:00:00+00:00
2026-03-30,ETF_US,89.02631648162182,log,SYNTHETIC: seeded teaching dataset; not observed market data,2026-09-01T00:00:00+00:00
2026-03-31,ETF_US,88.83918765639349,log,SYNTHETIC: seeded teaching dataset; not observed market data,2026-09-01T00:00:00+00:00
2026-04-01,ETF_US,89.53841737159885,log,SYNTHETIC: seeded teaching dataset; not observed market data,2026-09-01T00:00:00+00:00
2026-04-02,ETF_US,89.39198455939848,log,SYNTHETIC: seeded teaching dataset; not observed market data,2026-09-01T00:00:00+00:00
2026-04-03,ETF_US,89.73045780781493,log,SYNTHETIC: seeded teaching dataset; not observed market data,2026-09-01T00:00:00+00:00
2026-04-06,ETF_US,89.40146422121981,log,SYNTHETIC: seeded teaching dataset; not observed market data,2026-09-01T00:00:00+00:00
2026-04-07,ETF_US,89.68197661528878,log,SYNTHETIC: seeded teaching dataset; not observed market data,2026-09-01T00:00:00+00:00
2026-04-08,ETF_US,90.15278800783078,log,SYNTHETIC: seeded teaching dataset; not observed market data,2026-09-01T00:00:00+00:00
2026-04-09,ETF_US,90.204427378474,log,SYNTHETIC: seeded teaching dataset; not observed market data,2026-09-01T00:00:00+00:00
2026-04-10,ETF_US,90.28892414348854,log,SYNTHETIC: seeded teaching dataset; not observed market data,2026-09-01T00:00:00+00:00
2026-04-13,ETF_US,90.61866353415017,log,SYNTHETIC: seeded teaching dataset; not observed market data,2026-09-01T00:00:00+00:00
2026-04-14,ETF_US,90.72340567804143,log,SYNTHETIC: seeded teaching dataset; not observed market data,2026-09-01T00:00:00+00:00
2026-04-15,ETF_US,91.20888207718072,log,SYNTHETIC: seeded teaching dataset; not observed market data,2026-09-01T00:00:00+00:00
2026-04-16,ETF_US,91.38264930196041,log,SYNTHETIC: seeded teaching dataset; not observed market data,2026-09-01T00:00:00+00:00
2026-04-17,ETF_US,91.1665251414027,log,SYNTHETIC: seeded teaching dataset; not observed market data,2026-09-01T00:00:00+00:00
2026-04-20,ETF_US,91.38090169591067,log,SYNTHETIC: seeded teaching dataset; not observed market data,2026-09-01T00:00:00+00:00
2026-04-21,ETF_US,91.30040061011843,log,SYNTHETIC: seeded teaching dataset; not observed market data,2026-09-01T00:00:00+00:00
2026-04-22,ETF_US,91.13374027558692,log,SYNTHETIC: seeded teaching dataset; not observed market data,2026-09-01T00:00:00+00:00
2026-04-23,ETF_US,91.13958511657025,log,SYNTHETIC: seeded teaching dataset; not observed market data,2026-09-01T00:00:00+00:00
2026-04-24,ETF_US,91.29082548962522,log,SYNTHETIC: seeded teaching dataset; not observed market data,2026-09-01T00:00:00+00:00
2026-04-27,ETF_US,91.25886169573836,log,SYNTHETIC: seeded teaching dataset; not observed market data,2026-09-01T00:00:00+00:00
2026-04-28,ETF_US,91.48363693978229,log,SYNTHETIC: seeded teaching dataset; not observed market data,2026-09-01T00:00:00+00:00
2026-04-29,ETF_US,91.41211559898439,log,SYNTHETIC: seeded teaching dataset; not observed market data,2026-09-01T00:00:00+00:00
2026-04-30,ETF_US,91.21448739031054,log,SYNTHETIC: seeded teaching dataset; not observed market data,2026-09-01T00:00:00+00:00
2026-05-01,ETF_US,90.5289609139846,log,SYNTHETIC: seeded teaching dataset; not observed market data,2026-09-01T00:00:00+00:00
2026-05-04,ETF_US,90.47338165896078,log,SYNTHETIC: seeded teaching dataset; not observed market data,2026-09-01T00:00:00+00:00
2026-05-05,ETF_US,90.65046319247688,log,SYNTHETIC: seeded teaching dataset; not observed market data,2026-09-01T00:00:00+00:00
2026-05-06,ETF_US,90.5398872913305,log,SYNTHETIC: seeded teaching dataset; not observed market data,2026-09-01T00:00:00+00:00
2026-05-07,ETF_US,90.32993163777327,log,SYNTHETIC: seeded teaching dataset; not observed market data,2026-09-01T00:00:00+00:00
2026-05-08,ETF_US,90.07198875297095,log,SYNTHETIC: seeded teaching dataset; not observed market data,2026-09-01T00:00:00+00:00
2026-05-11,ETF_US,90.4535177393881,log,SYNTHETIC: seeded teaching dataset; not observed market data,2026-09-01T00:00:00+00:00
2026-05-12,ETF_US,89.5715873044345,log,SYNTHETIC: seeded teaching dataset; not observed market data,2026-09-01T00:00:00+00:00
2026-05-13,ETF_US,89.4492483969786,log,SYNTHETIC: seeded teaching dataset; not observed market data,2026-09-01T00:00:00+00:00
2026-05-14,ETF_US,89.19440108976077,log,SYNTHETIC: seeded teaching dataset; not observed market data,2026-09-01T00:00:00+00:00
2026-05-15,ETF_US,89.25288133945834,log,SYNTHETIC: seeded teaching dataset; not observed market data,2026-09-01T00:00:00+00:00
2026-05-18,ETF_US,89.25027555917221,log,SYNTHETIC: seeded teaching dataset; not observed market data,2026-09-01T00:00:00+00:00
2026-05-19,ETF_US,89.47224876123653,log,SYNTHETIC: seeded teaching dataset; not observed market data,2026-09-01T00:00:00+00:00
2026-05-20,ETF_US,90.12080349922964,log,SYNTHETIC: seeded teaching dataset; not observed market data,2026-09-01T00:00:00+00:00
2026-05-21,ETF_US,90.14168223147705,log,SYNTHETIC: seeded teaching dataset; not observed market data,2026-09-01T00:00:00+00:00
2026-05-22,ETF_US,89.92583050961802,log,SYNTHETIC: seeded teaching dataset; not observed market data,2026-09-01T00:00:00+00:00
2026-05-25,ETF_US,90.25012378134376,log,SYNTHETIC: seeded teaching dataset; not observed market data,2026-09-01T00:00:00+00:00
2026-05-26,ETF_US,90.38398604706046,log,SYNTHETIC: seeded teaching dataset; not observed market data,2026-09-01T00:00:00+00:00
2026-05-27,ETF_US,90.60436319948724,log,SYNTHETIC: seeded teaching dataset; not observed market data,2026-09-01T00:00:00+00:00
2026-05-28,ETF_US,91.14228226288944,log,SYNTHETIC: seeded teaching dataset; not observed market data,2026-09-01T00:00:00+00:00
2026-05-29,ETF_US,90.9126638576883,log,SYNTHETIC: seeded teaching dataset; not observed market data,2026-09-01T00:00:00+00:00
2026-06-01,ETF_US,90.589756500019,log,SYNTHETIC: seeded teaching dataset; not observed market data,2026-09-01T00:00:00+00:00
2026-06-02,ETF_US,90.8552842097617,log,SYNTHETIC: seeded teaching dataset; not observed market data,2026-09-01T00:00:00+00:00
2026-06-03,ETF_US,90.65712755698713,log,SYNTHETIC: seeded teaching dataset; not observed market data,2026-09-01T00:00:00+00:00
2026-06-04,ETF_US,90.67374413292052,log,SYNTHETIC: seeded teaching dataset; not observed market data,2026-09-01T00:00:00+00:00
2026-06-05,ETF_US,90.50316880224999,log,SYNTHETIC: seeded teaching dataset; not observed market data,2026-09-01T00:00:00+00:00
2026-06-08,ETF_US,90.9549096225084,log,SYNTHETIC: seeded teaching dataset; not observed market data,2026-09-01T00:00:00+00:00
2026-06-09,ETF_US,90.48426723081559,log,SYNTHETIC: seeded teaching dataset; not observed market data,2026-09-01T00:00:00+00:00
2026-06-10,ETF_US,91.06348303724161,log,SYNTHETIC: seeded teaching dataset; not observed market data,2026-09-01T00:00:00+00:00
2026-06-11,ETF_US,90.82684588126034,log,SYNTHETIC: seeded teaching dataset; not observed market data,2026-09-01T00:00:00+00:00
2026-06-12,ETF_US,90.81721461662151,log,SYNTHETIC: seeded teaching dataset; not observed market data,2026-09-01T00:00:00+00:00
2026-06-15,ETF_US,90.9324379774895,log,SYNTHETIC: seeded teaching dataset; not observed market data,2026-09-01T00:00:00+00:00
2026-06-16,ETF_US,91.51398426035148,log,SYNTHETIC: seeded teaching dataset; not observed market data,2026-09-01T00:00:00+00:00
2026-06-17,ETF_US,91.45873478529911,log,SYNTHETIC: seeded teaching dataset; not observed market data,2026-09-01T00:00:00+00:00
2026-06-18,ETF_US,92.25559279750506,log,SYNTHETIC: seeded teaching dataset; not observed market data,2026-09-01T00:00:00+00:00
2026-06-19,ETF_US,92.16138760298105,log,SYNTHETIC: seeded teaching dataset; not observed market data,2026-09-01T00:00:00+00:00
2026-06-22,ETF_US,91.70342716062646,log,SYNTHETIC: seeded teaching dataset; not observed market data,2026-09-01T00:00:00+00:00
2026-06-23,ETF_US,91.26476114020444,log,SYNTHETIC: seeded teaching dataset; not observed market data,2026-09-01T00:00:00+00:00
2026-06-24,ETF_US,92.01211870391455,log,SYNTHETIC: seeded teaching dataset; not observed market data,2026-09-01T00:00:00+00:00
2026-06-25,ETF_US,91.67026058968757,log,SYNTHETIC: seeded teaching dataset; not observed market data,2026-09-01T00:00:00+00:00
2026-06-26,ETF_US,91.38050692841142,log,SYNTHETIC: seeded teaching dataset; not observed market data,2026-09-01T00:00:00+00:00
2026-06-29,ETF_US,90.96290906513,log,SYNTHETIC: seeded teaching dataset; not observed market data,2026-09-01T00:00:00+00:00
2026-06-30,ETF_US,92.44722416138082,log,SYNTHETIC: seeded teaching dataset; not observed market data,2026-09-01T00:00:00+00:00
2026-07-01,ETF_US,92.15730341398609,log,SYNTHETIC: seeded teaching dataset; not observed market data,2026-09-01T00:00:00+00:00
2026-07-02,ETF_US,92.2775769400741,log,SYNTHETIC: seeded teaching dataset; not observed market data,2026-09-01T00:00:00+00:00
2026-07-03,ETF_US,92.66943506564999,log,SYNTHETIC: seeded teaching dataset; not observed market data,2026-09-01T00:00:00+00:00
2026-07-06,ETF_US,92.4924765968093,log,SYNTHETIC: seeded teaching dataset; not observed market data,2026-09-01T00:00:00+00:00
2026-07-07,ETF_US,93.04190409363291,log,SYNTHETIC: seeded teaching dataset; not observed market data,2026-09-01T00:00:00+00:00
2026-07-08,ETF_US,93.07486062481159,log,SYNTHETIC: seeded teaching dataset; not observed market data,2026-09-01T00:00:00+00:00
2026-07-09,ETF_US,93.25460976274935,log,SYNTHETIC: seeded teaching dataset; not observed market data,2026-09-01T00:00:00+00:00
2026-07-10,ETF_US,92.79761041611233,log,SYNTHETIC: seeded teaching dataset; not observed market data,2026-09-01T00:00:00+00:00
2026-07-13,ETF_US,93.16118056305135,log,SYNTHETIC: seeded teaching dataset; not observed market data,2026-09-01T00:00:00+00:00
2026-07-14,ETF_US,93.52543747842591,log,SYNTHETIC: seeded teaching dataset; not observed market data,2026-09-01T00:00:00+00:00
2026-07-15,ETF_US,93.29779204647949,log,SYNTHETIC: seeded teaching dataset; not observed market data,2026-09-01T00:00:00+00:00
2026-07-16,ETF_US,93.88626939882364,log,SYNTHETIC: seeded teaching dataset; not observed market data,2026-09-01T00:00:00+00:00
2026-07-17,ETF_US,94.10405846971864,log,SYNTHETIC: seeded teaching dataset; not observed market data,2026-09-01T00:00:00+00:00
2026-07-20,ETF_US,94.09157525389682,log,SYNTHETIC: seeded teaching dataset; not observed market data,2026-09-01T00:00:00+00:00
2026-07-21,ETF_US,94.13393257695755,log,SYNTHETIC: seeded teaching dataset; not observed market data,2026-09-01T00:00:00+00:00
2026-07-22,ETF_US,93.59817209853898,log,SYNTHETIC: seeded teaching dataset; not observed market data,2026-09-01T00:00:00+00:00
2026-07-23,ETF_US,93.24397437503059,log,SYNTHETIC: seeded teaching dataset; not observed market data,2026-09-01T00:00:00+00:00
2026-07-24,ETF_US,93.16467533117589,log,SYNTHETIC: seeded teaching dataset; not observed market data,2026-09-01T00:00:00+00:00
2026-07-27,ETF_US,92.97005205269545,log,SYNTHETIC: seeded teaching dataset; not observed market data,2026-09-01T00:00:00+00:00
2026-07-28,ETF_US,92.79321129727552,log,SYNTHETIC: seeded teaching dataset; not observed market data,2026-09-01T00:00:00+00:00
2026-07-29,ETF_US,93.03668243673899,log,SYNTHETIC: seeded teaching dataset; not observed market data,2026-09-01T00:00:00+00:00
2026-07-30,ETF_US,93.79592558087502,log,SYNTHETIC: seeded teaching dataset; not observed market data,2026-09-01T00:00:00+00:00
2026-07-31,ETF_US,93.22497127704409,log,SYNTHETIC: seeded teaching dataset; not observed market data,2026-09-01T00:00:00+00:00
2026-08-03,ETF_US,93.29508244577701,log,SYNTHETIC: seeded teaching dataset; not observed market data,2026-09-01T00:00:00+00:00
2026-08-04,ETF_US,93.6550416836835,log,SYNTHETIC: seeded teaching dataset; not observed market data,2026-09-01T00:00:00+00:00
2026-08-05,ETF_US,93.68040325687225,log,SYNTHETIC: seeded teaching dataset; not observed market data,2026-09-01T00:00:00+00:00
2026-08-06,ETF_US,93.24414653657146,log,SYNTHETIC: seeded teaching dataset; not observed market data,2026-09-01T00:00:00+00:00
2026-08-07,ETF_US,93.0743940749018,log,SYNTHETIC: seeded teaching dataset; not observed market data,2026-09-01T00:00:00+00:00
2026-08-10,ETF_US,93.68965266719846,log,SYNTHETIC: seeded teaching dataset; not observed market data,2026-09-01T00:00:00+00:00
2026-08-11,ETF_US,93.73188077683804,log,SYNTHETIC: seeded teaching dataset; not observed market data,2026-09-01T00:00:00+00:00
2026-08-12,ETF_US,93.09824119646174,log,SYNTHETIC: seeded teaching dataset; not observed market data,2026-09-01T00:00:00+00:00
2026-08-13,ETF_US,93.1109236961678,log,SYNTHETIC: seeded teaching dataset; not observed market data,2026-09-01T00:00:00+00:00
2026-08-14,ETF_US,93.35985489807506,log,SYNTHETIC: seeded teaching dataset; not observed market data,2026-09-01T00:00:00+00:00
2026-08-17,ETF_US,93.25239202222531,log,SYNTHETIC: seeded teaching dataset; not observed market data,2026-09-01T00:00:00+00:00
2026-08-18,ETF_US,93.66415169095607,log,SYNTHETIC: seeded teaching dataset; not observed market data,2026-09-01T00:00:00+00:00
2026-08-19,ETF_US,93.8623689020068,log,SYNTHETIC: seeded teaching dataset; not observed market data,2026-09-01T00:00:00+00:00
2026-08-20,ETF_US,94.34950965373069,log,SYNTHETIC: seeded teaching dataset; not observed market data,2026-09-01T00:00:00+00:00
2026-08-21,ETF_US,94.42462439100447,log,SYNTHETIC: seeded teaching dataset; not observed market data,2026-09-01T00:00:00+00:00
2026-08-24,ETF_US,94.82106716466846,log,SYNTHETIC: seeded teaching dataset; not observed market data,2026-09-01T00:00:00+00:00
2026-08-25,ETF_US,94.75091049681672,log,SYNTHETIC: seeded teaching dataset; not observed market data,2026-09-01T00:00:00+00:00
2026-08-26,ETF_US,94.87460022466624,log,SYNTHETIC: seeded teaching dataset; not observed market data,2026-09-01T00:00:00+00:00
2026-08-27,ETF_US,94.71292561891549,log,SYNTHETIC: seeded teaching dataset; not observed market data,2026-09-01T00:00:00+00:00
2026-08-28,ETF_US,94.45279793251358,log,SYNTHETIC: seeded teaching dataset; not observed market data,2026-09-01T00:00:00+00:00
2026-08-31,ETF_US,95.0,log,SYNTHETIC: seeded teaching dataset; not observed market data,2026-09-01T00:00:00+00:00
2025-01-02,FX_USD,1.3309153912033813,log,SYNTHETIC: seeded teaching dataset; not observed market data,2026-09-01T00:00:00+00:00
2025-01-03,FX_USD,1.3252854592401428,log,SYNTHETIC: seeded teaching dataset; not observed market data,2026-09-01T00:00:00+00:00
2025-01-06,FX_USD,1.3187091663168615,log,SYNTHETIC: seeded teaching dataset; not observed market data,2026-09-01T00:00:00+00:00
2025-01-07,FX_USD,1.3034818794268856,log,SYNTHETIC: seeded teaching dataset; not observed market data,2026-09-01T00:00:00+00:00
2025-01-08,FX_USD,1.3069559397506214,log,SYNTHETIC: seeded teaching dataset; not observed market data,2026-09-01T00:00:00+00:00
2025-01-09,FX_USD,1.3187784199248713,log,SYNTHETIC: seeded teaching dataset; not observed market data,2026-09-01T00:00:00+00:00
2025-01-10,FX_USD,1.3237499286758825,log,SYNTHETIC: seeded teaching dataset; not observed market data,2026-09-01T00:00:00+00:00
2025-01-13,FX_USD,1.3184272468066602,log,SYNTHETIC: seeded teaching dataset; not observed market data,2026-09-01T00:00:00+00:00
2025-01-14,FX_USD,1.315208992889026,log,SYNTHETIC: seeded teaching dataset; not observed market data,2026-09-01T00:00:00+00:00
2025-01-15,FX_USD,1.2955393812406566,log,SYNTHETIC: seeded teaching dataset; not observed market data,2026-09-01T00:00:00+00:00
2025-01-16,FX_USD,1.2918396421274454,log,SYNTHETIC: seeded teaching dataset; not observed market data,2026-09-01T00:00:00+00:00
2025-01-17,FX_USD,1.2878255083624552,log,SYNTHETIC: seeded teaching dataset; not observed market data,2026-09-01T00:00:00+00:00
2025-01-20,FX_USD,1.2894567274390571,log,SYNTHETIC: seeded teaching dataset; not observed market data,2026-09-01T00:00:00+00:00
2025-01-21,FX_USD,1.2860589566634955,log,SYNTHETIC: seeded teaching dataset; not observed market data,2026-09-01T00:00:00+00:00
2025-01-22,FX_USD,1.2851431975636909,log,SYNTHETIC: seeded teaching dataset; not observed market data,2026-09-01T00:00:00+00:00
2025-01-23,FX_USD,1.2746861105794418,log,SYNTHETIC: seeded teaching dataset; not observed market data,2026-09-01T00:00:00+00:00
2025-01-24,FX_USD,1.2696863834370968,log,SYNTHETIC: seeded teaching dataset; not observed market data,2026-09-01T00:00:00+00:00
2025-01-27,FX_USD,1.2690744287773688,log,SYNTHETIC: seeded teaching dataset; not observed market data,2026-09-01T00:00:00+00:00
2025-01-28,FX_USD,1.275785503162704,log,SYNTHETIC: seeded teaching dataset; not observed market data,2026-09-01T00:00:00+00:00
2025-01-29,FX_USD,1.2648789052930294,log,SYNTHETIC: seeded teaching dataset; not observed market data,2026-09-01T00:00:00+00:00
2025-01-30,FX_USD,1.2595099908849274,log,SYNTHETIC: seeded teaching dataset; not observed market data,2026-09-01T00:00:00+00:00
2025-01-31,FX_USD,1.2613120051888473,log,SYNTHETIC: seeded teaching dataset; not observed market data,2026-09-01T00:00:00+00:00
2025-02-03,FX_USD,1.2669638413919777,log,SYNTHETIC: seeded teaching dataset; not observed market data,2026-09-01T00:00:00+00:00
2025-02-04,FX_USD,1.2610124619703964,log,SYNTHETIC: seeded teaching dataset; not observed market data,2026-09-01T00:00:00+00:00
2025-02-05,FX_USD,1.2770391014838967,log,SYNTHETIC: seeded teaching dataset; not observed market data,2026-09-01T00:00:00+00:00
2025-02-06,FX_USD,1.2700841734778263,log,SYNTHETIC: seeded teaching dataset; not observed market data,2026-09-01T00:00:00+00:00
2025-02-07,FX_USD,1.262780297508435,log,SYNTHETIC: seeded teaching dataset; not observed market data,2026-09-01T00:00:00+00:00
2025-02-10,FX_USD,1.2563756053519404,log,SYNTHETIC: seeded teaching dataset; not observed market data,2026-09-01T00:00:00+00:00
2025-02-11,FX_USD,1.2495262927066564,log,SYNTHETIC: seeded teaching dataset; not observed market data,2026-09-01T00:00:00+00:00
2025-02-12,FX_USD,1.252222725971378,log,SYNTHETIC: seeded teaching dataset; not observed market data,2026-09-01T00:00:00+00:00
2025-02-13,FX_USD,1.253392676180944,log,SYNTHETIC: seeded teaching dataset; not observed market data,2026-09-01T00:00:00+00:00
2025-02-14,FX_USD,1.2498649715576118,log,SYNTHETIC: seeded teaching dataset; not observed market data,2026-09-01T00:00:00+00:00
2025-02-17,FX_USD,1.2456926885568849,log,SYNTHETIC: seeded teaching dataset; not observed market data,2026-09-01T00:00:00+00:00
2025-02-18,FX_USD,1.2447008092944685,log,SYNTHETIC: seeded teaching dataset; not observed market data,2026-09-01T00:00:00+00:00
2025-02-19,FX_USD,1.2427885248680601,log,SYNTHETIC: seeded teaching dataset; not observed market data,2026-09-01T00:00:00+00:00
2025-02-20,FX_USD,1.2464679487580748,log,SYNTHETIC: seeded teaching dataset; not observed market data,2026-09-01T00:00:00+00:00
2025-02-21,FX_USD,1.2445023737022636,log,SYNTHETIC: seeded teaching dataset; not observed market data,2026-09-01T00:00:00+00:00
2025-02-24,FX_USD,1.2510093313005093,log,SYNTHETIC: seeded teaching dataset; not observed market data,2026-09-01T00:00:00+00:00
2025-02-25,FX_USD,1.2489829212061212,log,SYNTHETIC: seeded teaching dataset; not observed market data,2026-09-01T00:00:00+00:00
2025-02-26,FX_USD,1.250771293099054,log,SYNTHETIC: seeded teaching dataset; not observed market data,2026-09-01T00:00:00+00:00
2025-02-27,FX_USD,1.250452529626963,log,SYNTHETIC: seeded teaching dataset; not observed market data,2026-09-01T00:00:00+00:00
2025-02-28,FX_USD,1.2499140200363255,log,SYNTHETIC: seeded teaching dataset; not observed market data,2026-09-01T00:00:00+00:00
2025-03-03,FX_USD,1.251717977967004,log,SYNTHETIC: seeded teaching dataset; not observed market data,2026-09-01T00:00:00+00:00
2025-03-04,FX_USD,1.2524458996829078,log,SYNTHETIC: seeded teaching dataset; not observed market data,2026-09-01T00:00:00+00:00
2025-03-05,FX_USD,1.2462294075289206,log,SYNTHETIC: seeded teaching dataset; not observed market data,2026-09-01T00:00:00+00:00
2025-03-06,FX_USD,1.2589480801666013,log,SYNTHETIC: seeded teaching dataset; not observed market data,2026-09-01T00:00:00+00:00
2025-03-07,FX_USD,1.2626512125974465,log,SYNTHETIC: seeded teaching dataset; not observed market data,2026-09-01T00:00:00+00:00
2025-03-10,FX_USD,1.2634212071665234,log,SYNTHETIC: seeded teaching dataset; not observed market data,2026-09-01T00:00:00+00:00
2025-03-11,FX_USD,1.264068109848742,log,SYNTHETIC: seeded teaching dataset; not observed market data,2026-09-01T00:00:00+00:00
2025-03-12,FX_USD,1.2794761993902375,log,SYNTHETIC: seeded teaching dataset; not observed market data,2026-09-01T00:00:00+00:00
2025-03-13,FX_USD,1.277713462018696,log,SYNTHETIC: seeded teaching dataset; not observed market data,2026-09-01T00:00:00+00:00
2025-03-14,FX_USD,1.2795571790005666,log,SYNTHETIC: seeded teaching dataset; not observed market data,2026-09-01T00:00:00+00:00
2025-03-17,FX_USD,1.2696598731086643,log,SYNTHETIC: seeded teaching dataset; not observed market data,2026-09-01T00:00:00+00:00
2025-03-18,FX_USD,1.2722757286903932,log,SYNTHETIC: seeded teaching dataset; not observed market data,2026-09-01T00:00:00+00:00
2025-03-19,FX_USD,1.2666995244755053,log,SYNTHETIC: seeded teaching dataset; not observed market data,2026-09-01T00:00:00+00:00
2025-03-20,FX_USD,1.273758721363496,log,SYNTHETIC: seeded teaching dataset; not observed market data,2026-09-01T00:00:00+00:00
2025-03-21,FX_USD,1.2708315414543108,log,SYNTHETIC: seeded teaching dataset; not observed market data,2026-09-01T00:00:00+00:00
2025-03-24,FX_USD,1.2724859775419466,log,SYNTHETIC: seeded teaching dataset; not observed market data,2026-09-01T00:00:00+00:00
2025-03-25,FX_USD,1.2539562748839725,log,SYNTHETIC: seeded teaching dataset; not observed market data,2026-09-01T00:00:00+00:00
2025-03-26,FX_USD,1.2584609217707887,log,SYNTHETIC: seeded teaching dataset; not observed market data,2026-09-01T00:00:00+00:00
2025-03-27,FX_USD,1.257038673358175,log,SYNTHETIC: seeded teaching dataset; not observed market data,2026-09-01T00:00:00+00:00
2025-03-28,FX_USD,1.2534870028706222,log,SYNTHETIC: seeded teaching dataset; not observed market data,2026-09-01T00:00:00+00:00
2025-03-31,FX_USD,1.262000918761073,log,SYNTHETIC: seeded teaching dataset; not observed market data,2026-09-01T00:00:00+00:00
2025-04-01,FX_USD,1.2706495713385029,log,SYNTHETIC: seeded teaching dataset; not observed market data,2026-09-01T00:00:00+00:00
2025-04-02,FX_USD,1.2754222697122835,log,SYNTHETIC: seeded teaching dataset; not observed market data,2026-09-01T00:00:00+00:00
2025-04-03,FX_USD,1.2675290428081292,log,SYNTHETIC: seeded teaching dataset; not observed market data,2026-09-01T00:00:00+00:00
2025-04-04,FX_USD,1.2734979023517392,log,SYNTHETIC: seeded teaching dataset; not observed market data,2026-09-01T00:00:00+00:00
2025-04-07,FX_USD,1.271222524992999,log,SYNTHETIC: seeded teaching dataset; not observed market data,2026-09-01T00:00:00+00:00
2025-04-08,FX_USD,1.2661945872478513,log,SYNTHETIC: seeded teaching dataset; not observed market data,2026-09-01T00:00:00+00:00
2025-04-09,FX_USD,1.2529768093474256,log,SYNTHETIC: seeded teaching dataset; not observed market data,2026-09-01T00:00:00+00:00
2025-04-10,FX_USD,1.2512431006572795,log,SYNTHETIC: seeded teaching dataset; not observed market data,2026-09-01T00:00:00+00:00
2025-04-11,FX_USD,1.2530062757656246,log,SYNTHETIC: seeded teaching dataset; not observed market data,2026-09-01T00:00:00+00:00
2025-04-14,FX_USD,1.2485921643649627,log,SYNTHETIC: seeded teaching dataset; not observed market data,2026-09-01T00:00:00+00:00
2025-04-15,FX_USD,1.2443362235018691,log,SYNTHETIC: seeded teaching dataset; not observed market data,2026-09-01T00:00:00+00:00
2025-04-16,FX_USD,1.2457960225674816,log,SYNTHETIC: seeded teaching dataset; not observed market data,2026-09-01T00:00:00+00:00
2025-04-17,FX_USD,1.2520098181770738,log,SYNTHETIC: seeded teaching dataset; not observed market data,2026-09-01T00:00:00+00:00
2025-04-18,FX_USD,1.2482454657464244,log,SYNTHETIC: seeded teaching dataset; not observed market data,2026-09-01T00:00:00+00:00
2025-04-21,FX_USD,1.2455909068600817,log,SYNTHETIC: seeded teaching dataset; not observed market data,2026-09-01T00:00:00+00:00
2025-04-22,FX_USD,1.248119739558024,log,SYNTHETIC: seeded teaching dataset; not observed market data,2026-09-01T00:00:00+00:00
2025-04-23,FX_USD,1.2503264063638633,log,SYNTHETIC: seeded teaching dataset; not observed market data,2026-09-01T00:00:00+00:00
2025-04-24,FX_USD,1.2466348827473652,log,SYNTHETIC: seeded teaching dataset; not observed market data,2026-09-01T00:00:00+00:00
2025-04-25,FX_USD,1.2456441387105257,log,SYNTHETIC: seeded teaching dataset; not observed market data,2026-09-01T00:00:00+00:00
2025-04-28,FX_USD,1.246999037573783,log,SYNTHETIC: seeded teaching dataset; not observed market data,2026-09-01T00:00:00+00:00
2025-04-29,FX_USD,1.2539073330800314,log,SYNTHETIC: seeded teaching dataset; not observed market data,2026-09-01T00:00:00+00:00
2025-04-30,FX_USD,1.2489165236645619,log,SYNTHETIC: seeded teaching dataset; not observed market data,2026-09-01T00:00:00+00:00
2025-05-01,FX_USD,1.2591497157736429,log,SYNTHETIC: seeded teaching dataset; not observed market data,2026-09-01T00:00:00+00:00
2025-05-02,FX_USD,1.2543002599755209,log,SYNTHETIC: seeded teaching dataset; not observed market data,2026-09-01T00:00:00+00:00
2025-05-05,FX_USD,1.2579595220713695,log,SYNTHETIC: seeded teaching dataset; not observed market data,2026-09-01T00:00:00+00:00
2025-05-06,FX_USD,1.2569936956489594,log,SYNTHETIC: seeded teaching dataset; not observed market data,2026-09-01T00:00:00+00:00
2025-05-07,FX_USD,1.2566898772491677,log,SYNTHETIC: seeded teaching dataset; not observed market data,2026-09-01T00:00:00+00:00
2025-05-08,FX_USD,1.253788449317416,log,SYNTHETIC: seeded teaching dataset; not observed market data,2026-09-01T00:00:00+00:00
2025-05-09,FX_USD,1.254924128744865,log,SYNTHETIC: seeded teaching dataset; not observed market data,2026-09-01T00:00:00+00:00
2025-05-12,FX_USD,1.2490209293368684,log,SYNTHETIC: seeded teaching dataset; not observed market data,2026-09-01T00:00:00+00:00
2025-05-13,FX_USD,1.2491066048386195,log,SYNTHETIC: seeded teaching dataset; not observed market data,2026-09-01T00:00:00+00:00
2025-05-14,FX_USD,1.237224812231823,log,SYNTHETIC: seeded teaching dataset; not observed market data,2026-09-01T00:00:00+00:00
2025-05-15,FX_USD,1.2255838943273105,log,SYNTHETIC: seeded teaching dataset; not observed market data,2026-09-01T00:00:00+00:00
2025-05-16,FX_USD,1.2169505562594236,log,SYNTHETIC: seeded teaching dataset; not observed market data,2026-09-01T00:00:00+00:00
2025-05-19,FX_USD,1.2217002726645825,log,SYNTHETIC: seeded teaching dataset; not observed market data,2026-09-01T00:00:00+00:00
2025-05-20,FX_USD,1.2216140716631354,log,SYNTHETIC: seeded teaching dataset; not observed market data,2026-09-01T00:00:00+00:00
2025-05-21,FX_USD,1.2136264361285907,log,SYNTHETIC: seeded teaching dataset; not observed market data,2026-09-01T00:00:00+00:00
2025-05-22,FX_USD,1.220142564865687,log,SYNTHETIC: seeded teaching dataset; not observed market data,2026-09-01T00:00:00+00:00
2025-05-23,FX_USD,1.2256467096424717,log,SYNTHETIC: seeded teaching dataset; not observed market data,2026-09-01T00:00:00+00:00
2025-05-26,FX_USD,1.222024440937957,log,SYNTHETIC: seeded teaching dataset; not observed market data,2026-09-01T00:00:00+00:00
2025-05-27,FX_USD,1.2192229691741592,log,SYNTHETIC: seeded teaching dataset; not observed market data,2026-09-01T00:00:00+00:00
2025-05-28,FX_USD,1.2018539267674475,log,SYNTHETIC: seeded teaching dataset; not observed market data,2026-09-01T00:00:00+00:00
2025-05-29,FX_USD,1.1998955538820086,log,SYNTHETIC: seeded teaching dataset; not observed market data,2026-09-01T00:00:00+00:00
2025-05-30,FX_USD,1.205009764910007,log,SYNTHETIC: seeded teaching dataset; not observed market data,2026-09-01T00:00:00+00:00
2025-06-02,FX_USD,1.2073372065583658,log,SYNTHETIC: seeded teaching dataset; not observed market data,2026-09-01T00:00:00+00:00
2025-06-03,FX_USD,1.2060861822319568,log,SYNTHETIC: seeded teaching dataset; not observed market data,2026-09-01T00:00:00+00:00
2025-06-04,FX_USD,1.2067052534419307,log,SYNTHETIC: seeded teaching dataset; not observed market data,2026-09-01T00:00:00+00:00
2025-06-05,FX_USD,1.200383700246771,log,SYNTHETIC: seeded teaching dataset; not observed market data,2026-09-01T00:00:00+00:00
2025-06-06,FX_USD,1.1986468808503579,log,SYNTHETIC: seeded teaching dataset; not observed market data,2026-09-01T00:00:00+00:00
2025-06-09,FX_USD,1.1934183474666573,log,SYNTHETIC: seeded teaching dataset; not observed market data,2026-09-01T00:00:00+00:00
2025-06-10,FX_USD,1.1958277447923988,log,SYNTHETIC: seeded teaching dataset; not observed market data,2026-09-01T00:00:00+00:00
2025-06-11,FX_USD,1.1938041418681204,log,SYNTHETIC: seeded teaching dataset; not observed market data,2026-09-01T00:00:00+00:00
2025-06-12,FX_USD,1.1964616802518389,log,SYNTHETIC: seeded teaching dataset; not observed market data,2026-09-01T00:00:00+00:00
2025-06-13,FX_USD,1.194081654950407,log,SYNTHETIC: seeded teaching dataset; not observed market data,2026-09-01T00:00:00+00:00
2025-06-16,FX_USD,1.2052852195698547,log,SYNTHETIC: seeded teaching dataset; not observed market data,2026-09-01T00:00:00+00:00
2025-06-17,FX_USD,1.2053434308696078,log,SYNTHETIC: seeded teaching dataset; not observed market data,2026-09-01T00:00:00+00:00
2025-06-18,FX_USD,1.205753406086834,log,SYNTHETIC: seeded teaching dataset; not observed market data,2026-09-01T00:00:00+00:00
2025-06-19,FX_USD,1.2121057295235889,log,SYNTHETIC: seeded teaching dataset; not observed market data,2026-09-01T00:00:00+00:00
2025-06-20,FX_USD,1.213689017383333,log,SYNTHETIC: seeded teaching dataset; not observed market data,2026-09-01T00:00:00+00:00
2025-06-23,FX_USD,1.2185591359093977,log,SYNTHETIC: seeded teaching dataset; not observed market data,2026-09-01T00:00:00+00:00
2025-06-24,FX_USD,1.221010768591672,log,SYNTHETIC: seeded teaching dataset; not observed market data,2026-09-01T00:00:00+00:00
2025-06-25,FX_USD,1.2243747565429648,log,SYNTHETIC: seeded teaching dataset; not observed market data,2026-09-01T00:00:00+00:00
2025-06-26,FX_USD,1.22961860921322,log,SYNTHETIC: seeded teaching dataset; not observed market data,2026-09-01T00:00:00+00:00
2025-06-27,FX_USD,1.2360280324456507,log,SYNTHETIC: seeded teaching dataset; not observed market data,2026-09-01T00:00:00+00:00
2025-06-30,FX_USD,1.2400003755313038,log,SYNTHETIC: seeded teaching dataset; not observed market data,2026-09-01T00:00:00+00:00
2025-07-01,FX_USD,1.246464452516512,log,SYNTHETIC: seeded teaching dataset; not observed market data,2026-09-01T00:00:00+00:00
2025-07-02,FX_USD,1.23800653212134,log,SYNTHETIC: seeded teaching dataset; not observed market data,2026-09-01T00:00:00+00:00
2025-07-03,FX_USD,1.2435912323181884,log,SYNTHETIC: seeded teaching dataset; not observed market data,2026-09-01T00:00:00+00:00
2025-07-04,FX_USD,1.2508515424413702,log,SYNTHETIC: seeded teaching dataset; not observed market data,2026-09-01T00:00:00+00:00
2025-07-07,FX_USD,1.2595050302333577,log,SYNTHETIC: seeded teaching dataset; not observed market data,2026-09-01T00:00:00+00:00
2025-07-08,FX_USD,1.2583845225922785,log,SYNTHETIC: seeded teaching dataset; not observed market data,2026-09-01T00:00:00+00:00
2025-07-09,FX_USD,1.2706666071780415,log,SYNTHETIC: seeded teaching dataset; not observed market data,2026-09-01T00:00:00+00:00
2025-07-10,FX_USD,1.2689657991756247,log,SYNTHETIC: seeded teaching dataset; not observed market data,2026-09-01T00:00:00+00:00
2025-07-11,FX_USD,1.2700824920771938,log,SYNTHETIC: seeded teaching dataset; not observed market data,2026-09-01T00:00:00+00:00
2025-07-14,FX_USD,1.2653526202851568,log,SYNTHETIC: seeded teaching dataset; not observed market data,2026-09-01T00:00:00+00:00
2025-07-15,FX_USD,1.261372927290216,log,SYNTHETIC: seeded teaching dataset; not observed market data,2026-09-01T00:00:00+00:00
2025-07-16,FX_USD,1.2571711697850039,log,SYNTHETIC: seeded teaching dataset; not observed market data,2026-09-01T00:00:00+00:00
2025-07-17,FX_USD,1.2556391377651002,log,SYNTHETIC: seeded teaching dataset; not observed market data,2026-09-01T00:00:00+00:00
2025-07-18,FX_USD,1.260105957526022,log,SYNTHETIC: seeded teaching dataset; not observed market data,2026-09-01T00:00:00+00:00
2025-07-21,FX_USD,1.268681500310734,log,SYNTHETIC: seeded teaching dataset; not observed market data,2026-09-01T00:00:00+00:00
2025-07-22,FX_USD,1.2793228955608789,log,SYNTHETIC: seeded teaching dataset; not observed market data,2026-09-01T00:00:00+00:00
2025-07-23,FX_USD,1.2794060293829421,log,SYNTHETIC: seeded teaching dataset; not observed market data,2026-09-01T00:00:00+00:00
2025-07-24,FX_USD,1.282894325898722,log,SYNTHETIC: seeded teaching dataset; not observed market data,2026-09-01T00:00:00+00:00
2025-07-25,FX_USD,1.2808371789362099,log,SYNTHETIC: seeded teaching dataset; not observed market data,2026-09-01T00:00:00+00:00
2025-07-28,FX_USD,1.2727334614639507,log,SYNTHETIC: seeded teaching dataset; not observed market data,2026-09-01T00:00:00+00:00
2025-07-29,FX_USD,1.2613213336943896,log,SYNTHETIC: seeded teaching dataset; not observed market data,2026-09-01T00:00:00+00:00
2025-07-30,FX_USD,1.2628898593560474,log,SYNTHETIC: seeded teaching dataset; not observed market data,2026-09-01T00:00:00+00:00
2025-07-31,FX_USD,1.2666771385258284,log,SYNTHETIC: seeded teaching dataset; not observed market data,2026-09-01T00:00:00+00:00
2025-08-01,FX_USD,1.2594390254644838,log,SYNTHETIC: seeded teaching dataset; not observed market data,2026-09-01T00:00:00+00:00
2025-08-04,FX_USD,1.267934965658551,log,SYNTHETIC: seeded teaching dataset; not observed market data,2026-09-01T00:00:00+00:00
2025-08-05,FX_USD,1.2623722294087045,log,SYNTHETIC: seeded teaching dataset; not observed market data,2026-09-01T00:00:00+00:00
2025-08-06,FX_USD,1.2607931904649103,log,SYNTHETIC: seeded teaching dataset; not observed market data,2026-09-01T00:00:00+00:00
2025-08-07,FX_USD,1.251162105323983,log,SYNTHETIC: seeded teaching dataset; not observed market data,2026-09-01T00:00:00+00:00
2025-08-08,FX_USD,1.2481408549607211,log,SYNTHETIC: seeded teaching dataset; not observed market data,2026-09-01T00:00:00+00:00
2025-08-11,FX_USD,1.249158043780672,log,SYNTHETIC: seeded teaching dataset; not observed market data,2026-09-01T00:00:00+00:00
2025-08-12,FX_USD,1.2483885282446456,log,SYNTHETIC: seeded teaching dataset; not observed market data,2026-09-01T00:00:00+00:00
2025-08-13,FX_USD,1.24265318678498,log,SYNTHETIC: seeded teaching dataset; not observed market data,2026-09-01T00:00:00+00:00
2025-08-14,FX_USD,1.2502095846655834,log,SYNTHETIC: seeded teaching dataset; not observed market data,2026-09-01T00:00:00+00:00
2025-08-15,FX_USD,1.2448184806411993,log,SYNTHETIC: seeded teaching dataset; not observed market data,2026-09-01T00:00:00+00:00
2025-08-18,FX_USD,1.2506236917164941,log,SYNTHETIC: seeded teaching dataset; not observed market data,2026-09-01T00:00:00+00:00
2025-08-19,FX_USD,1.2463173952419058,log,SYNTHETIC: seeded teaching dataset; not observed market data,2026-09-01T00:00:00+00:00
2025-08-20,FX_USD,1.2420542924935731,log,SYNTHETIC: seeded teaching dataset; not observed market data,2026-09-01T00:00:00+00:00
2025-08-21,FX_USD,1.2449666100023067,log,SYNTHETIC: seeded teaching dataset; not observed market data,2026-09-01T00:00:00+00:00
2025-08-22,FX_USD,1.245167220770116,log,SYNTHETIC: seeded teaching dataset; not observed market data,2026-09-01T00:00:00+00:00
2025-08-25,FX_USD,1.2414423667859067,log,SYNTHETIC: seeded teaching dataset; not observed market data,2026-09-01T00:00:00+00:00
2025-08-26,FX_USD,1.2344110068350154,log,SYNTHETIC: seeded teaching dataset; not observed market data,2026-09-01T00:00:00+00:00
2025-08-27,FX_USD,1.2385201073508898,log,SYNTHETIC: seeded teaching dataset; not observed market data,2026-09-01T00:00:00+00:00
2025-08-28,FX_USD,1.2309550989110825,log,SYNTHETIC: seeded teaching dataset; not observed market data,2026-09-01T00:00:00+00:00
2025-08-29,FX_USD,1.2241421783572557,log,SYNTHETIC: seeded teaching dataset; not observed market data,2026-09-01T00:00:00+00:00
2025-09-01,FX_USD,1.2293481544580462,log,SYNTHETIC: seeded teaching dataset; not observed market data,2026-09-01T00:00:00+00:00
2025-09-02,FX_USD,1.2248868172945624,log,SYNTHETIC: seeded teaching dataset; not observed market data,2026-09-01T00:00:00+00:00
2025-09-03,FX_USD,1.219182206381863,log,SYNTHETIC: seeded teaching dataset; not observed market data,2026-09-01T00:00:00+00:00
2025-09-04,FX_USD,1.228059815985049,log,SYNTHETIC: seeded teaching dataset; not observed market data,2026-09-01T00:00:00+00:00
2025-09-05,FX_USD,1.2324791044689838,log,SYNTHETIC: seeded teaching dataset; not observed market data,2026-09-01T00:00:00+00:00
2025-09-08,FX_USD,1.217527896085488,log,SYNTHETIC: seeded teaching dataset; not observed market data,2026-09-01T00:00:00+00:00
2025-09-09,FX_USD,1.2183055419835385,log,SYNTHETIC: seeded teaching dataset; not observed market data,2026-09-01T00:00:00+00:00
2025-09-10,FX_USD,1.2252883770859215,log,SYNTHETIC: seeded teaching dataset; not observed market data,2026-09-01T00:00:00+00:00
2025-09-11,FX_USD,1.2279074485191228,log,SYNTHETIC: seeded teaching dataset; not observed market data,2026-09-01T00:00:00+00:00
2025-09-12,FX_USD,1.2226501243002235,log,SYNTHETIC: seeded teaching dataset; not observed market data,2026-09-01T00:00:00+00:00
2025-09-15,FX_USD,1.2168679032308667,log,SYNTHETIC: seeded teaching dataset; not observed market data,2026-09-01T00:00:00+00:00
2025-09-16,FX_USD,1.2140591123104927,log,SYNTHETIC: seeded teaching dataset; not observed market data,2026-09-01T00:00:00+00:00
2025-09-17,FX_USD,1.218787587167214,log,SYNTHETIC: seeded teaching dataset; not observed market data,2026-09-01T00:00:00+00:00
2025-09-18,FX_USD,1.2098514640927716,log,SYNTHETIC: seeded teaching dataset; not observed market data,2026-09-01T00:00:00+00:00
2025-09-19,FX_USD,1.2109137052611034,log,SYNTHETIC: seeded teaching dataset; not observed market data,2026-09-01T00:00:00+00:00
2025-09-22,FX_USD,1.201439990150852,log,SYNTHETIC: seeded teaching dataset; not observed market data,2026-09-01T00:00:00+00:00
2025-09-23,FX_USD,1.200093138076651,log,SYNTHETIC: seeded teaching dataset; not observed market data,2026-09-01T00:00:00+00:00
2025-09-24,FX_USD,1.2071135271424727,log,SYNTHETIC: seeded teaching dataset; not observed market data,2026-09-01T00:00:00+00:00
2025-09-25,FX_USD,1.204743023033205,log,SYNTHETIC: seeded teaching dataset; not observed market data,2026-09-01T00:00:00+00:00
2025-09-26,FX_USD,1.1989401372146324,log,SYNTHETIC: seeded teaching dataset; not observed market data,2026-09-01T00:00:00+00:00
2025-09-29,FX_USD,1.2066126901417003,log,SYNTHETIC: seeded teaching dataset; not observed market data,2026-09-01T00:00:00+00:00
2025-09-30,FX_USD,1.2020768127997303,log,SYNTHETIC: seeded teaching dataset; not observed market data,2026-09-01T00:00:00+00:00
2025-10-01,FX_USD,1.2067198796126428,log,SYNTHETIC: seeded teaching dataset; not observed market data,2026-09-01T00:00:00+00:00
2025-10-02,FX_USD,1.2126148179648066,log,SYNTHETIC: seeded teaching dataset; not observed market data,2026-09-01T00:00:00+00:00
2025-10-03,FX_USD,1.205435114790964,log,SYNTHETIC: seeded teaching dataset; not observed market data,2026-09-01T00:00:00+00:00
2025-10-06,FX_USD,1.203947859208972,log,SYNTHETIC: seeded teaching dataset; not observed market data,2026-09-01T00:00:00+00:00
2025-10-07,FX_USD,1.1994384941974117,log,SYNTHETIC: seeded teaching dataset; not observed market data,2026-09-01T00:00:00+00:00
2025-10-08,FX_USD,1.1982040762025963,log,SYNTHETIC: seeded teaching dataset; not observed market data,2026-09-01T00:00:00+00:00
2025-10-09,FX_USD,1.193248115087086,log,SYNTHETIC: seeded teaching dataset; not observed market data,2026-09-01T00:00:00+00:00
2025-10-10,FX_USD,1.1934230803038823,log,SYNTHETIC: seeded teaching dataset; not observed market data,2026-09-01T00:00:00+00:00
2025-10-13,FX_USD,1.1945218030002969,log,SYNTHETIC: seeded teaching dataset; not observed market data,2026-09-01T00:00:00+00:00
2025-10-14,FX_USD,1.1902289340416004,log,SYNTHETIC: seeded teaching dataset; not observed market data,2026-09-01T00:00:00+00:00
2025-10-15,FX_USD,1.1962273672408947,log,SYNTHETIC: seeded teaching dataset; not observed market data,2026-09-01T00:00:00+00:00
2025-10-16,FX_USD,1.1901104373330669,log,SYNTHETIC: seeded teaching dataset; not observed market data,2026-09-01T00:00:00+00:00
2025-10-17,FX_USD,1.1969801196489838,log,SYNTHETIC: seeded teaching dataset; not observed market data,2026-09-01T00:00:00+00:00
2025-10-20,FX_USD,1.2002798956354435,log,SYNTHETIC: seeded teaching dataset; not observed market data,2026-09-01T00:00:00+00:00
2025-10-21,FX_USD,1.2041161013507244,log,SYNTHETIC: seeded teaching dataset; not observed market data,2026-09-01T00:00:00+00:00
2025-10-22,FX_USD,1.2053387614598514,log,SYNTHETIC: seeded teaching dataset; not observed market data,2026-09-01T00:00:00+00:00
2025-10-23,FX_USD,1.2064901177223697,log,SYNTHETIC: seeded teaching dataset; not observed market data,2026-09-01T00:00:00+00:00
2025-10-24,FX_USD,1.2034045588254156,log,SYNTHETIC: seeded teaching dataset; not observed market data,2026-09-01T00:00:00+00:00
2025-10-27,FX_USD,1.1985947197792046,log,SYNTHETIC: seeded teaching dataset; not observed market data,2026-09-01T00:00:00+00:00
2025-10-28,FX_USD,1.1950998051877653,log,SYNTHETIC: seeded teaching dataset; not observed market data,2026-09-01T00:00:00+00:00
2025-10-29,FX_USD,1.1987578098134573,log,SYNTHETIC: seeded teaching dataset; not observed market data,2026-09-01T00:00:00+00:00
2025-10-30,FX_USD,1.2038462322399501,log,SYNTHETIC: seeded teaching dataset; not observed market data,2026-09-01T00:00:00+00:00
2025-10-31,FX_USD,1.2023221083699505,log,SYNTHETIC: seeded teaching dataset; not observed market data,2026-09-01T00:00:00+00:00
2025-11-03,FX_USD,1.2028806228861408,log,SYNTHETIC: seeded teaching dataset; not observed market data,2026-09-01T00:00:00+00:00
2025-11-04,FX_USD,1.1945134563321407,log,SYNTHETIC: seeded teaching dataset; not observed market data,2026-09-01T00:00:00+00:00
2025-11-05,FX_USD,1.197473471122549,log,SYNTHETIC: seeded teaching dataset; not observed market data,2026-09-01T00:00:00+00:00
2025-11-06,FX_USD,1.1989570506743112,log,SYNTHETIC: seeded teaching dataset; not observed market data,2026-09-01T00:00:00+00:00
2025-11-07,FX_USD,1.1981646796765022,log,SYNTHETIC: seeded teaching dataset; not observed market data,2026-09-01T00:00:00+00:00
2025-11-10,FX_USD,1.1920177138899601,log,SYNTHETIC: seeded teaching dataset; not observed market data,2026-09-01T00:00:00+00:00
2025-11-11,FX_USD,1.1922672181347522,log,SYNTHETIC: seeded teaching dataset; not observed market data,2026-09-01T00:00:00+00:00
2025-11-12,FX_USD,1.1922239744289922,log,SYNTHETIC: seeded teaching dataset; not observed market data,2026-09-01T00:00:00+00:00
2025-11-13,FX_USD,1.1961319314022951,log,SYNTHETIC: seeded teaching dataset; not observed market data,2026-09-01T00:00:00+00:00
2025-11-14,FX_USD,1.189245936124916,log,SYNTHETIC: seeded teaching dataset; not observed market data,2026-09-01T00:00:00+00:00
2025-11-17,FX_USD,1.188296028877269,log,SYNTHETIC: seeded teaching dataset; not observed market data,2026-09-01T00:00:00+00:00
2025-11-18,FX_USD,1.1876373992025393,log,SYNTHETIC: seeded teaching dataset; not observed market data,2026-09-01T00:00:00+00:00
2025-11-19,FX_USD,1.1921544397879036,log,SYNTHETIC: seeded teaching dataset; not observed market data,2026-09-01T00:00:00+00:00
2025-11-20,FX_USD,1.1971044135887305,log,SYNTHETIC: seeded teaching dataset; not observed market data,2026-09-01T00:00:00+00:00
2025-11-21,FX_USD,1.2024712825269956,log,SYNTHETIC: seeded teaching dataset; not observed market data,2026-09-01T00:00:00+00:00
2025-11-24,FX_USD,1.2013010944344347,log,SYNTHETIC: seeded teaching dataset; not observed market data,2026-09-01T00:00:00+00:00
2025-11-25,FX_USD,1.1946448892082941,log,SYNTHETIC: seeded teaching dataset; not observed market data,2026-09-01T00:00:00+00:00
2025-11-26,FX_USD,1.19504703318366,log,SYNTHETIC: seeded teaching dataset; not observed market data,2026-09-01T00:00:00+00:00
2025-11-27,FX_USD,1.197416642912662,log,SYNTHETIC: seeded teaching dataset; not observed market data,2026-09-01T00:00:00+00:00
2025-11-28,FX_USD,1.192221020917856,log,SYNTHETIC: seeded teaching dataset; not observed market data,2026-09-01T00:00:00+00:00
2025-12-01,FX_USD,1.1898326732367863,log,SYNTHETIC: seeded teaching dataset; not observed market data,2026-09-01T00:00:00+00:00
2025-12-02,FX_USD,1.1901053245583877,log,SYNTHETIC: seeded teaching dataset; not observed market data,2026-09-01T00:00:00+00:00
2025-12-03,FX_USD,1.199474192573471,log,SYNTHETIC: seeded teaching dataset; not observed market data,2026-09-01T00:00:00+00:00
2025-12-04,FX_USD,1.205792327378187,log,SYNTHETIC: seeded teaching dataset; not observed market data,2026-09-01T00:00:00+00:00
2025-12-05,FX_USD,1.2035943891977063,log,SYNTHETIC: seeded teaching dataset; not observed market data,2026-09-01T00:00:00+00:00
2025-12-08,FX_USD,1.2066941974674477,log,SYNTHETIC: seeded teaching dataset; not observed market data,2026-09-01T00:00:00+00:00
2025-12-09,FX_USD,1.2067086932611208,log,SYNTHETIC: seeded teaching dataset; not observed market data,2026-09-01T00:00:00+00:00
2025-12-10,FX_USD,1.21424005822065,log,SYNTHETIC: seeded teaching dataset; not observed market data,2026-09-01T00:00:00+00:00
2025-12-11,FX_USD,1.2272913364255755,log,SYNTHETIC: seeded teaching dataset; not observed market data,2026-09-01T00:00:00+00:00
2025-12-12,FX_USD,1.2273136295593545,log,SYNTHETIC: seeded teaching dataset; not observed market data,2026-09-01T00:00:00+00:00
2025-12-15,FX_USD,1.2284337317121357,log,SYNTHETIC: seeded teaching dataset; not observed market data,2026-09-01T00:00:00+00:00
2025-12-16,FX_USD,1.2189428531071662,log,SYNTHETIC: seeded teaching dataset; not observed market data,2026-09-01T00:00:00+00:00
2025-12-17,FX_USD,1.228018437596549,log,SYNTHETIC: seeded teaching dataset; not observed market data,2026-09-01T00:00:00+00:00
2025-12-18,FX_USD,1.2308431238225213,log,SYNTHETIC: seeded teaching dataset; not observed market data,2026-09-01T00:00:00+00:00
2025-12-19,FX_USD,1.2291575363066798,log,SYNTHETIC: seeded teaching dataset; not observed market data,2026-09-01T00:00:00+00:00
2025-12-22,FX_USD,1.2368922864177099,log,SYNTHETIC: seeded teaching dataset; not observed market data,2026-09-01T00:00:00+00:00
2025-12-23,FX_USD,1.2273818192723283,log,SYNTHETIC: seeded teaching dataset; not observed market data,2026-09-01T00:00:00+00:00
2025-12-24,FX_USD,1.2350159058801669,log,SYNTHETIC: seeded teaching dataset; not observed market data,2026-09-01T00:00:00+00:00
2025-12-25,FX_USD,1.2348420871150134,log,SYNTHETIC: seeded teaching dataset; not observed market data,2026-09-01T00:00:00+00:00
2025-12-26,FX_USD,1.2363313202191335,log,SYNTHETIC: seeded teaching dataset; not observed market data,2026-09-01T00:00:00+00:00
2025-12-29,FX_USD,1.2332038991024679,log,SYNTHETIC: seeded teaching dataset; not observed market data,2026-09-01T00:00:00+00:00
2025-12-30,FX_USD,1.2364383553137774,log,SYNTHETIC: seeded teaching dataset; not observed market data,2026-09-01T00:00:00+00:00
2025-12-31,FX_USD,1.241137349954546,log,SYNTHETIC: seeded teaching dataset; not observed market data,2026-09-01T00:00:00+00:00
2026-01-01,FX_USD,1.2437240241652545,log,SYNTHETIC: seeded teaching dataset; not observed market data,2026-09-01T00:00:00+00:00
2026-01-02,FX_USD,1.2462395177373744,log,SYNTHETIC: seeded teaching dataset; not observed market data,2026-09-01T00:00:00+00:00
2026-01-05,FX_USD,1.2468800770857318,log,SYNTHETIC: seeded teaching dataset; not observed market data,2026-09-01T00:00:00+00:00
2026-01-06,FX_USD,1.2405790425367538,log,SYNTHETIC: seeded teaching dataset; not observed market data,2026-09-01T00:00:00+00:00
2026-01-07,FX_USD,1.252192600523765,log,SYNTHETIC: seeded teaching dataset; not observed market data,2026-09-01T00:00:00+00:00
2026-01-08,FX_USD,1.2461614988490062,log,SYNTHETIC: seeded teaching dataset; not observed market data,2026-09-01T00:00:00+00:00
2026-01-09,FX_USD,1.2529546624687247,log,SYNTHETIC: seeded teaching dataset; not observed market data,2026-09-01T00:00:00+00:00
2026-01-12,FX_USD,1.2566516604973812,log,SYNTHETIC: seeded teaching dataset; not observed market data,2026-09-01T00:00:00+00:00
2026-01-13,FX_USD,1.2513478077357645,log,SYNTHETIC: seeded teaching dataset; not observed market data,2026-09-01T00:00:00+00:00
2026-01-14,FX_USD,1.2519556492419723,log,SYNTHETIC: seeded teaching dataset; not observed market data,2026-09-01T00:00:00+00:00
2026-01-15,FX_USD,1.2584742173168812,log,SYNTHETIC: seeded teaching dataset; not observed market data,2026-09-01T00:00:00+00:00
2026-01-16,FX_USD,1.2657029719880033,log,SYNTHETIC: seeded teaching dataset; not observed market data,2026-09-01T00:00:00+00:00
2026-01-19,FX_USD,1.270307854279695,log,SYNTHETIC: seeded teaching dataset; not observed market data,2026-09-01T00:00:00+00:00
2026-01-20,FX_USD,1.275561467311201,log,SYNTHETIC: seeded teaching dataset; not observed market data,2026-09-01T00:00:00+00:00
2026-01-21,FX_USD,1.2761411358674544,log,SYNTHETIC: seeded teaching dataset; not observed market data,2026-09-01T00:00:00+00:00
2026-01-22,FX_USD,1.2786211248258543,log,SYNTHETIC: seeded teaching dataset; not observed market data,2026-09-01T00:00:00+00:00
2026-01-23,FX_USD,1.2794476179038792,log,SYNTHETIC: seeded teaching dataset; not observed market data,2026-09-01T00:00:00+00:00
2026-01-26,FX_USD,1.2897089216085602,log,SYNTHETIC: seeded teaching dataset; not observed market data,2026-09-01T00:00:00+00:00
2026-01-27,FX_USD,1.2930524110215085,log,SYNTHETIC: seeded teaching dataset; not observed market data,2026-09-01T00:00:00+00:00
2026-01-28,FX_USD,1.2957114772334675,log,SYNTHETIC: seeded teaching dataset; not observed market data,2026-09-01T00:00:00+00:00
2026-01-29,FX_USD,1.3085465173989534,log,SYNTHETIC: seeded teaching dataset; not observed market data,2026-09-01T00:00:00+00:00
2026-01-30,FX_USD,1.3007733421502672,log,SYNTHETIC: seeded teaching dataset; not observed market data,2026-09-01T00:00:00+00:00
2026-02-02,FX_USD,1.2915146724441187,log,SYNTHETIC: seeded teaching dataset; not observed market data,2026-09-01T00:00:00+00:00
2026-02-03,FX_USD,1.2823359350377788,log,SYNTHETIC: seeded teaching dataset; not observed market data,2026-09-01T00:00:00+00:00
2026-02-04,FX_USD,1.2896023152708613,log,SYNTHETIC: seeded teaching dataset; not observed market data,2026-09-01T00:00:00+00:00
2026-02-05,FX_USD,1.2946591445760345,log,SYNTHETIC: seeded teaching dataset; not observed market data,2026-09-01T00:00:00+00:00
2026-02-06,FX_USD,1.2925837669665678,log,SYNTHETIC: seeded teaching dataset; not observed market data,2026-09-01T00:00:00+00:00
2026-02-09,FX_USD,1.2978357139790235,log,SYNTHETIC: seeded teaching dataset; not observed market data,2026-09-01T00:00:00+00:00
2026-02-10,FX_USD,1.3093736120670727,log,SYNTHETIC: seeded teaching dataset; not observed market data,2026-09-01T00:00:00+00:00
2026-02-11,FX_USD,1.3040097745684458,log,SYNTHETIC: seeded teaching dataset; not observed market data,2026-09-01T00:00:00+00:00
2026-02-12,FX_USD,1.3137008953769773,log,SYNTHETIC: seeded teaching dataset; not observed market data,2026-09-01T00:00:00+00:00
2026-02-13,FX_USD,1.3095043975219358,log,SYNTHETIC: seeded teaching dataset; not observed market data,2026-09-01T00:00:00+00:00
2026-02-16,FX_USD,1.3079170489810166,log,SYNTHETIC: seeded teaching dataset; not observed market data,2026-09-01T00:00:00+00:00
2026-02-17,FX_USD,1.2983652726407287,log,SYNTHETIC: seeded teaching dataset; not observed market data,2026-09-01T00:00:00+00:00
2026-02-18,FX_USD,1.2988830213453586,log,SYNTHETIC: seeded teaching dataset; not observed market data,2026-09-01T00:00:00+00:00
2026-02-19,FX_USD,1.2911823689168798,log,SYNTHETIC: seeded teaching dataset; not observed market data,2026-09-01T00:00:00+00:00
2026-02-20,FX_USD,1.2993141909205996,log,SYNTHETIC: seeded teaching dataset; not observed market data,2026-09-01T00:00:00+00:00
2026-02-23,FX_USD,1.3025772405022742,log,SYNTHETIC: seeded teaching dataset; not observed market data,2026-09-01T00:00:00+00:00
2026-02-24,FX_USD,1.2907260072922402,log,SYNTHETIC: seeded teaching dataset; not observed market data,2026-09-01T00:00:00+00:00
2026-02-25,FX_USD,1.2940568130814396,log,SYNTHETIC: seeded teaching dataset; not observed market data,2026-09-01T00:00:00+00:00
2026-02-26,FX_USD,1.2940049388409345,log,SYNTHETIC: seeded teaching dataset; not observed market data,2026-09-01T00:00:00+00:00
2026-02-27,FX_USD,1.3025459311689611,log,SYNTHETIC: seeded teaching dataset; not observed market data,2026-09-01T00:00:00+00:00
2026-03-02,FX_USD,1.2968131225037418,log,SYNTHETIC: seeded teaching dataset; not observed market data,2026-09-01T00:00:00+00:00
2026-03-03,FX_USD,1.2948463651508626,log,SYNTHETIC: seeded teaching dataset; not observed market data,2026-09-01T00:00:00+00:00
2026-03-04,FX_USD,1.305131873310007,log,SYNTHETIC: seeded teaching dataset; not observed market data,2026-09-01T00:00:00+00:00
2026-03-05,FX_USD,1.2992187773005972,log,SYNTHETIC: seeded teaching dataset; not observed market data,2026-09-01T00:00:00+00:00
2026-03-06,FX_USD,1.29540678790977,log,SYNTHETIC: seeded teaching dataset; not observed market data,2026-09-01T00:00:00+00:00
2026-03-09,FX_USD,1.2892324207433932,log,SYNTHETIC: seeded teaching dataset; not observed market data,2026-09-01T00:00:00+00:00
2026-03-10,FX_USD,1.2869703960719825,log,SYNTHETIC: seeded teaching dataset; not observed market data,2026-09-01T00:00:00+00:00
2026-03-11,FX_USD,1.3019545915820232,log,SYNTHETIC: seeded teaching dataset; not observed market data,2026-09-01T00:00:00+00:00
2026-03-12,FX_USD,1.318760846438315,log,SYNTHETIC: seeded teaching dataset; not observed market data,2026-09-01T00:00:00+00:00
2026-03-13,FX_USD,1.3239357972182515,log,SYNTHETIC: seeded teaching dataset; not observed market data,2026-09-01T00:00:00+00:00
2026-03-16,FX_USD,1.3132770108164529,log,SYNTHETIC: seeded teaching dataset; not observed market data,2026-09-01T00:00:00+00:00
2026-03-17,FX_USD,1.3099776694386385,log,SYNTHETIC: seeded teaching dataset; not observed market data,2026-09-01T00:00:00+00:00
2026-03-18,FX_USD,1.3098679511226043,log,SYNTHETIC: seeded teaching dataset; not observed market data,2026-09-01T00:00:00+00:00
2026-03-19,FX_USD,1.31189518954006,log,SYNTHETIC: seeded teaching dataset; not observed market data,2026-09-01T00:00:00+00:00
2026-03-20,FX_USD,1.3096764283990685,log,SYNTHETIC: seeded teaching dataset; not observed market data,2026-09-01T00:00:00+00:00
2026-03-23,FX_USD,1.3026037380679947,log,SYNTHETIC: seeded teaching dataset; not observed market data,2026-09-01T00:00:00+00:00
2026-03-24,FX_USD,1.3036308095398674,log,SYNTHETIC: seeded teaching dataset; not observed market data,2026-09-01T00:00:00+00:00
2026-03-25,FX_USD,1.3057596167101477,log,SYNTHETIC: seeded teaching dataset; not observed market data,2026-09-01T00:00:00+00:00
2026-03-26,FX_USD,1.3155119726526383,log,SYNTHETIC: seeded teaching dataset; not observed market data,2026-09-01T00:00:00+00:00
2026-03-27,FX_USD,1.3157596016813624,log,SYNTHETIC: seeded teaching dataset; not observed market data,2026-09-01T00:00:00+00:00
2026-03-30,FX_USD,1.3276624390969973,log,SYNTHETIC: seeded teaching dataset; not observed market data,2026-09-01T00:00:00+00:00
2026-03-31,FX_USD,1.3208609409433143,log,SYNTHETIC: seeded teaching dataset; not observed market data,2026-09-01T00:00:00+00:00
2026-04-01,FX_USD,1.3332379041066753,log,SYNTHETIC: seeded teaching dataset; not observed market data,2026-09-01T00:00:00+00:00
2026-04-02,FX_USD,1.320360538620334,log,SYNTHETIC: seeded teaching dataset; not observed market data,2026-09-01T00:00:00+00:00
2026-04-03,FX_USD,1.3200496604239107,log,SYNTHETIC: seeded teaching dataset; not observed market data,2026-09-01T00:00:00+00:00
2026-04-06,FX_USD,1.3083587028257055,log,SYNTHETIC: seeded teaching dataset; not observed market data,2026-09-01T00:00:00+00:00
2026-04-07,FX_USD,1.3082998809723725,log,SYNTHETIC: seeded teaching dataset; not observed market data,2026-09-01T00:00:00+00:00
2026-04-08,FX_USD,1.3049133466256304,log,SYNTHETIC: seeded teaching dataset; not observed market data,2026-09-01T00:00:00+00:00
2026-04-09,FX_USD,1.3009691685002207,log,SYNTHETIC: seeded teaching dataset; not observed market data,2026-09-01T00:00:00+00:00
2026-04-10,FX_USD,1.3014902099025145,log,SYNTHETIC: seeded teaching dataset; not observed market data,2026-09-01T00:00:00+00:00
2026-04-13,FX_USD,1.3013451994499812,log,SYNTHETIC: seeded teaching dataset; not observed market data,2026-09-01T00:00:00+00:00
2026-04-14,FX_USD,1.2957097608339598,log,SYNTHETIC: seeded teaching dataset; not observed market data,2026-09-01T00:00:00+00:00
2026-04-15,FX_USD,1.300521293064111,log,SYNTHETIC: seeded teaching dataset; not observed market data,2026-09-01T00:00:00+00:00
2026-04-16,FX_USD,1.3003091244314644,log,SYNTHETIC: seeded teaching dataset; not observed market data,2026-09-01T00:00:00+00:00
2026-04-17,FX_USD,1.3041903044638663,log,SYNTHETIC: seeded teaching dataset; not observed market data,2026-09-01T00:00:00+00:00
2026-04-20,FX_USD,1.3033493537410772,log,SYNTHETIC: seeded teaching dataset; not observed market data,2026-09-01T00:00:00+00:00
2026-04-21,FX_USD,1.3033799132648978,log,SYNTHETIC: seeded teaching dataset; not observed market data,2026-09-01T00:00:00+00:00
2026-04-22,FX_USD,1.295248890311109,log,SYNTHETIC: seeded teaching dataset; not observed market data,2026-09-01T00:00:00+00:00
2026-04-23,FX_USD,1.3059694786844023,log,SYNTHETIC: seeded teaching dataset; not observed market data,2026-09-01T00:00:00+00:00
2026-04-24,FX_USD,1.3088960286608489,log,SYNTHETIC: seeded teaching dataset; not observed market data,2026-09-01T00:00:00+00:00
2026-04-27,FX_USD,1.3059272741171426,log,SYNTHETIC: seeded teaching dataset; not observed market data,2026-09-01T00:00:00+00:00
2026-04-28,FX_USD,1.312447109357869,log,SYNTHETIC: seeded teaching dataset; not observed market data,2026-09-01T00:00:00+00:00
2026-04-29,FX_USD,1.304041282066718,log,SYNTHETIC: seeded teaching dataset; not observed market data,2026-09-01T00:00:00+00:00
2026-04-30,FX_USD,1.3083056542609006,log,SYNTHETIC: seeded teaching dataset; not observed market data,2026-09-01T00:00:00+00:00
2026-05-01,FX_USD,1.2943605100225415,log,SYNTHETIC: seeded teaching dataset; not observed market data,2026-09-01T00:00:00+00:00
2026-05-04,FX_USD,1.3010256084677483,log,SYNTHETIC: seeded teaching dataset; not observed market data,2026-09-01T00:00:00+00:00
2026-05-05,FX_USD,1.3080444481230815,log,SYNTHETIC: seeded teaching dataset; not observed market data,2026-09-01T00:00:00+00:00
2026-05-06,FX_USD,1.309864013652198,log,SYNTHETIC: seeded teaching dataset; not observed market data,2026-09-01T00:00:00+00:00
2026-05-07,FX_USD,1.3033529998618483,log,SYNTHETIC: seeded teaching dataset; not observed market data,2026-09-01T00:00:00+00:00
2026-05-08,FX_USD,1.3065652197631517,log,SYNTHETIC: seeded teaching dataset; not observed market data,2026-09-01T00:00:00+00:00
2026-05-11,FX_USD,1.3071847226634437,log,SYNTHETIC: seeded teaching dataset; not observed market data,2026-09-01T00:00:00+00:00
2026-05-12,FX_USD,1.299490804484217,log,SYNTHETIC: seeded teaching dataset; not observed market data,2026-09-01T00:00:00+00:00
2026-05-13,FX_USD,1.2978776423970795,log,SYNTHETIC: seeded teaching dataset; not observed market data,2026-09-01T00:00:00+00:00
2026-05-14,FX_USD,1.2819895257094995,log,SYNTHETIC: seeded teaching dataset; not observed market data,2026-09-01T00:00:00+00:00
2026-05-15,FX_USD,1.2742242578338496,log,SYNTHETIC: seeded teaching dataset; not observed market data,2026-09-01T00:00:00+00:00
2026-05-18,FX_USD,1.2771567397597499,log,SYNTHETIC: seeded teaching dataset; not observed market data,2026-09-01T00:00:00+00:00
2026-05-19,FX_USD,1.2807583270165093,log,SYNTHETIC: seeded teaching dataset; not observed market data,2026-09-01T00:00:00+00:00
2026-05-20,FX_USD,1.285545189946633,log,SYNTHETIC: seeded teaching dataset; not observed market data,2026-09-01T00:00:00+00:00
2026-05-21,FX_USD,1.2811997534633188,log,SYNTHETIC: seeded teaching dataset; not observed market data,2026-09-01T00:00:00+00:00
2026-05-22,FX_USD,1.2735559876347828,log,SYNTHETIC: seeded teaching dataset; not observed market data,2026-09-01T00:00:00+00:00
2026-05-25,FX_USD,1.2809582714373935,log,SYNTHETIC: seeded teaching dataset; not observed market data,2026-09-01T00:00:00+00:00
2026-05-26,FX_USD,1.2824914136435488,log,SYNTHETIC: seeded teaching dataset; not observed market data,2026-09-01T00:00:00+00:00
2026-05-27,FX_USD,1.2762132374637474,log,SYNTHETIC: seeded teaching dataset; not observed market data,2026-09-01T00:00:00+00:00
2026-05-28,FX_USD,1.2827005751689602,log,SYNTHETIC: seeded teaching dataset; not observed market data,2026-09-01T00:00:00+00:00
2026-05-29,FX_USD,1.2878164635644298,log,SYNTHETIC: seeded teaching dataset; not observed market data,2026-09-01T00:00:00+00:00
2026-06-01,FX_USD,1.2786242169848951,log,SYNTHETIC: seeded teaching dataset; not observed market data,2026-09-01T00:00:00+00:00
2026-06-02,FX_USD,1.2740322536349293,log,SYNTHETIC: seeded teaching dataset; not observed market data,2026-09-01T00:00:00+00:00
2026-06-03,FX_USD,1.2821184242481314,log,SYNTHETIC: seeded teaching dataset; not observed market data,2026-09-01T00:00:00+00:00
2026-06-04,FX_USD,1.2825738040953458,log,SYNTHETIC: seeded teaching dataset; not observed market data,2026-09-01T00:00:00+00:00
2026-06-05,FX_USD,1.279335314825328,log,SYNTHETIC: seeded teaching dataset; not observed market data,2026-09-01T00:00:00+00:00
2026-06-08,FX_USD,1.2918706862187868,log,SYNTHETIC: seeded teaching dataset; not observed market data,2026-09-01T00:00:00+00:00
2026-06-09,FX_USD,1.2906598090655577,log,SYNTHETIC: seeded teaching dataset; not observed market data,2026-09-01T00:00:00+00:00
2026-06-10,FX_USD,1.2902110486001823,log,SYNTHETIC: seeded teaching dataset; not observed market data,2026-09-01T00:00:00+00:00
2026-06-11,FX_USD,1.2967497631875287,log,SYNTHETIC: seeded teaching dataset; not observed market data,2026-09-01T00:00:00+00:00
2026-06-12,FX_USD,1.2982275364865603,log,SYNTHETIC: seeded teaching dataset; not observed market data,2026-09-01T00:00:00+00:00
2026-06-15,FX_USD,1.2926821724900592,log,SYNTHETIC: seeded teaching dataset; not observed market data,2026-09-01T00:00:00+00:00
2026-06-16,FX_USD,1.3025135185079375,log,SYNTHETIC: seeded teaching dataset; not observed market data,2026-09-01T00:00:00+00:00
2026-06-17,FX_USD,1.308822902422995,log,SYNTHETIC: seeded teaching dataset; not observed market data,2026-09-01T00:00:00+00:00
2026-06-18,FX_USD,1.307864230653501,log,SYNTHETIC: seeded teaching dataset; not observed market data,2026-09-01T00:00:00+00:00
2026-06-19,FX_USD,1.3113172841588134,log,SYNTHETIC: seeded teaching dataset; not observed market data,2026-09-01T00:00:00+00:00
2026-06-22,FX_USD,1.309455769011884,log,SYNTHETIC: seeded teaching dataset; not observed market data,2026-09-01T00:00:00+00:00
2026-06-23,FX_USD,1.3043283837977822,log,SYNTHETIC: seeded teaching dataset; not observed market data,2026-09-01T00:00:00+00:00
2026-06-24,FX_USD,1.3101330596343326,log,SYNTHETIC: seeded teaching dataset; not observed market data,2026-09-01T00:00:00+00:00
2026-06-25,FX_USD,1.307664389872712,log,SYNTHETIC: seeded teaching dataset; not observed market data,2026-09-01T00:00:00+00:00
2026-06-26,FX_USD,1.3077677216875274,log,SYNTHETIC: seeded teaching dataset; not observed market data,2026-09-01T00:00:00+00:00
2026-06-29,FX_USD,1.2998782744327224,log,SYNTHETIC: seeded teaching dataset; not observed market data,2026-09-01T00:00:00+00:00
2026-06-30,FX_USD,1.3058467468775654,log,SYNTHETIC: seeded teaching dataset; not observed market data,2026-09-01T00:00:00+00:00
2026-07-01,FX_USD,1.294411226693185,log,SYNTHETIC: seeded teaching dataset; not observed market data,2026-09-01T00:00:00+00:00
2026-07-02,FX_USD,1.2896160624599509,log,SYNTHETIC: seeded teaching dataset; not observed market data,2026-09-01T00:00:00+00:00
2026-07-03,FX_USD,1.2978952668527077,log,SYNTHETIC: seeded teaching dataset; not observed market data,2026-09-01T00:00:00+00:00
2026-07-06,FX_USD,1.2939417341319204,log,SYNTHETIC: seeded teaching dataset; not observed market data,2026-09-01T00:00:00+00:00
2026-07-07,FX_USD,1.3087887922242656,log,SYNTHETIC: seeded teaching dataset; not observed market data,2026-09-01T00:00:00+00:00
2026-07-08,FX_USD,1.3024433717120387,log,SYNTHETIC: seeded teaching dataset; not observed market data,2026-09-01T00:00:00+00:00
2026-07-09,FX_USD,1.3005493297273714,log,SYNTHETIC: seeded teaching dataset; not observed market data,2026-09-01T00:00:00+00:00
2026-07-10,FX_USD,1.299315421615299,log,SYNTHETIC: seeded teaching dataset; not observed market data,2026-09-01T00:00:00+00:00
2026-07-13,FX_USD,1.3008535672241084,log,SYNTHETIC: seeded teaching dataset; not observed market data,2026-09-01T00:00:00+00:00
2026-07-14,FX_USD,1.3138242297824791,log,SYNTHETIC: seeded teaching dataset; not observed market data,2026-09-01T00:00:00+00:00
2026-07-15,FX_USD,1.3104673309196928,log,SYNTHETIC: seeded teaching dataset; not observed market data,2026-09-01T00:00:00+00:00
2026-07-16,FX_USD,1.3103958220751686,log,SYNTHETIC: seeded teaching dataset; not observed market data,2026-09-01T00:00:00+00:00
2026-07-17,FX_USD,1.3038799234643024,log,SYNTHETIC: seeded teaching dataset; not observed market data,2026-09-01T00:00:00+00:00
2026-07-20,FX_USD,1.304398587036345,log,SYNTHETIC: seeded teaching dataset; not observed market data,2026-09-01T00:00:00+00:00
2026-07-21,FX_USD,1.3108273012393872,log,SYNTHETIC: seeded teaching dataset; not observed market data,2026-09-01T00:00:00+00:00
2026-07-22,FX_USD,1.3062013985164196,log,SYNTHETIC: seeded teaching dataset; not observed market data,2026-09-01T00:00:00+00:00
2026-07-23,FX_USD,1.3060292319356674,log,SYNTHETIC: seeded teaching dataset; not observed market data,2026-09-01T00:00:00+00:00
2026-07-24,FX_USD,1.3063293930588795,log,SYNTHETIC: seeded teaching dataset; not observed market data,2026-09-01T00:00:00+00:00
2026-07-27,FX_USD,1.3153232988279915,log,SYNTHETIC: seeded teaching dataset; not observed market data,2026-09-01T00:00:00+00:00
2026-07-28,FX_USD,1.321369675010179,log,SYNTHETIC: seeded teaching dataset; not observed market data,2026-09-01T00:00:00+00:00
2026-07-29,FX_USD,1.3295097712610426,log,SYNTHETIC: seeded teaching dataset; not observed market data,2026-09-01T00:00:00+00:00
2026-07-30,FX_USD,1.3269517753270763,log,SYNTHETIC: seeded teaching dataset; not observed market data,2026-09-01T00:00:00+00:00
2026-07-31,FX_USD,1.3253608722768886,log,SYNTHETIC: seeded teaching dataset; not observed market data,2026-09-01T00:00:00+00:00
2026-08-03,FX_USD,1.3163425527357677,log,SYNTHETIC: seeded teaching dataset; not observed market data,2026-09-01T00:00:00+00:00
2026-08-04,FX_USD,1.3127707491881737,log,SYNTHETIC: seeded teaching dataset; not observed market data,2026-09-01T00:00:00+00:00
2026-08-05,FX_USD,1.3133373717790426,log,SYNTHETIC: seeded teaching dataset; not observed market data,2026-09-01T00:00:00+00:00
2026-08-06,FX_USD,1.3116135721638331,log,SYNTHETIC: seeded teaching dataset; not observed market data,2026-09-01T00:00:00+00:00
2026-08-07,FX_USD,1.3128369784604137,log,SYNTHETIC: seeded teaching dataset; not observed market data,2026-09-01T00:00:00+00:00
2026-08-10,FX_USD,1.3337701896854512,log,SYNTHETIC: seeded teaching dataset; not observed market data,2026-09-01T00:00:00+00:00
2026-08-11,FX_USD,1.3367082322428678,log,SYNTHETIC: seeded teaching dataset; not observed market data,2026-09-01T00:00:00+00:00
2026-08-12,FX_USD,1.3353678372437081,log,SYNTHETIC: seeded teaching dataset; not observed market data,2026-09-01T00:00:00+00:00
2026-08-13,FX_USD,1.3363726306570236,log,SYNTHETIC: seeded teaching dataset; not observed market data,2026-09-01T00:00:00+00:00
2026-08-14,FX_USD,1.3359982490348083,log,SYNTHETIC: seeded teaching dataset; not observed market data,2026-09-01T00:00:00+00:00
2026-08-17,FX_USD,1.3421451638424808,log,SYNTHETIC: seeded teaching dataset; not observed market data,2026-09-01T00:00:00+00:00
2026-08-18,FX_USD,1.3450310677765807,log,SYNTHETIC: seeded teaching dataset; not observed market data,2026-09-01T00:00:00+00:00
2026-08-19,FX_USD,1.3504419905406921,log,SYNTHETIC: seeded teaching dataset; not observed market data,2026-09-01T00:00:00+00:00
2026-08-20,FX_USD,1.3478173657288874,log,SYNTHETIC: seeded teaching dataset; not observed market data,2026-09-01T00:00:00+00:00
2026-08-21,FX_USD,1.34006542056452,log,SYNTHETIC: seeded teaching dataset; not observed market data,2026-09-01T00:00:00+00:00
2026-08-24,FX_USD,1.3479347324504622,log,SYNTHETIC: seeded teaching dataset; not observed market data,2026-09-01T00:00:00+00:00
2026-08-25,FX_USD,1.3469741708932899,log,SYNTHETIC: seeded teaching dataset; not observed market data,2026-09-01T00:00:00+00:00
2026-08-26,FX_USD,1.348685858496551,log,SYNTHETIC: seeded teaching dataset; not observed market data,2026-09-01T00:00:00+00:00
2026-08-27,FX_USD,1.3490668445264296,log,SYNTHETIC: seeded teaching dataset; not observed market data,2026-09-01T00:00:00+00:00
2026-08-28,FX_USD,1.3550094360183993,log,SYNTHETIC: seeded teaching dataset; not observed market data,2026-09-01T00:00:00+00:00
2026-08-31,FX_USD,1.36,log,SYNTHETIC: seeded teaching dataset; not observed market data,2026-09-01T00:00:00+00:00
2025-01-02,SPREAD_CA,0.0130545811471182,absolute,SYNTHETIC: seeded teaching dataset; not observed market data,2026-09-01T00:00:00+00:00
2025-01-03,SPREAD_CA,0.01270606953392798,absolute,SYNTHETIC: seeded teaching dataset; not observed market data,2026-09-01T00:00:00+00:00
2025-01-06,SPREAD_CA,0.012597116197432553,absolute,SYNTHETIC: seeded teaching dataset; not observed market data,2026-09-01T00:00:00+00:00
2025-01-07,SPREAD_CA,0.011892027436560712,absolute,SYNTHETIC: seeded teaching dataset; not observed market data,2026-09-01T00:00:00+00:00
2025-01-08,SPREAD_CA,0.012629156778192934,absolute,SYNTHETIC: seeded teaching dataset; not observed market data,2026-09-01T00:00:00+00:00
2025-01-09,SPREAD_CA,0.012627216918932795,absolute,SYNTHETIC: seeded teaching dataset; not observed market data,2026-09-01T00:00:00+00:00
2025-01-10,SPREAD_CA,0.012597704731099758,absolute,SYNTHETIC: seeded teaching dataset; not observed market data,2026-09-01T00:00:00+00:00
2025-01-13,SPREAD_CA,0.012124214750731891,absolute,SYNTHETIC: seeded teaching dataset; not observed market data,2026-09-01T00:00:00+00:00
2025-01-14,SPREAD_CA,0.012060026101730861,absolute,SYNTHETIC: seeded teaching dataset; not observed market data,2026-09-01T00:00:00+00:00
2025-01-15,SPREAD_CA,0.011633002450865508,absolute,SYNTHETIC: seeded teaching dataset; not observed market data,2026-09-01T00:00:00+00:00
2025-01-16,SPREAD_CA,0.011796429716908214,absolute,SYNTHETIC: seeded teaching dataset; not observed market data,2026-09-01T00:00:00+00:00
2025-01-17,SPREAD_CA,0.012157271030349161,absolute,SYNTHETIC: seeded teaching dataset; not observed market data,2026-09-01T00:00:00+00:00
2025-01-20,SPREAD_CA,0.012428666199119151,absolute,SYNTHETIC: seeded teaching dataset; not observed market data,2026-09-01T00:00:00+00:00
2025-01-21,SPREAD_CA,0.012652192170974836,absolute,SYNTHETIC: seeded teaching dataset; not observed market data,2026-09-01T00:00:00+00:00
2025-01-22,SPREAD_CA,0.012497266463512633,absolute,SYNTHETIC: seeded teaching dataset; not observed market data,2026-09-01T00:00:00+00:00
2025-01-23,SPREAD_CA,0.011834320845390541,absolute,SYNTHETIC: seeded teaching dataset; not observed market data,2026-09-01T00:00:00+00:00
2025-01-24,SPREAD_CA,0.011576627302366376,absolute,SYNTHETIC: seeded teaching dataset; not observed market data,2026-09-01T00:00:00+00:00
2025-01-27,SPREAD_CA,0.011676245759256548,absolute,SYNTHETIC: seeded teaching dataset; not observed market data,2026-09-01T00:00:00+00:00
2025-01-28,SPREAD_CA,0.01171729626445778,absolute,SYNTHETIC: seeded teaching dataset; not observed market data,2026-09-01T00:00:00+00:00
2025-01-29,SPREAD_CA,0.01141952334442422,absolute,SYNTHETIC: seeded teaching dataset; not observed market data,2026-09-01T00:00:00+00:00
2025-01-30,SPREAD_CA,0.011022903855893232,absolute,SYNTHETIC: seeded teaching dataset; not observed market data,2026-09-01T00:00:00+00:00
2025-01-31,SPREAD_CA,0.011001820242575358,absolute,SYNTHETIC: seeded teaching dataset; not observed market data,2026-09-01T00:00:00+00:00
2025-02-03,SPREAD_CA,0.010638317065963089,absolute,SYNTHETIC: seeded teaching dataset; not observed market data,2026-09-01T00:00:00+00:00
2025-02-04,SPREAD_CA,0.01051523445313836,absolute,SYNTHETIC: seeded teaching dataset; not observed market data,2026-09-01T00:00:00+00:00
2025-02-05,SPREAD_CA,0.011563417635614862,absolute,SYNTHETIC: seeded teaching dataset; not observed market data,2026-09-01T00:00:00+00:00
2025-02-06,SPREAD_CA,0.01140517037109609,absolute,SYNTHETIC: seeded teaching dataset; not observed market data,2026-09-01T00:00:00+00:00
2025-02-07,SPREAD_CA,0.011196466323899056,absolute,SYNTHETIC: seeded teaching dataset; not observed market data,2026-09-01T00:00:00+00:00
2025-02-10,SPREAD_CA,0.010966400392566359,absolute,SYNTHETIC: seeded teaching dataset; not observed market data,2026-09-01T00:00:00+00:00
2025-02-11,SPREAD_CA,0.011071392143180744,absolute,SYNTHETIC: seeded teaching dataset; not observed market data,2026-09-01T00:00:00+00:00
2025-02-12,SPREAD_CA,0.011158563390031408,absolute,SYNTHETIC: seeded teaching dataset; not observed market data,2026-09-01T00:00:00+00:00
2025-02-13,SPREAD_CA,0.011290957668174798,absolute,SYNTHETIC: seeded teaching dataset; not observed market data,2026-09-01T00:00:00+00:00
2025-02-14,SPREAD_CA,0.011422508822761896,absolute,SYNTHETIC: seeded teaching dataset; not observed market data,2026-09-01T00:00:00+00:00
2025-02-17,SPREAD_CA,0.011263093626080238,absolute,SYNTHETIC: seeded teaching dataset; not observed market data,2026-09-01T00:00:00+00:00
2025-02-18,SPREAD_CA,0.011420080659659455,absolute,SYNTHETIC: seeded teaching dataset; not observed market data,2026-09-01T00:00:00+00:00
2025-02-19,SPREAD_CA,0.011674310534918738,absolute,SYNTHETIC: seeded teaching dataset; not observed market data,2026-09-01T00:00:00+00:00
2025-02-20,SPREAD_CA,0.011936770541835572,absolute,SYNTHETIC: seeded teaching dataset; not observed market data,2026-09-01T00:00:00+00:00
2025-02-21,SPREAD_CA,0.012103973959253346,absolute,SYNTHETIC: seeded teaching dataset; not observed market data,2026-09-01T00:00:00+00:00
2025-02-24,SPREAD_CA,0.012283899307923028,absolute,SYNTHETIC: seeded teaching dataset; not observed market data,2026-09-01T00:00:00+00:00
2025-02-25,SPREAD_CA,0.012685062687741009,absolute,SYNTHETIC: seeded teaching dataset; not observed market data,2026-09-01T00:00:00+00:00
2025-02-26,SPREAD_CA,0.012435459770439706,absolute,SYNTHETIC: seeded teaching dataset; not observed market data,2026-09-01T00:00:00+00:00
2025-02-27,SPREAD_CA,0.01226163696018676,absolute,SYNTHETIC: seeded teaching dataset; not observed market data,2026-09-01T00:00:00+00:00
2025-02-28,SPREAD_CA,0.012443205809005405,absolute,SYNTHETIC: seeded teaching dataset; not observed market data,2026-09-01T00:00:00+00:00
2025-03-03,SPREAD_CA,0.01282022560761266,absolute,SYNTHETIC: seeded teaching dataset; not observed market data,2026-09-01T00:00:00+00:00
2025-03-04,SPREAD_CA,0.012902520938869786,absolute,SYNTHETIC: seeded teaching dataset; not observed market data,2026-09-01T00:00:00+00:00
2025-03-05,SPREAD_CA,0.012209978820684426,absolute,SYNTHETIC: seeded teaching dataset; not observed market data,2026-09-01T00:00:00+00:00
2025-03-06,SPREAD_CA,0.012334439860022722,absolute,SYNTHETIC: seeded teaching dataset; not observed market data,2026-09-01T00:00:00+00:00
2025-03-07,SPREAD_CA,0.01243699350720013,absolute,SYNTHETIC: seeded teaching dataset; not observed market data,2026-09-01T00:00:00+00:00
2025-03-10,SPREAD_CA,0.01242245682222787,absolute,SYNTHETIC: seeded teaching dataset; not observed market data,2026-09-01T00:00:00+00:00
2025-03-11,SPREAD_CA,0.012440607370355645,absolute,SYNTHETIC: seeded teaching dataset; not observed market data,2026-09-01T00:00:00+00:00
2025-03-12,SPREAD_CA,0.012684123158438892,absolute,SYNTHETIC: seeded teaching dataset; not observed market data,2026-09-01T00:00:00+00:00
2025-03-13,SPREAD_CA,0.012799454849244666,absolute,SYNTHETIC: seeded teaching dataset; not observed market data,2026-09-01T00:00:00+00:00
2025-03-14,SPREAD_CA,0.01293089127078501,absolute,SYNTHETIC: seeded teaching dataset; not observed market data,2026-09-01T00:00:00+00:00
2025-03-17,SPREAD_CA,0.012817968484676683,absolute,SYNTHETIC: seeded teaching dataset; not observed market data,2026-09-01T00:00:00+00:00
2025-03-18,SPREAD_CA,0.012690824750813328,absolute,SYNTHETIC: seeded teaching dataset; not observed market data,2026-09-01T00:00:00+00:00
2025-03-19,SPREAD_CA,0.012971197460551956,absolute,SYNTHETIC: seeded teaching dataset; not observed market data,2026-09-01T00:00:00+00:00
2025-03-20,SPREAD_CA,0.01285787919892978,absolute,SYNTHETIC: seeded teaching dataset; not observed market data,2026-09-01T00:00:00+00:00
2025-03-21,SPREAD_CA,0.01293486872124872,absolute,SYNTHETIC: seeded teaching dataset; not observed market data,2026-09-01T00:00:00+00:00
2025-03-24,SPREAD_CA,0.012601207953845674,absolute,SYNTHETIC: seeded teaching dataset; not observed market data,2026-09-01T00:00:00+00:00
2025-03-25,SPREAD_CA,0.012368842064720702,absolute,SYNTHETIC: seeded teaching dataset; not observed market data,2026-09-01T00:00:00+00:00
2025-03-26,SPREAD_CA,0.01258388969682706,absolute,SYNTHETIC: seeded teaching dataset; not observed market data,2026-09-01T00:00:00+00:00
2025-03-27,SPREAD_CA,0.012746278871210536,absolute,SYNTHETIC: seeded teaching dataset; not observed market data,2026-09-01T00:00:00+00:00
2025-03-28,SPREAD_CA,0.01332021855778996,absolute,SYNTHETIC: seeded teaching dataset; not observed market data,2026-09-01T00:00:00+00:00
2025-03-31,SPREAD_CA,0.013207114752765816,absolute,SYNTHETIC: seeded teaching dataset; not observed market data,2026-09-01T00:00:00+00:00
2025-04-01,SPREAD_CA,0.013871945275527098,absolute,SYNTHETIC: seeded teaching dataset; not observed market data,2026-09-01T00:00:00+00:00
2025-04-02,SPREAD_CA,0.013935624892454049,absolute,SYNTHETIC: seeded teaching dataset; not observed market data,2026-09-01T00:00:00+00:00
2025-04-03,SPREAD_CA,0.014001164662761415,absolute,SYNTHETIC: seeded teaching dataset; not observed market data,2026-09-01T00:00:00+00:00
2025-04-04,SPREAD_CA,0.01392245663248642,absolute,SYNTHETIC: seeded teaching dataset; not observed market data,2026-09-01T00:00:00+00:00
2025-04-07,SPREAD_CA,0.01364923988968901,absolute,SYNTHETIC: seeded teaching dataset; not observed market data,2026-09-01T00:00:00+00:00
2025-04-08,SPREAD_CA,0.013514866186811181,absolute,SYNTHETIC: seeded teaching dataset; not observed market data,2026-09-01T00:00:00+00:00
2025-04-09,SPREAD_CA,0.013412166247666158,absolute,SYNTHETIC: seeded teaching dataset; not observed market data,2026-09-01T00:00:00+00:00
2025-04-10,SPREAD_CA,0.013198971786042495,absolute,SYNTHETIC: seeded teaching dataset; not observed market data,2026-09-01T00:00:00+00:00
2025-04-11,SPREAD_CA,0.013395705309626735,absolute,SYNTHETIC: seeded teaching dataset; not observed market data,2026-09-01T00:00:00+00:00
2025-04-14,SPREAD_CA,0.013638368324552813,absolute,SYNTHETIC: seeded teaching dataset; not observed market data,2026-09-01T00:00:00+00:00
2025-04-15,SPREAD_CA,0.013214919749667757,absolute,SYNTHETIC: seeded teaching dataset; not observed market data,2026-09-01T00:00:00+00:00
2025-04-16,SPREAD_CA,0.01364868364052458,absolute,SYNTHETIC: seeded teaching dataset; not observed market data,2026-09-01T00:00:00+00:00
2025-04-17,SPREAD_CA,0.013414269662836154,absolute,SYNTHETIC: seeded teaching dataset; not observed market data,2026-09-01T00:00:00+00:00
2025-04-18,SPREAD_CA,0.013026499163383349,absolute,SYNTHETIC: seeded teaching dataset; not observed market data,2026-09-01T00:00:00+00:00
2025-04-21,SPREAD_CA,0.012686995937577746,absolute,SYNTHETIC: seeded teaching dataset; not observed market data,2026-09-01T00:00:00+00:00
2025-04-22,SPREAD_CA,0.013377653897743404,absolute,SYNTHETIC: seeded teaching dataset; not observed market data,2026-09-01T00:00:00+00:00
2025-04-23,SPREAD_CA,0.013144397075108446,absolute,SYNTHETIC: seeded teaching dataset; not observed market data,2026-09-01T00:00:00+00:00
2025-04-24,SPREAD_CA,0.013499349100006768,absolute,SYNTHETIC: seeded teaching dataset; not observed market data,2026-09-01T00:00:00+00:00
2025-04-25,SPREAD_CA,0.01285561717729657,absolute,SYNTHETIC: seeded teaching dataset; not observed market data,2026-09-01T00:00:00+00:00
2025-04-28,SPREAD_CA,0.013145014744966122,absolute,SYNTHETIC: seeded teaching dataset; not observed market data,2026-09-01T00:00:00+00:00
2025-04-29,SPREAD_CA,0.013125016564102941,absolute,SYNTHETIC: seeded teaching dataset; not observed market data,2026-09-01T00:00:00+00:00
2025-04-30,SPREAD_CA,0.012884352956790458,absolute,SYNTHETIC: seeded teaching dataset; not observed market data,2026-09-01T00:00:00+00:00
2025-05-01,SPREAD_CA,0.01326287210345545,absolute,SYNTHETIC: seeded teaching dataset; not observed market data,2026-09-01T00:00:00+00:00
2025-05-02,SPREAD_CA,0.01249579653480902,absolute,SYNTHETIC: seeded teaching dataset; not observed market data,2026-09-01T00:00:00+00:00
2025-05-05,SPREAD_CA,0.01231368993939575,absolute,SYNTHETIC: seeded teaching dataset; not observed market data,2026-09-01T00:00:00+00:00
2025-05-06,SPREAD_CA,0.012256650387596057,absolute,SYNTHETIC: seeded teaching dataset; not observed market data,2026-09-01T00:00:00+00:00
2025-05-07,SPREAD_CA,0.012144527680013544,absolute,SYNTHETIC: seeded teaching dataset; not observed market data,2026-09-01T00:00:00+00:00
2025-05-08,SPREAD_CA,0.011837009583009319,absolute,SYNTHETIC: seeded teaching dataset; not observed market data,2026-09-01T00:00:00+00:00
2025-05-09,SPREAD_CA,0.011548478249330259,absolute,SYNTHETIC: seeded teaching dataset; not observed market data,2026-09-01T00:00:00+00:00
2025-05-12,SPREAD_CA,0.01136531648161732,absolute,SYNTHETIC: seeded teaching dataset; not observed market data,2026-09-01T00:00:00+00:00
2025-05-13,SPREAD_CA,0.011680590299403172,absolute,SYNTHETIC: seeded teaching dataset; not observed market data,2026-09-01T00:00:00+00:00
2025-05-14,SPREAD_CA,0.011530057343125687,absolute,SYNTHETIC: seeded teaching dataset; not observed market data,2026-09-01T00:00:00+00:00
2025-05-15,SPREAD_CA,0.011488993301537867,absolute,SYNTHETIC: seeded teaching dataset; not observed market data,2026-09-01T00:00:00+00:00
2025-05-16,SPREAD_CA,0.010872490284313401,absolute,SYNTHETIC: seeded teaching dataset; not observed market data,2026-09-01T00:00:00+00:00
2025-05-19,SPREAD_CA,0.010738724925486474,absolute,SYNTHETIC: seeded teaching dataset; not observed market data,2026-09-01T00:00:00+00:00
2025-05-20,SPREAD_CA,0.010629354231556467,absolute,SYNTHETIC: seeded teaching dataset; not observed market data,2026-09-01T00:00:00+00:00
2025-05-21,SPREAD_CA,0.010455003651212182,absolute,SYNTHETIC: seeded teaching dataset; not observed market data,2026-09-01T00:00:00+00:00
2025-05-22,SPREAD_CA,0.010718631303153228,absolute,SYNTHETIC: seeded teaching dataset; not observed market data,2026-09-01T00:00:00+00:00
2025-05-23,SPREAD_CA,0.011068180753062528,absolute,SYNTHETIC: seeded teaching dataset; not observed market data,2026-09-01T00:00:00+00:00
2025-05-26,SPREAD_CA,0.01126641040182897,absolute,SYNTHETIC: seeded teaching dataset; not observed market data,2026-09-01T00:00:00+00:00
2025-05-27,SPREAD_CA,0.01140282318827912,absolute,SYNTHETIC: seeded teaching dataset; not observed market data,2026-09-01T00:00:00+00:00
2025-05-28,SPREAD_CA,0.011331366010635797,absolute,SYNTHETIC: seeded teaching dataset; not observed market data,2026-09-01T00:00:00+00:00
2025-05-29,SPREAD_CA,0.011513950700989175,absolute,SYNTHETIC: seeded teaching dataset; not observed market data,2026-09-01T00:00:00+00:00
2025-05-30,SPREAD_CA,0.01180331216139441,absolute,SYNTHETIC: seeded teaching dataset; not observed market data,2026-09-01T00:00:00+00:00
2025-06-02,SPREAD_CA,0.011847466669048403,absolute,SYNTHETIC: seeded teaching dataset; not observed market data,2026-09-01T00:00:00+00:00
2025-06-03,SPREAD_CA,0.01209433220705669,absolute,SYNTHETIC: seeded teaching dataset; not observed market data,2026-09-01T00:00:00+00:00
2025-06-04,SPREAD_CA,0.011969949278594147,absolute,SYNTHETIC: seeded teaching dataset; not observed market data,2026-09-01T00:00:00+00:00
2025-06-05,SPREAD_CA,0.011544617533103457,absolute,SYNTHETIC: seeded teaching dataset; not observed market data,2026-09-01T00:00:00+00:00
2025-06-06,SPREAD_CA,0.011491996145660743,absolute,SYNTHETIC: seeded teaching dataset; not observed market data,2026-09-01T00:00:00+00:00
2025-06-09,SPREAD_CA,0.011993871961007811,absolute,SYNTHETIC: seeded teaching dataset; not observed market data,2026-09-01T00:00:00+00:00
2025-06-10,SPREAD_CA,0.012069686190967054,absolute,SYNTHETIC: seeded teaching dataset; not observed market data,2026-09-01T00:00:00+00:00
2025-06-11,SPREAD_CA,0.011819227070014506,absolute,SYNTHETIC: seeded teaching dataset; not observed market data,2026-09-01T00:00:00+00:00
2025-06-12,SPREAD_CA,0.011396159563470051,absolute,SYNTHETIC: seeded teaching dataset; not observed market data,2026-09-01T00:00:00+00:00
2025-06-13,SPREAD_CA,0.011193056167723918,absolute,SYNTHETIC: seeded teaching dataset; not observed market data,2026-09-01T00:00:00+00:00
2025-06-16,SPREAD_CA,0.01151595534782142,absolute,SYNTHETIC: seeded teaching dataset; not observed market data,2026-09-01T00:00:00+00:00
2025-06-17,SPREAD_CA,0.011557760498620749,absolute,SYNTHETIC: seeded teaching dataset; not observed market data,2026-09-01T00:00:00+00:00
2025-06-18,SPREAD_CA,0.011609917645736694,absolute,SYNTHETIC: seeded teaching dataset; not observed market data,2026-09-01T00:00:00+00:00
2025-06-19,SPREAD_CA,0.012187162586948545,absolute,SYNTHETIC: seeded teaching dataset; not observed market data,2026-09-01T00:00:00+00:00
2025-06-20,SPREAD_CA,0.012236871935172701,absolute,SYNTHETIC: seeded teaching dataset; not observed market data,2026-09-01T00:00:00+00:00
2025-06-23,SPREAD_CA,0.011801891424140117,absolute,SYNTHETIC: seeded teaching dataset; not observed market data,2026-09-01T00:00:00+00:00
2025-06-24,SPREAD_CA,0.011872631790472614,absolute,SYNTHETIC: seeded teaching dataset; not observed market data,2026-09-01T00:00:00+00:00
2025-06-25,SPREAD_CA,0.012274418833627974,absolute,SYNTHETIC: seeded teaching dataset; not observed market data,2026-09-01T00:00:00+00:00
2025-06-26,SPREAD_CA,0.01250412298461754,absolute,SYNTHETIC: seeded teaching dataset; not observed market data,2026-09-01T00:00:00+00:00
2025-06-27,SPREAD_CA,0.012846872707006646,absolute,SYNTHETIC: seeded teaching dataset; not observed market data,2026-09-01T00:00:00+00:00
2025-06-30,SPREAD_CA,0.012593818664700171,absolute,SYNTHETIC: seeded teaching dataset; not observed market data,2026-09-01T00:00:00+00:00
2025-07-01,SPREAD_CA,0.012753769291569116,absolute,SYNTHETIC: seeded teaching dataset; not observed market data,2026-09-01T00:00:00+00:00
2025-07-02,SPREAD_CA,0.012188695110846328,absolute,SYNTHETIC: seeded teaching dataset; not observed market data,2026-09-01T00:00:00+00:00
2025-07-03,SPREAD_CA,0.012506093386195995,absolute,SYNTHETIC: seeded teaching dataset; not observed market data,2026-09-01T00:00:00+00:00
2025-07-04,SPREAD_CA,0.01227176963061527,absolute,SYNTHETIC: seeded teaching dataset; not observed market data,2026-09-01T00:00:00+00:00
2025-07-07,SPREAD_CA,0.012176431354748891,absolute,SYNTHETIC: seeded teaching dataset; not observed market data,2026-09-01T00:00:00+00:00
2025-07-08,SPREAD_CA,0.012038302609939818,absolute,SYNTHETIC: seeded teaching dataset; not observed market data,2026-09-01T00:00:00+00:00
2025-07-09,SPREAD_CA,0.012256557052613163,absolute,SYNTHETIC: seeded teaching dataset; not observed market data,2026-09-01T00:00:00+00:00
2025-07-10,SPREAD_CA,0.012697624626399283,absolute,SYNTHETIC: seeded teaching dataset; not observed market data,2026-09-01T00:00:00+00:00
2025-07-11,SPREAD_CA,0.012705185260199797,absolute,SYNTHETIC: seeded teaching dataset; not observed market data,2026-09-01T00:00:00+00:00
2025-07-14,SPREAD_CA,0.01202103255081145,absolute,SYNTHETIC: seeded teaching dataset; not observed market data,2026-09-01T00:00:00+00:00
2025-07-15,SPREAD_CA,0.01191490916765714,absolute,SYNTHETIC: seeded teaching dataset; not observed market data,2026-09-01T00:00:00+00:00
2025-07-16,SPREAD_CA,0.012029195491827117,absolute,SYNTHETIC: seeded teaching dataset; not observed market data,2026-09-01T00:00:00+00:00
2025-07-17,SPREAD_CA,0.011854780631088186,absolute,SYNTHETIC: seeded teaching dataset; not observed market data,2026-09-01T00:00:00+00:00
2025-07-18,SPREAD_CA,0.01176582287736248,absolute,SYNTHETIC: seeded teaching dataset; not observed market data,2026-09-01T00:00:00+00:00
2025-07-21,SPREAD_CA,0.012227351738756515,absolute,SYNTHETIC: seeded teaching dataset; not observed market data,2026-09-01T00:00:00+00:00
2025-07-22,SPREAD_CA,0.01262751338831519,absolute,SYNTHETIC: seeded teaching dataset; not observed market data,2026-09-01T00:00:00+00:00
2025-07-23,SPREAD_CA,0.013249739294392283,absolute,SYNTHETIC: seeded teaching dataset; not observed market data,2026-09-01T00:00:00+00:00
2025-07-24,SPREAD_CA,0.013569714588491072,absolute,SYNTHETIC: seeded teaching dataset; not observed market data,2026-09-01T00:00:00+00:00
2025-07-25,SPREAD_CA,0.013559490836522158,absolute,SYNTHETIC: seeded teaching dataset; not observed market data,2026-09-01T00:00:00+00:00
2025-07-28,SPREAD_CA,0.013421584102316933,absolute,SYNTHETIC: seeded teaching dataset; not observed market data,2026-09-01T00:00:00+00:00
2025-07-29,SPREAD_CA,0.013599383599430654,absolute,SYNTHETIC: seeded teaching dataset; not observed market data,2026-09-01T00:00:00+00:00
2025-07-30,SPREAD_CA,0.012992192289221995,absolute,SYNTHETIC: seeded teaching dataset; not observed market data,2026-09-01T00:00:00+00:00
2025-07-31,SPREAD_CA,0.01322457952588963,absolute,SYNTHETIC: seeded teaching dataset; not observed market data,2026-09-01T00:00:00+00:00
2025-08-01,SPREAD_CA,0.0132269624209001,absolute,SYNTHETIC: seeded teaching dataset; not observed market data,2026-09-01T00:00:00+00:00
2025-08-04,SPREAD_CA,0.013439193062484898,absolute,SYNTHETIC: seeded teaching dataset; not observed market data,2026-09-01T00:00:00+00:00
2025-08-05,SPREAD_CA,0.013604999021467674,absolute,SYNTHETIC: seeded teaching dataset; not observed market data,2026-09-01T00:00:00+00:00
2025-08-06,SPREAD_CA,0.013435873694165018,absolute,SYNTHETIC: seeded teaching dataset; not observed market data,2026-09-01T00:00:00+00:00
2025-08-07,SPREAD_CA,0.012926126294179746,absolute,SYNTHETIC: seeded teaching dataset; not observed market data,2026-09-01T00:00:00+00:00
2025-08-08,SPREAD_CA,0.013009424711378207,absolute,SYNTHETIC: seeded teaching dataset; not observed market data,2026-09-01T00:00:00+00:00
2025-08-11,SPREAD_CA,0.013035467402217591,absolute,SYNTHETIC: seeded teaching dataset; not observed market data,2026-09-01T00:00:00+00:00
2025-08-12,SPREAD_CA,0.012956130592820338,absolute,SYNTHETIC: seeded teaching dataset; not observed market data,2026-09-01T00:00:00+00:00
2025-08-13,SPREAD_CA,0.012906385009006606,absolute,SYNTHETIC: seeded teaching dataset; not observed market data,2026-09-01T00:00:00+00:00
2025-08-14,SPREAD_CA,0.013661500425821732,absolute,SYNTHETIC: seeded teaching dataset; not observed market data,2026-09-01T00:00:00+00:00
2025-08-15,SPREAD_CA,0.013563316598193143,absolute,SYNTHETIC: seeded teaching dataset; not observed market data,2026-09-01T00:00:00+00:00
2025-08-18,SPREAD_CA,0.013846160798517478,absolute,SYNTHETIC: seeded teaching dataset; not observed market data,2026-09-01T00:00:00+00:00
2025-08-19,SPREAD_CA,0.01344524430334123,absolute,SYNTHETIC: seeded teaching dataset; not observed market data,2026-09-01T00:00:00+00:00
2025-08-20,SPREAD_CA,0.01310797671211469,absolute,SYNTHETIC: seeded teaching dataset; not observed market data,2026-09-01T00:00:00+00:00
2025-08-21,SPREAD_CA,0.013369628940039468,absolute,SYNTHETIC: seeded teaching dataset; not observed market data,2026-09-01T00:00:00+00:00
2025-08-22,SPREAD_CA,0.01364822918696466,absolute,SYNTHETIC: seeded teaching dataset; not observed market data,2026-09-01T00:00:00+00:00
2025-08-25,SPREAD_CA,0.01319477976131987,absolute,SYNTHETIC: seeded teaching dataset; not observed market data,2026-09-01T00:00:00+00:00
2025-08-26,SPREAD_CA,0.012884838722715434,absolute,SYNTHETIC: seeded teaching dataset; not observed market data,2026-09-01T00:00:00+00:00
2025-08-27,SPREAD_CA,0.012884604189340265,absolute,SYNTHETIC: seeded teaching dataset; not observed market data,2026-09-01T00:00:00+00:00
2025-08-28,SPREAD_CA,0.012561837962126328,absolute,SYNTHETIC: seeded teaching dataset; not observed market data,2026-09-01T00:00:00+00:00
2025-08-29,SPREAD_CA,0.012226371785184615,absolute,SYNTHETIC: seeded teaching dataset; not observed market data,2026-09-01T00:00:00+00:00
2025-09-01,SPREAD_CA,0.012200529894905703,absolute,SYNTHETIC: seeded teaching dataset; not observed market data,2026-09-01T00:00:00+00:00
2025-09-02,SPREAD_CA,0.012086153718641234,absolute,SYNTHETIC: seeded teaching dataset; not observed market data,2026-09-01T00:00:00+00:00
2025-09-03,SPREAD_CA,0.012261832295451233,absolute,SYNTHETIC: seeded teaching dataset; not observed market data,2026-09-01T00:00:00+00:00
2025-09-04,SPREAD_CA,0.012463344293923305,absolute,SYNTHETIC: seeded teaching dataset; not observed market data,2026-09-01T00:00:00+00:00
2025-09-05,SPREAD_CA,0.012274270428941752,absolute,SYNTHETIC: seeded teaching dataset; not observed market data,2026-09-01T00:00:00+00:00
2025-09-08,SPREAD_CA,0.011830373588206728,absolute,SYNTHETIC: seeded teaching dataset; not observed market data,2026-09-01T00:00:00+00:00
2025-09-09,SPREAD_CA,0.01182583157978278,absolute,SYNTHETIC: seeded teaching dataset; not observed market data,2026-09-01T00:00:00+00:00
2025-09-10,SPREAD_CA,0.01210620234699954,absolute,SYNTHETIC: seeded teaching dataset; not observed market data,2026-09-01T00:00:00+00:00
2025-09-11,SPREAD_CA,0.011874717271614125,absolute,SYNTHETIC: seeded teaching dataset; not observed market data,2026-09-01T00:00:00+00:00
2025-09-12,SPREAD_CA,0.012066835959950823,absolute,SYNTHETIC: seeded teaching dataset; not observed market data,2026-09-01T00:00:00+00:00
2025-09-15,SPREAD_CA,0.011823297852976391,absolute,SYNTHETIC: seeded teaching dataset; not observed market data,2026-09-01T00:00:00+00:00
2025-09-16,SPREAD_CA,0.011765314999914976,absolute,SYNTHETIC: seeded teaching dataset; not observed market data,2026-09-01T00:00:00+00:00
2025-09-17,SPREAD_CA,0.0116362123050942,absolute,SYNTHETIC: seeded teaching dataset; not observed market data,2026-09-01T00:00:00+00:00
2025-09-18,SPREAD_CA,0.011928978588552108,absolute,SYNTHETIC: seeded teaching dataset; not observed market data,2026-09-01T00:00:00+00:00
2025-09-19,SPREAD_CA,0.012059555817282686,absolute,SYNTHETIC: seeded teaching dataset; not observed market data,2026-09-01T00:00:00+00:00
2025-09-22,SPREAD_CA,0.01235075268341241,absolute,SYNTHETIC: seeded teaching dataset; not observed market data,2026-09-01T00:00:00+00:00
2025-09-23,SPREAD_CA,0.01246789998968616,absolute,SYNTHETIC: seeded teaching dataset; not observed market data,2026-09-01T00:00:00+00:00
2025-09-24,SPREAD_CA,0.01266104724172593,absolute,SYNTHETIC: seeded teaching dataset; not observed market data,2026-09-01T00:00:00+00:00
2025-09-25,SPREAD_CA,0.012751142973838895,absolute,SYNTHETIC: seeded teaching dataset; not observed market data,2026-09-01T00:00:00+00:00
2025-09-26,SPREAD_CA,0.01221784690972202,absolute,SYNTHETIC: seeded teaching dataset; not observed market data,2026-09-01T00:00:00+00:00
2025-09-29,SPREAD_CA,0.012389247585432124,absolute,SYNTHETIC: seeded teaching dataset; not observed market data,2026-09-01T00:00:00+00:00
2025-09-30,SPREAD_CA,0.012430936167336959,absolute,SYNTHETIC: seeded teaching dataset; not observed market data,2026-09-01T00:00:00+00:00
2025-10-01,SPREAD_CA,0.012594849132788884,absolute,SYNTHETIC: seeded teaching dataset; not observed market data,2026-09-01T00:00:00+00:00
2025-10-02,SPREAD_CA,0.012489245147800511,absolute,SYNTHETIC: seeded teaching dataset; not observed market data,2026-09-01T00:00:00+00:00
2025-10-03,SPREAD_CA,0.012279257046057729,absolute,SYNTHETIC: seeded teaching dataset; not observed market data,2026-09-01T00:00:00+00:00
2025-10-06,SPREAD_CA,0.012725696496152766,absolute,SYNTHETIC: seeded teaching dataset; not observed market data,2026-09-01T00:00:00+00:00
2025-10-07,SPREAD_CA,0.012703603602412333,absolute,SYNTHETIC: seeded teaching dataset; not observed market data,2026-09-01T00:00:00+00:00
2025-10-08,SPREAD_CA,0.012775392546628163,absolute,SYNTHETIC: seeded teaching dataset; not observed market data,2026-09-01T00:00:00+00:00
2025-10-09,SPREAD_CA,0.012686245707714967,absolute,SYNTHETIC: seeded teaching dataset; not observed market data,2026-09-01T00:00:00+00:00
2025-10-10,SPREAD_CA,0.012742338760431756,absolute,SYNTHETIC: seeded teaching dataset; not observed market data,2026-09-01T00:00:00+00:00
2025-10-13,SPREAD_CA,0.012859445230121445,absolute,SYNTHETIC: seeded teaching dataset; not observed market data,2026-09-01T00:00:00+00:00
2025-10-14,SPREAD_CA,0.012461881000102997,absolute,SYNTHETIC: seeded teaching dataset; not observed market data,2026-09-01T00:00:00+00:00
2025-10-15,SPREAD_CA,0.012330943889018066,absolute,SYNTHETIC: seeded teaching dataset; not observed market data,2026-09-01T00:00:00+00:00
2025-10-16,SPREAD_CA,0.012607379341549754,absolute,SYNTHETIC: seeded teaching dataset; not observed market data,2026-09-01T00:00:00+00:00
2025-10-17,SPREAD_CA,0.012366340114207725,absolute,SYNTHETIC: seeded teaching dataset; not observed market data,2026-09-01T00:00:00+00:00
2025-10-20,SPREAD_CA,0.012242027552603896,absolute,SYNTHETIC: seeded teaching dataset; not observed market data,2026-09-01T00:00:00+00:00
2025-10-21,SPREAD_CA,0.011848217688550227,absolute,SYNTHETIC: seeded teaching dataset; not observed market data,2026-09-01T00:00:00+00:00
2025-10-22,SPREAD_CA,0.01176912425160954,absolute,SYNTHETIC: seeded teaching dataset; not observed market data,2026-09-01T00:00:00+00:00
2025-10-23,SPREAD_CA,0.01158852197862321,absolute,SYNTHETIC: seeded teaching dataset; not observed market data,2026-09-01T00:00:00+00:00
2025-10-24,SPREAD_CA,0.011621612552776037,absolute,SYNTHETIC: seeded teaching dataset; not observed market data,2026-09-01T00:00:00+00:00
2025-10-27,SPREAD_CA,0.01161681052584858,absolute,SYNTHETIC: seeded teaching dataset; not observed market data,2026-09-01T00:00:00+00:00
2025-10-28,SPREAD_CA,0.012096727798266045,absolute,SYNTHETIC: seeded teaching dataset; not observed market data,2026-09-01T00:00:00+00:00
2025-10-29,SPREAD_CA,0.012528229335615718,absolute,SYNTHETIC: seeded teaching dataset; not observed market data,2026-09-01T00:00:00+00:00
2025-10-30,SPREAD_CA,0.012603100193713216,absolute,SYNTHETIC: seeded teaching dataset; not observed market data,2026-09-01T00:00:00+00:00
2025-10-31,SPREAD_CA,0.012704964401578499,absolute,SYNTHETIC: seeded teaching dataset; not observed market data,2026-09-01T00:00:00+00:00
2025-11-03,SPREAD_CA,0.012485814842068748,absolute,SYNTHETIC: seeded teaching dataset; not observed market data,2026-09-01T00:00:00+00:00
2025-11-04,SPREAD_CA,0.012365742991996252,absolute,SYNTHETIC: seeded teaching dataset; not observed market data,2026-09-01T00:00:00+00:00
2025-11-05,SPREAD_CA,0.012496015934018443,absolute,SYNTHETIC: seeded teaching dataset; not observed market data,2026-09-01T00:00:00+00:00
2025-11-06,SPREAD_CA,0.012584590079514759,absolute,SYNTHETIC: seeded teaching dataset; not observed market data,2026-09-01T00:00:00+00:00
2025-11-07,SPREAD_CA,0.012479690644884496,absolute,SYNTHETIC: seeded teaching dataset; not observed market data,2026-09-01T00:00:00+00:00
2025-11-10,SPREAD_CA,0.01285323790561488,absolute,SYNTHETIC: seeded teaching dataset; not observed market data,2026-09-01T00:00:00+00:00
2025-11-11,SPREAD_CA,0.012887633290556316,absolute,SYNTHETIC: seeded teaching dataset; not observed market data,2026-09-01T00:00:00+00:00
2025-11-12,SPREAD_CA,0.012648702907768363,absolute,SYNTHETIC: seeded teaching dataset; not observed market data,2026-09-01T00:00:00+00:00
2025-11-13,SPREAD_CA,0.012819287914265015,absolute,SYNTHETIC: seeded teaching dataset; not observed market data,2026-09-01T00:00:00+00:00
2025-11-14,SPREAD_CA,0.013396348801798044,absolute,SYNTHETIC: seeded teaching dataset; not observed market data,2026-09-01T00:00:00+00:00
2025-11-17,SPREAD_CA,0.013372063703587053,absolute,SYNTHETIC: seeded teaching dataset; not observed market data,2026-09-01T00:00:00+00:00
2025-11-18,SPREAD_CA,0.013260122197272378,absolute,SYNTHETIC: seeded teaching dataset; not observed market data,2026-09-01T00:00:00+00:00
2025-11-19,SPREAD_CA,0.01378511671553265,absolute,SYNTHETIC: seeded teaching dataset; not observed market data,2026-09-01T00:00:00+00:00
2025-11-20,SPREAD_CA,0.013661533067491249,absolute,SYNTHETIC: seeded teaching dataset; not observed market data,2026-09-01T00:00:00+00:00
2025-11-21,SPREAD_CA,0.01427193460554392,absolute,SYNTHETIC: seeded teaching dataset; not observed market data,2026-09-01T00:00:00+00:00
2025-11-24,SPREAD_CA,0.014380955335034622,absolute,SYNTHETIC: seeded teaching dataset; not observed market data,2026-09-01T00:00:00+00:00
2025-11-25,SPREAD_CA,0.013849362122015325,absolute,SYNTHETIC: seeded teaching dataset; not observed market data,2026-09-01T00:00:00+00:00
2025-11-26,SPREAD_CA,0.01382598348687394,absolute,SYNTHETIC: seeded teaching dataset; not observed market data,2026-09-01T00:00:00+00:00
2025-11-27,SPREAD_CA,0.013801275544165614,absolute,SYNTHETIC: seeded teaching dataset; not observed market data,2026-09-01T00:00:00+00:00
2025-11-28,SPREAD_CA,0.013268218039597504,absolute,SYNTHETIC: seeded teaching dataset; not observed market data,2026-09-01T00:00:00+00:00
2025-12-01,SPREAD_CA,0.013174200101564242,absolute,SYNTHETIC: seeded teaching dataset; not observed market data,2026-09-01T00:00:00+00:00
2025-12-02,SPREAD_CA,0.013129073818576127,absolute,SYNTHETIC: seeded teaching dataset; not observed market data,2026-09-01T00:00:00+00:00
2025-12-03,SPREAD_CA,0.013057941158659905,absolute,SYNTHETIC: seeded teaching dataset; not observed market data,2026-09-01T00:00:00+00:00
2025-12-04,SPREAD_CA,0.013414282120989048,absolute,SYNTHETIC: seeded teaching dataset; not observed market data,2026-09-01T00:00:00+00:00
2025-12-05,SPREAD_CA,0.01287757713911855,absolute,SYNTHETIC: seeded teaching dataset; not observed market data,2026-09-01T00:00:00+00:00
2025-12-08,SPREAD_CA,0.013404893664901028,absolute,SYNTHETIC: seeded teaching dataset; not observed market data,2026-09-01T00:00:00+00:00
2025-12-09,SPREAD_CA,0.012747412999453799,absolute,SYNTHETIC: seeded teaching dataset; not observed market data,2026-09-01T00:00:00+00:00
2025-12-10,SPREAD_CA,0.013032023146327157,absolute,SYNTHETIC: seeded teaching dataset; not observed market data,2026-09-01T00:00:00+00:00
2025-12-11,SPREAD_CA,0.012920940252139754,absolute,SYNTHETIC: seeded teaching dataset; not observed market data,2026-09-01T00:00:00+00:00
2025-12-12,SPREAD_CA,0.012905273930616142,absolute,SYNTHETIC: seeded teaching dataset; not observed market data,2026-09-01T00:00:00+00:00
2025-12-15,SPREAD_CA,0.013250593776784319,absolute,SYNTHETIC: seeded teaching dataset; not observed market data,2026-09-01T00:00:00+00:00
2025-12-16,SPREAD_CA,0.012784636527680287,absolute,SYNTHETIC: seeded teaching dataset; not observed market data,2026-09-01T00:00:00+00:00
2025-12-17,SPREAD_CA,0.012783978338747847,absolute,SYNTHETIC: seeded teaching dataset; not observed market data,2026-09-01T00:00:00+00:00
2025-12-18,SPREAD_CA,0.01283870428641964,absolute,SYNTHETIC: seeded teaching dataset; not observed market data,2026-09-01T00:00:00+00:00
2025-12-19,SPREAD_CA,0.012317648243105786,absolute,SYNTHETIC: seeded teaching dataset; not observed market data,2026-09-01T00:00:00+00:00
2025-12-22,SPREAD_CA,0.012228211115218284,absolute,SYNTHETIC: seeded teaching dataset; not observed market data,2026-09-01T00:00:00+00:00
2025-12-23,SPREAD_CA,0.011423846921645848,absolute,SYNTHETIC: seeded teaching dataset; not observed market data,2026-09-01T00:00:00+00:00
2025-12-24,SPREAD_CA,0.011671981422599903,absolute,SYNTHETIC: seeded teaching dataset; not observed market data,2026-09-01T00:00:00+00:00
2025-12-25,SPREAD_CA,0.011426488991598255,absolute,SYNTHETIC: seeded teaching dataset; not observed market data,2026-09-01T00:00:00+00:00
2025-12-26,SPREAD_CA,0.011495136685118632,absolute,SYNTHETIC: seeded teaching dataset; not observed market data,2026-09-01T00:00:00+00:00
2025-12-29,SPREAD_CA,0.011438007790908736,absolute,SYNTHETIC: seeded teaching dataset; not observed market data,2026-09-01T00:00:00+00:00
2025-12-30,SPREAD_CA,0.011612065908308256,absolute,SYNTHETIC: seeded teaching dataset; not observed market data,2026-09-01T00:00:00+00:00
2025-12-31,SPREAD_CA,0.011877054843813148,absolute,SYNTHETIC: seeded teaching dataset; not observed market data,2026-09-01T00:00:00+00:00
2026-01-01,SPREAD_CA,0.011794808614698006,absolute,SYNTHETIC: seeded teaching dataset; not observed market data,2026-09-01T00:00:00+00:00
2026-01-02,SPREAD_CA,0.011836166152745435,absolute,SYNTHETIC: seeded teaching dataset; not observed market data,2026-09-01T00:00:00+00:00
2026-01-05,SPREAD_CA,0.012197453319851585,absolute,SYNTHETIC: seeded teaching dataset; not observed market data,2026-09-01T00:00:00+00:00
2026-01-06,SPREAD_CA,0.011913789221125598,absolute,SYNTHETIC: seeded teaching dataset; not observed market data,2026-09-01T00:00:00+00:00
2026-01-07,SPREAD_CA,0.011975962251445137,absolute,SYNTHETIC: seeded teaching dataset; not observed market data,2026-09-01T00:00:00+00:00
2026-01-08,SPREAD_CA,0.011678851027492602,absolute,SYNTHETIC: seeded teaching dataset; not observed market data,2026-09-01T00:00:00+00:00
2026-01-09,SPREAD_CA,0.01205832718684345,absolute,SYNTHETIC: seeded teaching dataset; not observed market data,2026-09-01T00:00:00+00:00
2026-01-12,SPREAD_CA,0.01226091718593392,absolute,SYNTHETIC: seeded teaching dataset; not observed market data,2026-09-01T00:00:00+00:00
2026-01-13,SPREAD_CA,0.012503178996638385,absolute,SYNTHETIC: seeded teaching dataset; not observed market data,2026-09-01T00:00:00+00:00
2026-01-14,SPREAD_CA,0.012354539179052325,absolute,SYNTHETIC: seeded teaching dataset; not observed market data,2026-09-01T00:00:00+00:00
2026-01-15,SPREAD_CA,0.012504899825175025,absolute,SYNTHETIC: seeded teaching dataset; not observed market data,2026-09-01T00:00:00+00:00
2026-01-16,SPREAD_CA,0.012584480931530796,absolute,SYNTHETIC: seeded teaching dataset; not observed market data,2026-09-01T00:00:00+00:00
2026-01-19,SPREAD_CA,0.012660184659148983,absolute,SYNTHETIC: seeded teaching dataset; not observed market data,2026-09-01T00:00:00+00:00
2026-01-20,SPREAD_CA,0.012602619015759493,absolute,SYNTHETIC: seeded teaching dataset; not observed market data,2026-09-01T00:00:00+00:00
2026-01-21,SPREAD_CA,0.012749162453133636,absolute,SYNTHETIC: seeded teaching dataset; not observed market data,2026-09-01T00:00:00+00:00
2026-01-22,SPREAD_CA,0.012965026908103283,absolute,SYNTHETIC: seeded teaching dataset; not observed market data,2026-09-01T00:00:00+00:00
2026-01-23,SPREAD_CA,0.013172782546985614,absolute,SYNTHETIC: seeded teaching dataset; not observed market data,2026-09-01T00:00:00+00:00
2026-01-26,SPREAD_CA,0.013798628745947918,absolute,SYNTHETIC: seeded teaching dataset; not observed market data,2026-09-01T00:00:00+00:00
2026-01-27,SPREAD_CA,0.013647784222854498,absolute,SYNTHETIC: seeded teaching dataset; not observed market data,2026-09-01T00:00:00+00:00
2026-01-28,SPREAD_CA,0.013813409146303909,absolute,SYNTHETIC: seeded teaching dataset; not observed market data,2026-09-01T00:00:00+00:00
2026-01-29,SPREAD_CA,0.014465076246306427,absolute,SYNTHETIC: seeded teaching dataset; not observed market data,2026-09-01T00:00:00+00:00
2026-01-30,SPREAD_CA,0.013913539128083036,absolute,SYNTHETIC: seeded teaching dataset; not observed market data,2026-09-01T00:00:00+00:00
2026-02-02,SPREAD_CA,0.013921051976010998,absolute,SYNTHETIC: seeded teaching dataset; not observed market data,2026-09-01T00:00:00+00:00
2026-02-03,SPREAD_CA,0.013665080726201567,absolute,SYNTHETIC: seeded teaching dataset; not observed market data,2026-09-01T00:00:00+00:00
2026-02-04,SPREAD_CA,0.013824377878011659,absolute,SYNTHETIC: seeded teaching dataset; not observed market data,2026-09-01T00:00:00+00:00
2026-02-05,SPREAD_CA,0.013621688204645477,absolute,SYNTHETIC: seeded teaching dataset; not observed market data,2026-09-01T00:00:00+00:00
2026-02-06,SPREAD_CA,0.013917527065992735,absolute,SYNTHETIC: seeded teaching dataset; not observed market data,2026-09-01T00:00:00+00:00
2026-02-09,SPREAD_CA,0.013949732135411765,absolute,SYNTHETIC: seeded teaching dataset; not observed market data,2026-09-01T00:00:00+00:00
2026-02-10,SPREAD_CA,0.014559481078456851,absolute,SYNTHETIC: seeded teaching dataset; not observed market data,2026-09-01T00:00:00+00:00
2026-02-11,SPREAD_CA,0.014280703727875162,absolute,SYNTHETIC: seeded teaching dataset; not observed market data,2026-09-01T00:00:00+00:00
2026-02-12,SPREAD_CA,0.01474700431971214,absolute,SYNTHETIC: seeded teaching dataset; not observed market data,2026-09-01T00:00:00+00:00
2026-02-13,SPREAD_CA,0.01453935370095441,absolute,SYNTHETIC: seeded teaching dataset; not observed market data,2026-09-01T00:00:00+00:00
2026-02-16,SPREAD_CA,0.014439205915462407,absolute,SYNTHETIC: seeded teaching dataset; not observed market data,2026-09-01T00:00:00+00:00
2026-02-17,SPREAD_CA,0.014399172329559971,absolute,SYNTHETIC: seeded teaching dataset; not observed market data,2026-09-01T00:00:00+00:00
2026-02-18,SPREAD_CA,0.01458565351053704,absolute,SYNTHETIC: seeded teaching dataset; not observed market data,2026-09-01T00:00:00+00:00
2026-02-19,SPREAD_CA,0.014222429342083495,absolute,SYNTHETIC: seeded teaching dataset; not observed market data,2026-09-01T00:00:00+00:00
2026-02-20,SPREAD_CA,0.014767083438487354,absolute,SYNTHETIC: seeded teaching dataset; not observed market data,2026-09-01T00:00:00+00:00
2026-02-23,SPREAD_CA,0.015232385941064509,absolute,SYNTHETIC: seeded teaching dataset; not observed market data,2026-09-01T00:00:00+00:00
2026-02-24,SPREAD_CA,0.01541467067013428,absolute,SYNTHETIC: seeded teaching dataset; not observed market data,2026-09-01T00:00:00+00:00
2026-02-25,SPREAD_CA,0.015497590406983057,absolute,SYNTHETIC: seeded teaching dataset; not observed market data,2026-09-01T00:00:00+00:00
2026-02-26,SPREAD_CA,0.015480229224042151,absolute,SYNTHETIC: seeded teaching dataset; not observed market data,2026-09-01T00:00:00+00:00
2026-02-27,SPREAD_CA,0.015603759128586001,absolute,SYNTHETIC: seeded teaching dataset; not observed market data,2026-09-01T00:00:00+00:00
2026-03-02,SPREAD_CA,0.015501846819999377,absolute,SYNTHETIC: seeded teaching dataset; not observed market data,2026-09-01T00:00:00+00:00
2026-03-03,SPREAD_CA,0.015512443475466802,absolute,SYNTHETIC: seeded teaching dataset; not observed market data,2026-09-01T00:00:00+00:00
2026-03-04,SPREAD_CA,0.015367199550596344,absolute,SYNTHETIC: seeded teaching dataset; not observed market data,2026-09-01T00:00:00+00:00
2026-03-05,SPREAD_CA,0.015596187401878996,absolute,SYNTHETIC: seeded teaching dataset; not observed market data,2026-09-01T00:00:00+00:00
2026-03-06,SPREAD_CA,0.015283019849881948,absolute,SYNTHETIC: seeded teaching dataset; not observed market data,2026-09-01T00:00:00+00:00
2026-03-09,SPREAD_CA,0.01511082017386391,absolute,SYNTHETIC: seeded teaching dataset; not observed market data,2026-09-01T00:00:00+00:00
2026-03-10,SPREAD_CA,0.014633196453296575,absolute,SYNTHETIC: seeded teaching dataset; not observed market data,2026-09-01T00:00:00+00:00
2026-03-11,SPREAD_CA,0.014921341904169938,absolute,SYNTHETIC: seeded teaching dataset; not observed market data,2026-09-01T00:00:00+00:00
2026-03-12,SPREAD_CA,0.015450664927636224,absolute,SYNTHETIC: seeded teaching dataset; not observed market data,2026-09-01T00:00:00+00:00
2026-03-13,SPREAD_CA,0.015301167253994212,absolute,SYNTHETIC: seeded teaching dataset; not observed market data,2026-09-01T00:00:00+00:00
2026-03-16,SPREAD_CA,0.014976603033286125,absolute,SYNTHETIC: seeded teaching dataset; not observed market data,2026-09-01T00:00:00+00:00
2026-03-17,SPREAD_CA,0.01514403564204941,absolute,SYNTHETIC: seeded teaching dataset; not observed market data,2026-09-01T00:00:00+00:00
2026-03-18,SPREAD_CA,0.01519875577308493,absolute,SYNTHETIC: seeded teaching dataset; not observed market data,2026-09-01T00:00:00+00:00
2026-03-19,SPREAD_CA,0.01596735738795278,absolute,SYNTHETIC: seeded teaching dataset; not observed market data,2026-09-01T00:00:00+00:00
2026-03-20,SPREAD_CA,0.01639840892849057,absolute,SYNTHETIC: seeded teaching dataset; not observed market data,2026-09-01T00:00:00+00:00
2026-03-23,SPREAD_CA,0.016055024956122,absolute,SYNTHETIC: seeded teaching dataset; not observed market data,2026-09-01T00:00:00+00:00
2026-03-24,SPREAD_CA,0.016437632658989877,absolute,SYNTHETIC: seeded teaching dataset; not observed market data,2026-09-01T00:00:00+00:00
2026-03-25,SPREAD_CA,0.01687928527875556,absolute,SYNTHETIC: seeded teaching dataset; not observed market data,2026-09-01T00:00:00+00:00
2026-03-26,SPREAD_CA,0.016972139453517884,absolute,SYNTHETIC: seeded teaching dataset; not observed market data,2026-09-01T00:00:00+00:00
2026-03-27,SPREAD_CA,0.017037395618146642,absolute,SYNTHETIC: seeded teaching dataset; not observed market data,2026-09-01T00:00:00+00:00
2026-03-30,SPREAD_CA,0.017682957024590305,absolute,SYNTHETIC: seeded teaching dataset; not observed market data,2026-09-01T00:00:00+00:00
2026-03-31,SPREAD_CA,0.01731101613435823,absolute,SYNTHETIC: seeded teaching dataset; not observed market data,2026-09-01T00:00:00+00:00
2026-04-01,SPREAD_CA,0.017696245722987166,absolute,SYNTHETIC: seeded teaching dataset; not observed market data,2026-09-01T00:00:00+00:00
2026-04-02,SPREAD_CA,0.017954250255782924,absolute,SYNTHETIC: seeded teaching dataset; not observed market data,2026-09-01T00:00:00+00:00
2026-04-03,SPREAD_CA,0.017993732251203064,absolute,SYNTHETIC: seeded teaching dataset; not observed market data,2026-09-01T00:00:00+00:00
2026-04-06,SPREAD_CA,0.017516543472809433,absolute,SYNTHETIC: seeded teaching dataset; not observed market data,2026-09-01T00:00:00+00:00
2026-04-07,SPREAD_CA,0.01778011826299248,absolute,SYNTHETIC: seeded teaching dataset; not observed market data,2026-09-01T00:00:00+00:00
2026-04-08,SPREAD_CA,0.017562897553605475,absolute,SYNTHETIC: seeded teaching dataset; not observed market data,2026-09-01T00:00:00+00:00
2026-04-09,SPREAD_CA,0.01737744068719793,absolute,SYNTHETIC: seeded teaching dataset; not observed market data,2026-09-01T00:00:00+00:00
2026-04-10,SPREAD_CA,0.017752216402758467,absolute,SYNTHETIC: seeded teaching dataset; not observed market data,2026-09-01T00:00:00+00:00
2026-04-13,SPREAD_CA,0.0179876865730935,absolute,SYNTHETIC: seeded teaching dataset; not observed market data,2026-09-01T00:00:00+00:00
2026-04-14,SPREAD_CA,0.017181609829267596,absolute,SYNTHETIC: seeded teaching dataset; not observed market data,2026-09-01T00:00:00+00:00
2026-04-15,SPREAD_CA,0.017016883636095815,absolute,SYNTHETIC: seeded teaching dataset; not observed market data,2026-09-01T00:00:00+00:00
2026-04-16,SPREAD_CA,0.016732542132887242,absolute,SYNTHETIC: seeded teaching dataset; not observed market data,2026-09-01T00:00:00+00:00
2026-04-17,SPREAD_CA,0.016593255195805675,absolute,SYNTHETIC: seeded teaching dataset; not observed market data,2026-09-01T00:00:00+00:00
2026-04-20,SPREAD_CA,0.016271294361562973,absolute,SYNTHETIC: seeded teaching dataset; not observed market data,2026-09-01T00:00:00+00:00
2026-04-21,SPREAD_CA,0.016089122211899346,absolute,SYNTHETIC: seeded teaching dataset; not observed market data,2026-09-01T00:00:00+00:00
2026-04-22,SPREAD_CA,0.015762878539251752,absolute,SYNTHETIC: seeded teaching dataset; not observed market data,2026-09-01T00:00:00+00:00
2026-04-23,SPREAD_CA,0.016038058005731968,absolute,SYNTHETIC: seeded teaching dataset; not observed market data,2026-09-01T00:00:00+00:00
2026-04-24,SPREAD_CA,0.016295570801955657,absolute,SYNTHETIC: seeded teaching dataset; not observed market data,2026-09-01T00:00:00+00:00
2026-04-27,SPREAD_CA,0.015877753038205194,absolute,SYNTHETIC: seeded teaching dataset; not observed market data,2026-09-01T00:00:00+00:00
2026-04-28,SPREAD_CA,0.015827381709815357,absolute,SYNTHETIC: seeded teaching dataset; not observed market data,2026-09-01T00:00:00+00:00
2026-04-29,SPREAD_CA,0.015568196478831335,absolute,SYNTHETIC: seeded teaching dataset; not observed market data,2026-09-01T00:00:00+00:00
2026-04-30,SPREAD_CA,0.015628081076287294,absolute,SYNTHETIC: seeded teaching dataset; not observed market data,2026-09-01T00:00:00+00:00
2026-05-01,SPREAD_CA,0.014955865656016785,absolute,SYNTHETIC: seeded teaching dataset; not observed market data,2026-09-01T00:00:00+00:00
2026-05-04,SPREAD_CA,0.015489599447006588,absolute,SYNTHETIC: seeded teaching dataset; not observed market data,2026-09-01T00:00:00+00:00
2026-05-05,SPREAD_CA,0.015395597388536797,absolute,SYNTHETIC: seeded teaching dataset; not observed market data,2026-09-01T00:00:00+00:00
2026-05-06,SPREAD_CA,0.015461737879961326,absolute,SYNTHETIC: seeded teaching dataset; not observed market data,2026-09-01T00:00:00+00:00
2026-05-07,SPREAD_CA,0.015439344802104567,absolute,SYNTHETIC: seeded teaching dataset; not observed market data,2026-09-01T00:00:00+00:00
2026-05-08,SPREAD_CA,0.015152433508123616,absolute,SYNTHETIC: seeded teaching dataset; not observed market data,2026-09-01T00:00:00+00:00
2026-05-11,SPREAD_CA,0.015599989293595549,absolute,SYNTHETIC: seeded teaching dataset; not observed market data,2026-09-01T00:00:00+00:00
2026-05-12,SPREAD_CA,0.015577767421367569,absolute,SYNTHETIC: seeded teaching dataset; not observed market data,2026-09-01T00:00:00+00:00
2026-05-13,SPREAD_CA,0.015606917884045411,absolute,SYNTHETIC: seeded teaching dataset; not observed market data,2026-09-01T00:00:00+00:00
2026-05-14,SPREAD_CA,0.014859544219896305,absolute,SYNTHETIC: seeded teaching dataset; not observed market data,2026-09-01T00:00:00+00:00
2026-05-15,SPREAD_CA,0.014516637582308565,absolute,SYNTHETIC: seeded teaching dataset; not observed market data,2026-09-01T00:00:00+00:00
2026-05-18,SPREAD_CA,0.01442587661628713,absolute,SYNTHETIC: seeded teaching dataset; not observed market data,2026-09-01T00:00:00+00:00
2026-05-19,SPREAD_CA,0.014533196223390398,absolute,SYNTHETIC: seeded teaching dataset; not observed market data,2026-09-01T00:00:00+00:00
2026-05-20,SPREAD_CA,0.014779601167270229,absolute,SYNTHETIC: seeded teaching dataset; not observed market data,2026-09-01T00:00:00+00:00
2026-05-21,SPREAD_CA,0.014858319466496836,absolute,SYNTHETIC: seeded teaching dataset; not observed market data,2026-09-01T00:00:00+00:00
2026-05-22,SPREAD_CA,0.014531324445170832,absolute,SYNTHETIC: seeded teaching dataset; not observed market data,2026-09-01T00:00:00+00:00
2026-05-25,SPREAD_CA,0.01427808927734208,absolute,SYNTHETIC: seeded teaching dataset; not observed market data,2026-09-01T00:00:00+00:00
2026-05-26,SPREAD_CA,0.014443748622388005,absolute,SYNTHETIC: seeded teaching dataset; not observed market data,2026-09-01T00:00:00+00:00
2026-05-27,SPREAD_CA,0.014145422240258013,absolute,SYNTHETIC: seeded teaching dataset; not observed market data,2026-09-01T00:00:00+00:00
2026-05-28,SPREAD_CA,0.014243026903306196,absolute,SYNTHETIC: seeded teaching dataset; not observed market data,2026-09-01T00:00:00+00:00
2026-05-29,SPREAD_CA,0.014102876674851578,absolute,SYNTHETIC: seeded teaching dataset; not observed market data,2026-09-01T00:00:00+00:00
2026-06-01,SPREAD_CA,0.01355727453713805,absolute,SYNTHETIC: seeded teaching dataset; not observed market data,2026-09-01T00:00:00+00:00
2026-06-02,SPREAD_CA,0.014026560694321979,absolute,SYNTHETIC: seeded teaching dataset; not observed market data,2026-09-01T00:00:00+00:00
2026-06-03,SPREAD_CA,0.013931668558835299,absolute,SYNTHETIC: seeded teaching dataset; not observed market data,2026-09-01T00:00:00+00:00
2026-06-04,SPREAD_CA,0.014225701889612079,absolute,SYNTHETIC: seeded teaching dataset; not observed market data,2026-09-01T00:00:00+00:00
2026-06-05,SPREAD_CA,0.01401010677537248,absolute,SYNTHETIC: seeded teaching dataset; not observed market data,2026-09-01T00:00:00+00:00
2026-06-08,SPREAD_CA,0.014221698649396361,absolute,SYNTHETIC: seeded teaching dataset; not observed market data,2026-09-01T00:00:00+00:00
2026-06-09,SPREAD_CA,0.01385436226637141,absolute,SYNTHETIC: seeded teaching dataset; not observed market data,2026-09-01T00:00:00+00:00
2026-06-10,SPREAD_CA,0.013867998890531245,absolute,SYNTHETIC: seeded teaching dataset; not observed market data,2026-09-01T00:00:00+00:00
2026-06-11,SPREAD_CA,0.013335547333916524,absolute,SYNTHETIC: seeded teaching dataset; not observed market data,2026-09-01T00:00:00+00:00
2026-06-12,SPREAD_CA,0.013350444346156036,absolute,SYNTHETIC: seeded teaching dataset; not observed market data,2026-09-01T00:00:00+00:00
2026-06-15,SPREAD_CA,0.013044627017330758,absolute,SYNTHETIC: seeded teaching dataset; not observed market data,2026-09-01T00:00:00+00:00
2026-06-16,SPREAD_CA,0.013199859467178256,absolute,SYNTHETIC: seeded teaching dataset; not observed market data,2026-09-01T00:00:00+00:00
2026-06-17,SPREAD_CA,0.012650045088139123,absolute,SYNTHETIC: seeded teaching dataset; not observed market data,2026-09-01T00:00:00+00:00
2026-06-18,SPREAD_CA,0.012966898535368431,absolute,SYNTHETIC: seeded teaching dataset; not observed market data,2026-09-01T00:00:00+00:00
2026-06-19,SPREAD_CA,0.012800562368385157,absolute,SYNTHETIC: seeded teaching dataset; not observed market data,2026-09-01T00:00:00+00:00
2026-06-22,SPREAD_CA,0.01255753004612286,absolute,SYNTHETIC: seeded teaching dataset; not observed market data,2026-09-01T00:00:00+00:00
2026-06-23,SPREAD_CA,0.01262172302989814,absolute,SYNTHETIC: seeded teaching dataset; not observed market data,2026-09-01T00:00:00+00:00
2026-06-24,SPREAD_CA,0.012984757032418887,absolute,SYNTHETIC: seeded teaching dataset; not observed market data,2026-09-01T00:00:00+00:00
2026-06-25,SPREAD_CA,0.012523591795159652,absolute,SYNTHETIC: seeded teaching dataset; not observed market data,2026-09-01T00:00:00+00:00
2026-06-26,SPREAD_CA,0.012072660973677212,absolute,SYNTHETIC: seeded teaching dataset; not observed market data,2026-09-01T00:00:00+00:00
2026-06-29,SPREAD_CA,0.011765104833587097,absolute,SYNTHETIC: seeded teaching dataset; not observed market data,2026-09-01T00:00:00+00:00
2026-06-30,SPREAD_CA,0.012027821174418692,absolute,SYNTHETIC: seeded teaching dataset; not observed market data,2026-09-01T00:00:00+00:00
2026-07-01,SPREAD_CA,0.012043035748277184,absolute,SYNTHETIC: seeded teaching dataset; not observed market data,2026-09-01T00:00:00+00:00
2026-07-02,SPREAD_CA,0.012163517375955266,absolute,SYNTHETIC: seeded teaching dataset; not observed market data,2026-09-01T00:00:00+00:00
2026-07-03,SPREAD_CA,0.012189532107678622,absolute,SYNTHETIC: seeded teaching dataset; not observed market data,2026-09-01T00:00:00+00:00
2026-07-06,SPREAD_CA,0.012147551482362883,absolute,SYNTHETIC: seeded teaching dataset; not observed market data,2026-09-01T00:00:00+00:00
2026-07-07,SPREAD_CA,0.012503917117740165,absolute,SYNTHETIC: seeded teaching dataset; not observed market data,2026-09-01T00:00:00+00:00
2026-07-08,SPREAD_CA,0.012361699775591067,absolute,SYNTHETIC: seeded teaching dataset; not observed market data,2026-09-01T00:00:00+00:00
2026-07-09,SPREAD_CA,0.012718636588712204,absolute,SYNTHETIC: seeded teaching dataset; not observed market data,2026-09-01T00:00:00+00:00
2026-07-10,SPREAD_CA,0.012417937296330932,absolute,SYNTHETIC: seeded teaching dataset; not observed market data,2026-09-01T00:00:00+00:00
2026-07-13,SPREAD_CA,0.012816971042197837,absolute,SYNTHETIC: seeded teaching dataset; not observed market data,2026-09-01T00:00:00+00:00
2026-07-14,SPREAD_CA,0.012949461583406263,absolute,SYNTHETIC: seeded teaching dataset; not observed market data,2026-09-01T00:00:00+00:00
2026-07-15,SPREAD_CA,0.012745844937602025,absolute,SYNTHETIC: seeded teaching dataset; not observed market data,2026-09-01T00:00:00+00:00
2026-07-16,SPREAD_CA,0.012509516787129001,absolute,SYNTHETIC: seeded teaching dataset; not observed market data,2026-09-01T00:00:00+00:00
2026-07-17,SPREAD_CA,0.012623113741043447,absolute,SYNTHETIC: seeded teaching dataset; not observed market data,2026-09-01T00:00:00+00:00
2026-07-20,SPREAD_CA,0.012407576561719324,absolute,SYNTHETIC: seeded teaching dataset; not observed market data,2026-09-01T00:00:00+00:00
2026-07-21,SPREAD_CA,0.01275868655758894,absolute,SYNTHETIC: seeded teaching dataset; not observed market data,2026-09-01T00:00:00+00:00
2026-07-22,SPREAD_CA,0.012769071918156334,absolute,SYNTHETIC: seeded teaching dataset; not observed market data,2026-09-01T00:00:00+00:00
2026-07-23,SPREAD_CA,0.012369769276754365,absolute,SYNTHETIC: seeded teaching dataset; not observed market data,2026-09-01T00:00:00+00:00
2026-07-24,SPREAD_CA,0.012654335385289877,absolute,SYNTHETIC: seeded teaching dataset; not observed market data,2026-09-01T00:00:00+00:00
2026-07-27,SPREAD_CA,0.012300276779886979,absolute,SYNTHETIC: seeded teaching dataset; not observed market data,2026-09-01T00:00:00+00:00
2026-07-28,SPREAD_CA,0.012518760328197178,absolute,SYNTHETIC: seeded teaching dataset; not observed market data,2026-09-01T00:00:00+00:00
2026-07-29,SPREAD_CA,0.012861307168075311,absolute,SYNTHETIC: seeded teaching dataset; not observed market data,2026-09-01T00:00:00+00:00
2026-07-30,SPREAD_CA,0.013209979445920296,absolute,SYNTHETIC: seeded teaching dataset; not observed market data,2026-09-01T00:00:00+00:00
2026-07-31,SPREAD_CA,0.013153379530362844,absolute,SYNTHETIC: seeded teaching dataset; not observed market data,2026-09-01T00:00:00+00:00
2026-08-03,SPREAD_CA,0.013258686332166439,absolute,SYNTHETIC: seeded teaching dataset; not observed market data,2026-09-01T00:00:00+00:00
2026-08-04,SPREAD_CA,0.013402781429309878,absolute,SYNTHETIC: seeded teaching dataset; not observed market data,2026-09-01T00:00:00+00:00
2026-08-05,SPREAD_CA,0.013394993934628539,absolute,SYNTHETIC: seeded teaching dataset; not observed market data,2026-09-01T00:00:00+00:00
2026-08-06,SPREAD_CA,0.013340076715434517,absolute,SYNTHETIC: seeded teaching dataset; not observed market data,2026-09-01T00:00:00+00:00
2026-08-07,SPREAD_CA,0.01361577503416177,absolute,SYNTHETIC: seeded teaching dataset; not observed market data,2026-09-01T00:00:00+00:00
2026-08-10,SPREAD_CA,0.01441937739819455,absolute,SYNTHETIC: seeded teaching dataset; not observed market data,2026-09-01T00:00:00+00:00
2026-08-11,SPREAD_CA,0.014581061778944998,absolute,SYNTHETIC: seeded teaching dataset; not observed market data,2026-09-01T00:00:00+00:00
2026-08-12,SPREAD_CA,0.014615973444401763,absolute,SYNTHETIC: seeded teaching dataset; not observed market data,2026-09-01T00:00:00+00:00
2026-08-13,SPREAD_CA,0.014594446318753729,absolute,SYNTHETIC: seeded teaching dataset; not observed market data,2026-09-01T00:00:00+00:00
2026-08-14,SPREAD_CA,0.01457132789769957,absolute,SYNTHETIC: seeded teaching dataset; not observed market data,2026-09-01T00:00:00+00:00
2026-08-17,SPREAD_CA,0.01481839190487642,absolute,SYNTHETIC: seeded teaching dataset; not observed market data,2026-09-01T00:00:00+00:00
2026-08-18,SPREAD_CA,0.014704863689963467,absolute,SYNTHETIC: seeded teaching dataset; not observed market data,2026-09-01T00:00:00+00:00
2026-08-19,SPREAD_CA,0.014833832613802788,absolute,SYNTHETIC: seeded teaching dataset; not observed market data,2026-09-01T00:00:00+00:00
2026-08-20,SPREAD_CA,0.015183746037599501,absolute,SYNTHETIC: seeded teaching dataset; not observed market data,2026-09-01T00:00:00+00:00
2026-08-21,SPREAD_CA,0.014753476082543796,absolute,SYNTHETIC: seeded teaching dataset; not observed market data,2026-09-01T00:00:00+00:00
2026-08-24,SPREAD_CA,0.014971566911968333,absolute,SYNTHETIC: seeded teaching dataset; not observed market data,2026-09-01T00:00:00+00:00
2026-08-25,SPREAD_CA,0.01532999832230646,absolute,SYNTHETIC: seeded teaching dataset; not observed market data,2026-09-01T00:00:00+00:00
2026-08-26,SPREAD_CA,0.015402903149327681,absolute,SYNTHETIC: seeded teaching dataset; not observed market data,2026-09-01T00:00:00+00:00
2026-08-27,SPREAD_CA,0.015492626171596753,absolute,SYNTHETIC: seeded teaching dataset; not observed market data,2026-09-01T00:00:00+00:00
2026-08-28,SPREAD_CA,0.015063971508721189,absolute,SYNTHETIC: seeded teaching dataset; not observed market data,2026-09-01T00:00:00+00:00
2026-08-31,SPREAD_CA,0.015,absolute,SYNTHETIC: seeded teaching dataset; not observed market data,2026-09-01T00:00:00+00:00
2025-01-02,VOL_US,0.1501394763207914,absolute,SYNTHETIC: seeded teaching dataset; not observed market data,2026-09-01T00:00:00+00:00
2025-01-03,VOL_US,0.14527106901006928,absolute,SYNTHETIC: seeded teaching dataset; not observed market data,2026-09-01T00:00:00+00:00
2025-01-06,VOL_US,0.14295476413659894,absolute,SYNTHETIC: seeded teaching dataset; not observed market data,2026-09-01T00:00:00+00:00
2025-01-07,VOL_US,0.12846942288255278,absolute,SYNTHETIC: seeded teaching dataset; not observed market data,2026-09-01T00:00:00+00:00
2025-01-08,VOL_US,0.13775598103992362,absolute,SYNTHETIC: seeded teaching dataset; not observed market data,2026-09-01T00:00:00+00:00
2025-01-09,VOL_US,0.14920029273074453,absolute,SYNTHETIC: seeded teaching dataset; not observed market data,2026-09-01T00:00:00+00:00
2025-01-10,VOL_US,0.1544809518419157,absolute,SYNTHETIC: seeded teaching dataset; not observed market data,2026-09-01T00:00:00+00:00
2025-01-13,VOL_US,0.1546254766438932,absolute,SYNTHETIC: seeded teaching dataset; not observed market data,2026-09-01T00:00:00+00:00
2025-01-14,VOL_US,0.15652174856468964,absolute,SYNTHETIC: seeded teaching dataset; not observed market data,2026-09-01T00:00:00+00:00
2025-01-15,VOL_US,0.1528473965448336,absolute,SYNTHETIC: seeded teaching dataset; not observed market data,2026-09-01T00:00:00+00:00
2025-01-16,VOL_US,0.15602055287861447,absolute,SYNTHETIC: seeded teaching dataset; not observed market data,2026-09-01T00:00:00+00:00
2025-01-17,VOL_US,0.14868790069165783,absolute,SYNTHETIC: seeded teaching dataset; not observed market data,2026-09-01T00:00:00+00:00
2025-01-20,VOL_US,0.15183728220436754,absolute,SYNTHETIC: seeded teaching dataset; not observed market data,2026-09-01T00:00:00+00:00
2025-01-21,VOL_US,0.1576004628731404,absolute,SYNTHETIC: seeded teaching dataset; not observed market data,2026-09-01T00:00:00+00:00
2025-01-22,VOL_US,0.15970622298424245,absolute,SYNTHETIC: seeded teaching dataset; not observed market data,2026-09-01T00:00:00+00:00
2025-01-23,VOL_US,0.1559229673632402,absolute,SYNTHETIC: seeded teaching dataset; not observed market data,2026-09-01T00:00:00+00:00
2025-01-24,VOL_US,0.14630110891740453,absolute,SYNTHETIC: seeded teaching dataset; not observed market data,2026-09-01T00:00:00+00:00
2025-01-27,VOL_US,0.1492140145431129,absolute,SYNTHETIC: seeded teaching dataset; not observed market data,2026-09-01T00:00:00+00:00
2025-01-28,VOL_US,0.141363955478002,absolute,SYNTHETIC: seeded teaching dataset; not observed market data,2026-09-01T00:00:00+00:00
2025-01-29,VOL_US,0.13791475608465945,absolute,SYNTHETIC: seeded teaching dataset; not observed market data,2026-09-01T00:00:00+00:00
2025-01-30,VOL_US,0.13721902400133856,absolute,SYNTHETIC: seeded teaching dataset; not observed market data,2026-09-01T00:00:00+00:00
2025-01-31,VOL_US,0.1366918549182077,absolute,SYNTHETIC: seeded teaching dataset; not observed market data,2026-09-01T00:00:00+00:00
2025-02-03,VOL_US,0.14083708490797597,absolute,SYNTHETIC: seeded teaching dataset; not observed market data,2026-09-01T00:00:00+00:00
2025-02-04,VOL_US,0.13177308392967824,absolute,SYNTHETIC: seeded teaching dataset; not observed market data,2026-09-01T00:00:00+00:00
2025-02-05,VOL_US,0.14755184435471216,absolute,SYNTHETIC: seeded teaching dataset; not observed market data,2026-09-01T00:00:00+00:00
2025-02-06,VOL_US,0.13761920047790457,absolute,SYNTHETIC: seeded teaching dataset; not observed market data,2026-09-01T00:00:00+00:00
2025-02-07,VOL_US,0.13187712379277522,absolute,SYNTHETIC: seeded teaching dataset; not observed market data,2026-09-01T00:00:00+00:00
2025-02-10,VOL_US,0.12534956380418405,absolute,SYNTHETIC: seeded teaching dataset; not observed market data,2026-09-01T00:00:00+00:00
2025-02-11,VOL_US,0.11796169670080311,absolute,SYNTHETIC: seeded teaching dataset; not observed market data,2026-09-01T00:00:00+00:00
2025-02-12,VOL_US,0.11989168246737247,absolute,SYNTHETIC: seeded teaching dataset; not observed market data,2026-09-01T00:00:00+00:00
2025-02-13,VOL_US,0.12082130845274666,absolute,SYNTHETIC: seeded teaching dataset; not observed market data,2026-09-01T00:00:00+00:00
2025-02-14,VOL_US,0.11308422612971167,absolute,SYNTHETIC: seeded teaching dataset; not observed market data,2026-09-01T00:00:00+00:00
2025-02-17,VOL_US,0.11027190355376401,absolute,SYNTHETIC: seeded teaching dataset; not observed market data,2026-09-01T00:00:00+00:00
2025-02-18,VOL_US,0.11243162758199512,absolute,SYNTHETIC: seeded teaching dataset; not observed market data,2026-09-01T00:00:00+00:00
2025-02-19,VOL_US,0.11665062263348039,absolute,SYNTHETIC: seeded teaching dataset; not observed market data,2026-09-01T00:00:00+00:00
2025-02-20,VOL_US,0.11298217805447949,absolute,SYNTHETIC: seeded teaching dataset; not observed market data,2026-09-01T00:00:00+00:00
2025-02-21,VOL_US,0.10989691427221818,absolute,SYNTHETIC: seeded teaching dataset; not observed market data,2026-09-01T00:00:00+00:00
2025-02-24,VOL_US,0.11520777220494205,absolute,SYNTHETIC: seeded teaching dataset; not observed market data,2026-09-01T00:00:00+00:00
2025-02-25,VOL_US,0.12005179226730833,absolute,SYNTHETIC: seeded teaching dataset; not observed market data,2026-09-01T00:00:00+00:00
2025-02-26,VOL_US,0.1189468565466284,absolute,SYNTHETIC: seeded teaching dataset; not observed market data,2026-09-01T00:00:00+00:00
2025-02-27,VOL_US,0.13248331068753175,absolute,SYNTHETIC: seeded teaching dataset; not observed market data,2026-09-01T00:00:00+00:00
2025-02-28,VOL_US,0.13203713978154266,absolute,SYNTHETIC: seeded teaching dataset; not observed market data,2026-09-01T00:00:00+00:00
2025-03-03,VOL_US,0.1440404107153959,absolute,SYNTHETIC: seeded teaching dataset; not observed market data,2026-09-01T00:00:00+00:00
2025-03-04,VOL_US,0.14168494395116532,absolute,SYNTHETIC: seeded teaching dataset; not observed market data,2026-09-01T00:00:00+00:00
2025-03-05,VOL_US,0.1347685105216139,absolute,SYNTHETIC: seeded teaching dataset; not observed market data,2026-09-01T00:00:00+00:00
2025-03-06,VOL_US,0.14346613161711758,absolute,SYNTHETIC: seeded teaching dataset; not observed market data,2026-09-01T00:00:00+00:00
2025-03-07,VOL_US,0.1356150434777541,absolute,SYNTHETIC: seeded teaching dataset; not observed market data,2026-09-01T00:00:00+00:00
2025-03-10,VOL_US,0.12710199068560646,absolute,SYNTHETIC: seeded teaching dataset; not observed market data,2026-09-01T00:00:00+00:00
2025-03-11,VOL_US,0.12277822107635816,absolute,SYNTHETIC: seeded teaching dataset; not observed market data,2026-09-01T00:00:00+00:00
2025-03-12,VOL_US,0.12310182685653723,absolute,SYNTHETIC: seeded teaching dataset; not observed market data,2026-09-01T00:00:00+00:00
2025-03-13,VOL_US,0.1246561030837838,absolute,SYNTHETIC: seeded teaching dataset; not observed market data,2026-09-01T00:00:00+00:00
2025-03-14,VOL_US,0.12489727449182483,absolute,SYNTHETIC: seeded teaching dataset; not observed market data,2026-09-01T00:00:00+00:00
2025-03-17,VOL_US,0.1217973034899667,absolute,SYNTHETIC: seeded teaching dataset; not observed market data,2026-09-01T00:00:00+00:00
2025-03-18,VOL_US,0.12198070257790525,absolute,SYNTHETIC: seeded teaching dataset; not observed market data,2026-09-01T00:00:00+00:00
2025-03-19,VOL_US,0.11378721634820191,absolute,SYNTHETIC: seeded teaching dataset; not observed market data,2026-09-01T00:00:00+00:00
2025-03-20,VOL_US,0.1145149385534105,absolute,SYNTHETIC: seeded teaching dataset; not observed market data,2026-09-01T00:00:00+00:00
2025-03-21,VOL_US,0.11799247118960449,absolute,SYNTHETIC: seeded teaching dataset; not observed market data,2026-09-01T00:00:00+00:00
2025-03-24,VOL_US,0.12054360809197537,absolute,SYNTHETIC: seeded teaching dataset; not observed market data,2026-09-01T00:00:00+00:00
2025-03-25,VOL_US,0.11235507631522582,absolute,SYNTHETIC: seeded teaching dataset; not observed market data,2026-09-01T00:00:00+00:00
2025-03-26,VOL_US,0.11139022914036312,absolute,SYNTHETIC: seeded teaching dataset; not observed market data,2026-09-01T00:00:00+00:00
2025-03-27,VOL_US,0.12397501084145174,absolute,SYNTHETIC: seeded teaching dataset; not observed market data,2026-09-01T00:00:00+00:00
2025-03-28,VOL_US,0.1301527589990471,absolute,SYNTHETIC: seeded teaching dataset; not observed market data,2026-09-01T00:00:00+00:00
2025-03-31,VOL_US,0.1356655106070139,absolute,SYNTHETIC: seeded teaching dataset; not observed market data,2026-09-01T00:00:00+00:00
2025-04-01,VOL_US,0.14608770782714076,absolute,SYNTHETIC: seeded teaching dataset; not observed market data,2026-09-01T00:00:00+00:00
2025-04-02,VOL_US,0.15140092704729355,absolute,SYNTHETIC: seeded teaching dataset; not observed market data,2026-09-01T00:00:00+00:00
2025-04-03,VOL_US,0.14787932019912026,absolute,SYNTHETIC: seeded teaching dataset; not observed market data,2026-09-01T00:00:00+00:00
2025-04-04,VOL_US,0.1470705135737227,absolute,SYNTHETIC: seeded teaching dataset; not observed market data,2026-09-01T00:00:00+00:00
2025-04-07,VOL_US,0.14685363583487898,absolute,SYNTHETIC: seeded teaching dataset; not observed market data,2026-09-01T00:00:00+00:00
2025-04-08,VOL_US,0.1466175720550131,absolute,SYNTHETIC: seeded teaching dataset; not observed market data,2026-09-01T00:00:00+00:00
2025-04-09,VOL_US,0.14912391270098743,absolute,SYNTHETIC: seeded teaching dataset; not observed market data,2026-09-01T00:00:00+00:00
2025-04-10,VOL_US,0.14336831496989647,absolute,SYNTHETIC: seeded teaching dataset; not observed market data,2026-09-01T00:00:00+00:00
2025-04-11,VOL_US,0.1433550308705895,absolute,SYNTHETIC: seeded teaching dataset; not observed market data,2026-09-01T00:00:00+00:00
2025-04-14,VOL_US,0.14250473991219084,absolute,SYNTHETIC: seeded teaching dataset; not observed market data,2026-09-01T00:00:00+00:00
2025-04-15,VOL_US,0.14103957806317677,absolute,SYNTHETIC: seeded teaching dataset; not observed market data,2026-09-01T00:00:00+00:00
2025-04-16,VOL_US,0.13886133344015883,absolute,SYNTHETIC: seeded teaching dataset; not observed market data,2026-09-01T00:00:00+00:00
2025-04-17,VOL_US,0.13838219109551497,absolute,SYNTHETIC: seeded teaching dataset; not observed market data,2026-09-01T00:00:00+00:00
2025-04-18,VOL_US,0.14124498623553747,absolute,SYNTHETIC: seeded teaching dataset; not observed market data,2026-09-01T00:00:00+00:00
2025-04-21,VOL_US,0.13710179175325304,absolute,SYNTHETIC: seeded teaching dataset; not observed market data,2026-09-01T00:00:00+00:00
2025-04-22,VOL_US,0.1387672721991063,absolute,SYNTHETIC: seeded teaching dataset; not observed market data,2026-09-01T00:00:00+00:00
2025-04-23,VOL_US,0.1446527692304374,absolute,SYNTHETIC: seeded teaching dataset; not observed market data,2026-09-01T00:00:00+00:00
2025-04-24,VOL_US,0.14766209206051895,absolute,SYNTHETIC: seeded teaching dataset; not observed market data,2026-09-01T00:00:00+00:00
2025-04-25,VOL_US,0.13968063079215892,absolute,SYNTHETIC: seeded teaching dataset; not observed market data,2026-09-01T00:00:00+00:00
2025-04-28,VOL_US,0.1430592454719199,absolute,SYNTHETIC: seeded teaching dataset; not observed market data,2026-09-01T00:00:00+00:00
2025-04-29,VOL_US,0.1458603950716853,absolute,SYNTHETIC: seeded teaching dataset; not observed market data,2026-09-01T00:00:00+00:00
2025-04-30,VOL_US,0.14140329921279568,absolute,SYNTHETIC: seeded teaching dataset; not observed market data,2026-09-01T00:00:00+00:00
2025-05-01,VOL_US,0.14460177621531198,absolute,SYNTHETIC: seeded teaching dataset; not observed market data,2026-09-01T00:00:00+00:00
2025-05-02,VOL_US,0.13992218254203587,absolute,SYNTHETIC: seeded teaching dataset; not observed market data,2026-09-01T00:00:00+00:00
2025-05-05,VOL_US,0.1382088898888703,absolute,SYNTHETIC: seeded teaching dataset; not observed market data,2026-09-01T00:00:00+00:00
2025-05-06,VOL_US,0.1353743469219569,absolute,SYNTHETIC: seeded teaching dataset; not observed market data,2026-09-01T00:00:00+00:00
2025-05-07,VOL_US,0.13411598271647043,absolute,SYNTHETIC: seeded teaching dataset; not observed market data,2026-09-01T00:00:00+00:00
2025-05-08,VOL_US,0.13524206269135972,absolute,SYNTHETIC: seeded teaching dataset; not observed market data,2026-09-01T00:00:00+00:00
2025-05-09,VOL_US,0.14541772139781656,absolute,SYNTHETIC: seeded teaching dataset; not observed market data,2026-09-01T00:00:00+00:00
2025-05-12,VOL_US,0.14362308784807423,absolute,SYNTHETIC: seeded teaching dataset; not observed market data,2026-09-01T00:00:00+00:00
2025-05-13,VOL_US,0.1449909499422761,absolute,SYNTHETIC: seeded teaching dataset; not observed market data,2026-09-01T00:00:00+00:00
2025-05-14,VOL_US,0.14654737585114821,absolute,SYNTHETIC: seeded teaching dataset; not observed market data,2026-09-01T00:00:00+00:00
2025-05-15,VOL_US,0.1484161962689432,absolute,SYNTHETIC: seeded teaching dataset; not observed market data,2026-09-01T00:00:00+00:00
2025-05-16,VOL_US,0.14090734264108726,absolute,SYNTHETIC: seeded teaching dataset; not observed market data,2026-09-01T00:00:00+00:00
2025-05-19,VOL_US,0.14301244123352003,absolute,SYNTHETIC: seeded teaching dataset; not observed market data,2026-09-01T00:00:00+00:00
2025-05-20,VOL_US,0.13637964684473824,absolute,SYNTHETIC: seeded teaching dataset; not observed market data,2026-09-01T00:00:00+00:00
2025-05-21,VOL_US,0.1295992489123031,absolute,SYNTHETIC: seeded teaching dataset; not observed market data,2026-09-01T00:00:00+00:00
2025-05-22,VOL_US,0.13412828664149395,absolute,SYNTHETIC: seeded teaching dataset; not observed market data,2026-09-01T00:00:00+00:00
2025-05-23,VOL_US,0.14029277401199056,absolute,SYNTHETIC: seeded teaching dataset; not observed market data,2026-09-01T00:00:00+00:00
2025-05-26,VOL_US,0.1342266302719152,absolute,SYNTHETIC: seeded teaching dataset; not observed market data,2026-09-01T00:00:00+00:00
2025-05-27,VOL_US,0.12906828316291538,absolute,SYNTHETIC: seeded teaching dataset; not observed market data,2026-09-01T00:00:00+00:00
2025-05-28,VOL_US,0.11361600615354531,absolute,SYNTHETIC: seeded teaching dataset; not observed market data,2026-09-01T00:00:00+00:00
2025-05-29,VOL_US,0.11964325807935178,absolute,SYNTHETIC: seeded teaching dataset; not observed market data,2026-09-01T00:00:00+00:00
2025-05-30,VOL_US,0.13073896763155868,absolute,SYNTHETIC: seeded teaching dataset; not observed market data,2026-09-01T00:00:00+00:00
2025-06-02,VOL_US,0.12664237767495937,absolute,SYNTHETIC: seeded teaching dataset; not observed market data,2026-09-01T00:00:00+00:00
2025-06-03,VOL_US,0.12556768107646882,absolute,SYNTHETIC: seeded teaching dataset; not observed market data,2026-09-01T00:00:00+00:00
2025-06-04,VOL_US,0.11831496950681172,absolute,SYNTHETIC: seeded teaching dataset; not observed market data,2026-09-01T00:00:00+00:00
2025-06-05,VOL_US,0.11518092769519955,absolute,SYNTHETIC: seeded teaching dataset; not observed market data,2026-09-01T00:00:00+00:00
2025-06-06,VOL_US,0.10296193677373058,absolute,SYNTHETIC: seeded teaching dataset; not observed market data,2026-09-01T00:00:00+00:00
2025-06-09,VOL_US,0.10874351699374571,absolute,SYNTHETIC: seeded teaching dataset; not observed market data,2026-09-01T00:00:00+00:00
2025-06-10,VOL_US,0.1095675892921672,absolute,SYNTHETIC: seeded teaching dataset; not observed market data,2026-09-01T00:00:00+00:00
2025-06-11,VOL_US,0.10628759404925439,absolute,SYNTHETIC: seeded teaching dataset; not observed market data,2026-09-01T00:00:00+00:00
2025-06-12,VOL_US,0.10836937044048597,absolute,SYNTHETIC: seeded teaching dataset; not observed market data,2026-09-01T00:00:00+00:00
2025-06-13,VOL_US,0.10374289523798905,absolute,SYNTHETIC: seeded teaching dataset; not observed market data,2026-09-01T00:00:00+00:00
2025-06-16,VOL_US,0.11159789294856606,absolute,SYNTHETIC: seeded teaching dataset; not observed market data,2026-09-01T00:00:00+00:00
2025-06-17,VOL_US,0.11487244101852748,absolute,SYNTHETIC: seeded teaching dataset; not observed market data,2026-09-01T00:00:00+00:00
2025-06-18,VOL_US,0.11961258714273906,absolute,SYNTHETIC: seeded teaching dataset; not observed market data,2026-09-01T00:00:00+00:00
2025-06-19,VOL_US,0.12380163827880575,absolute,SYNTHETIC: seeded teaching dataset; not observed market data,2026-09-01T00:00:00+00:00
2025-06-20,VOL_US,0.1270371687095429,absolute,SYNTHETIC: seeded teaching dataset; not observed market data,2026-09-01T00:00:00+00:00
2025-06-23,VOL_US,0.11974027888450814,absolute,SYNTHETIC: seeded teaching dataset; not observed market data,2026-09-01T00:00:00+00:00
2025-06-24,VOL_US,0.1186323788700909,absolute,SYNTHETIC: seeded teaching dataset; not observed market data,2026-09-01T00:00:00+00:00
2025-06-25,VOL_US,0.1206182971598301,absolute,SYNTHETIC: seeded teaching dataset; not observed market data,2026-09-01T00:00:00+00:00
2025-06-26,VOL_US,0.12258765433291244,absolute,SYNTHETIC: seeded teaching dataset; not observed market data,2026-09-01T00:00:00+00:00
2025-06-27,VOL_US,0.12276398277698902,absolute,SYNTHETIC: seeded teaching dataset; not observed market data,2026-09-01T00:00:00+00:00
2025-06-30,VOL_US,0.12626951750021725,absolute,SYNTHETIC: seeded teaching dataset; not observed market data,2026-09-01T00:00:00+00:00
2025-07-01,VOL_US,0.1288338041559994,absolute,SYNTHETIC: seeded teaching dataset; not observed market data,2026-09-01T00:00:00+00:00
2025-07-02,VOL_US,0.12695560369562345,absolute,SYNTHETIC: seeded teaching dataset; not observed market data,2026-09-01T00:00:00+00:00
2025-07-03,VOL_US,0.13022917873258752,absolute,SYNTHETIC: seeded teaching dataset; not observed market data,2026-09-01T00:00:00+00:00
2025-07-04,VOL_US,0.1397396972372564,absolute,SYNTHETIC: seeded teaching dataset; not observed market data,2026-09-01T00:00:00+00:00
2025-07-07,VOL_US,0.1445579755995256,absolute,SYNTHETIC: seeded teaching dataset; not observed market data,2026-09-01T00:00:00+00:00
2025-07-08,VOL_US,0.1416017476948879,absolute,SYNTHETIC: seeded teaching dataset; not observed market data,2026-09-01T00:00:00+00:00
2025-07-09,VOL_US,0.14883032698500515,absolute,SYNTHETIC: seeded teaching dataset; not observed market data,2026-09-01T00:00:00+00:00
2025-07-10,VOL_US,0.15385317833063342,absolute,SYNTHETIC: seeded teaching dataset; not observed market data,2026-09-01T00:00:00+00:00
2025-07-11,VOL_US,0.1681157417683172,absolute,SYNTHETIC: seeded teaching dataset; not observed market data,2026-09-01T00:00:00+00:00
2025-07-14,VOL_US,0.15807714020457816,absolute,SYNTHETIC: seeded teaching dataset; not observed market data,2026-09-01T00:00:00+00:00
2025-07-15,VOL_US,0.15284076769368551,absolute,SYNTHETIC: seeded teaching dataset; not observed market data,2026-09-01T00:00:00+00:00
2025-07-16,VOL_US,0.1510750075137568,absolute,SYNTHETIC: seeded teaching dataset; not observed market data,2026-09-01T00:00:00+00:00
2025-07-17,VOL_US,0.1499238334105259,absolute,SYNTHETIC: seeded teaching dataset; not observed market data,2026-09-01T00:00:00+00:00
2025-07-18,VOL_US,0.16052646063230605,absolute,SYNTHETIC: seeded teaching dataset; not observed market data,2026-09-01T00:00:00+00:00
2025-07-21,VOL_US,0.17352009182100822,absolute,SYNTHETIC: seeded teaching dataset; not observed market data,2026-09-01T00:00:00+00:00
2025-07-22,VOL_US,0.16975284055574333,absolute,SYNTHETIC: seeded teaching dataset; not observed market data,2026-09-01T00:00:00+00:00
2025-07-23,VOL_US,0.178145144550341,absolute,SYNTHETIC: seeded teaching dataset; not observed market data,2026-09-01T00:00:00+00:00
2025-07-24,VOL_US,0.18559750304132858,absolute,SYNTHETIC: seeded teaching dataset; not observed market data,2026-09-01T00:00:00+00:00
2025-07-25,VOL_US,0.17974921787544443,absolute,SYNTHETIC: seeded teaching dataset; not observed market data,2026-09-01T00:00:00+00:00
2025-07-28,VOL_US,0.17699966861786168,absolute,SYNTHETIC: seeded teaching dataset; not observed market data,2026-09-01T00:00:00+00:00
2025-07-29,VOL_US,0.18146108427132365,absolute,SYNTHETIC: seeded teaching dataset; not observed market data,2026-09-01T00:00:00+00:00
2025-07-30,VOL_US,0.1749452580033237,absolute,SYNTHETIC: seeded teaching dataset; not observed market data,2026-09-01T00:00:00+00:00
2025-07-31,VOL_US,0.17811465169421717,absolute,SYNTHETIC: seeded teaching dataset; not observed market data,2026-09-01T00:00:00+00:00
2025-08-01,VOL_US,0.17317149346583596,absolute,SYNTHETIC: seeded teaching dataset; not observed market data,2026-09-01T00:00:00+00:00
2025-08-04,VOL_US,0.1796558737929079,absolute,SYNTHETIC: seeded teaching dataset; not observed market data,2026-09-01T00:00:00+00:00
2025-08-05,VOL_US,0.17732811232142406,absolute,SYNTHETIC: seeded teaching dataset; not observed market data,2026-09-01T00:00:00+00:00
2025-08-06,VOL_US,0.17290183190163075,absolute,SYNTHETIC: seeded teaching dataset; not observed market data,2026-09-01T00:00:00+00:00
2025-08-07,VOL_US,0.16643279941497405,absolute,SYNTHETIC: seeded teaching dataset; not observed market data,2026-09-01T00:00:00+00:00
2025-08-08,VOL_US,0.17239156503992084,absolute,SYNTHETIC: seeded teaching dataset; not observed market data,2026-09-01T00:00:00+00:00
2025-08-11,VOL_US,0.16615075798920106,absolute,SYNTHETIC: seeded teaching dataset; not observed market data,2026-09-01T00:00:00+00:00
2025-08-12,VOL_US,0.1686718743085481,absolute,SYNTHETIC: seeded teaching dataset; not observed market data,2026-09-01T00:00:00+00:00
2025-08-13,VOL_US,0.16400075727702942,absolute,SYNTHETIC: seeded teaching dataset; not observed market data,2026-09-01T00:00:00+00:00
2025-08-14,VOL_US,0.16364737273603255,absolute,SYNTHETIC: seeded teaching dataset; not observed market data,2026-09-01T00:00:00+00:00
2025-08-15,VOL_US,0.1607200165535392,absolute,SYNTHETIC: seeded teaching dataset; not observed market data,2026-09-01T00:00:00+00:00
2025-08-18,VOL_US,0.1605522977543752,absolute,SYNTHETIC: seeded teaching dataset; not observed market data,2026-09-01T00:00:00+00:00
2025-08-19,VOL_US,0.16567990225981735,absolute,SYNTHETIC: seeded teaching dataset; not observed market data,2026-09-01T00:00:00+00:00
2025-08-20,VOL_US,0.16760852922724215,absolute,SYNTHETIC: seeded teaching dataset; not observed market data,2026-09-01T00:00:00+00:00
2025-08-21,VOL_US,0.17623517495185528,absolute,SYNTHETIC: seeded teaching dataset; not observed market data,2026-09-01T00:00:00+00:00
2025-08-22,VOL_US,0.18261562096926073,absolute,SYNTHETIC: seeded teaching dataset; not observed market data,2026-09-01T00:00:00+00:00
2025-08-25,VOL_US,0.17408940791952363,absolute,SYNTHETIC: seeded teaching dataset; not observed market data,2026-09-01T00:00:00+00:00
2025-08-26,VOL_US,0.17021973837323892,absolute,SYNTHETIC: seeded teaching dataset; not observed market data,2026-09-01T00:00:00+00:00
2025-08-27,VOL_US,0.16963639881258122,absolute,SYNTHETIC: seeded teaching dataset; not observed market data,2026-09-01T00:00:00+00:00
2025-08-28,VOL_US,0.1672137100774491,absolute,SYNTHETIC: seeded teaching dataset; not observed market data,2026-09-01T00:00:00+00:00
2025-08-29,VOL_US,0.16685677262421258,absolute,SYNTHETIC: seeded teaching dataset; not observed market data,2026-09-01T00:00:00+00:00
2025-09-01,VOL_US,0.17609183053915098,absolute,SYNTHETIC: seeded teaching dataset; not observed market data,2026-09-01T00:00:00+00:00
2025-09-02,VOL_US,0.1778529024833976,absolute,SYNTHETIC: seeded teaching dataset; not observed market data,2026-09-01T00:00:00+00:00
2025-09-03,VOL_US,0.18308588715347976,absolute,SYNTHETIC: seeded teaching dataset; not observed market data,2026-09-01T00:00:00+00:00
2025-09-04,VOL_US,0.18167598994166637,absolute,SYNTHETIC: seeded teaching dataset; not observed market data,2026-09-01T00:00:00+00:00
2025-09-05,VOL_US,0.17665177223880843,absolute,SYNTHETIC: seeded teaching dataset; not observed market data,2026-09-01T00:00:00+00:00
2025-09-08,VOL_US,0.1708809082984131,absolute,SYNTHETIC: seeded teaching dataset; not observed market data,2026-09-01T00:00:00+00:00
2025-09-09,VOL_US,0.17539142934771093,absolute,SYNTHETIC: seeded teaching dataset; not observed market data,2026-09-01T00:00:00+00:00
2025-09-10,VOL_US,0.17775759005426453,absolute,SYNTHETIC: seeded teaching dataset; not observed market data,2026-09-01T00:00:00+00:00
2025-09-11,VOL_US,0.17904749700295527,absolute,SYNTHETIC: seeded teaching dataset; not observed market data,2026-09-01T00:00:00+00:00
2025-09-12,VOL_US,0.17405276199238948,absolute,SYNTHETIC: seeded teaching dataset; not observed market data,2026-09-01T00:00:00+00:00
2025-09-15,VOL_US,0.17491475858468644,absolute,SYNTHETIC: seeded teaching dataset; not observed market data,2026-09-01T00:00:00+00:00
2025-09-16,VOL_US,0.17219463622022693,absolute,SYNTHETIC: seeded teaching dataset; not observed market data,2026-09-01T00:00:00+00:00
2025-09-17,VOL_US,0.1719895229427034,absolute,SYNTHETIC: seeded teaching dataset; not observed market data,2026-09-01T00:00:00+00:00
2025-09-18,VOL_US,0.18028363958019075,absolute,SYNTHETIC: seeded teaching dataset; not observed market data,2026-09-01T00:00:00+00:00
2025-09-19,VOL_US,0.1892780014184083,absolute,SYNTHETIC: seeded teaching dataset; not observed market data,2026-09-01T00:00:00+00:00
2025-09-22,VOL_US,0.18477267311555798,absolute,SYNTHETIC: seeded teaching dataset; not observed market data,2026-09-01T00:00:00+00:00
2025-09-23,VOL_US,0.19234966626223535,absolute,SYNTHETIC: seeded teaching dataset; not observed market data,2026-09-01T00:00:00+00:00
2025-09-24,VOL_US,0.19614183546557815,absolute,SYNTHETIC: seeded teaching dataset; not observed market data,2026-09-01T00:00:00+00:00
2025-09-25,VOL_US,0.19110080185119763,absolute,SYNTHETIC: seeded teaching dataset; not observed market data,2026-09-01T00:00:00+00:00
2025-09-26,VOL_US,0.18462803713939516,absolute,SYNTHETIC: seeded teaching dataset; not observed market data,2026-09-01T00:00:00+00:00
2025-09-29,VOL_US,0.18142234899966583,absolute,SYNTHETIC: seeded teaching dataset; not observed market data,2026-09-01T00:00:00+00:00
2025-09-30,VOL_US,0.18890105271112476,absolute,SYNTHETIC: seeded teaching dataset; not observed market data,2026-09-01T00:00:00+00:00
2025-10-01,VOL_US,0.19594500901714132,absolute,SYNTHETIC: seeded teaching dataset; not observed market data,2026-09-01T00:00:00+00:00
2025-10-02,VOL_US,0.19874806300868744,absolute,SYNTHETIC: seeded teaching dataset; not observed market data,2026-09-01T00:00:00+00:00
2025-10-03,VOL_US,0.1886959351521776,absolute,SYNTHETIC: seeded teaching dataset; not observed market data,2026-09-01T00:00:00+00:00
2025-10-06,VOL_US,0.19536570474157341,absolute,SYNTHETIC: seeded teaching dataset; not observed market data,2026-09-01T00:00:00+00:00
2025-10-07,VOL_US,0.1991725866234463,absolute,SYNTHETIC: seeded teaching dataset; not observed market data,2026-09-01T00:00:00+00:00
2025-10-08,VOL_US,0.20272075422206806,absolute,SYNTHETIC: seeded teaching dataset; not observed market data,2026-09-01T00:00:00+00:00
2025-10-09,VOL_US,0.20437344374250824,absolute,SYNTHETIC: seeded teaching dataset; not observed market data,2026-09-01T00:00:00+00:00
2025-10-10,VOL_US,0.203863101151421,absolute,SYNTHETIC: seeded teaching dataset; not observed market data,2026-09-01T00:00:00+00:00
2025-10-13,VOL_US,0.20259027110871783,absolute,SYNTHETIC: seeded teaching dataset; not observed market data,2026-09-01T00:00:00+00:00
2025-10-14,VOL_US,0.19962862471992623,absolute,SYNTHETIC: seeded teaching dataset; not observed market data,2026-09-01T00:00:00+00:00
2025-10-15,VOL_US,0.19601947459113253,absolute,SYNTHETIC: seeded teaching dataset; not observed market data,2026-09-01T00:00:00+00:00
2025-10-16,VOL_US,0.1978306576496012,absolute,SYNTHETIC: seeded teaching dataset; not observed market data,2026-09-01T00:00:00+00:00
2025-10-17,VOL_US,0.1965074624770233,absolute,SYNTHETIC: seeded teaching dataset; not observed market data,2026-09-01T00:00:00+00:00
2025-10-20,VOL_US,0.19732421999720737,absolute,SYNTHETIC: seeded teaching dataset; not observed market data,2026-09-01T00:00:00+00:00
2025-10-21,VOL_US,0.20243281577060604,absolute,SYNTHETIC: seeded teaching dataset; not observed market data,2026-09-01T00:00:00+00:00
2025-10-22,VOL_US,0.20166264938373532,absolute,SYNTHETIC: seeded teaching dataset; not observed market data,2026-09-01T00:00:00+00:00
2025-10-23,VOL_US,0.2022293605494558,absolute,SYNTHETIC: seeded teaching dataset; not observed market data,2026-09-01T00:00:00+00:00
2025-10-24,VOL_US,0.2064634082652523,absolute,SYNTHETIC: seeded teaching dataset; not observed market data,2026-09-01T00:00:00+00:00
2025-10-27,VOL_US,0.21033164787133604,absolute,SYNTHETIC: seeded teaching dataset; not observed market data,2026-09-01T00:00:00+00:00
2025-10-28,VOL_US,0.20861809421525554,absolute,SYNTHETIC: seeded teaching dataset; not observed market data,2026-09-01T00:00:00+00:00
2025-10-29,VOL_US,0.20836851653135233,absolute,SYNTHETIC: seeded teaching dataset; not observed market data,2026-09-01T00:00:00+00:00
2025-10-30,VOL_US,0.20154989386825553,absolute,SYNTHETIC: seeded teaching dataset; not observed market data,2026-09-01T00:00:00+00:00
2025-10-31,VOL_US,0.2019991340610223,absolute,SYNTHETIC: seeded teaching dataset; not observed market data,2026-09-01T00:00:00+00:00
2025-11-03,VOL_US,0.20380861160272437,absolute,SYNTHETIC: seeded teaching dataset; not observed market data,2026-09-01T00:00:00+00:00
2025-11-04,VOL_US,0.2007123829722068,absolute,SYNTHETIC: seeded teaching dataset; not observed market data,2026-09-01T00:00:00+00:00
2025-11-05,VOL_US,0.20589225171859213,absolute,SYNTHETIC: seeded teaching dataset; not observed market data,2026-09-01T00:00:00+00:00
2025-11-06,VOL_US,0.20510725165172652,absolute,SYNTHETIC: seeded teaching dataset; not observed market data,2026-09-01T00:00:00+00:00
2025-11-07,VOL_US,0.20463753772973273,absolute,SYNTHETIC: seeded teaching dataset; not observed market data,2026-09-01T00:00:00+00:00
2025-11-10,VOL_US,0.2019525111930218,absolute,SYNTHETIC: seeded teaching dataset; not observed market data,2026-09-01T00:00:00+00:00
2025-11-11,VOL_US,0.20197749817901964,absolute,SYNTHETIC: seeded teaching dataset; not observed market data,2026-09-01T00:00:00+00:00
2025-11-12,VOL_US,0.20219362501418583,absolute,SYNTHETIC: seeded teaching dataset; not observed market data,2026-09-01T00:00:00+00:00
2025-11-13,VOL_US,0.202280561495729,absolute,SYNTHETIC: seeded teaching dataset; not observed market data,2026-09-01T00:00:00+00:00
2025-11-14,VOL_US,0.21048192825295117,absolute,SYNTHETIC: seeded teaching dataset; not observed market data,2026-09-01T00:00:00+00:00
2025-11-17,VOL_US,0.21500617042628686,absolute,SYNTHETIC: seeded teaching dataset; not observed market data,2026-09-01T00:00:00+00:00
2025-11-18,VOL_US,0.21207665597350353,absolute,SYNTHETIC: seeded teaching dataset; not observed market data,2026-09-01T00:00:00+00:00
2025-11-19,VOL_US,0.21300782730487597,absolute,SYNTHETIC: seeded teaching dataset; not observed market data,2026-09-01T00:00:00+00:00
2025-11-20,VOL_US,0.21213988292921984,absolute,SYNTHETIC: seeded teaching dataset; not observed market data,2026-09-01T00:00:00+00:00
2025-11-21,VOL_US,0.21928704957450082,absolute,SYNTHETIC: seeded teaching dataset; not observed market data,2026-09-01T00:00:00+00:00
2025-11-24,VOL_US,0.2136509550640591,absolute,SYNTHETIC: seeded teaching dataset; not observed market data,2026-09-01T00:00:00+00:00
2025-11-25,VOL_US,0.1992173360230091,absolute,SYNTHETIC: seeded teaching dataset; not observed market data,2026-09-01T00:00:00+00:00
2025-11-26,VOL_US,0.1970203749603989,absolute,SYNTHETIC: seeded teaching dataset; not observed market data,2026-09-01T00:00:00+00:00
2025-11-27,VOL_US,0.20170431931744034,absolute,SYNTHETIC: seeded teaching dataset; not observed market data,2026-09-01T00:00:00+00:00
2025-11-28,VOL_US,0.2031624526130215,absolute,SYNTHETIC: seeded teaching dataset; not observed market data,2026-09-01T00:00:00+00:00
2025-12-01,VOL_US,0.2039725394350679,absolute,SYNTHETIC: seeded teaching dataset; not observed market data,2026-09-01T00:00:00+00:00
2025-12-02,VOL_US,0.2028284074039214,absolute,SYNTHETIC: seeded teaching dataset; not observed market data,2026-09-01T00:00:00+00:00
2025-12-03,VOL_US,0.2091472680048351,absolute,SYNTHETIC: seeded teaching dataset; not observed market data,2026-09-01T00:00:00+00:00
2025-12-04,VOL_US,0.20666399103051877,absolute,SYNTHETIC: seeded teaching dataset; not observed market data,2026-09-01T00:00:00+00:00
2025-12-05,VOL_US,0.19862873877331574,absolute,SYNTHETIC: seeded teaching dataset; not observed market data,2026-09-01T00:00:00+00:00
2025-12-08,VOL_US,0.209432900812157,absolute,SYNTHETIC: seeded teaching dataset; not observed market data,2026-09-01T00:00:00+00:00
2025-12-09,VOL_US,0.20238577506113573,absolute,SYNTHETIC: seeded teaching dataset; not observed market data,2026-09-01T00:00:00+00:00
2025-12-10,VOL_US,0.19962078705345063,absolute,SYNTHETIC: seeded teaching dataset; not observed market data,2026-09-01T00:00:00+00:00
2025-12-11,VOL_US,0.19670434522179445,absolute,SYNTHETIC: seeded teaching dataset; not observed market data,2026-09-01T00:00:00+00:00
2025-12-12,VOL_US,0.19372496535665698,absolute,SYNTHETIC: seeded teaching dataset; not observed market data,2026-09-01T00:00:00+00:00
2025-12-15,VOL_US,0.1952799222716445,absolute,SYNTHETIC: seeded teaching dataset; not observed market data,2026-09-01T00:00:00+00:00
2025-12-16,VOL_US,0.18532987244607915,absolute,SYNTHETIC: seeded teaching dataset; not observed market data,2026-09-01T00:00:00+00:00
2025-12-17,VOL_US,0.19027396637941182,absolute,SYNTHETIC: seeded teaching dataset; not observed market data,2026-09-01T00:00:00+00:00
2025-12-18,VOL_US,0.1925419794731186,absolute,SYNTHETIC: seeded teaching dataset; not observed market data,2026-09-01T00:00:00+00:00
2025-12-19,VOL_US,0.18160646316794501,absolute,SYNTHETIC: seeded teaching dataset; not observed market data,2026-09-01T00:00:00+00:00
2025-12-22,VOL_US,0.1907005800619769,absolute,SYNTHETIC: seeded teaching dataset; not observed market data,2026-09-01T00:00:00+00:00
2025-12-23,VOL_US,0.1774880261097422,absolute,SYNTHETIC: seeded teaching dataset; not observed market data,2026-09-01T00:00:00+00:00
2025-12-24,VOL_US,0.1780079469447561,absolute,SYNTHETIC: seeded teaching dataset; not observed market data,2026-09-01T00:00:00+00:00
2025-12-25,VOL_US,0.18578848852160054,absolute,SYNTHETIC: seeded teaching dataset; not observed market data,2026-09-01T00:00:00+00:00
2025-12-26,VOL_US,0.19276416874393412,absolute,SYNTHETIC: seeded teaching dataset; not observed market data,2026-09-01T00:00:00+00:00
2025-12-29,VOL_US,0.18818580523647835,absolute,SYNTHETIC: seeded teaching dataset; not observed market data,2026-09-01T00:00:00+00:00
2025-12-30,VOL_US,0.18995873481623535,absolute,SYNTHETIC: seeded teaching dataset; not observed market data,2026-09-01T00:00:00+00:00
2025-12-31,VOL_US,0.1878883129743226,absolute,SYNTHETIC: seeded teaching dataset; not observed market data,2026-09-01T00:00:00+00:00
2026-01-01,VOL_US,0.17543140404316296,absolute,SYNTHETIC: seeded teaching dataset; not observed market data,2026-09-01T00:00:00+00:00
2026-01-02,VOL_US,0.18114102181193678,absolute,SYNTHETIC: seeded teaching dataset; not observed market data,2026-09-01T00:00:00+00:00
2026-01-05,VOL_US,0.18573035571431948,absolute,SYNTHETIC: seeded teaching dataset; not observed market data,2026-09-01T00:00:00+00:00
2026-01-06,VOL_US,0.17411070746109883,absolute,SYNTHETIC: seeded teaching dataset; not observed market data,2026-09-01T00:00:00+00:00
2026-01-07,VOL_US,0.17288471606041098,absolute,SYNTHETIC: seeded teaching dataset; not observed market data,2026-09-01T00:00:00+00:00
2026-01-08,VOL_US,0.17191291627816876,absolute,SYNTHETIC: seeded teaching dataset; not observed market data,2026-09-01T00:00:00+00:00
2026-01-09,VOL_US,0.17978073730779107,absolute,SYNTHETIC: seeded teaching dataset; not observed market data,2026-09-01T00:00:00+00:00
2026-01-12,VOL_US,0.18499586215949967,absolute,SYNTHETIC: seeded teaching dataset; not observed market data,2026-09-01T00:00:00+00:00
2026-01-13,VOL_US,0.19762369284068007,absolute,SYNTHETIC: seeded teaching dataset; not observed market data,2026-09-01T00:00:00+00:00
2026-01-14,VOL_US,0.19611361369213773,absolute,SYNTHETIC: seeded teaching dataset; not observed market data,2026-09-01T00:00:00+00:00
2026-01-15,VOL_US,0.19868548741784472,absolute,SYNTHETIC: seeded teaching dataset; not observed market data,2026-09-01T00:00:00+00:00
2026-01-16,VOL_US,0.20567146805592476,absolute,SYNTHETIC: seeded teaching dataset; not observed market data,2026-09-01T00:00:00+00:00
2026-01-19,VOL_US,0.19945967971920223,absolute,SYNTHETIC: seeded teaching dataset; not observed market data,2026-09-01T00:00:00+00:00
2026-01-20,VOL_US,0.20516248471156454,absolute,SYNTHETIC: seeded teaching dataset; not observed market data,2026-09-01T00:00:00+00:00
2026-01-21,VOL_US,0.2146240774305437,absolute,SYNTHETIC: seeded teaching dataset; not observed market data,2026-09-01T00:00:00+00:00
2026-01-22,VOL_US,0.20872108280980547,absolute,SYNTHETIC: seeded teaching dataset; not observed market data,2026-09-01T00:00:00+00:00
2026-01-23,VOL_US,0.2061162612637523,absolute,SYNTHETIC: seeded teaching dataset; not observed market data,2026-09-01T00:00:00+00:00
2026-01-26,VOL_US,0.2102821422773243,absolute,SYNTHETIC: seeded teaching dataset; not observed market data,2026-09-01T00:00:00+00:00
2026-01-27,VOL_US,0.21337554149217178,absolute,SYNTHETIC: seeded teaching dataset; not observed market data,2026-09-01T00:00:00+00:00
2026-01-28,VOL_US,0.2082277035264771,absolute,SYNTHETIC: seeded teaching dataset; not observed market data,2026-09-01T00:00:00+00:00
2026-01-29,VOL_US,0.2157486424373927,absolute,SYNTHETIC: seeded teaching dataset; not observed market data,2026-09-01T00:00:00+00:00
2026-01-30,VOL_US,0.20991774334763988,absolute,SYNTHETIC: seeded teaching dataset; not observed market data,2026-09-01T00:00:00+00:00
2026-02-02,VOL_US,0.21014901875231443,absolute,SYNTHETIC: seeded teaching dataset; not observed market data,2026-09-01T00:00:00+00:00
2026-02-03,VOL_US,0.1992203268676934,absolute,SYNTHETIC: seeded teaching dataset; not observed market data,2026-09-01T00:00:00+00:00
2026-02-04,VOL_US,0.19915791126075136,absolute,SYNTHETIC: seeded teaching dataset; not observed market data,2026-09-01T00:00:00+00:00
2026-02-05,VOL_US,0.20164577346530674,absolute,SYNTHETIC: seeded teaching dataset; not observed market data,2026-09-01T00:00:00+00:00
2026-02-06,VOL_US,0.2032024641415974,absolute,SYNTHETIC: seeded teaching dataset; not observed market data,2026-09-01T00:00:00+00:00
2026-02-09,VOL_US,0.20134216117026535,absolute,SYNTHETIC: seeded teaching dataset; not observed market data,2026-09-01T00:00:00+00:00
2026-02-10,VOL_US,0.2129870301007609,absolute,SYNTHETIC: seeded teaching dataset; not observed market data,2026-09-01T00:00:00+00:00
2026-02-11,VOL_US,0.2007160393511754,absolute,SYNTHETIC: seeded teaching dataset; not observed market data,2026-09-01T00:00:00+00:00
2026-02-12,VOL_US,0.20592322439163455,absolute,SYNTHETIC: seeded teaching dataset; not observed market data,2026-09-01T00:00:00+00:00
2026-02-13,VOL_US,0.20989411255747267,absolute,SYNTHETIC: seeded teaching dataset; not observed market data,2026-09-01T00:00:00+00:00
2026-02-16,VOL_US,0.211837197480902,absolute,SYNTHETIC: seeded teaching dataset; not observed market data,2026-09-01T00:00:00+00:00
2026-02-17,VOL_US,0.20316368276019023,absolute,SYNTHETIC: seeded teaching dataset; not observed market data,2026-09-01T00:00:00+00:00
2026-02-18,VOL_US,0.208174192899284,absolute,SYNTHETIC: seeded teaching dataset; not observed market data,2026-09-01T00:00:00+00:00
2026-02-19,VOL_US,0.20067495130248822,absolute,SYNTHETIC: seeded teaching dataset; not observed market data,2026-09-01T00:00:00+00:00
2026-02-20,VOL_US,0.20382058558867885,absolute,SYNTHETIC: seeded teaching dataset; not observed market data,2026-09-01T00:00:00+00:00
2026-02-23,VOL_US,0.212310910590756,absolute,SYNTHETIC: seeded teaching dataset; not observed market data,2026-09-01T00:00:00+00:00
2026-02-24,VOL_US,0.2033446691305669,absolute,SYNTHETIC: seeded teaching dataset; not observed market data,2026-09-01T00:00:00+00:00
2026-02-25,VOL_US,0.20239133166128473,absolute,SYNTHETIC: seeded teaching dataset; not observed market data,2026-09-01T00:00:00+00:00
2026-02-26,VOL_US,0.20464055099020964,absolute,SYNTHETIC: seeded teaching dataset; not observed market data,2026-09-01T00:00:00+00:00
2026-02-27,VOL_US,0.21452143893312833,absolute,SYNTHETIC: seeded teaching dataset; not observed market data,2026-09-01T00:00:00+00:00
2026-03-02,VOL_US,0.2184726624967022,absolute,SYNTHETIC: seeded teaching dataset; not observed market data,2026-09-01T00:00:00+00:00
2026-03-03,VOL_US,0.21681425352448333,absolute,SYNTHETIC: seeded teaching dataset; not observed market data,2026-09-01T00:00:00+00:00
2026-03-04,VOL_US,0.21623106035535086,absolute,SYNTHETIC: seeded teaching dataset; not observed market data,2026-09-01T00:00:00+00:00
2026-03-05,VOL_US,0.2189795111568231,absolute,SYNTHETIC: seeded teaching dataset; not observed market data,2026-09-01T00:00:00+00:00
2026-03-06,VOL_US,0.21623733907551848,absolute,SYNTHETIC: seeded teaching dataset; not observed market data,2026-09-01T00:00:00+00:00
2026-03-09,VOL_US,0.20630082543567893,absolute,SYNTHETIC: seeded teaching dataset; not observed market data,2026-09-01T00:00:00+00:00
2026-03-10,VOL_US,0.19591310406966925,absolute,SYNTHETIC: seeded teaching dataset; not observed market data,2026-09-01T00:00:00+00:00
2026-03-11,VOL_US,0.20336690568028945,absolute,SYNTHETIC: seeded teaching dataset; not observed market data,2026-09-01T00:00:00+00:00
2026-03-12,VOL_US,0.2060794051176427,absolute,SYNTHETIC: seeded teaching dataset; not observed market data,2026-09-01T00:00:00+00:00
2026-03-13,VOL_US,0.21106809308473642,absolute,SYNTHETIC: seeded teaching dataset; not observed market data,2026-09-01T00:00:00+00:00
2026-03-16,VOL_US,0.20806551365866074,absolute,SYNTHETIC: seeded teaching dataset; not observed market data,2026-09-01T00:00:00+00:00
2026-03-17,VOL_US,0.2128489985607336,absolute,SYNTHETIC: seeded teaching dataset; not observed market data,2026-09-01T00:00:00+00:00
2026-03-18,VOL_US,0.21452869800529686,absolute,SYNTHETIC: seeded teaching dataset; not observed market data,2026-09-01T00:00:00+00:00
2026-03-19,VOL_US,0.2174298790309903,absolute,SYNTHETIC: seeded teaching dataset; not observed market data,2026-09-01T00:00:00+00:00
2026-03-20,VOL_US,0.22063026261622906,absolute,SYNTHETIC: seeded teaching dataset; not observed market data,2026-09-01T00:00:00+00:00
2026-03-23,VOL_US,0.20539998205064783,absolute,SYNTHETIC: seeded teaching dataset; not observed market data,2026-09-01T00:00:00+00:00
2026-03-24,VOL_US,0.20249647292642745,absolute,SYNTHETIC: seeded teaching dataset; not observed market data,2026-09-01T00:00:00+00:00
2026-03-25,VOL_US,0.20572641674354994,absolute,SYNTHETIC: seeded teaching dataset; not observed market data,2026-09-01T00:00:00+00:00
2026-03-26,VOL_US,0.2151856197686942,absolute,SYNTHETIC: seeded teaching dataset; not observed market data,2026-09-01T00:00:00+00:00
2026-03-27,VOL_US,0.2185998792324431,absolute,SYNTHETIC: seeded teaching dataset; not observed market data,2026-09-01T00:00:00+00:00
2026-03-30,VOL_US,0.2316778080566407,absolute,SYNTHETIC: seeded teaching dataset; not observed market data,2026-09-01T00:00:00+00:00
2026-03-31,VOL_US,0.23311456433848357,absolute,SYNTHETIC: seeded teaching dataset; not observed market data,2026-09-01T00:00:00+00:00
2026-04-01,VOL_US,0.24610051316579376,absolute,SYNTHETIC: seeded teaching dataset; not observed market data,2026-09-01T00:00:00+00:00
2026-04-02,VOL_US,0.24374212579272894,absolute,SYNTHETIC: seeded teaching dataset; not observed market data,2026-09-01T00:00:00+00:00
2026-04-03,VOL_US,0.24688253737756957,absolute,SYNTHETIC: seeded teaching dataset; not observed market data,2026-09-01T00:00:00+00:00
2026-04-06,VOL_US,0.2414138975842214,absolute,SYNTHETIC: seeded teaching dataset; not observed market data,2026-09-01T00:00:00+00:00
2026-04-07,VOL_US,0.24357132511825727,absolute,SYNTHETIC: seeded teaching dataset; not observed market data,2026-09-01T00:00:00+00:00
2026-04-08,VOL_US,0.24449346647902462,absolute,SYNTHETIC: seeded teaching dataset; not observed market data,2026-09-01T00:00:00+00:00
2026-04-09,VOL_US,0.24664822219182295,absolute,SYNTHETIC: seeded teaching dataset; not observed market data,2026-09-01T00:00:00+00:00
2026-04-10,VOL_US,0.24447148045457798,absolute,SYNTHETIC: seeded teaching dataset; not observed market data,2026-09-01T00:00:00+00:00
2026-04-13,VOL_US,0.24183290570969404,absolute,SYNTHETIC: seeded teaching dataset; not observed market data,2026-09-01T00:00:00+00:00
2026-04-14,VOL_US,0.2402683424399699,absolute,SYNTHETIC: seeded teaching dataset; not observed market data,2026-09-01T00:00:00+00:00
2026-04-15,VOL_US,0.2443449731475584,absolute,SYNTHETIC: seeded teaching dataset; not observed market data,2026-09-01T00:00:00+00:00
2026-04-16,VOL_US,0.24146759308003193,absolute,SYNTHETIC: seeded teaching dataset; not observed market data,2026-09-01T00:00:00+00:00
2026-04-17,VOL_US,0.23781076228879613,absolute,SYNTHETIC: seeded teaching dataset; not observed market data,2026-09-01T00:00:00+00:00
2026-04-20,VOL_US,0.23585586247002707,absolute,SYNTHETIC: seeded teaching dataset; not observed market data,2026-09-01T00:00:00+00:00
2026-04-21,VOL_US,0.22957086958506986,absolute,SYNTHETIC: seeded teaching dataset; not observed market data,2026-09-01T00:00:00+00:00
2026-04-22,VOL_US,0.22277444757151585,absolute,SYNTHETIC: seeded teaching dataset; not observed market data,2026-09-01T00:00:00+00:00
2026-04-23,VOL_US,0.2248306227942781,absolute,SYNTHETIC: seeded teaching dataset; not observed market data,2026-09-01T00:00:00+00:00
2026-04-24,VOL_US,0.22669079942089757,absolute,SYNTHETIC: seeded teaching dataset; not observed market data,2026-09-01T00:00:00+00:00
2026-04-27,VOL_US,0.21516142208040182,absolute,SYNTHETIC: seeded teaching dataset; not observed market data,2026-09-01T00:00:00+00:00
2026-04-28,VOL_US,0.22273200423921205,absolute,SYNTHETIC: seeded teaching dataset; not observed market data,2026-09-01T00:00:00+00:00
2026-04-29,VOL_US,0.22365669573294564,absolute,SYNTHETIC: seeded teaching dataset; not observed market data,2026-09-01T00:00:00+00:00
2026-04-30,VOL_US,0.22278890627048029,absolute,SYNTHETIC: seeded teaching dataset; not observed market data,2026-09-01T00:00:00+00:00
2026-05-01,VOL_US,0.21416734093957066,absolute,SYNTHETIC: seeded teaching dataset; not observed market data,2026-09-01T00:00:00+00:00
2026-05-04,VOL_US,0.21489077810946985,absolute,SYNTHETIC: seeded teaching dataset; not observed market data,2026-09-01T00:00:00+00:00
2026-05-05,VOL_US,0.21827291432264975,absolute,SYNTHETIC: seeded teaching dataset; not observed market data,2026-09-01T00:00:00+00:00
2026-05-06,VOL_US,0.20986287164322961,absolute,SYNTHETIC: seeded teaching dataset; not observed market data,2026-09-01T00:00:00+00:00
2026-05-07,VOL_US,0.20465688400671264,absolute,SYNTHETIC: seeded teaching dataset; not observed market data,2026-09-01T00:00:00+00:00
2026-05-08,VOL_US,0.19961481577819054,absolute,SYNTHETIC: seeded teaching dataset; not observed market data,2026-09-01T00:00:00+00:00
2026-05-11,VOL_US,0.21402808256490422,absolute,SYNTHETIC: seeded teaching dataset; not observed market data,2026-09-01T00:00:00+00:00
2026-05-12,VOL_US,0.21083771330657444,absolute,SYNTHETIC: seeded teaching dataset; not observed market data,2026-09-01T00:00:00+00:00
2026-05-13,VOL_US,0.21581606488136842,absolute,SYNTHETIC: seeded teaching dataset; not observed market data,2026-09-01T00:00:00+00:00
2026-05-14,VOL_US,0.20542488266279077,absolute,SYNTHETIC: seeded teaching dataset; not observed market data,2026-09-01T00:00:00+00:00
2026-05-15,VOL_US,0.2049740063177967,absolute,SYNTHETIC: seeded teaching dataset; not observed market data,2026-09-01T00:00:00+00:00
2026-05-18,VOL_US,0.203305842087413,absolute,SYNTHETIC: seeded teaching dataset; not observed market data,2026-09-01T00:00:00+00:00
2026-05-19,VOL_US,0.20238681724538307,absolute,SYNTHETIC: seeded teaching dataset; not observed market data,2026-09-01T00:00:00+00:00
2026-05-20,VOL_US,0.2040881500987655,absolute,SYNTHETIC: seeded teaching dataset; not observed market data,2026-09-01T00:00:00+00:00
2026-05-21,VOL_US,0.20124945713127543,absolute,SYNTHETIC: seeded teaching dataset; not observed market data,2026-09-01T00:00:00+00:00
2026-05-22,VOL_US,0.19692209029598925,absolute,SYNTHETIC: seeded teaching dataset; not observed market data,2026-09-01T00:00:00+00:00
2026-05-25,VOL_US,0.20514998597426157,absolute,SYNTHETIC: seeded teaching dataset; not observed market data,2026-09-01T00:00:00+00:00
2026-05-26,VOL_US,0.20561598862376587,absolute,SYNTHETIC: seeded teaching dataset; not observed market data,2026-09-01T00:00:00+00:00
2026-05-27,VOL_US,0.20058826193005894,absolute,SYNTHETIC: seeded teaching dataset; not observed market data,2026-09-01T00:00:00+00:00
2026-05-28,VOL_US,0.21490041356629833,absolute,SYNTHETIC: seeded teaching dataset; not observed market data,2026-09-01T00:00:00+00:00
2026-05-29,VOL_US,0.21355908235710067,absolute,SYNTHETIC: seeded teaching dataset; not observed market data,2026-09-01T00:00:00+00:00
2026-06-01,VOL_US,0.20462876257004067,absolute,SYNTHETIC: seeded teaching dataset; not observed market data,2026-09-01T00:00:00+00:00
2026-06-02,VOL_US,0.21139637933897668,absolute,SYNTHETIC: seeded teaching dataset; not observed market data,2026-09-01T00:00:00+00:00
2026-06-03,VOL_US,0.2047701996550559,absolute,SYNTHETIC: seeded teaching dataset; not observed market data,2026-09-01T00:00:00+00:00
2026-06-04,VOL_US,0.20949982081074073,absolute,SYNTHETIC: seeded teaching dataset; not observed market data,2026-09-01T00:00:00+00:00
2026-06-05,VOL_US,0.21081020705507555,absolute,SYNTHETIC: seeded teaching dataset; not observed market data,2026-09-01T00:00:00+00:00
2026-06-08,VOL_US,0.213922040496464,absolute,SYNTHETIC: seeded teaching dataset; not observed market data,2026-09-01T00:00:00+00:00
2026-06-09,VOL_US,0.2160497075796843,absolute,SYNTHETIC: seeded teaching dataset; not observed market data,2026-09-01T00:00:00+00:00
2026-06-10,VOL_US,0.21692869908121779,absolute,SYNTHETIC: seeded teaching dataset; not observed market data,2026-09-01T00:00:00+00:00
2026-06-11,VOL_US,0.21028657616671717,absolute,SYNTHETIC: seeded teaching dataset; not observed market data,2026-09-01T00:00:00+00:00
2026-06-12,VOL_US,0.21140752198301124,absolute,SYNTHETIC: seeded teaching dataset; not observed market data,2026-09-01T00:00:00+00:00
2026-06-15,VOL_US,0.19724076378587216,absolute,SYNTHETIC: seeded teaching dataset; not observed market data,2026-09-01T00:00:00+00:00
2026-06-16,VOL_US,0.20394508701023087,absolute,SYNTHETIC: seeded teaching dataset; not observed market data,2026-09-01T00:00:00+00:00
2026-06-17,VOL_US,0.19434446367215594,absolute,SYNTHETIC: seeded teaching dataset; not observed market data,2026-09-01T00:00:00+00:00
2026-06-18,VOL_US,0.20702990840841165,absolute,SYNTHETIC: seeded teaching dataset; not observed market data,2026-09-01T00:00:00+00:00
2026-06-19,VOL_US,0.21298850516928922,absolute,SYNTHETIC: seeded teaching dataset; not observed market data,2026-09-01T00:00:00+00:00
2026-06-22,VOL_US,0.20042337415074976,absolute,SYNTHETIC: seeded teaching dataset; not observed market data,2026-09-01T00:00:00+00:00
2026-06-23,VOL_US,0.19628991418358252,absolute,SYNTHETIC: seeded teaching dataset; not observed market data,2026-09-01T00:00:00+00:00
2026-06-24,VOL_US,0.20175749068877077,absolute,SYNTHETIC: seeded teaching dataset; not observed market data,2026-09-01T00:00:00+00:00
2026-06-25,VOL_US,0.20732557075043498,absolute,SYNTHETIC: seeded teaching dataset; not observed market data,2026-09-01T00:00:00+00:00
2026-06-26,VOL_US,0.206052782267267,absolute,SYNTHETIC: seeded teaching dataset; not observed market data,2026-09-01T00:00:00+00:00
2026-06-29,VOL_US,0.19840808347321506,absolute,SYNTHETIC: seeded teaching dataset; not observed market data,2026-09-01T00:00:00+00:00
2026-06-30,VOL_US,0.21453077934814588,absolute,SYNTHETIC: seeded teaching dataset; not observed market data,2026-09-01T00:00:00+00:00
2026-07-01,VOL_US,0.21856625685619593,absolute,SYNTHETIC: seeded teaching dataset; not observed market data,2026-09-01T00:00:00+00:00
2026-07-02,VOL_US,0.21674756896607153,absolute,SYNTHETIC: seeded teaching dataset; not observed market data,2026-09-01T00:00:00+00:00
2026-07-03,VOL_US,0.22182723625754017,absolute,SYNTHETIC: seeded teaching dataset; not observed market data,2026-09-01T00:00:00+00:00
2026-07-06,VOL_US,0.21660758021777757,absolute,SYNTHETIC: seeded teaching dataset; not observed market data,2026-09-01T00:00:00+00:00
2026-07-07,VOL_US,0.22253441567827478,absolute,SYNTHETIC: seeded teaching dataset; not observed market data,2026-09-01T00:00:00+00:00
2026-07-08,VOL_US,0.21950048923730667,absolute,SYNTHETIC: seeded teaching dataset; not observed market data,2026-09-01T00:00:00+00:00
2026-07-09,VOL_US,0.22038049360521964,absolute,SYNTHETIC: seeded teaching dataset; not observed market data,2026-09-01T00:00:00+00:00
2026-07-10,VOL_US,0.21745687362681385,absolute,SYNTHETIC: seeded teaching dataset; not observed market data,2026-09-01T00:00:00+00:00
2026-07-13,VOL_US,0.22412218682977655,absolute,SYNTHETIC: seeded teaching dataset; not observed market data,2026-09-01T00:00:00+00:00
2026-07-14,VOL_US,0.23276406158681814,absolute,SYNTHETIC: seeded teaching dataset; not observed market data,2026-09-01T00:00:00+00:00
2026-07-15,VOL_US,0.22981110625448634,absolute,SYNTHETIC: seeded teaching dataset; not observed market data,2026-09-01T00:00:00+00:00
2026-07-16,VOL_US,0.2405986269305662,absolute,SYNTHETIC: seeded teaching dataset; not observed market data,2026-09-01T00:00:00+00:00
2026-07-17,VOL_US,0.24446650660259003,absolute,SYNTHETIC: seeded teaching dataset; not observed market data,2026-09-01T00:00:00+00:00
2026-07-20,VOL_US,0.23468010807021325,absolute,SYNTHETIC: seeded teaching dataset; not observed market data,2026-09-01T00:00:00+00:00
2026-07-21,VOL_US,0.22541827915443632,absolute,SYNTHETIC: seeded teaching dataset; not observed market data,2026-09-01T00:00:00+00:00
2026-07-22,VOL_US,0.21775752011005858,absolute,SYNTHETIC: seeded teaching dataset; not observed market data,2026-09-01T00:00:00+00:00
2026-07-23,VOL_US,0.220747329056707,absolute,SYNTHETIC: seeded teaching dataset; not observed market data,2026-09-01T00:00:00+00:00
2026-07-24,VOL_US,0.22334909465848055,absolute,SYNTHETIC: seeded teaching dataset; not observed market data,2026-09-01T00:00:00+00:00
2026-07-27,VOL_US,0.22238746723529665,absolute,SYNTHETIC: seeded teaching dataset; not observed market data,2026-09-01T00:00:00+00:00
2026-07-28,VOL_US,0.21795450959544613,absolute,SYNTHETIC: seeded teaching dataset; not observed market data,2026-09-01T00:00:00+00:00
2026-07-29,VOL_US,0.22454224570079714,absolute,SYNTHETIC: seeded teaching dataset; not observed market data,2026-09-01T00:00:00+00:00
2026-07-30,VOL_US,0.22618484231192956,absolute,SYNTHETIC: seeded teaching dataset; not observed market data,2026-09-01T00:00:00+00:00
2026-07-31,VOL_US,0.2277238991190493,absolute,SYNTHETIC: seeded teaching dataset; not observed market data,2026-09-01T00:00:00+00:00
2026-08-03,VOL_US,0.22546635934820433,absolute,SYNTHETIC: seeded teaching dataset; not observed market data,2026-09-01T00:00:00+00:00
2026-08-04,VOL_US,0.22342623090009747,absolute,SYNTHETIC: seeded teaching dataset; not observed market data,2026-09-01T00:00:00+00:00
2026-08-05,VOL_US,0.2229785672558063,absolute,SYNTHETIC: seeded teaching dataset; not observed market data,2026-09-01T00:00:00+00:00
2026-08-06,VOL_US,0.22068275105646953,absolute,SYNTHETIC: seeded teaching dataset; not observed market data,2026-09-01T00:00:00+00:00
2026-08-07,VOL_US,0.22294605579159552,absolute,SYNTHETIC: seeded teaching dataset; not observed market data,2026-09-01T00:00:00+00:00
2026-08-10,VOL_US,0.23887009471951978,absolute,SYNTHETIC: seeded teaching dataset; not observed market data,2026-09-01T00:00:00+00:00
2026-08-11,VOL_US,0.23170811633659263,absolute,SYNTHETIC: seeded teaching dataset; not observed market data,2026-09-01T00:00:00+00:00
2026-08-12,VOL_US,0.23500394234943675,absolute,SYNTHETIC: seeded teaching dataset; not observed market data,2026-09-01T00:00:00+00:00
2026-08-13,VOL_US,0.23109029606123363,absolute,SYNTHETIC: seeded teaching dataset; not observed market data,2026-09-01T00:00:00+00:00
2026-08-14,VOL_US,0.22478128925439864,absolute,SYNTHETIC: seeded teaching dataset; not observed market data,2026-09-01T00:00:00+00:00
2026-08-17,VOL_US,0.22326202983498597,absolute,SYNTHETIC: seeded teaching dataset; not observed market data,2026-09-01T00:00:00+00:00
2026-08-18,VOL_US,0.21318970645805982,absolute,SYNTHETIC: seeded teaching dataset; not observed market data,2026-09-01T00:00:00+00:00
2026-08-19,VOL_US,0.2114254616307137,absolute,SYNTHETIC: seeded teaching dataset; not observed market data,2026-09-01T00:00:00+00:00
2026-08-20,VOL_US,0.2156533616635343,absolute,SYNTHETIC: seeded teaching dataset; not observed market data,2026-09-01T00:00:00+00:00
2026-08-21,VOL_US,0.2065652618161594,absolute,SYNTHETIC: seeded teaching dataset; not observed market data,2026-09-01T00:00:00+00:00
2026-08-24,VOL_US,0.21650379820851198,absolute,SYNTHETIC: seeded teaching dataset; not observed market data,2026-09-01T00:00:00+00:00
2026-08-25,VOL_US,0.22041822265748243,absolute,SYNTHETIC: seeded teaching dataset; not observed market data,2026-09-01T00:00:00+00:00
2026-08-26,VOL_US,0.2276919667391384,absolute,SYNTHETIC: seeded teaching dataset; not observed market data,2026-09-01T00:00:00+00:00
2026-08-27,VOL_US,0.23106076053441285,absolute,SYNTHETIC: seeded teaching dataset; not observed market data,2026-09-01T00:00:00+00:00
2026-08-28,VOL_US,0.22817360792668448,absolute,SYNTHETIC: seeded teaching dataset; not observed market data,2026-09-01T00:00:00+00:00
2026-08-31,VOL_US,0.23999999999999996,absolute,SYNTHETIC: seeded teaching dataset; not observed market data,2026-09-01T00:00:00+00:00
2025-01-02,CAD_1,0.005394384055542937,absolute,SYNTHETIC: seeded teaching dataset; not observed market data,2026-09-01T00:00:00+00:00
2025-01-03,CAD_1,0.005456881875656072,absolute,SYNTHETIC: seeded teaching dataset; not observed market data,2026-09-01T00:00:00+00:00
2025-01-06,CAD_1,0.005053597403595577,absolute,SYNTHETIC: seeded teaching dataset; not observed market data,2026-09-01T00:00:00+00:00
2025-01-07,CAD_1,0.005321665756299637,absolute,SYNTHETIC: seeded teaching dataset; not observed market data,2026-09-01T00:00:00+00:00
2025-01-08,CAD_1,0.005512064641798747,absolute,SYNTHETIC: seeded teaching dataset; not observed market data,2026-09-01T00:00:00+00:00
2025-01-09,CAD_1,0.005749002592680116,absolute,SYNTHETIC: seeded teaching dataset; not observed market data,2026-09-01T00:00:00+00:00
2025-01-10,CAD_1,0.0062720728910635425,absolute,SYNTHETIC: seeded teaching dataset; not observed market data,2026-09-01T00:00:00+00:00
2025-01-13,CAD_1,0.005504218148928864,absolute,SYNTHETIC: seeded teaching dataset; not observed market data,2026-09-01T00:00:00+00:00
2025-01-14,CAD_1,0.0042914216497799175,absolute,SYNTHETIC: seeded teaching dataset; not observed market data,2026-09-01T00:00:00+00:00
2025-01-15,CAD_1,0.0039236114644534345,absolute,SYNTHETIC: seeded teaching dataset; not observed market data,2026-09-01T00:00:00+00:00
2025-01-16,CAD_1,0.004529014723305545,absolute,SYNTHETIC: seeded teaching dataset; not observed market data,2026-09-01T00:00:00+00:00
2025-01-17,CAD_1,0.004492831252711448,absolute,SYNTHETIC: seeded teaching dataset; not observed market data,2026-09-01T00:00:00+00:00
2025-01-20,CAD_1,0.004478974932974559,absolute,SYNTHETIC: seeded teaching dataset; not observed market data,2026-09-01T00:00:00+00:00
2025-01-21,CAD_1,0.003928411917286306,absolute,SYNTHETIC: seeded teaching dataset; not observed market data,2026-09-01T00:00:00+00:00
2025-01-22,CAD_1,0.004326364509929938,absolute,SYNTHETIC: seeded teaching dataset; not observed market data,2026-09-01T00:00:00+00:00
2025-01-23,CAD_1,0.0033712460997515417,absolute,SYNTHETIC: seeded teaching dataset; not observed market data,2026-09-01T00:00:00+00:00
2025-01-24,CAD_1,0.0026369902211453855,absolute,SYNTHETIC: seeded teaching dataset; not observed market data,2026-09-01T00:00:00+00:00
2025-01-27,CAD_1,0.00236228446816434,absolute,SYNTHETIC: seeded teaching dataset; not observed market data,2026-09-01T00:00:00+00:00
2025-01-28,CAD_1,0.0029419455455808007,absolute,SYNTHETIC: seeded teaching dataset; not observed market data,2026-09-01T00:00:00+00:00
2025-01-29,CAD_1,0.003166163970945341,absolute,SYNTHETIC: seeded teaching dataset; not observed market data,2026-09-01T00:00:00+00:00
2025-01-30,CAD_1,0.0027890303077685343,absolute,SYNTHETIC: seeded teaching dataset; not observed market data,2026-09-01T00:00:00+00:00
2025-01-31,CAD_1,0.0031925423103699863,absolute,SYNTHETIC: seeded teaching dataset; not observed market data,2026-09-01T00:00:00+00:00
2025-02-03,CAD_1,0.0028025072773303697,absolute,SYNTHETIC: seeded teaching dataset; not observed market data,2026-09-01T00:00:00+00:00
2025-02-04,CAD_1,0.0033695029119754395,absolute,SYNTHETIC: seeded teaching dataset; not observed market data,2026-09-01T00:00:00+00:00
2025-02-05,CAD_1,0.002731001841645323,absolute,SYNTHETIC: seeded teaching dataset; not observed market data,2026-09-01T00:00:00+00:00
2025-02-06,CAD_1,0.0021371703470425656,absolute,SYNTHETIC: seeded teaching dataset; not observed market data,2026-09-01T00:00:00+00:00
2025-02-07,CAD_1,0.0029707050061427744,absolute,SYNTHETIC: seeded teaching dataset; not observed market data,2026-09-01T00:00:00+00:00
2025-02-10,CAD_1,0.0033017472512541467,absolute,SYNTHETIC: seeded teaching dataset; not observed market data,2026-09-01T00:00:00+00:00
2025-02-11,CAD_1,0.0034376115668355717,absolute,SYNTHETIC: seeded teaching dataset; not observed market data,2026-09-01T00:00:00+00:00
2025-02-12,CAD_1,0.003227739773940884,absolute,SYNTHETIC: seeded teaching dataset; not observed market data,2026-09-01T00:00:00+00:00
2025-02-13,CAD_1,0.003604956676927326,absolute,SYNTHETIC: seeded teaching dataset; not observed market data,2026-09-01T00:00:00+00:00
2025-02-14,CAD_1,0.0035561999004516467,absolute,SYNTHETIC: seeded teaching dataset; not observed market data,2026-09-01T00:00:00+00:00
2025-02-17,CAD_1,0.004938609101799579,absolute,SYNTHETIC: seeded teaching dataset; not observed market data,2026-09-01T00:00:00+00:00
2025-02-18,CAD_1,0.005365627995519432,absolute,SYNTHETIC: seeded teaching dataset; not observed market data,2026-09-01T00:00:00+00:00
2025-02-19,CAD_1,0.005488853380495422,absolute,SYNTHETIC: seeded teaching dataset; not observed market data,2026-09-01T00:00:00+00:00
2025-02-20,CAD_1,0.005983100125645454,absolute,SYNTHETIC: seeded teaching dataset; not observed market data,2026-09-01T00:00:00+00:00
2025-02-21,CAD_1,0.005649404516356843,absolute,SYNTHETIC: seeded teaching dataset; not observed market data,2026-09-01T00:00:00+00:00
2025-02-24,CAD_1,0.005583417023451574,absolute,SYNTHETIC: seeded teaching dataset; not observed market data,2026-09-01T00:00:00+00:00
2025-02-25,CAD_1,0.00588933806920864,absolute,SYNTHETIC: seeded teaching dataset; not observed market data,2026-09-01T00:00:00+00:00
2025-02-26,CAD_1,0.005494911371873239,absolute,SYNTHETIC: seeded teaching dataset; not observed market data,2026-09-01T00:00:00+00:00
2025-02-27,CAD_1,0.005794973840329291,absolute,SYNTHETIC: seeded teaching dataset; not observed market data,2026-09-01T00:00:00+00:00
2025-02-28,CAD_1,0.0060412855861604504,absolute,SYNTHETIC: seeded teaching dataset; not observed market data,2026-09-01T00:00:00+00:00
2025-03-03,CAD_1,0.006168998740859289,absolute,SYNTHETIC: seeded teaching dataset; not observed market data,2026-09-01T00:00:00+00:00
2025-03-04,CAD_1,0.006190777794248568,absolute,SYNTHETIC: seeded teaching dataset; not observed market data,2026-09-01T00:00:00+00:00
2025-03-05,CAD_1,0.006194123905420932,absolute,SYNTHETIC: seeded teaching dataset; not observed market data,2026-09-01T00:00:00+00:00
2025-03-06,CAD_1,0.004945385322790874,absolute,SYNTHETIC: seeded teaching dataset; not observed market data,2026-09-01T00:00:00+00:00
2025-03-07,CAD_1,0.0045822079067382795,absolute,SYNTHETIC: seeded teaching dataset; not observed market data,2026-09-01T00:00:00+00:00
2025-03-10,CAD_1,0.005358438440356994,absolute,SYNTHETIC: seeded teaching dataset; not observed market data,2026-09-01T00:00:00+00:00
2025-03-11,CAD_1,0.006343365868612942,absolute,SYNTHETIC: seeded teaching dataset; not observed market data,2026-09-01T00:00:00+00:00
2025-03-12,CAD_1,0.006697636690792295,absolute,SYNTHETIC: seeded teaching dataset; not observed market data,2026-09-01T00:00:00+00:00
2025-03-13,CAD_1,0.00630219263290855,absolute,SYNTHETIC: seeded teaching dataset; not observed market data,2026-09-01T00:00:00+00:00
2025-03-14,CAD_1,0.007220080753195728,absolute,SYNTHETIC: seeded teaching dataset; not observed market data,2026-09-01T00:00:00+00:00
2025-03-17,CAD_1,0.008450915635174683,absolute,SYNTHETIC: seeded teaching dataset; not observed market data,2026-09-01T00:00:00+00:00
2025-03-18,CAD_1,0.007778700887311019,absolute,SYNTHETIC: seeded teaching dataset; not observed market data,2026-09-01T00:00:00+00:00
2025-03-19,CAD_1,0.008568661655082344,absolute,SYNTHETIC: seeded teaching dataset; not observed market data,2026-09-01T00:00:00+00:00
2025-03-20,CAD_1,0.008460303209251892,absolute,SYNTHETIC: seeded teaching dataset; not observed market data,2026-09-01T00:00:00+00:00
2025-03-21,CAD_1,0.008456170944022515,absolute,SYNTHETIC: seeded teaching dataset; not observed market data,2026-09-01T00:00:00+00:00
2025-03-24,CAD_1,0.007953574050602898,absolute,SYNTHETIC: seeded teaching dataset; not observed market data,2026-09-01T00:00:00+00:00
2025-03-25,CAD_1,0.007622293950399633,absolute,SYNTHETIC: seeded teaching dataset; not observed market data,2026-09-01T00:00:00+00:00
2025-03-26,CAD_1,0.007876205507812341,absolute,SYNTHETIC: seeded teaching dataset; not observed market data,2026-09-01T00:00:00+00:00
2025-03-27,CAD_1,0.0073727025030579894,absolute,SYNTHETIC: seeded teaching dataset; not observed market data,2026-09-01T00:00:00+00:00
2025-03-28,CAD_1,0.007680234741571566,absolute,SYNTHETIC: seeded teaching dataset; not observed market data,2026-09-01T00:00:00+00:00
2025-03-31,CAD_1,0.00763392641684393,absolute,SYNTHETIC: seeded teaching dataset; not observed market data,2026-09-01T00:00:00+00:00
2025-04-01,CAD_1,0.008138557863431758,absolute,SYNTHETIC: seeded teaching dataset; not observed market data,2026-09-01T00:00:00+00:00
2025-04-02,CAD_1,0.007631674378222857,absolute,SYNTHETIC: seeded teaching dataset; not observed market data,2026-09-01T00:00:00+00:00
2025-04-03,CAD_1,0.008267791641953664,absolute,SYNTHETIC: seeded teaching dataset; not observed market data,2026-09-01T00:00:00+00:00
2025-04-04,CAD_1,0.007689500182455334,absolute,SYNTHETIC: seeded teaching dataset; not observed market data,2026-09-01T00:00:00+00:00
2025-04-07,CAD_1,0.007484408292219569,absolute,SYNTHETIC: seeded teaching dataset; not observed market data,2026-09-01T00:00:00+00:00
2025-04-08,CAD_1,0.007474208813160122,absolute,SYNTHETIC: seeded teaching dataset; not observed market data,2026-09-01T00:00:00+00:00
2025-04-09,CAD_1,0.007598592361361716,absolute,SYNTHETIC: seeded teaching dataset; not observed market data,2026-09-01T00:00:00+00:00
2025-04-10,CAD_1,0.007278613650150579,absolute,SYNTHETIC: seeded teaching dataset; not observed market data,2026-09-01T00:00:00+00:00
2025-04-11,CAD_1,0.006691598178491225,absolute,SYNTHETIC: seeded teaching dataset; not observed market data,2026-09-01T00:00:00+00:00
2025-04-14,CAD_1,0.005872413318948198,absolute,SYNTHETIC: seeded teaching dataset; not observed market data,2026-09-01T00:00:00+00:00
2025-04-15,CAD_1,0.005904144284319519,absolute,SYNTHETIC: seeded teaching dataset; not observed market data,2026-09-01T00:00:00+00:00
2025-04-16,CAD_1,0.005407126400399198,absolute,SYNTHETIC: seeded teaching dataset; not observed market data,2026-09-01T00:00:00+00:00
2025-04-17,CAD_1,0.005817893949695455,absolute,SYNTHETIC: seeded teaching dataset; not observed market data,2026-09-01T00:00:00+00:00
2025-04-18,CAD_1,0.005846556362390381,absolute,SYNTHETIC: seeded teaching dataset; not observed market data,2026-09-01T00:00:00+00:00
2025-04-21,CAD_1,0.005728884026333789,absolute,SYNTHETIC: seeded teaching dataset; not observed market data,2026-09-01T00:00:00+00:00
2025-04-22,CAD_1,0.005812590440505371,absolute,SYNTHETIC: seeded teaching dataset; not observed market data,2026-09-01T00:00:00+00:00
2025-04-23,CAD_1,0.005527391087392208,absolute,SYNTHETIC: seeded teaching dataset; not observed market data,2026-09-01T00:00:00+00:00
2025-04-24,CAD_1,0.005363257678705841,absolute,SYNTHETIC: seeded teaching dataset; not observed market data,2026-09-01T00:00:00+00:00
2025-04-25,CAD_1,0.005442413893362946,absolute,SYNTHETIC: seeded teaching dataset; not observed market data,2026-09-01T00:00:00+00:00
2025-04-28,CAD_1,0.006174384431942001,absolute,SYNTHETIC: seeded teaching dataset; not observed market data,2026-09-01T00:00:00+00:00
2025-04-29,CAD_1,0.005955450487615234,absolute,SYNTHETIC: seeded teaching dataset; not observed market data,2026-09-01T00:00:00+00:00
2025-04-30,CAD_1,0.005941635886117968,absolute,SYNTHETIC: seeded teaching dataset; not observed market data,2026-09-01T00:00:00+00:00
2025-05-01,CAD_1,0.00609197185954025,absolute,SYNTHETIC: seeded teaching dataset; not observed market data,2026-09-01T00:00:00+00:00
2025-05-02,CAD_1,0.005907107251012903,absolute,SYNTHETIC: seeded teaching dataset; not observed market data,2026-09-01T00:00:00+00:00
2025-05-05,CAD_1,0.005205259863348299,absolute,SYNTHETIC: seeded teaching dataset; not observed market data,2026-09-01T00:00:00+00:00
2025-05-06,CAD_1,0.0056242733968440255,absolute,SYNTHETIC: seeded teaching dataset; not observed market data,2026-09-01T00:00:00+00:00
2025-05-07,CAD_1,0.005374981278156145,absolute,SYNTHETIC: seeded teaching dataset; not observed market data,2026-09-01T00:00:00+00:00
2025-05-08,CAD_1,0.005454941918437418,absolute,SYNTHETIC: seeded teaching dataset; not observed market data,2026-09-01T00:00:00+00:00
2025-05-09,CAD_1,0.004236841983971562,absolute,SYNTHETIC: seeded teaching dataset; not observed market data,2026-09-01T00:00:00+00:00
2025-05-12,CAD_1,0.003978924005645687,absolute,SYNTHETIC: seeded teaching dataset; not observed market data,2026-09-01T00:00:00+00:00
2025-05-13,CAD_1,0.0030551305923649033,absolute,SYNTHETIC: seeded teaching dataset; not observed market data,2026-09-01T00:00:00+00:00
2025-05-14,CAD_1,0.003156523934447167,absolute,SYNTHETIC: seeded teaching dataset; not observed market data,2026-09-01T00:00:00+00:00
2025-05-15,CAD_1,0.002792233703709273,absolute,SYNTHETIC: seeded teaching dataset; not observed market data,2026-09-01T00:00:00+00:00
2025-05-16,CAD_1,0.0030830901200525687,absolute,SYNTHETIC: seeded teaching dataset; not observed market data,2026-09-01T00:00:00+00:00
2025-05-19,CAD_1,0.0020889315439184195,absolute,SYNTHETIC: seeded teaching dataset; not observed market data,2026-09-01T00:00:00+00:00
2025-05-20,CAD_1,0.002334791229850853,absolute,SYNTHETIC: seeded teaching dataset; not observed market data,2026-09-01T00:00:00+00:00
2025-05-21,CAD_1,0.002608987170294473,absolute,SYNTHETIC: seeded teaching dataset; not observed market data,2026-09-01T00:00:00+00:00
2025-05-22,CAD_1,0.0024616231620141656,absolute,SYNTHETIC: seeded teaching dataset; not observed market data,2026-09-01T00:00:00+00:00
2025-05-23,CAD_1,0.0025677751641034648,absolute,SYNTHETIC: seeded teaching dataset; not observed market data,2026-09-01T00:00:00+00:00
2025-05-26,CAD_1,0.0031126489666124142,absolute,SYNTHETIC: seeded teaching dataset; not observed market data,2026-09-01T00:00:00+00:00
2025-05-27,CAD_1,0.0030176245973161757,absolute,SYNTHETIC: seeded teaching dataset; not observed market data,2026-09-01T00:00:00+00:00
2025-05-28,CAD_1,0.0021013877348907938,absolute,SYNTHETIC: seeded teaching dataset; not observed market data,2026-09-01T00:00:00+00:00
2025-05-29,CAD_1,0.0016510950644380816,absolute,SYNTHETIC: seeded teaching dataset; not observed market data,2026-09-01T00:00:00+00:00
2025-05-30,CAD_1,0.0010147120174418094,absolute,SYNTHETIC: seeded teaching dataset; not observed market data,2026-09-01T00:00:00+00:00
2025-06-02,CAD_1,0.0010072769199806555,absolute,SYNTHETIC: seeded teaching dataset; not observed market data,2026-09-01T00:00:00+00:00
2025-06-03,CAD_1,0.0003055401436183186,absolute,SYNTHETIC: seeded teaching dataset; not observed market data,2026-09-01T00:00:00+00:00
2025-06-04,CAD_1,0.0014741415548737806,absolute,SYNTHETIC: seeded teaching dataset; not observed market data,2026-09-01T00:00:00+00:00
2025-06-05,CAD_1,0.0017622474076978319,absolute,SYNTHETIC: seeded teaching dataset; not observed market data,2026-09-01T00:00:00+00:00
2025-06-06,CAD_1,0.0009327171552424608,absolute,SYNTHETIC: seeded teaching dataset; not observed market data,2026-09-01T00:00:00+00:00
2025-06-09,CAD_1,0.0006598848450150366,absolute,SYNTHETIC: seeded teaching dataset; not observed market data,2026-09-01T00:00:00+00:00
2025-06-10,CAD_1,0.0003220884842596722,absolute,SYNTHETIC: seeded teaching dataset; not observed market data,2026-09-01T00:00:00+00:00
2025-06-11,CAD_1,-0.00048026371572129287,absolute,SYNTHETIC: seeded teaching dataset; not observed market data,2026-09-01T00:00:00+00:00
2025-06-12,CAD_1,-0.00023576794055936434,absolute,SYNTHETIC: seeded teaching dataset; not observed market data,2026-09-01T00:00:00+00:00
2025-06-13,CAD_1,0.00010793673069219023,absolute,SYNTHETIC: seeded teaching dataset; not observed market data,2026-09-01T00:00:00+00:00
2025-06-16,CAD_1,0.0005475940614069925,absolute,SYNTHETIC: seeded teaching dataset; not observed market data,2026-09-01T00:00:00+00:00
2025-06-17,CAD_1,0.0005467737069416966,absolute,SYNTHETIC: seeded teaching dataset; not observed market data,2026-09-01T00:00:00+00:00
2025-06-18,CAD_1,0.000791790088842604,absolute,SYNTHETIC: seeded teaching dataset; not observed market data,2026-09-01T00:00:00+00:00
2025-06-19,CAD_1,0.0022957469779659803,absolute,SYNTHETIC: seeded teaching dataset; not observed market data,2026-09-01T00:00:00+00:00
2025-06-20,CAD_1,0.002293426390416499,absolute,SYNTHETIC: seeded teaching dataset; not observed market data,2026-09-01T00:00:00+00:00
2025-06-23,CAD_1,0.0021966693744926817,absolute,SYNTHETIC: seeded teaching dataset; not observed market data,2026-09-01T00:00:00+00:00
2025-06-24,CAD_1,0.0018353292848209413,absolute,SYNTHETIC: seeded teaching dataset; not observed market data,2026-09-01T00:00:00+00:00
2025-06-25,CAD_1,0.001919319841173158,absolute,SYNTHETIC: seeded teaching dataset; not observed market data,2026-09-01T00:00:00+00:00
2025-06-26,CAD_1,0.0022883025763368,absolute,SYNTHETIC: seeded teaching dataset; not observed market data,2026-09-01T00:00:00+00:00
2025-06-27,CAD_1,0.0023151096105828613,absolute,SYNTHETIC: seeded teaching dataset; not observed market data,2026-09-01T00:00:00+00:00
2025-06-30,CAD_1,0.0022724035269086756,absolute,SYNTHETIC: seeded teaching dataset; not observed market data,2026-09-01T00:00:00+00:00
2025-07-01,CAD_1,0.0018316289358835704,absolute,SYNTHETIC: seeded teaching dataset; not observed market data,2026-09-01T00:00:00+00:00
2025-07-02,CAD_1,0.0017644334389092936,absolute,SYNTHETIC: seeded teaching dataset; not observed market data,2026-09-01T00:00:00+00:00
2025-07-03,CAD_1,0.002167602856897235,absolute,SYNTHETIC: seeded teaching dataset; not observed market data,2026-09-01T00:00:00+00:00
2025-07-04,CAD_1,0.002308155993020991,absolute,SYNTHETIC: seeded teaching dataset; not observed market data,2026-09-01T00:00:00+00:00
2025-07-07,CAD_1,0.0018621206054401547,absolute,SYNTHETIC: seeded teaching dataset; not observed market data,2026-09-01T00:00:00+00:00
2025-07-08,CAD_1,0.0024110667282758146,absolute,SYNTHETIC: seeded teaching dataset; not observed market data,2026-09-01T00:00:00+00:00
2025-07-09,CAD_1,0.0034397127487408932,absolute,SYNTHETIC: seeded teaching dataset; not observed market data,2026-09-01T00:00:00+00:00
2025-07-10,CAD_1,0.003518741312705888,absolute,SYNTHETIC: seeded teaching dataset; not observed market data,2026-09-01T00:00:00+00:00
2025-07-11,CAD_1,0.0037135504374001885,absolute,SYNTHETIC: seeded teaching dataset; not observed market data,2026-09-01T00:00:00+00:00
2025-07-14,CAD_1,0.003596016184149873,absolute,SYNTHETIC: seeded teaching dataset; not observed market data,2026-09-01T00:00:00+00:00
2025-07-15,CAD_1,0.002790751439254755,absolute,SYNTHETIC: seeded teaching dataset; not observed market data,2026-09-01T00:00:00+00:00
2025-07-16,CAD_1,0.0022313840055633687,absolute,SYNTHETIC: seeded teaching dataset; not observed market data,2026-09-01T00:00:00+00:00
2025-07-17,CAD_1,0.0022009091312584737,absolute,SYNTHETIC: seeded teaching dataset; not observed market data,2026-09-01T00:00:00+00:00
2025-07-18,CAD_1,0.001988713386495436,absolute,SYNTHETIC: seeded teaching dataset; not observed market data,2026-09-01T00:00:00+00:00
2025-07-21,CAD_1,0.0025208010224798995,absolute,SYNTHETIC: seeded teaching dataset; not observed market data,2026-09-01T00:00:00+00:00
2025-07-22,CAD_1,0.002194526839311317,absolute,SYNTHETIC: seeded teaching dataset; not observed market data,2026-09-01T00:00:00+00:00
2025-07-23,CAD_1,0.0017690761865387684,absolute,SYNTHETIC: seeded teaching dataset; not observed market data,2026-09-01T00:00:00+00:00
2025-07-24,CAD_1,0.0020671154989768646,absolute,SYNTHETIC: seeded teaching dataset; not observed market data,2026-09-01T00:00:00+00:00
2025-07-25,CAD_1,0.002642119529781734,absolute,SYNTHETIC: seeded teaching dataset; not observed market data,2026-09-01T00:00:00+00:00
2025-07-28,CAD_1,0.0023687045170599497,absolute,SYNTHETIC: seeded teaching dataset; not observed market data,2026-09-01T00:00:00+00:00
2025-07-29,CAD_1,0.0021730015476597343,absolute,SYNTHETIC: seeded teaching dataset; not observed market data,2026-09-01T00:00:00+00:00
2025-07-30,CAD_1,0.002800393865528005,absolute,SYNTHETIC: seeded teaching dataset; not observed market data,2026-09-01T00:00:00+00:00
2025-07-31,CAD_1,0.0022078749601463672,absolute,SYNTHETIC: seeded teaching dataset; not observed market data,2026-09-01T00:00:00+00:00
2025-08-01,CAD_1,0.00330399359492254,absolute,SYNTHETIC: seeded teaching dataset; not observed market data,2026-09-01T00:00:00+00:00
2025-08-04,CAD_1,0.0035078606044038445,absolute,SYNTHETIC: seeded teaching dataset; not observed market data,2026-09-01T00:00:00+00:00
2025-08-05,CAD_1,0.003135184711275229,absolute,SYNTHETIC: seeded teaching dataset; not observed market data,2026-09-01T00:00:00+00:00
2025-08-06,CAD_1,0.0036943011984959147,absolute,SYNTHETIC: seeded teaching dataset; not observed market data,2026-09-01T00:00:00+00:00
2025-08-07,CAD_1,0.003968921413433087,absolute,SYNTHETIC: seeded teaching dataset; not observed market data,2026-09-01T00:00:00+00:00
2025-08-08,CAD_1,0.004103819796376168,absolute,SYNTHETIC: seeded teaching dataset; not observed market data,2026-09-01T00:00:00+00:00
2025-08-11,CAD_1,0.0041933052147456636,absolute,SYNTHETIC: seeded teaching dataset; not observed market data,2026-09-01T00:00:00+00:00
2025-08-12,CAD_1,0.003539881783810355,absolute,SYNTHETIC: seeded teaching dataset; not observed market data,2026-09-01T00:00:00+00:00
2025-08-13,CAD_1,0.004019339943914405,absolute,SYNTHETIC: seeded teaching dataset; not observed market data,2026-09-01T00:00:00+00:00
2025-08-14,CAD_1,0.004844840102059659,absolute,SYNTHETIC: seeded teaching dataset; not observed market data,2026-09-01T00:00:00+00:00
2025-08-15,CAD_1,0.004171997350392493,absolute,SYNTHETIC: seeded teaching dataset; not observed market data,2026-09-01T00:00:00+00:00
2025-08-18,CAD_1,0.004209935369980794,absolute,SYNTHETIC: seeded teaching dataset; not observed market data,2026-09-01T00:00:00+00:00
2025-08-19,CAD_1,0.004412340231351973,absolute,SYNTHETIC: seeded teaching dataset; not observed market data,2026-09-01T00:00:00+00:00
2025-08-20,CAD_1,0.004322517057508149,absolute,SYNTHETIC: seeded teaching dataset; not observed market data,2026-09-01T00:00:00+00:00
2025-08-21,CAD_1,0.0039157306133712,absolute,SYNTHETIC: seeded teaching dataset; not observed market data,2026-09-01T00:00:00+00:00
2025-08-22,CAD_1,0.003935107590955767,absolute,SYNTHETIC: seeded teaching dataset; not observed market data,2026-09-01T00:00:00+00:00
2025-08-25,CAD_1,0.0031589144108639423,absolute,SYNTHETIC: seeded teaching dataset; not observed market data,2026-09-01T00:00:00+00:00
2025-08-26,CAD_1,0.002469913810773293,absolute,SYNTHETIC: seeded teaching dataset; not observed market data,2026-09-01T00:00:00+00:00
2025-08-27,CAD_1,0.0028898678852087335,absolute,SYNTHETIC: seeded teaching dataset; not observed market data,2026-09-01T00:00:00+00:00
2025-08-28,CAD_1,0.0037293247735909404,absolute,SYNTHETIC: seeded teaching dataset; not observed market data,2026-09-01T00:00:00+00:00
2025-08-29,CAD_1,0.0033929145599198747,absolute,SYNTHETIC: seeded teaching dataset; not observed market data,2026-09-01T00:00:00+00:00
2025-09-01,CAD_1,0.0038221728722740295,absolute,SYNTHETIC: seeded teaching dataset; not observed market data,2026-09-01T00:00:00+00:00
2025-09-02,CAD_1,0.0047782860519977426,absolute,SYNTHETIC: seeded teaching dataset; not observed market data,2026-09-01T00:00:00+00:00
2025-09-03,CAD_1,0.005615712101565733,absolute,SYNTHETIC: seeded teaching dataset; not observed market data,2026-09-01T00:00:00+00:00
2025-09-04,CAD_1,0.00621318504280341,absolute,SYNTHETIC: seeded teaching dataset; not observed market data,2026-09-01T00:00:00+00:00
2025-09-05,CAD_1,0.006092575119828275,absolute,SYNTHETIC: seeded teaching dataset; not observed market data,2026-09-01T00:00:00+00:00
2025-09-08,CAD_1,0.006214061264393035,absolute,SYNTHETIC: seeded teaching dataset; not observed market data,2026-09-01T00:00:00+00:00
2025-09-09,CAD_1,0.006620578889291972,absolute,SYNTHETIC: seeded teaching dataset; not observed market data,2026-09-01T00:00:00+00:00
2025-09-10,CAD_1,0.006945690120582559,absolute,SYNTHETIC: seeded teaching dataset; not observed market data,2026-09-01T00:00:00+00:00
2025-09-11,CAD_1,0.00719595908742476,absolute,SYNTHETIC: seeded teaching dataset; not observed market data,2026-09-01T00:00:00+00:00
2025-09-12,CAD_1,0.006760882868896031,absolute,SYNTHETIC: seeded teaching dataset; not observed market data,2026-09-01T00:00:00+00:00
2025-09-15,CAD_1,0.006401341738209405,absolute,SYNTHETIC: seeded teaching dataset; not observed market data,2026-09-01T00:00:00+00:00
2025-09-16,CAD_1,0.006726414938927217,absolute,SYNTHETIC: seeded teaching dataset; not observed market data,2026-09-01T00:00:00+00:00
2025-09-17,CAD_1,0.006493440640858664,absolute,SYNTHETIC: seeded teaching dataset; not observed market data,2026-09-01T00:00:00+00:00
2025-09-18,CAD_1,0.007299177787541158,absolute,SYNTHETIC: seeded teaching dataset; not observed market data,2026-09-01T00:00:00+00:00
2025-09-19,CAD_1,0.00649892813962703,absolute,SYNTHETIC: seeded teaching dataset; not observed market data,2026-09-01T00:00:00+00:00
2025-09-22,CAD_1,0.006683514183605157,absolute,SYNTHETIC: seeded teaching dataset; not observed market data,2026-09-01T00:00:00+00:00
2025-09-23,CAD_1,0.006529545864450172,absolute,SYNTHETIC: seeded teaching dataset; not observed market data,2026-09-01T00:00:00+00:00
2025-09-24,CAD_1,0.006991473374211157,absolute,SYNTHETIC: seeded teaching dataset; not observed market data,2026-09-01T00:00:00+00:00
2025-09-25,CAD_1,0.007453971119177501,absolute,SYNTHETIC: seeded teaching dataset; not observed market data,2026-09-01T00:00:00+00:00
2025-09-26,CAD_1,0.007290751553076864,absolute,SYNTHETIC: seeded teaching dataset; not observed market data,2026-09-01T00:00:00+00:00
2025-09-29,CAD_1,0.007262896293454637,absolute,SYNTHETIC: seeded teaching dataset; not observed market data,2026-09-01T00:00:00+00:00
2025-09-30,CAD_1,0.006873600392750732,absolute,SYNTHETIC: seeded teaching dataset; not observed market data,2026-09-01T00:00:00+00:00
2025-10-01,CAD_1,0.007375492186581196,absolute,SYNTHETIC: seeded teaching dataset; not observed market data,2026-09-01T00:00:00+00:00
2025-10-02,CAD_1,0.008579367915131763,absolute,SYNTHETIC: seeded teaching dataset; not observed market data,2026-09-01T00:00:00+00:00
2025-10-03,CAD_1,0.009220936008920221,absolute,SYNTHETIC: seeded teaching dataset; not observed market data,2026-09-01T00:00:00+00:00
2025-10-06,CAD_1,0.009138254821955464,absolute,SYNTHETIC: seeded teaching dataset; not observed market data,2026-09-01T00:00:00+00:00
2025-10-07,CAD_1,0.009442876474424797,absolute,SYNTHETIC: seeded teaching dataset; not observed market data,2026-09-01T00:00:00+00:00
2025-10-08,CAD_1,0.00948292909429738,absolute,SYNTHETIC: seeded teaching dataset; not observed market data,2026-09-01T00:00:00+00:00
2025-10-09,CAD_1,0.009253906439008138,absolute,SYNTHETIC: seeded teaching dataset; not observed market data,2026-09-01T00:00:00+00:00
2025-10-10,CAD_1,0.00925114326884673,absolute,SYNTHETIC: seeded teaching dataset; not observed market data,2026-09-01T00:00:00+00:00
2025-10-13,CAD_1,0.009396952480076461,absolute,SYNTHETIC: seeded teaching dataset; not observed market data,2026-09-01T00:00:00+00:00
2025-10-14,CAD_1,0.00955932160046059,absolute,SYNTHETIC: seeded teaching dataset; not observed market data,2026-09-01T00:00:00+00:00
2025-10-15,CAD_1,0.010053678672601856,absolute,SYNTHETIC: seeded teaching dataset; not observed market data,2026-09-01T00:00:00+00:00
2025-10-16,CAD_1,0.010715446553711577,absolute,SYNTHETIC: seeded teaching dataset; not observed market data,2026-09-01T00:00:00+00:00
2025-10-17,CAD_1,0.010060574641871694,absolute,SYNTHETIC: seeded teaching dataset; not observed market data,2026-09-01T00:00:00+00:00
2025-10-20,CAD_1,0.010571480454167118,absolute,SYNTHETIC: seeded teaching dataset; not observed market data,2026-09-01T00:00:00+00:00
2025-10-21,CAD_1,0.009970190967020145,absolute,SYNTHETIC: seeded teaching dataset; not observed market data,2026-09-01T00:00:00+00:00
2025-10-22,CAD_1,0.009669008688038608,absolute,SYNTHETIC: seeded teaching dataset; not observed market data,2026-09-01T00:00:00+00:00
2025-10-23,CAD_1,0.009951029759192213,absolute,SYNTHETIC: seeded teaching dataset; not observed market data,2026-09-01T00:00:00+00:00
2025-10-24,CAD_1,0.0095412228994395,absolute,SYNTHETIC: seeded teaching dataset; not observed market data,2026-09-01T00:00:00+00:00
2025-10-27,CAD_1,0.009507022071294734,absolute,SYNTHETIC: seeded teaching dataset; not observed market data,2026-09-01T00:00:00+00:00
2025-10-28,CAD_1,0.008540589929823306,absolute,SYNTHETIC: seeded teaching dataset; not observed market data,2026-09-01T00:00:00+00:00
2025-10-29,CAD_1,0.008452207316617968,absolute,SYNTHETIC: seeded teaching dataset; not observed market data,2026-09-01T00:00:00+00:00
2025-10-30,CAD_1,0.009509545916238895,absolute,SYNTHETIC: seeded teaching dataset; not observed market data,2026-09-01T00:00:00+00:00
2025-10-31,CAD_1,0.009053455644950897,absolute,SYNTHETIC: seeded teaching dataset; not observed market data,2026-09-01T00:00:00+00:00
2025-11-03,CAD_1,0.009391326158785965,absolute,SYNTHETIC: seeded teaching dataset; not observed market data,2026-09-01T00:00:00+00:00
2025-11-04,CAD_1,0.008940479480185903,absolute,SYNTHETIC: seeded teaching dataset; not observed market data,2026-09-01T00:00:00+00:00
2025-11-05,CAD_1,0.009418729543331086,absolute,SYNTHETIC: seeded teaching dataset; not observed market data,2026-09-01T00:00:00+00:00
2025-11-06,CAD_1,0.009473378377928447,absolute,SYNTHETIC: seeded teaching dataset; not observed market data,2026-09-01T00:00:00+00:00
2025-11-07,CAD_1,0.007615007722968119,absolute,SYNTHETIC: seeded teaching dataset; not observed market data,2026-09-01T00:00:00+00:00
2025-11-10,CAD_1,0.006974476927241086,absolute,SYNTHETIC: seeded teaching dataset; not observed market data,2026-09-01T00:00:00+00:00
2025-11-11,CAD_1,0.007950638507592003,absolute,SYNTHETIC: seeded teaching dataset; not observed market data,2026-09-01T00:00:00+00:00
2025-11-12,CAD_1,0.008104087003323854,absolute,SYNTHETIC: seeded teaching dataset; not observed market data,2026-09-01T00:00:00+00:00
2025-11-13,CAD_1,0.007926012216480784,absolute,SYNTHETIC: seeded teaching dataset; not observed market data,2026-09-01T00:00:00+00:00
2025-11-14,CAD_1,0.008387627639025782,absolute,SYNTHETIC: seeded teaching dataset; not observed market data,2026-09-01T00:00:00+00:00
2025-11-17,CAD_1,0.008410023290988413,absolute,SYNTHETIC: seeded teaching dataset; not observed market data,2026-09-01T00:00:00+00:00
2025-11-18,CAD_1,0.008490850848886549,absolute,SYNTHETIC: seeded teaching dataset; not observed market data,2026-09-01T00:00:00+00:00
2025-11-19,CAD_1,0.007663739473487936,absolute,SYNTHETIC: seeded teaching dataset; not observed market data,2026-09-01T00:00:00+00:00
2025-11-20,CAD_1,0.008128598656291498,absolute,SYNTHETIC: seeded teaching dataset; not observed market data,2026-09-01T00:00:00+00:00
2025-11-21,CAD_1,0.007795632837427794,absolute,SYNTHETIC: seeded teaching dataset; not observed market data,2026-09-01T00:00:00+00:00
2025-11-24,CAD_1,0.007547549146940866,absolute,SYNTHETIC: seeded teaching dataset; not observed market data,2026-09-01T00:00:00+00:00
2025-11-25,CAD_1,0.006823231701304892,absolute,SYNTHETIC: seeded teaching dataset; not observed market data,2026-09-01T00:00:00+00:00
2025-11-26,CAD_1,0.006506044562154607,absolute,SYNTHETIC: seeded teaching dataset; not observed market data,2026-09-01T00:00:00+00:00
2025-11-27,CAD_1,0.006911655878003308,absolute,SYNTHETIC: seeded teaching dataset; not observed market data,2026-09-01T00:00:00+00:00
2025-11-28,CAD_1,0.006537662723854299,absolute,SYNTHETIC: seeded teaching dataset; not observed market data,2026-09-01T00:00:00+00:00
2025-12-01,CAD_1,0.007214302346727677,absolute,SYNTHETIC: seeded teaching dataset; not observed market data,2026-09-01T00:00:00+00:00
2025-12-02,CAD_1,0.006865929894211139,absolute,SYNTHETIC: seeded teaching dataset; not observed market data,2026-09-01T00:00:00+00:00
2025-12-03,CAD_1,0.007246933713881406,absolute,SYNTHETIC: seeded teaching dataset; not observed market data,2026-09-01T00:00:00+00:00
2025-12-04,CAD_1,0.006737289904351362,absolute,SYNTHETIC: seeded teaching dataset; not observed market data,2026-09-01T00:00:00+00:00
2025-12-05,CAD_1,0.0064726927518696485,absolute,SYNTHETIC: seeded teaching dataset; not observed market data,2026-09-01T00:00:00+00:00
2025-12-08,CAD_1,0.006934764509190793,absolute,SYNTHETIC: seeded teaching dataset; not observed market data,2026-09-01T00:00:00+00:00
2025-12-09,CAD_1,0.006955536729669209,absolute,SYNTHETIC: seeded teaching dataset; not observed market data,2026-09-01T00:00:00+00:00
2025-12-10,CAD_1,0.007243625487183356,absolute,SYNTHETIC: seeded teaching dataset; not observed market data,2026-09-01T00:00:00+00:00
2025-12-11,CAD_1,0.008030343693418342,absolute,SYNTHETIC: seeded teaching dataset; not observed market data,2026-09-01T00:00:00+00:00
2025-12-12,CAD_1,0.007012971353324505,absolute,SYNTHETIC: seeded teaching dataset; not observed market data,2026-09-01T00:00:00+00:00
2025-12-15,CAD_1,0.006953701260584925,absolute,SYNTHETIC: seeded teaching dataset; not observed market data,2026-09-01T00:00:00+00:00
2025-12-16,CAD_1,0.0064424795401849845,absolute,SYNTHETIC: seeded teaching dataset; not observed market data,2026-09-01T00:00:00+00:00
2025-12-17,CAD_1,0.00713080335937907,absolute,SYNTHETIC: seeded teaching dataset; not observed market data,2026-09-01T00:00:00+00:00
2025-12-18,CAD_1,0.007211618236649887,absolute,SYNTHETIC: seeded teaching dataset; not observed market data,2026-09-01T00:00:00+00:00
2025-12-19,CAD_1,0.007918100138228735,absolute,SYNTHETIC: seeded teaching dataset; not observed market data,2026-09-01T00:00:00+00:00
2025-12-22,CAD_1,0.00855473700285381,absolute,SYNTHETIC: seeded teaching dataset; not observed market data,2026-09-01T00:00:00+00:00
2025-12-23,CAD_1,0.008282078924168528,absolute,SYNTHETIC: seeded teaching dataset; not observed market data,2026-09-01T00:00:00+00:00
2025-12-24,CAD_1,0.008885877178581341,absolute,SYNTHETIC: seeded teaching dataset; not observed market data,2026-09-01T00:00:00+00:00
2025-12-25,CAD_1,0.009027677523132886,absolute,SYNTHETIC: seeded teaching dataset; not observed market data,2026-09-01T00:00:00+00:00
2025-12-26,CAD_1,0.009997872453284127,absolute,SYNTHETIC: seeded teaching dataset; not observed market data,2026-09-01T00:00:00+00:00
2025-12-29,CAD_1,0.009749306970701973,absolute,SYNTHETIC: seeded teaching dataset; not observed market data,2026-09-01T00:00:00+00:00
2025-12-30,CAD_1,0.009761295067680493,absolute,SYNTHETIC: seeded teaching dataset; not observed market data,2026-09-01T00:00:00+00:00
2025-12-31,CAD_1,0.00887411781908155,absolute,SYNTHETIC: seeded teaching dataset; not observed market data,2026-09-01T00:00:00+00:00
2026-01-01,CAD_1,0.008521353520741601,absolute,SYNTHETIC: seeded teaching dataset; not observed market data,2026-09-01T00:00:00+00:00
2026-01-02,CAD_1,0.00928360559342568,absolute,SYNTHETIC: seeded teaching dataset; not observed market data,2026-09-01T00:00:00+00:00
2026-01-05,CAD_1,0.010721595074646702,absolute,SYNTHETIC: seeded teaching dataset; not observed market data,2026-09-01T00:00:00+00:00
2026-01-06,CAD_1,0.010704731283396583,absolute,SYNTHETIC: seeded teaching dataset; not observed market data,2026-09-01T00:00:00+00:00
2026-01-07,CAD_1,0.010786275005257247,absolute,SYNTHETIC: seeded teaching dataset; not observed market data,2026-09-01T00:00:00+00:00
2026-01-08,CAD_1,0.010392804358336259,absolute,SYNTHETIC: seeded teaching dataset; not observed market data,2026-09-01T00:00:00+00:00
2026-01-09,CAD_1,0.010796511222213565,absolute,SYNTHETIC: seeded teaching dataset; not observed market data,2026-09-01T00:00:00+00:00
2026-01-12,CAD_1,0.011389144475181131,absolute,SYNTHETIC: seeded teaching dataset; not observed market data,2026-09-01T00:00:00+00:00
2026-01-13,CAD_1,0.010823646762705894,absolute,SYNTHETIC: seeded teaching dataset; not observed market data,2026-09-01T00:00:00+00:00
2026-01-14,CAD_1,0.010878106174110124,absolute,SYNTHETIC: seeded teaching dataset; not observed market data,2026-09-01T00:00:00+00:00
2026-01-15,CAD_1,0.011823167897292982,absolute,SYNTHETIC: seeded teaching dataset; not observed market data,2026-09-01T00:00:00+00:00
2026-01-16,CAD_1,0.01123534921916661,absolute,SYNTHETIC: seeded teaching dataset; not observed market data,2026-09-01T00:00:00+00:00
2026-01-19,CAD_1,0.011220857952818793,absolute,SYNTHETIC: seeded teaching dataset; not observed market data,2026-09-01T00:00:00+00:00
2026-01-20,CAD_1,0.01210058559030527,absolute,SYNTHETIC: seeded teaching dataset; not observed market data,2026-09-01T00:00:00+00:00
2026-01-21,CAD_1,0.013154810698056959,absolute,SYNTHETIC: seeded teaching dataset; not observed market data,2026-09-01T00:00:00+00:00
2026-01-22,CAD_1,0.013014364453901913,absolute,SYNTHETIC: seeded teaching dataset; not observed market data,2026-09-01T00:00:00+00:00
2026-01-23,CAD_1,0.0138586638484719,absolute,SYNTHETIC: seeded teaching dataset; not observed market data,2026-09-01T00:00:00+00:00
2026-01-26,CAD_1,0.013607482676703652,absolute,SYNTHETIC: seeded teaching dataset; not observed market data,2026-09-01T00:00:00+00:00
2026-01-27,CAD_1,0.013208434856954842,absolute,SYNTHETIC: seeded teaching dataset; not observed market data,2026-09-01T00:00:00+00:00
2026-01-28,CAD_1,0.013085823258343749,absolute,SYNTHETIC: seeded teaching dataset; not observed market data,2026-09-01T00:00:00+00:00
2026-01-29,CAD_1,0.013631698933932606,absolute,SYNTHETIC: seeded teaching dataset; not observed market data,2026-09-01T00:00:00+00:00
2026-01-30,CAD_1,0.014639879652211644,absolute,SYNTHETIC: seeded teaching dataset; not observed market data,2026-09-01T00:00:00+00:00
2026-02-02,CAD_1,0.014655122199659813,absolute,SYNTHETIC: seeded teaching dataset; not observed market data,2026-09-01T00:00:00+00:00
2026-02-03,CAD_1,0.014131144976514635,absolute,SYNTHETIC: seeded teaching dataset; not observed market data,2026-09-01T00:00:00+00:00
2026-02-04,CAD_1,0.013998289579700503,absolute,SYNTHETIC: seeded teaching dataset; not observed market data,2026-09-01T00:00:00+00:00
2026-02-05,CAD_1,0.014057839361084578,absolute,SYNTHETIC: seeded teaching dataset; not observed market data,2026-09-01T00:00:00+00:00
2026-02-06,CAD_1,0.013911196633466485,absolute,SYNTHETIC: seeded teaching dataset; not observed market data,2026-09-01T00:00:00+00:00
2026-02-09,CAD_1,0.013543751796890293,absolute,SYNTHETIC: seeded teaching dataset; not observed market data,2026-09-01T00:00:00+00:00
2026-02-10,CAD_1,0.01270126721852172,absolute,SYNTHETIC: seeded teaching dataset; not observed market data,2026-09-01T00:00:00+00:00
2026-02-11,CAD_1,0.01186697320559912,absolute,SYNTHETIC: seeded teaching dataset; not observed market data,2026-09-01T00:00:00+00:00
2026-02-12,CAD_1,0.012052385274900042,absolute,SYNTHETIC: seeded teaching dataset; not observed market data,2026-09-01T00:00:00+00:00
2026-02-13,CAD_1,0.012247850445197942,absolute,SYNTHETIC: seeded teaching dataset; not observed market data,2026-09-01T00:00:00+00:00
2026-02-16,CAD_1,0.011650287881224509,absolute,SYNTHETIC: seeded teaching dataset; not observed market data,2026-09-01T00:00:00+00:00
2026-02-17,CAD_1,0.012368091917652705,absolute,SYNTHETIC: seeded teaching dataset; not observed market data,2026-09-01T00:00:00+00:00
2026-02-18,CAD_1,0.011596242352897964,absolute,SYNTHETIC: seeded teaching dataset; not observed market data,2026-09-01T00:00:00+00:00
2026-02-19,CAD_1,0.010933866119686202,absolute,SYNTHETIC: seeded teaching dataset; not observed market data,2026-09-01T00:00:00+00:00
2026-02-20,CAD_1,0.01109621481388395,absolute,SYNTHETIC: seeded teaching dataset; not observed market data,2026-09-01T00:00:00+00:00
2026-02-23,CAD_1,0.011070890183938222,absolute,SYNTHETIC: seeded teaching dataset; not observed market data,2026-09-01T00:00:00+00:00
2026-02-24,CAD_1,0.011799826613907317,absolute,SYNTHETIC: seeded teaching dataset; not observed market data,2026-09-01T00:00:00+00:00
2026-02-25,CAD_1,0.010471409376049939,absolute,SYNTHETIC: seeded teaching dataset; not observed market data,2026-09-01T00:00:00+00:00
2026-02-26,CAD_1,0.011156951880842415,absolute,SYNTHETIC: seeded teaching dataset; not observed market data,2026-09-01T00:00:00+00:00
2026-02-27,CAD_1,0.011880913470301572,absolute,SYNTHETIC: seeded teaching dataset; not observed market data,2026-09-01T00:00:00+00:00
2026-03-02,CAD_1,0.013112587296035216,absolute,SYNTHETIC: seeded teaching dataset; not observed market data,2026-09-01T00:00:00+00:00
2026-03-03,CAD_1,0.013061468275405035,absolute,SYNTHETIC: seeded teaching dataset; not observed market data,2026-09-01T00:00:00+00:00
2026-03-04,CAD_1,0.013163284502111811,absolute,SYNTHETIC: seeded teaching dataset; not observed market data,2026-09-01T00:00:00+00:00
2026-03-05,CAD_1,0.01393315049347452,absolute,SYNTHETIC: seeded teaching dataset; not observed market data,2026-09-01T00:00:00+00:00
2026-03-06,CAD_1,0.012920320484404477,absolute,SYNTHETIC: seeded teaching dataset; not observed market data,2026-09-01T00:00:00+00:00
2026-03-09,CAD_1,0.012922574716776974,absolute,SYNTHETIC: seeded teaching dataset; not observed market data,2026-09-01T00:00:00+00:00
2026-03-10,CAD_1,0.013427209535743927,absolute,SYNTHETIC: seeded teaching dataset; not observed market data,2026-09-01T00:00:00+00:00
2026-03-11,CAD_1,0.013466944071141938,absolute,SYNTHETIC: seeded teaching dataset; not observed market data,2026-09-01T00:00:00+00:00
2026-03-12,CAD_1,0.012726730689920331,absolute,SYNTHETIC: seeded teaching dataset; not observed market data,2026-09-01T00:00:00+00:00
2026-03-13,CAD_1,0.01330852113509828,absolute,SYNTHETIC: seeded teaching dataset; not observed market data,2026-09-01T00:00:00+00:00
2026-03-16,CAD_1,0.013540103805456994,absolute,SYNTHETIC: seeded teaching dataset; not observed market data,2026-09-01T00:00:00+00:00
2026-03-17,CAD_1,0.013360831274906653,absolute,SYNTHETIC: seeded teaching dataset; not observed market data,2026-09-01T00:00:00+00:00
2026-03-18,CAD_1,0.014043098824875946,absolute,SYNTHETIC: seeded teaching dataset; not observed market data,2026-09-01T00:00:00+00:00
2026-03-19,CAD_1,0.014194450963276744,absolute,SYNTHETIC: seeded teaching dataset; not observed market data,2026-09-01T00:00:00+00:00
2026-03-20,CAD_1,0.015931586650460957,absolute,SYNTHETIC: seeded teaching dataset; not observed market data,2026-09-01T00:00:00+00:00
2026-03-23,CAD_1,0.01645430449174216,absolute,SYNTHETIC: seeded teaching dataset; not observed market data,2026-09-01T00:00:00+00:00
2026-03-24,CAD_1,0.016991623099967487,absolute,SYNTHETIC: seeded teaching dataset; not observed market data,2026-09-01T00:00:00+00:00
2026-03-25,CAD_1,0.017568961405670432,absolute,SYNTHETIC: seeded teaching dataset; not observed market data,2026-09-01T00:00:00+00:00
2026-03-26,CAD_1,0.016789044334347008,absolute,SYNTHETIC: seeded teaching dataset; not observed market data,2026-09-01T00:00:00+00:00
2026-03-27,CAD_1,0.01718635835880748,absolute,SYNTHETIC: seeded teaching dataset; not observed market data,2026-09-01T00:00:00+00:00
2026-03-30,CAD_1,0.01735834499856725,absolute,SYNTHETIC: seeded teaching dataset; not observed market data,2026-09-01T00:00:00+00:00
2026-03-31,CAD_1,0.01752289502241044,absolute,SYNTHETIC: seeded teaching dataset; not observed market data,2026-09-01T00:00:00+00:00
2026-04-01,CAD_1,0.017373815435732975,absolute,SYNTHETIC: seeded teaching dataset; not observed market data,2026-09-01T00:00:00+00:00
2026-04-02,CAD_1,0.017286023854460587,absolute,SYNTHETIC: seeded teaching dataset; not observed market data,2026-09-01T00:00:00+00:00
2026-04-03,CAD_1,0.01694711581933134,absolute,SYNTHETIC: seeded teaching dataset; not observed market data,2026-09-01T00:00:00+00:00
2026-04-06,CAD_1,0.017524416662271478,absolute,SYNTHETIC: seeded teaching dataset; not observed market data,2026-09-01T00:00:00+00:00
2026-04-07,CAD_1,0.016968616367201258,absolute,SYNTHETIC: seeded teaching dataset; not observed market data,2026-09-01T00:00:00+00:00
2026-04-08,CAD_1,0.0177983258864283,absolute,SYNTHETIC: seeded teaching dataset; not observed market data,2026-09-01T00:00:00+00:00
2026-04-09,CAD_1,0.018350203275166854,absolute,SYNTHETIC: seeded teaching dataset; not observed market data,2026-09-01T00:00:00+00:00
2026-04-10,CAD_1,0.01750102361387069,absolute,SYNTHETIC: seeded teaching dataset; not observed market data,2026-09-01T00:00:00+00:00
2026-04-13,CAD_1,0.01748315963788156,absolute,SYNTHETIC: seeded teaching dataset; not observed market data,2026-09-01T00:00:00+00:00
2026-04-14,CAD_1,0.017054931755837218,absolute,SYNTHETIC: seeded teaching dataset; not observed market data,2026-09-01T00:00:00+00:00
2026-04-15,CAD_1,0.016859275980882733,absolute,SYNTHETIC: seeded teaching dataset; not observed market data,2026-09-01T00:00:00+00:00
2026-04-16,CAD_1,0.01718612668374685,absolute,SYNTHETIC: seeded teaching dataset; not observed market data,2026-09-01T00:00:00+00:00
2026-04-17,CAD_1,0.017786454861332148,absolute,SYNTHETIC: seeded teaching dataset; not observed market data,2026-09-01T00:00:00+00:00
2026-04-20,CAD_1,0.017650634265446472,absolute,SYNTHETIC: seeded teaching dataset; not observed market data,2026-09-01T00:00:00+00:00
2026-04-21,CAD_1,0.016909413825687,absolute,SYNTHETIC: seeded teaching dataset; not observed market data,2026-09-01T00:00:00+00:00
2026-04-22,CAD_1,0.017557443933461123,absolute,SYNTHETIC: seeded teaching dataset; not observed market data,2026-09-01T00:00:00+00:00
2026-04-23,CAD_1,0.01797650038303868,absolute,SYNTHETIC: seeded teaching dataset; not observed market data,2026-09-01T00:00:00+00:00
2026-04-24,CAD_1,0.018215931932934425,absolute,SYNTHETIC: seeded teaching dataset; not observed market data,2026-09-01T00:00:00+00:00
2026-04-27,CAD_1,0.018825894422284824,absolute,SYNTHETIC: seeded teaching dataset; not observed market data,2026-09-01T00:00:00+00:00
2026-04-28,CAD_1,0.018739877347718047,absolute,SYNTHETIC: seeded teaching dataset; not observed market data,2026-09-01T00:00:00+00:00
2026-04-29,CAD_1,0.018580694616958552,absolute,SYNTHETIC: seeded teaching dataset; not observed market data,2026-09-01T00:00:00+00:00
2026-04-30,CAD_1,0.01899403133419762,absolute,SYNTHETIC: seeded teaching dataset; not observed market data,2026-09-01T00:00:00+00:00
2026-05-01,CAD_1,0.01871935203935177,absolute,SYNTHETIC: seeded teaching dataset; not observed market data,2026-09-01T00:00:00+00:00
2026-05-04,CAD_1,0.018988858404197204,absolute,SYNTHETIC: seeded teaching dataset; not observed market data,2026-09-01T00:00:00+00:00
2026-05-05,CAD_1,0.019597685507622645,absolute,SYNTHETIC: seeded teaching dataset; not observed market data,2026-09-01T00:00:00+00:00
2026-05-06,CAD_1,0.019318078024155246,absolute,SYNTHETIC: seeded teaching dataset; not observed market data,2026-09-01T00:00:00+00:00
2026-05-07,CAD_1,0.019751141926230547,absolute,SYNTHETIC: seeded teaching dataset; not observed market data,2026-09-01T00:00:00+00:00
2026-05-08,CAD_1,0.019773597202050863,absolute,SYNTHETIC: seeded teaching dataset; not observed market data,2026-09-01T00:00:00+00:00
2026-05-11,CAD_1,0.020172480350813333,absolute,SYNTHETIC: seeded teaching dataset; not observed market data,2026-09-01T00:00:00+00:00
2026-05-12,CAD_1,0.02042104477718842,absolute,SYNTHETIC: seeded teaching dataset; not observed market data,2026-09-01T00:00:00+00:00
2026-05-13,CAD_1,0.020703980917896724,absolute,SYNTHETIC: seeded teaching dataset; not observed market data,2026-09-01T00:00:00+00:00
2026-05-14,CAD_1,0.02018317507661972,absolute,SYNTHETIC: seeded teaching dataset; not observed market data,2026-09-01T00:00:00+00:00
2026-05-15,CAD_1,0.02023774494885663,absolute,SYNTHETIC: seeded teaching dataset; not observed market data,2026-09-01T00:00:00+00:00
2026-05-18,CAD_1,0.02111459962520781,absolute,SYNTHETIC: seeded teaching dataset; not observed market data,2026-09-01T00:00:00+00:00
2026-05-19,CAD_1,0.02113836611629433,absolute,SYNTHETIC: seeded teaching dataset; not observed market data,2026-09-01T00:00:00+00:00
2026-05-20,CAD_1,0.0210585281451449,absolute,SYNTHETIC: seeded teaching dataset; not observed market data,2026-09-01T00:00:00+00:00
2026-05-21,CAD_1,0.02117634814675112,absolute,SYNTHETIC: seeded teaching dataset; not observed market data,2026-09-01T00:00:00+00:00
2026-05-22,CAD_1,0.021325784661746002,absolute,SYNTHETIC: seeded teaching dataset; not observed market data,2026-09-01T00:00:00+00:00
2026-05-25,CAD_1,0.022034083785371344,absolute,SYNTHETIC: seeded teaching dataset; not observed market data,2026-09-01T00:00:00+00:00
2026-05-26,CAD_1,0.02301191774432119,absolute,SYNTHETIC: seeded teaching dataset; not observed market data,2026-09-01T00:00:00+00:00
2026-05-27,CAD_1,0.022950669050474968,absolute,SYNTHETIC: seeded teaching dataset; not observed market data,2026-09-01T00:00:00+00:00
2026-05-28,CAD_1,0.02339849605957704,absolute,SYNTHETIC: seeded teaching dataset; not observed market data,2026-09-01T00:00:00+00:00
2026-05-29,CAD_1,0.023673158335197116,absolute,SYNTHETIC: seeded teaching dataset; not observed market data,2026-09-01T00:00:00+00:00
2026-06-01,CAD_1,0.02337807546852348,absolute,SYNTHETIC: seeded teaching dataset; not observed market data,2026-09-01T00:00:00+00:00
2026-06-02,CAD_1,0.022549626526979342,absolute,SYNTHETIC: seeded teaching dataset; not observed market data,2026-09-01T00:00:00+00:00
2026-06-03,CAD_1,0.02300143311647609,absolute,SYNTHETIC: seeded teaching dataset; not observed market data,2026-09-01T00:00:00+00:00
2026-06-04,CAD_1,0.023977574114616467,absolute,SYNTHETIC: seeded teaching dataset; not observed market data,2026-09-01T00:00:00+00:00
2026-06-05,CAD_1,0.02432684675888112,absolute,SYNTHETIC: seeded teaching dataset; not observed market data,2026-09-01T00:00:00+00:00
2026-06-08,CAD_1,0.02453980458720721,absolute,SYNTHETIC: seeded teaching dataset; not observed market data,2026-09-01T00:00:00+00:00
2026-06-09,CAD_1,0.024357942535546625,absolute,SYNTHETIC: seeded teaching dataset; not observed market data,2026-09-01T00:00:00+00:00
2026-06-10,CAD_1,0.023941729499830294,absolute,SYNTHETIC: seeded teaching dataset; not observed market data,2026-09-01T00:00:00+00:00
2026-06-11,CAD_1,0.023767484903185056,absolute,SYNTHETIC: seeded teaching dataset; not observed market data,2026-09-01T00:00:00+00:00
2026-06-12,CAD_1,0.024218270347196213,absolute,SYNTHETIC: seeded teaching dataset; not observed market data,2026-09-01T00:00:00+00:00
2026-06-15,CAD_1,0.024085270919915584,absolute,SYNTHETIC: seeded teaching dataset; not observed market data,2026-09-01T00:00:00+00:00
2026-06-16,CAD_1,0.02407944516880049,absolute,SYNTHETIC: seeded teaching dataset; not observed market data,2026-09-01T00:00:00+00:00
2026-06-17,CAD_1,0.02388743810359618,absolute,SYNTHETIC: seeded teaching dataset; not observed market data,2026-09-01T00:00:00+00:00
2026-06-18,CAD_1,0.023952816338749485,absolute,SYNTHETIC: seeded teaching dataset; not observed market data,2026-09-01T00:00:00+00:00
2026-06-19,CAD_1,0.024801257523739833,absolute,SYNTHETIC: seeded teaching dataset; not observed market data,2026-09-01T00:00:00+00:00
2026-06-22,CAD_1,0.025467233984671236,absolute,SYNTHETIC: seeded teaching dataset; not observed market data,2026-09-01T00:00:00+00:00
2026-06-23,CAD_1,0.02575583999525324,absolute,SYNTHETIC: seeded teaching dataset; not observed market data,2026-09-01T00:00:00+00:00
2026-06-24,CAD_1,0.026610660422366126,absolute,SYNTHETIC: seeded teaching dataset; not observed market data,2026-09-01T00:00:00+00:00
2026-06-25,CAD_1,0.027140673132346135,absolute,SYNTHETIC: seeded teaching dataset; not observed market data,2026-09-01T00:00:00+00:00
2026-06-26,CAD_1,0.027201071078160385,absolute,SYNTHETIC: seeded teaching dataset; not observed market data,2026-09-01T00:00:00+00:00
2026-06-29,CAD_1,0.027417900111387925,absolute,SYNTHETIC: seeded teaching dataset; not observed market data,2026-09-01T00:00:00+00:00
2026-06-30,CAD_1,0.027868645302910566,absolute,SYNTHETIC: seeded teaching dataset; not observed market data,2026-09-01T00:00:00+00:00
2026-07-01,CAD_1,0.02858722483703936,absolute,SYNTHETIC: seeded teaching dataset; not observed market data,2026-09-01T00:00:00+00:00
2026-07-02,CAD_1,0.027811957594598678,absolute,SYNTHETIC: seeded teaching dataset; not observed market data,2026-09-01T00:00:00+00:00
2026-07-03,CAD_1,0.028822462039774132,absolute,SYNTHETIC: seeded teaching dataset; not observed market data,2026-09-01T00:00:00+00:00
2026-07-06,CAD_1,0.02927413957533209,absolute,SYNTHETIC: seeded teaching dataset; not observed market data,2026-09-01T00:00:00+00:00
2026-07-07,CAD_1,0.029952762809206984,absolute,SYNTHETIC: seeded teaching dataset; not observed market data,2026-09-01T00:00:00+00:00
2026-07-08,CAD_1,0.02958959895228219,absolute,SYNTHETIC: seeded teaching dataset; not observed market data,2026-09-01T00:00:00+00:00
2026-07-09,CAD_1,0.03002263746252232,absolute,SYNTHETIC: seeded teaching dataset; not observed market data,2026-09-01T00:00:00+00:00
2026-07-10,CAD_1,0.03089365732895488,absolute,SYNTHETIC: seeded teaching dataset; not observed market data,2026-09-01T00:00:00+00:00
2026-07-13,CAD_1,0.03087448323419213,absolute,SYNTHETIC: seeded teaching dataset; not observed market data,2026-09-01T00:00:00+00:00
2026-07-14,CAD_1,0.03077181969933247,absolute,SYNTHETIC: seeded teaching dataset; not observed market data,2026-09-01T00:00:00+00:00
2026-07-15,CAD_1,0.030863604629806026,absolute,SYNTHETIC: seeded teaching dataset; not observed market data,2026-09-01T00:00:00+00:00
2026-07-16,CAD_1,0.030784394175002516,absolute,SYNTHETIC: seeded teaching dataset; not observed market data,2026-09-01T00:00:00+00:00
2026-07-17,CAD_1,0.031319481564453425,absolute,SYNTHETIC: seeded teaching dataset; not observed market data,2026-09-01T00:00:00+00:00
2026-07-20,CAD_1,0.031487095757816,absolute,SYNTHETIC: seeded teaching dataset; not observed market data,2026-09-01T00:00:00+00:00
2026-07-21,CAD_1,0.03182010910437928,absolute,SYNTHETIC: seeded teaching dataset; not observed market data,2026-09-01T00:00:00+00:00
2026-07-22,CAD_1,0.03136798208977716,absolute,SYNTHETIC: seeded teaching dataset; not observed market data,2026-09-01T00:00:00+00:00
2026-07-23,CAD_1,0.03171274081877952,absolute,SYNTHETIC: seeded teaching dataset; not observed market data,2026-09-01T00:00:00+00:00
2026-07-24,CAD_1,0.03216496317038839,absolute,SYNTHETIC: seeded teaching dataset; not observed market data,2026-09-01T00:00:00+00:00
2026-07-27,CAD_1,0.032296470319391216,absolute,SYNTHETIC: seeded teaching dataset; not observed market data,2026-09-01T00:00:00+00:00
2026-07-28,CAD_1,0.03177955299153798,absolute,SYNTHETIC: seeded teaching dataset; not observed market data,2026-09-01T00:00:00+00:00
2026-07-29,CAD_1,0.0322460738515256,absolute,SYNTHETIC: seeded teaching dataset; not observed market data,2026-09-01T00:00:00+00:00
2026-07-30,CAD_1,0.03145195142721616,absolute,SYNTHETIC: seeded teaching dataset; not observed market data,2026-09-01T00:00:00+00:00
2026-07-31,CAD_1,0.031914500471035445,absolute,SYNTHETIC: seeded teaching dataset; not observed market data,2026-09-01T00:00:00+00:00
2026-08-03,CAD_1,0.03157824262947799,absolute,SYNTHETIC: seeded teaching dataset; not observed market data,2026-09-01T00:00:00+00:00
2026-08-04,CAD_1,0.032178525916404466,absolute,SYNTHETIC: seeded teaching dataset; not observed market data,2026-09-01T00:00:00+00:00
2026-08-05,CAD_1,0.03154837406233417,absolute,SYNTHETIC: seeded teaching dataset; not observed market data,2026-09-01T00:00:00+00:00
2026-08-06,CAD_1,0.03145026446941368,absolute,SYNTHETIC: seeded teaching dataset; not observed market data,2026-09-01T00:00:00+00:00
2026-08-07,CAD_1,0.03126247080252771,absolute,SYNTHETIC: seeded teaching dataset; not observed market data,2026-09-01T00:00:00+00:00
2026-08-10,CAD_1,0.03103582580570507,absolute,SYNTHETIC: seeded teaching dataset; not observed market data,2026-09-01T00:00:00+00:00
2026-08-11,CAD_1,0.030896825955022442,absolute,SYNTHETIC: seeded teaching dataset; not observed market data,2026-09-01T00:00:00+00:00
2026-08-12,CAD_1,0.03043308412425331,absolute,SYNTHETIC: seeded teaching dataset; not observed market data,2026-09-01T00:00:00+00:00
2026-08-13,CAD_1,0.030768048628943907,absolute,SYNTHETIC: seeded teaching dataset; not observed market data,2026-09-01T00:00:00+00:00
2026-08-14,CAD_1,0.03138854385308172,absolute,SYNTHETIC: seeded teaching dataset; not observed market data,2026-09-01T00:00:00+00:00
2026-08-17,CAD_1,0.031174650251488367,absolute,SYNTHETIC: seeded teaching dataset; not observed market data,2026-09-01T00:00:00+00:00
2026-08-18,CAD_1,0.030198805156093144,absolute,SYNTHETIC: seeded teaching dataset; not observed market data,2026-09-01T00:00:00+00:00
2026-08-19,CAD_1,0.03062917858437807,absolute,SYNTHETIC: seeded teaching dataset; not observed market data,2026-09-01T00:00:00+00:00
2026-08-20,CAD_1,0.03125937034175301,absolute,SYNTHETIC: seeded teaching dataset; not observed market data,2026-09-01T00:00:00+00:00
2026-08-21,CAD_1,0.03160337348114002,absolute,SYNTHETIC: seeded teaching dataset; not observed market data,2026-09-01T00:00:00+00:00
2026-08-24,CAD_1,0.031346600568490424,absolute,SYNTHETIC: seeded teaching dataset; not observed market data,2026-09-01T00:00:00+00:00
2026-08-25,CAD_1,0.030714522049912495,absolute,SYNTHETIC: seeded teaching dataset; not observed market data,2026-09-01T00:00:00+00:00
2026-08-26,CAD_1,0.030344805073849176,absolute,SYNTHETIC: seeded teaching dataset; not observed market data,2026-09-01T00:00:00+00:00
2026-08-27,CAD_1,0.030426595856968035,absolute,SYNTHETIC: seeded teaching dataset; not observed market data,2026-09-01T00:00:00+00:00
2026-08-28,CAD_1,0.03028358810063998,absolute,SYNTHETIC: seeded teaching dataset; not observed market data,2026-09-01T00:00:00+00:00
2026-08-31,CAD_1,0.030300000000000004,absolute,SYNTHETIC: seeded teaching dataset; not observed market data,2026-09-01T00:00:00+00:00
2025-01-02,CAD_2,0.017536690491919617,absolute,SYNTHETIC: seeded teaching dataset; not observed market data,2026-09-01T00:00:00+00:00
2025-01-03,CAD_2,0.017749211955278912,absolute,SYNTHETIC: seeded teaching dataset; not observed market data,2026-09-01T00:00:00+00:00
2025-01-06,CAD_2,0.017346482452469343,absolute,SYNTHETIC: seeded teaching dataset; not observed market data,2026-09-01T00:00:00+00:00
2025-01-07,CAD_2,0.01734937298526512,absolute,SYNTHETIC: seeded teaching dataset; not observed market data,2026-09-01T00:00:00+00:00
2025-01-08,CAD_2,0.017901024110527665,absolute,SYNTHETIC: seeded teaching dataset; not observed market data,2026-09-01T00:00:00+00:00
2025-01-09,CAD_2,0.017466010937250177,absolute,SYNTHETIC: seeded teaching dataset; not observed market data,2026-09-01T00:00:00+00:00
2025-01-10,CAD_2,0.018220207484163392,absolute,SYNTHETIC: seeded teaching dataset; not observed market data,2026-09-01T00:00:00+00:00
2025-01-13,CAD_2,0.018380163085461587,absolute,SYNTHETIC: seeded teaching dataset; not observed market data,2026-09-01T00:00:00+00:00
2025-01-14,CAD_2,0.017939907628748995,absolute,SYNTHETIC: seeded teaching dataset; not observed market data,2026-09-01T00:00:00+00:00
2025-01-15,CAD_2,0.016802050338938668,absolute,SYNTHETIC: seeded teaching dataset; not observed market data,2026-09-01T00:00:00+00:00
2025-01-16,CAD_2,0.01771988566575114,absolute,SYNTHETIC: seeded teaching dataset; not observed market data,2026-09-01T00:00:00+00:00
2025-01-17,CAD_2,0.01815666353526088,absolute,SYNTHETIC: seeded teaching dataset; not observed market data,2026-09-01T00:00:00+00:00
2025-01-20,CAD_2,0.018038187313733613,absolute,SYNTHETIC: seeded teaching dataset; not observed market data,2026-09-01T00:00:00+00:00
2025-01-21,CAD_2,0.016964973758276207,absolute,SYNTHETIC: seeded teaching dataset; not observed market data,2026-09-01T00:00:00+00:00
2025-01-22,CAD_2,0.01751415448568496,absolute,SYNTHETIC: seeded teaching dataset; not observed market data,2026-09-01T00:00:00+00:00
2025-01-23,CAD_2,0.016655270966869223,absolute,SYNTHETIC: seeded teaching dataset; not observed market data,2026-09-01T00:00:00+00:00
2025-01-24,CAD_2,0.016340014943422035,absolute,SYNTHETIC: seeded teaching dataset; not observed market data,2026-09-01T00:00:00+00:00
2025-01-27,CAD_2,0.015827457371745547,absolute,SYNTHETIC: seeded teaching dataset; not observed market data,2026-09-01T00:00:00+00:00
2025-01-28,CAD_2,0.01671065980608758,absolute,SYNTHETIC: seeded teaching dataset; not observed market data,2026-09-01T00:00:00+00:00
2025-01-29,CAD_2,0.016562729026214563,absolute,SYNTHETIC: seeded teaching dataset; not observed market data,2026-09-01T00:00:00+00:00
2025-01-30,CAD_2,0.0161561150986234,absolute,SYNTHETIC: seeded teaching dataset; not observed market data,2026-09-01T00:00:00+00:00
2025-01-31,CAD_2,0.016386967558973793,absolute,SYNTHETIC: seeded teaching dataset; not observed market data,2026-09-01T00:00:00+00:00
2025-02-03,CAD_2,0.015551002239715691,absolute,SYNTHETIC: seeded teaching dataset; not observed market data,2026-09-01T00:00:00+00:00
2025-02-04,CAD_2,0.01574796980017828,absolute,SYNTHETIC: seeded teaching dataset; not observed market data,2026-09-01T00:00:00+00:00
2025-02-05,CAD_2,0.01460559217671739,absolute,SYNTHETIC: seeded teaching dataset; not observed market data,2026-09-01T00:00:00+00:00
2025-02-06,CAD_2,0.014641063352721717,absolute,SYNTHETIC: seeded teaching dataset; not observed market data,2026-09-01T00:00:00+00:00
2025-02-07,CAD_2,0.014980352557005706,absolute,SYNTHETIC: seeded teaching dataset; not observed market data,2026-09-01T00:00:00+00:00
2025-02-10,CAD_2,0.014825840127744941,absolute,SYNTHETIC: seeded teaching dataset; not observed market data,2026-09-01T00:00:00+00:00
2025-02-11,CAD_2,0.01488714889551864,absolute,SYNTHETIC: seeded teaching dataset; not observed market data,2026-09-01T00:00:00+00:00
2025-02-12,CAD_2,0.014866178795747116,absolute,SYNTHETIC: seeded teaching dataset; not observed market data,2026-09-01T00:00:00+00:00
2025-02-13,CAD_2,0.015455243333612383,absolute,SYNTHETIC: seeded teaching dataset; not observed market data,2026-09-01T00:00:00+00:00
2025-02-14,CAD_2,0.01587655786640115,absolute,SYNTHETIC: seeded teaching dataset; not observed market data,2026-09-01T00:00:00+00:00
2025-02-17,CAD_2,0.017015686275790788,absolute,SYNTHETIC: seeded teaching dataset; not observed market data,2026-09-01T00:00:00+00:00
2025-02-18,CAD_2,0.017999622291277627,absolute,SYNTHETIC: seeded teaching dataset; not observed market data,2026-09-01T00:00:00+00:00
2025-02-19,CAD_2,0.017834015307112414,absolute,SYNTHETIC: seeded teaching dataset; not observed market data,2026-09-01T00:00:00+00:00
2025-02-20,CAD_2,0.017964287810341963,absolute,SYNTHETIC: seeded teaching dataset; not observed market data,2026-09-01T00:00:00+00:00
2025-02-21,CAD_2,0.01787301266007843,absolute,SYNTHETIC: seeded teaching dataset; not observed market data,2026-09-01T00:00:00+00:00
2025-02-24,CAD_2,0.018008861170802686,absolute,SYNTHETIC: seeded teaching dataset; not observed market data,2026-09-01T00:00:00+00:00
2025-02-25,CAD_2,0.01806270607209924,absolute,SYNTHETIC: seeded teaching dataset; not observed market data,2026-09-01T00:00:00+00:00
2025-02-26,CAD_2,0.017407994325608085,absolute,SYNTHETIC: seeded teaching dataset; not observed market data,2026-09-01T00:00:00+00:00
2025-02-27,CAD_2,0.01771352047339793,absolute,SYNTHETIC: seeded teaching dataset; not observed market data,2026-09-01T00:00:00+00:00
2025-02-28,CAD_2,0.018597920017610826,absolute,SYNTHETIC: seeded teaching dataset; not observed market data,2026-09-01T00:00:00+00:00
2025-03-03,CAD_2,0.01842001233249449,absolute,SYNTHETIC: seeded teaching dataset; not observed market data,2026-09-01T00:00:00+00:00
2025-03-04,CAD_2,0.01812634488797353,absolute,SYNTHETIC: seeded teaching dataset; not observed market data,2026-09-01T00:00:00+00:00
2025-03-05,CAD_2,0.018618461779858056,absolute,SYNTHETIC: seeded teaching dataset; not observed market data,2026-09-01T00:00:00+00:00
2025-03-06,CAD_2,0.018450986251120106,absolute,SYNTHETIC: seeded teaching dataset; not observed market data,2026-09-01T00:00:00+00:00
2025-03-07,CAD_2,0.01853705696480317,absolute,SYNTHETIC: seeded teaching dataset; not observed market data,2026-09-01T00:00:00+00:00
2025-03-10,CAD_2,0.01956784991329622,absolute,SYNTHETIC: seeded teaching dataset; not observed market data,2026-09-01T00:00:00+00:00
2025-03-11,CAD_2,0.01958966243706458,absolute,SYNTHETIC: seeded teaching dataset; not observed market data,2026-09-01T00:00:00+00:00
2025-03-12,CAD_2,0.01947447167303524,absolute,SYNTHETIC: seeded teaching dataset; not observed market data,2026-09-01T00:00:00+00:00
2025-03-13,CAD_2,0.018993589557319716,absolute,SYNTHETIC: seeded teaching dataset; not observed market data,2026-09-01T00:00:00+00:00
2025-03-14,CAD_2,0.018940110488258256,absolute,SYNTHETIC: seeded teaching dataset; not observed market data,2026-09-01T00:00:00+00:00
2025-03-17,CAD_2,0.01984132194939235,absolute,SYNTHETIC: seeded teaching dataset; not observed market data,2026-09-01T00:00:00+00:00
2025-03-18,CAD_2,0.019580485725491183,absolute,SYNTHETIC: seeded teaching dataset; not observed market data,2026-09-01T00:00:00+00:00
2025-03-19,CAD_2,0.020097331819472604,absolute,SYNTHETIC: seeded teaching dataset; not observed market data,2026-09-01T00:00:00+00:00
2025-03-20,CAD_2,0.020231066540719607,absolute,SYNTHETIC: seeded teaching dataset; not observed market data,2026-09-01T00:00:00+00:00
2025-03-21,CAD_2,0.02084136749655932,absolute,SYNTHETIC: seeded teaching dataset; not observed market data,2026-09-01T00:00:00+00:00
2025-03-24,CAD_2,0.02082179405855021,absolute,SYNTHETIC: seeded teaching dataset; not observed market data,2026-09-01T00:00:00+00:00
2025-03-25,CAD_2,0.020644760849373563,absolute,SYNTHETIC: seeded teaching dataset; not observed market data,2026-09-01T00:00:00+00:00
2025-03-26,CAD_2,0.021528208507062073,absolute,SYNTHETIC: seeded teaching dataset; not observed market data,2026-09-01T00:00:00+00:00
2025-03-27,CAD_2,0.02104218653304988,absolute,SYNTHETIC: seeded teaching dataset; not observed market data,2026-09-01T00:00:00+00:00
2025-03-28,CAD_2,0.021194582137387057,absolute,SYNTHETIC: seeded teaching dataset; not observed market data,2026-09-01T00:00:00+00:00
2025-03-31,CAD_2,0.020272827186549984,absolute,SYNTHETIC: seeded teaching dataset; not observed market data,2026-09-01T00:00:00+00:00
2025-04-01,CAD_2,0.021122082725723273,absolute,SYNTHETIC: seeded teaching dataset; not observed market data,2026-09-01T00:00:00+00:00
2025-04-02,CAD_2,0.02080042789448317,absolute,SYNTHETIC: seeded teaching dataset; not observed market data,2026-09-01T00:00:00+00:00
2025-04-03,CAD_2,0.02106135272145706,absolute,SYNTHETIC: seeded teaching dataset; not observed market data,2026-09-01T00:00:00+00:00
2025-04-04,CAD_2,0.020201142168367672,absolute,SYNTHETIC: seeded teaching dataset; not observed market data,2026-09-01T00:00:00+00:00
2025-04-07,CAD_2,0.01942846974334589,absolute,SYNTHETIC: seeded teaching dataset; not observed market data,2026-09-01T00:00:00+00:00
2025-04-08,CAD_2,0.019699977128042688,absolute,SYNTHETIC: seeded teaching dataset; not observed market data,2026-09-01T00:00:00+00:00
2025-04-09,CAD_2,0.019395155633125792,absolute,SYNTHETIC: seeded teaching dataset; not observed market data,2026-09-01T00:00:00+00:00
2025-04-10,CAD_2,0.019460787272901778,absolute,SYNTHETIC: seeded teaching dataset; not observed market data,2026-09-01T00:00:00+00:00
2025-04-11,CAD_2,0.019231545993234518,absolute,SYNTHETIC: seeded teaching dataset; not observed market data,2026-09-01T00:00:00+00:00
2025-04-14,CAD_2,0.019097500150057505,absolute,SYNTHETIC: seeded teaching dataset; not observed market data,2026-09-01T00:00:00+00:00
2025-04-15,CAD_2,0.018902692662271577,absolute,SYNTHETIC: seeded teaching dataset; not observed market data,2026-09-01T00:00:00+00:00
2025-04-16,CAD_2,0.019270782697182146,absolute,SYNTHETIC: seeded teaching dataset; not observed market data,2026-09-01T00:00:00+00:00
2025-04-17,CAD_2,0.019414061454346133,absolute,SYNTHETIC: seeded teaching dataset; not observed market data,2026-09-01T00:00:00+00:00
2025-04-18,CAD_2,0.0190548157839521,absolute,SYNTHETIC: seeded teaching dataset; not observed market data,2026-09-01T00:00:00+00:00
2025-04-21,CAD_2,0.01880562910299042,absolute,SYNTHETIC: seeded teaching dataset; not observed market data,2026-09-01T00:00:00+00:00
2025-04-22,CAD_2,0.018292416744901598,absolute,SYNTHETIC: seeded teaching dataset; not observed market data,2026-09-01T00:00:00+00:00
2025-04-23,CAD_2,0.017949160440370454,absolute,SYNTHETIC: seeded teaching dataset; not observed market data,2026-09-01T00:00:00+00:00
2025-04-24,CAD_2,0.01812038896698568,absolute,SYNTHETIC: seeded teaching dataset; not observed market data,2026-09-01T00:00:00+00:00
2025-04-25,CAD_2,0.018364382009673046,absolute,SYNTHETIC: seeded teaching dataset; not observed market data,2026-09-01T00:00:00+00:00
2025-04-28,CAD_2,0.019321076483080943,absolute,SYNTHETIC: seeded teaching dataset; not observed market data,2026-09-01T00:00:00+00:00
2025-04-29,CAD_2,0.01970010260137134,absolute,SYNTHETIC: seeded teaching dataset; not observed market data,2026-09-01T00:00:00+00:00
2025-04-30,CAD_2,0.01943293141029137,absolute,SYNTHETIC: seeded teaching dataset; not observed market data,2026-09-01T00:00:00+00:00
2025-05-01,CAD_2,0.019754448545683444,absolute,SYNTHETIC: seeded teaching dataset; not observed market data,2026-09-01T00:00:00+00:00
2025-05-02,CAD_2,0.0190598398731607,absolute,SYNTHETIC: seeded teaching dataset; not observed market data,2026-09-01T00:00:00+00:00
2025-05-05,CAD_2,0.019348483450235134,absolute,SYNTHETIC: seeded teaching dataset; not observed market data,2026-09-01T00:00:00+00:00
2025-05-06,CAD_2,0.019482724645878538,absolute,SYNTHETIC: seeded teaching dataset; not observed market data,2026-09-01T00:00:00+00:00
2025-05-07,CAD_2,0.01936221594106581,absolute,SYNTHETIC: seeded teaching dataset; not observed market data,2026-09-01T00:00:00+00:00
2025-05-08,CAD_2,0.01923094312069224,absolute,SYNTHETIC: seeded teaching dataset; not observed market data,2026-09-01T00:00:00+00:00
2025-05-09,CAD_2,0.01844724154018955,absolute,SYNTHETIC: seeded teaching dataset; not observed market data,2026-09-01T00:00:00+00:00
2025-05-12,CAD_2,0.0187782616231556,absolute,SYNTHETIC: seeded teaching dataset; not observed market data,2026-09-01T00:00:00+00:00
2025-05-13,CAD_2,0.018763978029023458,absolute,SYNTHETIC: seeded teaching dataset; not observed market data,2026-09-01T00:00:00+00:00
2025-05-14,CAD_2,0.018416305022478263,absolute,SYNTHETIC: seeded teaching dataset; not observed market data,2026-09-01T00:00:00+00:00
2025-05-15,CAD_2,0.01819055710262512,absolute,SYNTHETIC: seeded teaching dataset; not observed market data,2026-09-01T00:00:00+00:00
2025-05-16,CAD_2,0.017621308264718125,absolute,SYNTHETIC: seeded teaching dataset; not observed market data,2026-09-01T00:00:00+00:00
2025-05-19,CAD_2,0.017246750783090632,absolute,SYNTHETIC: seeded teaching dataset; not observed market data,2026-09-01T00:00:00+00:00
2025-05-20,CAD_2,0.0166742491274186,absolute,SYNTHETIC: seeded teaching dataset; not observed market data,2026-09-01T00:00:00+00:00
2025-05-21,CAD_2,0.017255291788177737,absolute,SYNTHETIC: seeded teaching dataset; not observed market data,2026-09-01T00:00:00+00:00
2025-05-22,CAD_2,0.01719255540972655,absolute,SYNTHETIC: seeded teaching dataset; not observed market data,2026-09-01T00:00:00+00:00
2025-05-23,CAD_2,0.017391100599151964,absolute,SYNTHETIC: seeded teaching dataset; not observed market data,2026-09-01T00:00:00+00:00
2025-05-26,CAD_2,0.016883390693174773,absolute,SYNTHETIC: seeded teaching dataset; not observed market data,2026-09-01T00:00:00+00:00
2025-05-27,CAD_2,0.016949320167880443,absolute,SYNTHETIC: seeded teaching dataset; not observed market data,2026-09-01T00:00:00+00:00
2025-05-28,CAD_2,0.016413909629458594,absolute,SYNTHETIC: seeded teaching dataset; not observed market data,2026-09-01T00:00:00+00:00
2025-05-29,CAD_2,0.015835947383044384,absolute,SYNTHETIC: seeded teaching dataset; not observed market data,2026-09-01T00:00:00+00:00
2025-05-30,CAD_2,0.014993234331903136,absolute,SYNTHETIC: seeded teaching dataset; not observed market data,2026-09-01T00:00:00+00:00
2025-06-02,CAD_2,0.014329568105003318,absolute,SYNTHETIC: seeded teaching dataset; not observed market data,2026-09-01T00:00:00+00:00
2025-06-03,CAD_2,0.013593009866599918,absolute,SYNTHETIC: seeded teaching dataset; not observed market data,2026-09-01T00:00:00+00:00
2025-06-04,CAD_2,0.013779098187338452,absolute,SYNTHETIC: seeded teaching dataset; not observed market data,2026-09-01T00:00:00+00:00
2025-06-05,CAD_2,0.01366816776391184,absolute,SYNTHETIC: seeded teaching dataset; not observed market data,2026-09-01T00:00:00+00:00
2025-06-06,CAD_2,0.013061376803255661,absolute,SYNTHETIC: seeded teaching dataset; not observed market data,2026-09-01T00:00:00+00:00
2025-06-09,CAD_2,0.01300881919875209,absolute,SYNTHETIC: seeded teaching dataset; not observed market data,2026-09-01T00:00:00+00:00
2025-06-10,CAD_2,0.012434808387662677,absolute,SYNTHETIC: seeded teaching dataset; not observed market data,2026-09-01T00:00:00+00:00
2025-06-11,CAD_2,0.012397529828320082,absolute,SYNTHETIC: seeded teaching dataset; not observed market data,2026-09-01T00:00:00+00:00
2025-06-12,CAD_2,0.012641663220179558,absolute,SYNTHETIC: seeded teaching dataset; not observed market data,2026-09-01T00:00:00+00:00
2025-06-13,CAD_2,0.012738888308340595,absolute,SYNTHETIC: seeded teaching dataset; not observed market data,2026-09-01T00:00:00+00:00
2025-06-16,CAD_2,0.012671959789775216,absolute,SYNTHETIC: seeded teaching dataset; not observed market data,2026-09-01T00:00:00+00:00
2025-06-17,CAD_2,0.012335207988802001,absolute,SYNTHETIC: seeded teaching dataset; not observed market data,2026-09-01T00:00:00+00:00
2025-06-18,CAD_2,0.01261776438693867,absolute,SYNTHETIC: seeded teaching dataset; not observed market data,2026-09-01T00:00:00+00:00
2025-06-19,CAD_2,0.013714661156452748,absolute,SYNTHETIC: seeded teaching dataset; not observed market data,2026-09-01T00:00:00+00:00
2025-06-20,CAD_2,0.013581021647686922,absolute,SYNTHETIC: seeded teaching dataset; not observed market data,2026-09-01T00:00:00+00:00
2025-06-23,CAD_2,0.013024831293969029,absolute,SYNTHETIC: seeded teaching dataset; not observed market data,2026-09-01T00:00:00+00:00
2025-06-24,CAD_2,0.013556164810377374,absolute,SYNTHETIC: seeded teaching dataset; not observed market data,2026-09-01T00:00:00+00:00
2025-06-25,CAD_2,0.013592456664820647,absolute,SYNTHETIC: seeded teaching dataset; not observed market data,2026-09-01T00:00:00+00:00
2025-06-26,CAD_2,0.013549440816460366,absolute,SYNTHETIC: seeded teaching dataset; not observed market data,2026-09-01T00:00:00+00:00
2025-06-27,CAD_2,0.014250990696970152,absolute,SYNTHETIC: seeded teaching dataset; not observed market data,2026-09-01T00:00:00+00:00
2025-06-30,CAD_2,0.0141368878513676,absolute,SYNTHETIC: seeded teaching dataset; not observed market data,2026-09-01T00:00:00+00:00
2025-07-01,CAD_2,0.013492639115361907,absolute,SYNTHETIC: seeded teaching dataset; not observed market data,2026-09-01T00:00:00+00:00
2025-07-02,CAD_2,0.014068120588410784,absolute,SYNTHETIC: seeded teaching dataset; not observed market data,2026-09-01T00:00:00+00:00
2025-07-03,CAD_2,0.01338255744528897,absolute,SYNTHETIC: seeded teaching dataset; not observed market data,2026-09-01T00:00:00+00:00
2025-07-04,CAD_2,0.013088036044782427,absolute,SYNTHETIC: seeded teaching dataset; not observed market data,2026-09-01T00:00:00+00:00
2025-07-07,CAD_2,0.01281607840149134,absolute,SYNTHETIC: seeded teaching dataset; not observed market data,2026-09-01T00:00:00+00:00
2025-07-08,CAD_2,0.0128354852063332,absolute,SYNTHETIC: seeded teaching dataset; not observed market data,2026-09-01T00:00:00+00:00
2025-07-09,CAD_2,0.013245802687299543,absolute,SYNTHETIC: seeded teaching dataset; not observed market data,2026-09-01T00:00:00+00:00
2025-07-10,CAD_2,0.012915839812855224,absolute,SYNTHETIC: seeded teaching dataset; not observed market data,2026-09-01T00:00:00+00:00
2025-07-11,CAD_2,0.012238702568571689,absolute,SYNTHETIC: seeded teaching dataset; not observed market data,2026-09-01T00:00:00+00:00
2025-07-14,CAD_2,0.011804003678449247,absolute,SYNTHETIC: seeded teaching dataset; not observed market data,2026-09-01T00:00:00+00:00
2025-07-15,CAD_2,0.011147855130317732,absolute,SYNTHETIC: seeded teaching dataset; not observed market data,2026-09-01T00:00:00+00:00
2025-07-16,CAD_2,0.010090269909848728,absolute,SYNTHETIC: seeded teaching dataset; not observed market data,2026-09-01T00:00:00+00:00
2025-07-17,CAD_2,0.010339142774504073,absolute,SYNTHETIC: seeded teaching dataset; not observed market data,2026-09-01T00:00:00+00:00
2025-07-18,CAD_2,0.01020925834058597,absolute,SYNTHETIC: seeded teaching dataset; not observed market data,2026-09-01T00:00:00+00:00
2025-07-21,CAD_2,0.010911493579875782,absolute,SYNTHETIC: seeded teaching dataset; not observed market data,2026-09-01T00:00:00+00:00
2025-07-22,CAD_2,0.010784599820049564,absolute,SYNTHETIC: seeded teaching dataset; not observed market data,2026-09-01T00:00:00+00:00
2025-07-23,CAD_2,0.010455469939557363,absolute,SYNTHETIC: seeded teaching dataset; not observed market data,2026-09-01T00:00:00+00:00
2025-07-24,CAD_2,0.010925479978594164,absolute,SYNTHETIC: seeded teaching dataset; not observed market data,2026-09-01T00:00:00+00:00
2025-07-25,CAD_2,0.01059506983098755,absolute,SYNTHETIC: seeded teaching dataset; not observed market data,2026-09-01T00:00:00+00:00
2025-07-28,CAD_2,0.010459741194872396,absolute,SYNTHETIC: seeded teaching dataset; not observed market data,2026-09-01T00:00:00+00:00
2025-07-29,CAD_2,0.010307631824770415,absolute,SYNTHETIC: seeded teaching dataset; not observed market data,2026-09-01T00:00:00+00:00
2025-07-30,CAD_2,0.01069350870697818,absolute,SYNTHETIC: seeded teaching dataset; not observed market data,2026-09-01T00:00:00+00:00
2025-07-31,CAD_2,0.01077690504117428,absolute,SYNTHETIC: seeded teaching dataset; not observed market data,2026-09-01T00:00:00+00:00
2025-08-01,CAD_2,0.010923356744051335,absolute,SYNTHETIC: seeded teaching dataset; not observed market data,2026-09-01T00:00:00+00:00
2025-08-04,CAD_2,0.011060001740476973,absolute,SYNTHETIC: seeded teaching dataset; not observed market data,2026-09-01T00:00:00+00:00
2025-08-05,CAD_2,0.01075858469253113,absolute,SYNTHETIC: seeded teaching dataset; not observed market data,2026-09-01T00:00:00+00:00
2025-08-06,CAD_2,0.010577147197021039,absolute,SYNTHETIC: seeded teaching dataset; not observed market data,2026-09-01T00:00:00+00:00
2025-08-07,CAD_2,0.010847118374893569,absolute,SYNTHETIC: seeded teaching dataset; not observed market data,2026-09-01T00:00:00+00:00
2025-08-08,CAD_2,0.011032689159321452,absolute,SYNTHETIC: seeded teaching dataset; not observed market data,2026-09-01T00:00:00+00:00
2025-08-11,CAD_2,0.01171968888837002,absolute,SYNTHETIC: seeded teaching dataset; not observed market data,2026-09-01T00:00:00+00:00
2025-08-12,CAD_2,0.011762435398648125,absolute,SYNTHETIC: seeded teaching dataset; not observed market data,2026-09-01T00:00:00+00:00
2025-08-13,CAD_2,0.012067390926821782,absolute,SYNTHETIC: seeded teaching dataset; not observed market data,2026-09-01T00:00:00+00:00
2025-08-14,CAD_2,0.012245622175528789,absolute,SYNTHETIC: seeded teaching dataset; not observed market data,2026-09-01T00:00:00+00:00
2025-08-15,CAD_2,0.012285725736676368,absolute,SYNTHETIC: seeded teaching dataset; not observed market data,2026-09-01T00:00:00+00:00
2025-08-18,CAD_2,0.012353439203841758,absolute,SYNTHETIC: seeded teaching dataset; not observed market data,2026-09-01T00:00:00+00:00
2025-08-19,CAD_2,0.012432315977418803,absolute,SYNTHETIC: seeded teaching dataset; not observed market data,2026-09-01T00:00:00+00:00
2025-08-20,CAD_2,0.012348115594100642,absolute,SYNTHETIC: seeded teaching dataset; not observed market data,2026-09-01T00:00:00+00:00
2025-08-21,CAD_2,0.011836253050055921,absolute,SYNTHETIC: seeded teaching dataset; not observed market data,2026-09-01T00:00:00+00:00
2025-08-22,CAD_2,0.012183128674844784,absolute,SYNTHETIC: seeded teaching dataset; not observed market data,2026-09-01T00:00:00+00:00
2025-08-25,CAD_2,0.011217922800170197,absolute,SYNTHETIC: seeded teaching dataset; not observed market data,2026-09-01T00:00:00+00:00
2025-08-26,CAD_2,0.011492964069759267,absolute,SYNTHETIC: seeded teaching dataset; not observed market data,2026-09-01T00:00:00+00:00
2025-08-27,CAD_2,0.012103968338116533,absolute,SYNTHETIC: seeded teaching dataset; not observed market data,2026-09-01T00:00:00+00:00
2025-08-28,CAD_2,0.012547644802171293,absolute,SYNTHETIC: seeded teaching dataset; not observed market data,2026-09-01T00:00:00+00:00
2025-08-29,CAD_2,0.012238175628044209,absolute,SYNTHETIC: seeded teaching dataset; not observed market data,2026-09-01T00:00:00+00:00
2025-09-01,CAD_2,0.01367693420540435,absolute,SYNTHETIC: seeded teaching dataset; not observed market data,2026-09-01T00:00:00+00:00
2025-09-02,CAD_2,0.01361509544002922,absolute,SYNTHETIC: seeded teaching dataset; not observed market data,2026-09-01T00:00:00+00:00
2025-09-03,CAD_2,0.014426288656793336,absolute,SYNTHETIC: seeded teaching dataset; not observed market data,2026-09-01T00:00:00+00:00
2025-09-04,CAD_2,0.014646400072814246,absolute,SYNTHETIC: seeded teaching dataset; not observed market data,2026-09-01T00:00:00+00:00
2025-09-05,CAD_2,0.014428555236781238,absolute,SYNTHETIC: seeded teaching dataset; not observed market data,2026-09-01T00:00:00+00:00
2025-09-08,CAD_2,0.014628856236371493,absolute,SYNTHETIC: seeded teaching dataset; not observed market data,2026-09-01T00:00:00+00:00
2025-09-09,CAD_2,0.015057732415384174,absolute,SYNTHETIC: seeded teaching dataset; not observed market data,2026-09-01T00:00:00+00:00
2025-09-10,CAD_2,0.014617934306795389,absolute,SYNTHETIC: seeded teaching dataset; not observed market data,2026-09-01T00:00:00+00:00
2025-09-11,CAD_2,0.015204087051148516,absolute,SYNTHETIC: seeded teaching dataset; not observed market data,2026-09-01T00:00:00+00:00
2025-09-12,CAD_2,0.014878028523454772,absolute,SYNTHETIC: seeded teaching dataset; not observed market data,2026-09-01T00:00:00+00:00
2025-09-15,CAD_2,0.014669948906040448,absolute,SYNTHETIC: seeded teaching dataset; not observed market data,2026-09-01T00:00:00+00:00
2025-09-16,CAD_2,0.015035156662077559,absolute,SYNTHETIC: seeded teaching dataset; not observed market data,2026-09-01T00:00:00+00:00
2025-09-17,CAD_2,0.014926019244280135,absolute,SYNTHETIC: seeded teaching dataset; not observed market data,2026-09-01T00:00:00+00:00
2025-09-18,CAD_2,0.015312498196015519,absolute,SYNTHETIC: seeded teaching dataset; not observed market data,2026-09-01T00:00:00+00:00
2025-09-19,CAD_2,0.014810188093014568,absolute,SYNTHETIC: seeded teaching dataset; not observed market data,2026-09-01T00:00:00+00:00
2025-09-22,CAD_2,0.014019970901397899,absolute,SYNTHETIC: seeded teaching dataset; not observed market data,2026-09-01T00:00:00+00:00
2025-09-23,CAD_2,0.014606675371919798,absolute,SYNTHETIC: seeded teaching dataset; not observed market data,2026-09-01T00:00:00+00:00
2025-09-24,CAD_2,0.014822325761005522,absolute,SYNTHETIC: seeded teaching dataset; not observed market data,2026-09-01T00:00:00+00:00
2025-09-25,CAD_2,0.014997788585619237,absolute,SYNTHETIC: seeded teaching dataset; not observed market data,2026-09-01T00:00:00+00:00
2025-09-26,CAD_2,0.01496044347256978,absolute,SYNTHETIC: seeded teaching dataset; not observed market data,2026-09-01T00:00:00+00:00
2025-09-29,CAD_2,0.015134359877753507,absolute,SYNTHETIC: seeded teaching dataset; not observed market data,2026-09-01T00:00:00+00:00
2025-09-30,CAD_2,0.015179845150389915,absolute,SYNTHETIC: seeded teaching dataset; not observed market data,2026-09-01T00:00:00+00:00
2025-10-01,CAD_2,0.015467260197976838,absolute,SYNTHETIC: seeded teaching dataset; not observed market data,2026-09-01T00:00:00+00:00
2025-10-02,CAD_2,0.016797579319064657,absolute,SYNTHETIC: seeded teaching dataset; not observed market data,2026-09-01T00:00:00+00:00
2025-10-03,CAD_2,0.017326547454037715,absolute,SYNTHETIC: seeded teaching dataset; not observed market data,2026-09-01T00:00:00+00:00
2025-10-06,CAD_2,0.017231233786946333,absolute,SYNTHETIC: seeded teaching dataset; not observed market data,2026-09-01T00:00:00+00:00
2025-10-07,CAD_2,0.01747919394890405,absolute,SYNTHETIC: seeded teaching dataset; not observed market data,2026-09-01T00:00:00+00:00
2025-10-08,CAD_2,0.017704073011101627,absolute,SYNTHETIC: seeded teaching dataset; not observed market data,2026-09-01T00:00:00+00:00
2025-10-09,CAD_2,0.017979168704092406,absolute,SYNTHETIC: seeded teaching dataset; not observed market data,2026-09-01T00:00:00+00:00
2025-10-10,CAD_2,0.01835902394669449,absolute,SYNTHETIC: seeded teaching dataset; not observed market data,2026-09-01T00:00:00+00:00
2025-10-13,CAD_2,0.01785895461524844,absolute,SYNTHETIC: seeded teaching dataset; not observed market data,2026-09-01T00:00:00+00:00
2025-10-14,CAD_2,0.01801440195371439,absolute,SYNTHETIC: seeded teaching dataset; not observed market data,2026-09-01T00:00:00+00:00
2025-10-15,CAD_2,0.018258068397873882,absolute,SYNTHETIC: seeded teaching dataset; not observed market data,2026-09-01T00:00:00+00:00
2025-10-16,CAD_2,0.018635088387641385,absolute,SYNTHETIC: seeded teaching dataset; not observed market data,2026-09-01T00:00:00+00:00
2025-10-17,CAD_2,0.018538674093763113,absolute,SYNTHETIC: seeded teaching dataset; not observed market data,2026-09-01T00:00:00+00:00
2025-10-20,CAD_2,0.018639577956613564,absolute,SYNTHETIC: seeded teaching dataset; not observed market data,2026-09-01T00:00:00+00:00
2025-10-21,CAD_2,0.01882515165545219,absolute,SYNTHETIC: seeded teaching dataset; not observed market data,2026-09-01T00:00:00+00:00
2025-10-22,CAD_2,0.018652818969161586,absolute,SYNTHETIC: seeded teaching dataset; not observed market data,2026-09-01T00:00:00+00:00
2025-10-23,CAD_2,0.01853641920740276,absolute,SYNTHETIC: seeded teaching dataset; not observed market data,2026-09-01T00:00:00+00:00
2025-10-24,CAD_2,0.018435192320271243,absolute,SYNTHETIC: seeded teaching dataset; not observed market data,2026-09-01T00:00:00+00:00
2025-10-27,CAD_2,0.018028754821630397,absolute,SYNTHETIC: seeded teaching dataset; not observed market data,2026-09-01T00:00:00+00:00
2025-10-28,CAD_2,0.0176303614437718,absolute,SYNTHETIC: seeded teaching dataset; not observed market data,2026-09-01T00:00:00+00:00
2025-10-29,CAD_2,0.01750422370045683,absolute,SYNTHETIC: seeded teaching dataset; not observed market data,2026-09-01T00:00:00+00:00
2025-10-30,CAD_2,0.017428298786293324,absolute,SYNTHETIC: seeded teaching dataset; not observed market data,2026-09-01T00:00:00+00:00
2025-10-31,CAD_2,0.017397328230064506,absolute,SYNTHETIC: seeded teaching dataset; not observed market data,2026-09-01T00:00:00+00:00
2025-11-03,CAD_2,0.016594854608314176,absolute,SYNTHETIC: seeded teaching dataset; not observed market data,2026-09-01T00:00:00+00:00
2025-11-04,CAD_2,0.016038682078148216,absolute,SYNTHETIC: seeded teaching dataset; not observed market data,2026-09-01T00:00:00+00:00
2025-11-05,CAD_2,0.016538175973018404,absolute,SYNTHETIC: seeded teaching dataset; not observed market data,2026-09-01T00:00:00+00:00
2025-11-06,CAD_2,0.016500467352373795,absolute,SYNTHETIC: seeded teaching dataset; not observed market data,2026-09-01T00:00:00+00:00
2025-11-07,CAD_2,0.016064100995186688,absolute,SYNTHETIC: seeded teaching dataset; not observed market data,2026-09-01T00:00:00+00:00
2025-11-10,CAD_2,0.015580528099293037,absolute,SYNTHETIC: seeded teaching dataset; not observed market data,2026-09-01T00:00:00+00:00
2025-11-11,CAD_2,0.015510856947515963,absolute,SYNTHETIC: seeded teaching dataset; not observed market data,2026-09-01T00:00:00+00:00
2025-11-12,CAD_2,0.015969700959540575,absolute,SYNTHETIC: seeded teaching dataset; not observed market data,2026-09-01T00:00:00+00:00
2025-11-13,CAD_2,0.01499833901026052,absolute,SYNTHETIC: seeded teaching dataset; not observed market data,2026-09-01T00:00:00+00:00
2025-11-14,CAD_2,0.01591690254319477,absolute,SYNTHETIC: seeded teaching dataset; not observed market data,2026-09-01T00:00:00+00:00
2025-11-17,CAD_2,0.0159627563392098,absolute,SYNTHETIC: seeded teaching dataset; not observed market data,2026-09-01T00:00:00+00:00
2025-11-18,CAD_2,0.015615160458879227,absolute,SYNTHETIC: seeded teaching dataset; not observed market data,2026-09-01T00:00:00+00:00
2025-11-19,CAD_2,0.01563359575275655,absolute,SYNTHETIC: seeded teaching dataset; not observed market data,2026-09-01T00:00:00+00:00
2025-11-20,CAD_2,0.015944673926186696,absolute,SYNTHETIC: seeded teaching dataset; not observed market data,2026-09-01T00:00:00+00:00
2025-11-21,CAD_2,0.015261356139183847,absolute,SYNTHETIC: seeded teaching dataset; not observed market data,2026-09-01T00:00:00+00:00
2025-11-24,CAD_2,0.013964411479573334,absolute,SYNTHETIC: seeded teaching dataset; not observed market data,2026-09-01T00:00:00+00:00
2025-11-25,CAD_2,0.01314012825742225,absolute,SYNTHETIC: seeded teaching dataset; not observed market data,2026-09-01T00:00:00+00:00
2025-11-26,CAD_2,0.012630027555776841,absolute,SYNTHETIC: seeded teaching dataset; not observed market data,2026-09-01T00:00:00+00:00
2025-11-27,CAD_2,0.013167366174949189,absolute,SYNTHETIC: seeded teaching dataset; not observed market data,2026-09-01T00:00:00+00:00
2025-11-28,CAD_2,0.012813170492403885,absolute,SYNTHETIC: seeded teaching dataset; not observed market data,2026-09-01T00:00:00+00:00
2025-12-01,CAD_2,0.012525910759534539,absolute,SYNTHETIC: seeded teaching dataset; not observed market data,2026-09-01T00:00:00+00:00
2025-12-02,CAD_2,0.012223229151734785,absolute,SYNTHETIC: seeded teaching dataset; not observed market data,2026-09-01T00:00:00+00:00
2025-12-03,CAD_2,0.01322042903468655,absolute,SYNTHETIC: seeded teaching dataset; not observed market data,2026-09-01T00:00:00+00:00
2025-12-04,CAD_2,0.01195957923210293,absolute,SYNTHETIC: seeded teaching dataset; not observed market data,2026-09-01T00:00:00+00:00
2025-12-05,CAD_2,0.012085140484478207,absolute,SYNTHETIC: seeded teaching dataset; not observed market data,2026-09-01T00:00:00+00:00
2025-12-08,CAD_2,0.012916103757594137,absolute,SYNTHETIC: seeded teaching dataset; not observed market data,2026-09-01T00:00:00+00:00
2025-12-09,CAD_2,0.013175547503278982,absolute,SYNTHETIC: seeded teaching dataset; not observed market data,2026-09-01T00:00:00+00:00
2025-12-10,CAD_2,0.013134677027042818,absolute,SYNTHETIC: seeded teaching dataset; not observed market data,2026-09-01T00:00:00+00:00
2025-12-11,CAD_2,0.013219358266526303,absolute,SYNTHETIC: seeded teaching dataset; not observed market data,2026-09-01T00:00:00+00:00
2025-12-12,CAD_2,0.013445538791441959,absolute,SYNTHETIC: seeded teaching dataset; not observed market data,2026-09-01T00:00:00+00:00
2025-12-15,CAD_2,0.013908028169680424,absolute,SYNTHETIC: seeded teaching dataset; not observed market data,2026-09-01T00:00:00+00:00
2025-12-16,CAD_2,0.013672096516550143,absolute,SYNTHETIC: seeded teaching dataset; not observed market data,2026-09-01T00:00:00+00:00
2025-12-17,CAD_2,0.013276505304059686,absolute,SYNTHETIC: seeded teaching dataset; not observed market data,2026-09-01T00:00:00+00:00
2025-12-18,CAD_2,0.01403125239017764,absolute,SYNTHETIC: seeded teaching dataset; not observed market data,2026-09-01T00:00:00+00:00
2025-12-19,CAD_2,0.014701931613958703,absolute,SYNTHETIC: seeded teaching dataset; not observed market data,2026-09-01T00:00:00+00:00
2025-12-22,CAD_2,0.0154598191061077,absolute,SYNTHETIC: seeded teaching dataset; not observed market data,2026-09-01T00:00:00+00:00
2025-12-23,CAD_2,0.015065478222009663,absolute,SYNTHETIC: seeded teaching dataset; not observed market data,2026-09-01T00:00:00+00:00
2025-12-24,CAD_2,0.014957848586156541,absolute,SYNTHETIC: seeded teaching dataset; not observed market data,2026-09-01T00:00:00+00:00
2025-12-25,CAD_2,0.015243037408367232,absolute,SYNTHETIC: seeded teaching dataset; not observed market data,2026-09-01T00:00:00+00:00
2025-12-26,CAD_2,0.015352691532732271,absolute,SYNTHETIC: seeded teaching dataset; not observed market data,2026-09-01T00:00:00+00:00
2025-12-29,CAD_2,0.015077595257681231,absolute,SYNTHETIC: seeded teaching dataset; not observed market data,2026-09-01T00:00:00+00:00
2025-12-30,CAD_2,0.01549680378980279,absolute,SYNTHETIC: seeded teaching dataset; not observed market data,2026-09-01T00:00:00+00:00
2025-12-31,CAD_2,0.015400756989384106,absolute,SYNTHETIC: seeded teaching dataset; not observed market data,2026-09-01T00:00:00+00:00
2026-01-01,CAD_2,0.015542420966961798,absolute,SYNTHETIC: seeded teaching dataset; not observed market data,2026-09-01T00:00:00+00:00
2026-01-02,CAD_2,0.015904961654213463,absolute,SYNTHETIC: seeded teaching dataset; not observed market data,2026-09-01T00:00:00+00:00
2026-01-05,CAD_2,0.01702798961388994,absolute,SYNTHETIC: seeded teaching dataset; not observed market data,2026-09-01T00:00:00+00:00
2026-01-06,CAD_2,0.016198324142315174,absolute,SYNTHETIC: seeded teaching dataset; not observed market data,2026-09-01T00:00:00+00:00
2026-01-07,CAD_2,0.016575921383339506,absolute,SYNTHETIC: seeded teaching dataset; not observed market data,2026-09-01T00:00:00+00:00
2026-01-08,CAD_2,0.016550517781083476,absolute,SYNTHETIC: seeded teaching dataset; not observed market data,2026-09-01T00:00:00+00:00
2026-01-09,CAD_2,0.016670623068221584,absolute,SYNTHETIC: seeded teaching dataset; not observed market data,2026-09-01T00:00:00+00:00
2026-01-12,CAD_2,0.017596311701060484,absolute,SYNTHETIC: seeded teaching dataset; not observed market data,2026-09-01T00:00:00+00:00
2026-01-13,CAD_2,0.017307458087812984,absolute,SYNTHETIC: seeded teaching dataset; not observed market data,2026-09-01T00:00:00+00:00
2026-01-14,CAD_2,0.017264378755550494,absolute,SYNTHETIC: seeded teaching dataset; not observed market data,2026-09-01T00:00:00+00:00
2026-01-15,CAD_2,0.017384923883544068,absolute,SYNTHETIC: seeded teaching dataset; not observed market data,2026-09-01T00:00:00+00:00
2026-01-16,CAD_2,0.016243977677169542,absolute,SYNTHETIC: seeded teaching dataset; not observed market data,2026-09-01T00:00:00+00:00
2026-01-19,CAD_2,0.016202536067616437,absolute,SYNTHETIC: seeded teaching dataset; not observed market data,2026-09-01T00:00:00+00:00
2026-01-20,CAD_2,0.016666312772077606,absolute,SYNTHETIC: seeded teaching dataset; not observed market data,2026-09-01T00:00:00+00:00
2026-01-21,CAD_2,0.01697209666756709,absolute,SYNTHETIC: seeded teaching dataset; not observed market data,2026-09-01T00:00:00+00:00
2026-01-22,CAD_2,0.016788701543847734,absolute,SYNTHETIC: seeded teaching dataset; not observed market data,2026-09-01T00:00:00+00:00
2026-01-23,CAD_2,0.017556880971569454,absolute,SYNTHETIC: seeded teaching dataset; not observed market data,2026-09-01T00:00:00+00:00
2026-01-26,CAD_2,0.017514805192986566,absolute,SYNTHETIC: seeded teaching dataset; not observed market data,2026-09-01T00:00:00+00:00
2026-01-27,CAD_2,0.016917989563833648,absolute,SYNTHETIC: seeded teaching dataset; not observed market data,2026-09-01T00:00:00+00:00
2026-01-28,CAD_2,0.017331600681530793,absolute,SYNTHETIC: seeded teaching dataset; not observed market data,2026-09-01T00:00:00+00:00
2026-01-29,CAD_2,0.017319058188207608,absolute,SYNTHETIC: seeded teaching dataset; not observed market data,2026-09-01T00:00:00+00:00
2026-01-30,CAD_2,0.01764538701494607,absolute,SYNTHETIC: seeded teaching dataset; not observed market data,2026-09-01T00:00:00+00:00
2026-02-02,CAD_2,0.017537595916814995,absolute,SYNTHETIC: seeded teaching dataset; not observed market data,2026-09-01T00:00:00+00:00
2026-02-03,CAD_2,0.01698648798276086,absolute,SYNTHETIC: seeded teaching dataset; not observed market data,2026-09-01T00:00:00+00:00
2026-02-04,CAD_2,0.016973093855716076,absolute,SYNTHETIC: seeded teaching dataset; not observed market data,2026-09-01T00:00:00+00:00
2026-02-05,CAD_2,0.016947344731511084,absolute,SYNTHETIC: seeded teaching dataset; not observed market data,2026-09-01T00:00:00+00:00
2026-02-06,CAD_2,0.016553259645795383,absolute,SYNTHETIC: seeded teaching dataset; not observed market data,2026-09-01T00:00:00+00:00
2026-02-09,CAD_2,0.016713087770017745,absolute,SYNTHETIC: seeded teaching dataset; not observed market data,2026-09-01T00:00:00+00:00
2026-02-10,CAD_2,0.016405560188964816,absolute,SYNTHETIC: seeded teaching dataset; not observed market data,2026-09-01T00:00:00+00:00
2026-02-11,CAD_2,0.015626903525742294,absolute,SYNTHETIC: seeded teaching dataset; not observed market data,2026-09-01T00:00:00+00:00
2026-02-12,CAD_2,0.01637877615104477,absolute,SYNTHETIC: seeded teaching dataset; not observed market data,2026-09-01T00:00:00+00:00
2026-02-13,CAD_2,0.017035549111110757,absolute,SYNTHETIC: seeded teaching dataset; not observed market data,2026-09-01T00:00:00+00:00
2026-02-16,CAD_2,0.017008617040610158,absolute,SYNTHETIC: seeded teaching dataset; not observed market data,2026-09-01T00:00:00+00:00
2026-02-17,CAD_2,0.017587076313728224,absolute,SYNTHETIC: seeded teaching dataset; not observed market data,2026-09-01T00:00:00+00:00
2026-02-18,CAD_2,0.017255047044222226,absolute,SYNTHETIC: seeded teaching dataset; not observed market data,2026-09-01T00:00:00+00:00
2026-02-19,CAD_2,0.016951321101109675,absolute,SYNTHETIC: seeded teaching dataset; not observed market data,2026-09-01T00:00:00+00:00
2026-02-20,CAD_2,0.017610924962872372,absolute,SYNTHETIC: seeded teaching dataset; not observed market data,2026-09-01T00:00:00+00:00
2026-02-23,CAD_2,0.01716043730535019,absolute,SYNTHETIC: seeded teaching dataset; not observed market data,2026-09-01T00:00:00+00:00
2026-02-24,CAD_2,0.017580646392414627,absolute,SYNTHETIC: seeded teaching dataset; not observed market data,2026-09-01T00:00:00+00:00
2026-02-25,CAD_2,0.016846289149048267,absolute,SYNTHETIC: seeded teaching dataset; not observed market data,2026-09-01T00:00:00+00:00
2026-02-26,CAD_2,0.016814096976622214,absolute,SYNTHETIC: seeded teaching dataset; not observed market data,2026-09-01T00:00:00+00:00
2026-02-27,CAD_2,0.016633097527415264,absolute,SYNTHETIC: seeded teaching dataset; not observed market data,2026-09-01T00:00:00+00:00
2026-03-02,CAD_2,0.0172226485887736,absolute,SYNTHETIC: seeded teaching dataset; not observed market data,2026-09-01T00:00:00+00:00
2026-03-03,CAD_2,0.01746963421120818,absolute,SYNTHETIC: seeded teaching dataset; not observed market data,2026-09-01T00:00:00+00:00
2026-03-04,CAD_2,0.017117497286218003,absolute,SYNTHETIC: seeded teaching dataset; not observed market data,2026-09-01T00:00:00+00:00
2026-03-05,CAD_2,0.01741479097871678,absolute,SYNTHETIC: seeded teaching dataset; not observed market data,2026-09-01T00:00:00+00:00
2026-03-06,CAD_2,0.01740560094078661,absolute,SYNTHETIC: seeded teaching dataset; not observed market data,2026-09-01T00:00:00+00:00
2026-03-09,CAD_2,0.017942764619540044,absolute,SYNTHETIC: seeded teaching dataset; not observed market data,2026-09-01T00:00:00+00:00
2026-03-10,CAD_2,0.017975954891503963,absolute,SYNTHETIC: seeded teaching dataset; not observed market data,2026-09-01T00:00:00+00:00
2026-03-11,CAD_2,0.018251629442943916,absolute,SYNTHETIC: seeded teaching dataset; not observed market data,2026-09-01T00:00:00+00:00
2026-03-12,CAD_2,0.01860459641051279,absolute,SYNTHETIC: seeded teaching dataset; not observed market data,2026-09-01T00:00:00+00:00
2026-03-13,CAD_2,0.019148386697669467,absolute,SYNTHETIC: seeded teaching dataset; not observed market data,2026-09-01T00:00:00+00:00
2026-03-16,CAD_2,0.018919797642645286,absolute,SYNTHETIC: seeded teaching dataset; not observed market data,2026-09-01T00:00:00+00:00
2026-03-17,CAD_2,0.01806727481609073,absolute,SYNTHETIC: seeded teaching dataset; not observed market data,2026-09-01T00:00:00+00:00
2026-03-18,CAD_2,0.017829360282140286,absolute,SYNTHETIC: seeded teaching dataset; not observed market data,2026-09-01T00:00:00+00:00
2026-03-19,CAD_2,0.01818369329734449,absolute,SYNTHETIC: seeded teaching dataset; not observed market data,2026-09-01T00:00:00+00:00
2026-03-20,CAD_2,0.019135581872962437,absolute,SYNTHETIC: seeded teaching dataset; not observed market data,2026-09-01T00:00:00+00:00
2026-03-23,CAD_2,0.019258626277294792,absolute,SYNTHETIC: seeded teaching dataset; not observed market data,2026-09-01T00:00:00+00:00
2026-03-24,CAD_2,0.020162553500509543,absolute,SYNTHETIC: seeded teaching dataset; not observed market data,2026-09-01T00:00:00+00:00
2026-03-25,CAD_2,0.020791490051097136,absolute,SYNTHETIC: seeded teaching dataset; not observed market data,2026-09-01T00:00:00+00:00
2026-03-26,CAD_2,0.020630331986474355,absolute,SYNTHETIC: seeded teaching dataset; not observed market data,2026-09-01T00:00:00+00:00
2026-03-27,CAD_2,0.020137966368220225,absolute,SYNTHETIC: seeded teaching dataset; not observed market data,2026-09-01T00:00:00+00:00
2026-03-30,CAD_2,0.02030208227577511,absolute,SYNTHETIC: seeded teaching dataset; not observed market data,2026-09-01T00:00:00+00:00
2026-03-31,CAD_2,0.020595597796246375,absolute,SYNTHETIC: seeded teaching dataset; not observed market data,2026-09-01T00:00:00+00:00
2026-04-01,CAD_2,0.02110582682075785,absolute,SYNTHETIC: seeded teaching dataset; not observed market data,2026-09-01T00:00:00+00:00
2026-04-02,CAD_2,0.020723571152963007,absolute,SYNTHETIC: seeded teaching dataset; not observed market data,2026-09-01T00:00:00+00:00
2026-04-03,CAD_2,0.021043632685821878,absolute,SYNTHETIC: seeded teaching dataset; not observed market data,2026-09-01T00:00:00+00:00
2026-04-06,CAD_2,0.02174182801849965,absolute,SYNTHETIC: seeded teaching dataset; not observed market data,2026-09-01T00:00:00+00:00
2026-04-07,CAD_2,0.02139700798083083,absolute,SYNTHETIC: seeded teaching dataset; not observed market data,2026-09-01T00:00:00+00:00
2026-04-08,CAD_2,0.021926275960194322,absolute,SYNTHETIC: seeded teaching dataset; not observed market data,2026-09-01T00:00:00+00:00
2026-04-09,CAD_2,0.022033758287357624,absolute,SYNTHETIC: seeded teaching dataset; not observed market data,2026-09-01T00:00:00+00:00
2026-04-10,CAD_2,0.021979636935599726,absolute,SYNTHETIC: seeded teaching dataset; not observed market data,2026-09-01T00:00:00+00:00
2026-04-13,CAD_2,0.022906130360917612,absolute,SYNTHETIC: seeded teaching dataset; not observed market data,2026-09-01T00:00:00+00:00
2026-04-14,CAD_2,0.02276409202114947,absolute,SYNTHETIC: seeded teaching dataset; not observed market data,2026-09-01T00:00:00+00:00
2026-04-15,CAD_2,0.02251001714911844,absolute,SYNTHETIC: seeded teaching dataset; not observed market data,2026-09-01T00:00:00+00:00
2026-04-16,CAD_2,0.022573442583206794,absolute,SYNTHETIC: seeded teaching dataset; not observed market data,2026-09-01T00:00:00+00:00
2026-04-17,CAD_2,0.02304679364287293,absolute,SYNTHETIC: seeded teaching dataset; not observed market data,2026-09-01T00:00:00+00:00
2026-04-20,CAD_2,0.02341163129288585,absolute,SYNTHETIC: seeded teaching dataset; not observed market data,2026-09-01T00:00:00+00:00
2026-04-21,CAD_2,0.02321951703048057,absolute,SYNTHETIC: seeded teaching dataset; not observed market data,2026-09-01T00:00:00+00:00
2026-04-22,CAD_2,0.02413682220261172,absolute,SYNTHETIC: seeded teaching dataset; not observed market data,2026-09-01T00:00:00+00:00
2026-04-23,CAD_2,0.024720402841555994,absolute,SYNTHETIC: seeded teaching dataset; not observed market data,2026-09-01T00:00:00+00:00
2026-04-24,CAD_2,0.025033399543496114,absolute,SYNTHETIC: seeded teaching dataset; not observed market data,2026-09-01T00:00:00+00:00
2026-04-27,CAD_2,0.025461513041534024,absolute,SYNTHETIC: seeded teaching dataset; not observed market data,2026-09-01T00:00:00+00:00
2026-04-28,CAD_2,0.025794116580131143,absolute,SYNTHETIC: seeded teaching dataset; not observed market data,2026-09-01T00:00:00+00:00
2026-04-29,CAD_2,0.0256968725218766,absolute,SYNTHETIC: seeded teaching dataset; not observed market data,2026-09-01T00:00:00+00:00
2026-04-30,CAD_2,0.026190514431520283,absolute,SYNTHETIC: seeded teaching dataset; not observed market data,2026-09-01T00:00:00+00:00
2026-05-01,CAD_2,0.0264444309890315,absolute,SYNTHETIC: seeded teaching dataset; not observed market data,2026-09-01T00:00:00+00:00
2026-05-04,CAD_2,0.026446769482996346,absolute,SYNTHETIC: seeded teaching dataset; not observed market data,2026-09-01T00:00:00+00:00
2026-05-05,CAD_2,0.02633429346694042,absolute,SYNTHETIC: seeded teaching dataset; not observed market data,2026-09-01T00:00:00+00:00
2026-05-06,CAD_2,0.025760693887953497,absolute,SYNTHETIC: seeded teaching dataset; not observed market data,2026-09-01T00:00:00+00:00
2026-05-07,CAD_2,0.026348570154685565,absolute,SYNTHETIC: seeded teaching dataset; not observed market data,2026-09-01T00:00:00+00:00
2026-05-08,CAD_2,0.02669437375271074,absolute,SYNTHETIC: seeded teaching dataset; not observed market data,2026-09-01T00:00:00+00:00
2026-05-11,CAD_2,0.027298948460907115,absolute,SYNTHETIC: seeded teaching dataset; not observed market data,2026-09-01T00:00:00+00:00
2026-05-12,CAD_2,0.027630658024923697,absolute,SYNTHETIC: seeded teaching dataset; not observed market data,2026-09-01T00:00:00+00:00
2026-05-13,CAD_2,0.026760943644023746,absolute,SYNTHETIC: seeded teaching dataset; not observed market data,2026-09-01T00:00:00+00:00
2026-05-14,CAD_2,0.0268092318655654,absolute,SYNTHETIC: seeded teaching dataset; not observed market data,2026-09-01T00:00:00+00:00
2026-05-15,CAD_2,0.02585794192983823,absolute,SYNTHETIC: seeded teaching dataset; not observed market data,2026-09-01T00:00:00+00:00
2026-05-18,CAD_2,0.026372595263946322,absolute,SYNTHETIC: seeded teaching dataset; not observed market data,2026-09-01T00:00:00+00:00
2026-05-19,CAD_2,0.02645405741218495,absolute,SYNTHETIC: seeded teaching dataset; not observed market data,2026-09-01T00:00:00+00:00
2026-05-20,CAD_2,0.026611670624465213,absolute,SYNTHETIC: seeded teaching dataset; not observed market data,2026-09-01T00:00:00+00:00
2026-05-21,CAD_2,0.02662809392484021,absolute,SYNTHETIC: seeded teaching dataset; not observed market data,2026-09-01T00:00:00+00:00
2026-05-22,CAD_2,0.026659659546506315,absolute,SYNTHETIC: seeded teaching dataset; not observed market data,2026-09-01T00:00:00+00:00
2026-05-25,CAD_2,0.02728364809559141,absolute,SYNTHETIC: seeded teaching dataset; not observed market data,2026-09-01T00:00:00+00:00
2026-05-26,CAD_2,0.02827829951799391,absolute,SYNTHETIC: seeded teaching dataset; not observed market data,2026-09-01T00:00:00+00:00
2026-05-27,CAD_2,0.02794287142042881,absolute,SYNTHETIC: seeded teaching dataset; not observed market data,2026-09-01T00:00:00+00:00
2026-05-28,CAD_2,0.028639618642710654,absolute,SYNTHETIC: seeded teaching dataset; not observed market data,2026-09-01T00:00:00+00:00
2026-05-29,CAD_2,0.028728561690815425,absolute,SYNTHETIC: seeded teaching dataset; not observed market data,2026-09-01T00:00:00+00:00
2026-06-01,CAD_2,0.028805763712810295,absolute,SYNTHETIC: seeded teaching dataset; not observed market data,2026-09-01T00:00:00+00:00
2026-06-02,CAD_2,0.02876221379662256,absolute,SYNTHETIC: seeded teaching dataset; not observed market data,2026-09-01T00:00:00+00:00
2026-06-03,CAD_2,0.029111822755737253,absolute,SYNTHETIC: seeded teaching dataset; not observed market data,2026-09-01T00:00:00+00:00
2026-06-04,CAD_2,0.030344343526422984,absolute,SYNTHETIC: seeded teaching dataset; not observed market data,2026-09-01T00:00:00+00:00
2026-06-05,CAD_2,0.030362377813605873,absolute,SYNTHETIC: seeded teaching dataset; not observed market data,2026-09-01T00:00:00+00:00
2026-06-08,CAD_2,0.029771591240096873,absolute,SYNTHETIC: seeded teaching dataset; not observed market data,2026-09-01T00:00:00+00:00
2026-06-09,CAD_2,0.030117825139057114,absolute,SYNTHETIC: seeded teaching dataset; not observed market data,2026-09-01T00:00:00+00:00
2026-06-10,CAD_2,0.02969451578450269,absolute,SYNTHETIC: seeded teaching dataset; not observed market data,2026-09-01T00:00:00+00:00
2026-06-11,CAD_2,0.029899950815284737,absolute,SYNTHETIC: seeded teaching dataset; not observed market data,2026-09-01T00:00:00+00:00
2026-06-12,CAD_2,0.029896818236195805,absolute,SYNTHETIC: seeded teaching dataset; not observed market data,2026-09-01T00:00:00+00:00
2026-06-15,CAD_2,0.029494882944977784,absolute,SYNTHETIC: seeded teaching dataset; not observed market data,2026-09-01T00:00:00+00:00
2026-06-16,CAD_2,0.02899403908700681,absolute,SYNTHETIC: seeded teaching dataset; not observed market data,2026-09-01T00:00:00+00:00
2026-06-17,CAD_2,0.0287503785729031,absolute,SYNTHETIC: seeded teaching dataset; not observed market data,2026-09-01T00:00:00+00:00
2026-06-18,CAD_2,0.02874755203791736,absolute,SYNTHETIC: seeded teaching dataset; not observed market data,2026-09-01T00:00:00+00:00
2026-06-19,CAD_2,0.0293448542559223,absolute,SYNTHETIC: seeded teaching dataset; not observed market data,2026-09-01T00:00:00+00:00
2026-06-22,CAD_2,0.03108359719570339,absolute,SYNTHETIC: seeded teaching dataset; not observed market data,2026-09-01T00:00:00+00:00
2026-06-23,CAD_2,0.031113215313202984,absolute,SYNTHETIC: seeded teaching dataset; not observed market data,2026-09-01T00:00:00+00:00
2026-06-24,CAD_2,0.031474283428802347,absolute,SYNTHETIC: seeded teaching dataset; not observed market data,2026-09-01T00:00:00+00:00
2026-06-25,CAD_2,0.03145724862568648,absolute,SYNTHETIC: seeded teaching dataset; not observed market data,2026-09-01T00:00:00+00:00
2026-06-26,CAD_2,0.031191191649274107,absolute,SYNTHETIC: seeded teaching dataset; not observed market data,2026-09-01T00:00:00+00:00
2026-06-29,CAD_2,0.03085843300493893,absolute,SYNTHETIC: seeded teaching dataset; not observed market data,2026-09-01T00:00:00+00:00
2026-06-30,CAD_2,0.030623488101172783,absolute,SYNTHETIC: seeded teaching dataset; not observed market data,2026-09-01T00:00:00+00:00
2026-07-01,CAD_2,0.03092076190313442,absolute,SYNTHETIC: seeded teaching dataset; not observed market data,2026-09-01T00:00:00+00:00
2026-07-02,CAD_2,0.03113067531263624,absolute,SYNTHETIC: seeded teaching dataset; not observed market data,2026-09-01T00:00:00+00:00
2026-07-03,CAD_2,0.03172804876200106,absolute,SYNTHETIC: seeded teaching dataset; not observed market data,2026-09-01T00:00:00+00:00
2026-07-06,CAD_2,0.03242624126731423,absolute,SYNTHETIC: seeded teaching dataset; not observed market data,2026-09-01T00:00:00+00:00
2026-07-07,CAD_2,0.03210275374637288,absolute,SYNTHETIC: seeded teaching dataset; not observed market data,2026-09-01T00:00:00+00:00
2026-07-08,CAD_2,0.03257536381177659,absolute,SYNTHETIC: seeded teaching dataset; not observed market data,2026-09-01T00:00:00+00:00
2026-07-09,CAD_2,0.033016258806977415,absolute,SYNTHETIC: seeded teaching dataset; not observed market data,2026-09-01T00:00:00+00:00
2026-07-10,CAD_2,0.03334798837405123,absolute,SYNTHETIC: seeded teaching dataset; not observed market data,2026-09-01T00:00:00+00:00
2026-07-13,CAD_2,0.03350902273766002,absolute,SYNTHETIC: seeded teaching dataset; not observed market data,2026-09-01T00:00:00+00:00
2026-07-14,CAD_2,0.03350983151799317,absolute,SYNTHETIC: seeded teaching dataset; not observed market data,2026-09-01T00:00:00+00:00
2026-07-15,CAD_2,0.033511367153710434,absolute,SYNTHETIC: seeded teaching dataset; not observed market data,2026-09-01T00:00:00+00:00
2026-07-16,CAD_2,0.033528377977824035,absolute,SYNTHETIC: seeded teaching dataset; not observed market data,2026-09-01T00:00:00+00:00
2026-07-17,CAD_2,0.03387956982913653,absolute,SYNTHETIC: seeded teaching dataset; not observed market data,2026-09-01T00:00:00+00:00
2026-07-20,CAD_2,0.03378253965784707,absolute,SYNTHETIC: seeded teaching dataset; not observed market data,2026-09-01T00:00:00+00:00
2026-07-21,CAD_2,0.03384090182665772,absolute,SYNTHETIC: seeded teaching dataset; not observed market data,2026-09-01T00:00:00+00:00
2026-07-22,CAD_2,0.03399803729631717,absolute,SYNTHETIC: seeded teaching dataset; not observed market data,2026-09-01T00:00:00+00:00
2026-07-23,CAD_2,0.03343655710502754,absolute,SYNTHETIC: seeded teaching dataset; not observed market data,2026-09-01T00:00:00+00:00
2026-07-24,CAD_2,0.03442129472566643,absolute,SYNTHETIC: seeded teaching dataset; not observed market data,2026-09-01T00:00:00+00:00
2026-07-27,CAD_2,0.0349928309891737,absolute,SYNTHETIC: seeded teaching dataset; not observed market data,2026-09-01T00:00:00+00:00
2026-07-28,CAD_2,0.03505342193028368,absolute,SYNTHETIC: seeded teaching dataset; not observed market data,2026-09-01T00:00:00+00:00
2026-07-29,CAD_2,0.03527033571936321,absolute,SYNTHETIC: seeded teaching dataset; not observed market data,2026-09-01T00:00:00+00:00
2026-07-30,CAD_2,0.034480798770553704,absolute,SYNTHETIC: seeded teaching dataset; not observed market data,2026-09-01T00:00:00+00:00
2026-07-31,CAD_2,0.03448439614097291,absolute,SYNTHETIC: seeded teaching dataset; not observed market data,2026-09-01T00:00:00+00:00
2026-08-03,CAD_2,0.033609690662665774,absolute,SYNTHETIC: seeded teaching dataset; not observed market data,2026-09-01T00:00:00+00:00
2026-08-04,CAD_2,0.03383901956286072,absolute,SYNTHETIC: seeded teaching dataset; not observed market data,2026-09-01T00:00:00+00:00
2026-08-05,CAD_2,0.03376398337491495,absolute,SYNTHETIC: seeded teaching dataset; not observed market data,2026-09-01T00:00:00+00:00
2026-08-06,CAD_2,0.032492029515776316,absolute,SYNTHETIC: seeded teaching dataset; not observed market data,2026-09-01T00:00:00+00:00
2026-08-07,CAD_2,0.032181550167602775,absolute,SYNTHETIC: seeded teaching dataset; not observed market data,2026-09-01T00:00:00+00:00
2026-08-10,CAD_2,0.03186430742015474,absolute,SYNTHETIC: seeded teaching dataset; not observed market data,2026-09-01T00:00:00+00:00
2026-08-11,CAD_2,0.03211242355760277,absolute,SYNTHETIC: seeded teaching dataset; not observed market data,2026-09-01T00:00:00+00:00
2026-08-12,CAD_2,0.03145567493058148,absolute,SYNTHETIC: seeded teaching dataset; not observed market data,2026-09-01T00:00:00+00:00
2026-08-13,CAD_2,0.03135616459923852,absolute,SYNTHETIC: seeded teaching dataset; not observed market data,2026-09-01T00:00:00+00:00
2026-08-14,CAD_2,0.03206637678280837,absolute,SYNTHETIC: seeded teaching dataset; not observed market data,2026-09-01T00:00:00+00:00
2026-08-17,CAD_2,0.031769171879544436,absolute,SYNTHETIC: seeded teaching dataset; not observed market data,2026-09-01T00:00:00+00:00
2026-08-18,CAD_2,0.03124208584124972,absolute,SYNTHETIC: seeded teaching dataset; not observed market data,2026-09-01T00:00:00+00:00
2026-08-19,CAD_2,0.031571817244940875,absolute,SYNTHETIC: seeded teaching dataset; not observed market data,2026-09-01T00:00:00+00:00
2026-08-20,CAD_2,0.03165892052210869,absolute,SYNTHETIC: seeded teaching dataset; not observed market data,2026-09-01T00:00:00+00:00
2026-08-21,CAD_2,0.03159184660224548,absolute,SYNTHETIC: seeded teaching dataset; not observed market data,2026-09-01T00:00:00+00:00
2026-08-24,CAD_2,0.030802625629209907,absolute,SYNTHETIC: seeded teaching dataset; not observed market data,2026-09-01T00:00:00+00:00
2026-08-25,CAD_2,0.030715614297917616,absolute,SYNTHETIC: seeded teaching dataset; not observed market data,2026-09-01T00:00:00+00:00
2026-08-26,CAD_2,0.03048102349853927,absolute,SYNTHETIC: seeded teaching dataset; not observed market data,2026-09-01T00:00:00+00:00
2026-08-27,CAD_2,0.03092747978127435,absolute,SYNTHETIC: seeded teaching dataset; not observed market data,2026-09-01T00:00:00+00:00
2026-08-28,CAD_2,0.030657357657313374,absolute,SYNTHETIC: seeded teaching dataset; not observed market data,2026-09-01T00:00:00+00:00
2026-08-31,CAD_2,0.030600000000000002,absolute,SYNTHETIC: seeded teaching dataset; not observed market data,2026-09-01T00:00:00+00:00
2025-01-02,CAD_5,0.011634918986295113,absolute,SYNTHETIC: seeded teaching dataset; not observed market data,2026-09-01T00:00:00+00:00
2025-01-03,CAD_5,0.011718779781874512,absolute,SYNTHETIC: seeded teaching dataset; not observed market data,2026-09-01T00:00:00+00:00
2025-01-06,CAD_5,0.011305606632076005,absolute,SYNTHETIC: seeded teaching dataset; not observed market data,2026-09-01T00:00:00+00:00
2025-01-07,CAD_5,0.012075591383781958,absolute,SYNTHETIC: seeded teaching dataset; not observed market data,2026-09-01T00:00:00+00:00
2025-01-08,CAD_5,0.012904106951342458,absolute,SYNTHETIC: seeded teaching dataset; not observed market data,2026-09-01T00:00:00+00:00
2025-01-09,CAD_5,0.013609872164365041,absolute,SYNTHETIC: seeded teaching dataset; not observed market data,2026-09-01T00:00:00+00:00
2025-01-10,CAD_5,0.01404020499094712,absolute,SYNTHETIC: seeded teaching dataset; not observed market data,2026-09-01T00:00:00+00:00
2025-01-13,CAD_5,0.01376269849152419,absolute,SYNTHETIC: seeded teaching dataset; not observed market data,2026-09-01T00:00:00+00:00
2025-01-14,CAD_5,0.012930967663919293,absolute,SYNTHETIC: seeded teaching dataset; not observed market data,2026-09-01T00:00:00+00:00
2025-01-15,CAD_5,0.01197233652952626,absolute,SYNTHETIC: seeded teaching dataset; not observed market data,2026-09-01T00:00:00+00:00
2025-01-16,CAD_5,0.012321130659010308,absolute,SYNTHETIC: seeded teaching dataset; not observed market data,2026-09-01T00:00:00+00:00
2025-01-17,CAD_5,0.012512371507226502,absolute,SYNTHETIC: seeded teaching dataset; not observed market data,2026-09-01T00:00:00+00:00
2025-01-20,CAD_5,0.01227898306580558,absolute,SYNTHETIC: seeded teaching dataset; not observed market data,2026-09-01T00:00:00+00:00
2025-01-21,CAD_5,0.011056515001877647,absolute,SYNTHETIC: seeded teaching dataset; not observed market data,2026-09-01T00:00:00+00:00
2025-01-22,CAD_5,0.011428757096390452,absolute,SYNTHETIC: seeded teaching dataset; not observed market data,2026-09-01T00:00:00+00:00
2025-01-23,CAD_5,0.011011106245672666,absolute,SYNTHETIC: seeded teaching dataset; not observed market data,2026-09-01T00:00:00+00:00
2025-01-24,CAD_5,0.011048759459981853,absolute,SYNTHETIC: seeded teaching dataset; not observed market data,2026-09-01T00:00:00+00:00
2025-01-27,CAD_5,0.010477183221710536,absolute,SYNTHETIC: seeded teaching dataset; not observed market data,2026-09-01T00:00:00+00:00
2025-01-28,CAD_5,0.011094941601408087,absolute,SYNTHETIC: seeded teaching dataset; not observed market data,2026-09-01T00:00:00+00:00
2025-01-29,CAD_5,0.011060022022345288,absolute,SYNTHETIC: seeded teaching dataset; not observed market data,2026-09-01T00:00:00+00:00
2025-01-30,CAD_5,0.010369863769925314,absolute,SYNTHETIC: seeded teaching dataset; not observed market data,2026-09-01T00:00:00+00:00
2025-01-31,CAD_5,0.01025504518365615,absolute,SYNTHETIC: seeded teaching dataset; not observed market data,2026-09-01T00:00:00+00:00
2025-02-03,CAD_5,0.00930355406451372,absolute,SYNTHETIC: seeded teaching dataset; not observed market data,2026-09-01T00:00:00+00:00
2025-02-04,CAD_5,0.009879441523995322,absolute,SYNTHETIC: seeded teaching dataset; not observed market data,2026-09-01T00:00:00+00:00
2025-02-05,CAD_5,0.009216079069096796,absolute,SYNTHETIC: seeded teaching dataset; not observed market data,2026-09-01T00:00:00+00:00
2025-02-06,CAD_5,0.008662203353482518,absolute,SYNTHETIC: seeded teaching dataset; not observed market data,2026-09-01T00:00:00+00:00
2025-02-07,CAD_5,0.00911849440222642,absolute,SYNTHETIC: seeded teaching dataset; not observed market data,2026-09-01T00:00:00+00:00
2025-02-10,CAD_5,0.008663205070321721,absolute,SYNTHETIC: seeded teaching dataset; not observed market data,2026-09-01T00:00:00+00:00
2025-02-11,CAD_5,0.00901094397165332,absolute,SYNTHETIC: seeded teaching dataset; not observed market data,2026-09-01T00:00:00+00:00
2025-02-12,CAD_5,0.009676942694038154,absolute,SYNTHETIC: seeded teaching dataset; not observed market data,2026-09-01T00:00:00+00:00
2025-02-13,CAD_5,0.010262581758615098,absolute,SYNTHETIC: seeded teaching dataset; not observed market data,2026-09-01T00:00:00+00:00
2025-02-14,CAD_5,0.01038094399812673,absolute,SYNTHETIC: seeded teaching dataset; not observed market data,2026-09-01T00:00:00+00:00
2025-02-17,CAD_5,0.011501172810506229,absolute,SYNTHETIC: seeded teaching dataset; not observed market data,2026-09-01T00:00:00+00:00
2025-02-18,CAD_5,0.012104667842463595,absolute,SYNTHETIC: seeded teaching dataset; not observed market data,2026-09-01T00:00:00+00:00
2025-02-19,CAD_5,0.012624053269290263,absolute,SYNTHETIC: seeded teaching dataset; not observed market data,2026-09-01T00:00:00+00:00
2025-02-20,CAD_5,0.012389102285447418,absolute,SYNTHETIC: seeded teaching dataset; not observed market data,2026-09-01T00:00:00+00:00
2025-02-21,CAD_5,0.012485172699192932,absolute,SYNTHETIC: seeded teaching dataset; not observed market data,2026-09-01T00:00:00+00:00
2025-02-24,CAD_5,0.012761890756244367,absolute,SYNTHETIC: seeded teaching dataset; not observed market data,2026-09-01T00:00:00+00:00
2025-02-25,CAD_5,0.012602730826038158,absolute,SYNTHETIC: seeded teaching dataset; not observed market data,2026-09-01T00:00:00+00:00
2025-02-26,CAD_5,0.012324228470929646,absolute,SYNTHETIC: seeded teaching dataset; not observed market data,2026-09-01T00:00:00+00:00
2025-02-27,CAD_5,0.012557902353632171,absolute,SYNTHETIC: seeded teaching dataset; not observed market data,2026-09-01T00:00:00+00:00
2025-02-28,CAD_5,0.012334052207801389,absolute,SYNTHETIC: seeded teaching dataset; not observed market data,2026-09-01T00:00:00+00:00
2025-03-03,CAD_5,0.012774294041717548,absolute,SYNTHETIC: seeded teaching dataset; not observed market data,2026-09-01T00:00:00+00:00
2025-03-04,CAD_5,0.012850889766165056,absolute,SYNTHETIC: seeded teaching dataset; not observed market data,2026-09-01T00:00:00+00:00
2025-03-05,CAD_5,0.012830735623932107,absolute,SYNTHETIC: seeded teaching dataset; not observed market data,2026-09-01T00:00:00+00:00
2025-03-06,CAD_5,0.013086884660688452,absolute,SYNTHETIC: seeded teaching dataset; not observed market data,2026-09-01T00:00:00+00:00
2025-03-07,CAD_5,0.013289404593454627,absolute,SYNTHETIC: seeded teaching dataset; not observed market data,2026-09-01T00:00:00+00:00
2025-03-10,CAD_5,0.014222370676675335,absolute,SYNTHETIC: seeded teaching dataset; not observed market data,2026-09-01T00:00:00+00:00
2025-03-11,CAD_5,0.015235862386820908,absolute,SYNTHETIC: seeded teaching dataset; not observed market data,2026-09-01T00:00:00+00:00
2025-03-12,CAD_5,0.014645026913126854,absolute,SYNTHETIC: seeded teaching dataset; not observed market data,2026-09-01T00:00:00+00:00
2025-03-13,CAD_5,0.01421959958300156,absolute,SYNTHETIC: seeded teaching dataset; not observed market data,2026-09-01T00:00:00+00:00
2025-03-14,CAD_5,0.015188400527131472,absolute,SYNTHETIC: seeded teaching dataset; not observed market data,2026-09-01T00:00:00+00:00
2025-03-17,CAD_5,0.015093955741313347,absolute,SYNTHETIC: seeded teaching dataset; not observed market data,2026-09-01T00:00:00+00:00
2025-03-18,CAD_5,0.014791341905093566,absolute,SYNTHETIC: seeded teaching dataset; not observed market data,2026-09-01T00:00:00+00:00
2025-03-19,CAD_5,0.01482539328701685,absolute,SYNTHETIC: seeded teaching dataset; not observed market data,2026-09-01T00:00:00+00:00
2025-03-20,CAD_5,0.015169709752875408,absolute,SYNTHETIC: seeded teaching dataset; not observed market data,2026-09-01T00:00:00+00:00
2025-03-21,CAD_5,0.01496226293999402,absolute,SYNTHETIC: seeded teaching dataset; not observed market data,2026-09-01T00:00:00+00:00
2025-03-24,CAD_5,0.014108198220527977,absolute,SYNTHETIC: seeded teaching dataset; not observed market data,2026-09-01T00:00:00+00:00
2025-03-25,CAD_5,0.014485685749926081,absolute,SYNTHETIC: seeded teaching dataset; not observed market data,2026-09-01T00:00:00+00:00
2025-03-26,CAD_5,0.015117937019702158,absolute,SYNTHETIC: seeded teaching dataset; not observed market data,2026-09-01T00:00:00+00:00
2025-03-27,CAD_5,0.01511793009510094,absolute,SYNTHETIC: seeded teaching dataset; not observed market data,2026-09-01T00:00:00+00:00
2025-03-28,CAD_5,0.01493693029053875,absolute,SYNTHETIC: seeded teaching dataset; not observed market data,2026-09-01T00:00:00+00:00
2025-03-31,CAD_5,0.01388490346086502,absolute,SYNTHETIC: seeded teaching dataset; not observed market data,2026-09-01T00:00:00+00:00
2025-04-01,CAD_5,0.01491497139940241,absolute,SYNTHETIC: seeded teaching dataset; not observed market data,2026-09-01T00:00:00+00:00
2025-04-02,CAD_5,0.014183547750943017,absolute,SYNTHETIC: seeded teaching dataset; not observed market data,2026-09-01T00:00:00+00:00
2025-04-03,CAD_5,0.014479065612975028,absolute,SYNTHETIC: seeded teaching dataset; not observed market data,2026-09-01T00:00:00+00:00
2025-04-04,CAD_5,0.013420383126836067,absolute,SYNTHETIC: seeded teaching dataset; not observed market data,2026-09-01T00:00:00+00:00
2025-04-07,CAD_5,0.013219579539040936,absolute,SYNTHETIC: seeded teaching dataset; not observed market data,2026-09-01T00:00:00+00:00
2025-04-08,CAD_5,0.012948173834695608,absolute,SYNTHETIC: seeded teaching dataset; not observed market data,2026-09-01T00:00:00+00:00
2025-04-09,CAD_5,0.013105633254668642,absolute,SYNTHETIC: seeded teaching dataset; not observed market data,2026-09-01T00:00:00+00:00
2025-04-10,CAD_5,0.012699774281428235,absolute,SYNTHETIC: seeded teaching dataset; not observed market data,2026-09-01T00:00:00+00:00
2025-04-11,CAD_5,0.013035545221255652,absolute,SYNTHETIC: seeded teaching dataset; not observed market data,2026-09-01T00:00:00+00:00
2025-04-14,CAD_5,0.012386219446357306,absolute,SYNTHETIC: seeded teaching dataset; not observed market data,2026-09-01T00:00:00+00:00
2025-04-15,CAD_5,0.013491216697784986,absolute,SYNTHETIC: seeded teaching dataset; not observed market data,2026-09-01T00:00:00+00:00
2025-04-16,CAD_5,0.014039965608632996,absolute,SYNTHETIC: seeded teaching dataset; not observed market data,2026-09-01T00:00:00+00:00
2025-04-17,CAD_5,0.014729310933553546,absolute,SYNTHETIC: seeded teaching dataset; not observed market data,2026-09-01T00:00:00+00:00
2025-04-18,CAD_5,0.014993766459082795,absolute,SYNTHETIC: seeded teaching dataset; not observed market data,2026-09-01T00:00:00+00:00
2025-04-21,CAD_5,0.015007400666791761,absolute,SYNTHETIC: seeded teaching dataset; not observed market data,2026-09-01T00:00:00+00:00
2025-04-22,CAD_5,0.015160676827768015,absolute,SYNTHETIC: seeded teaching dataset; not observed market data,2026-09-01T00:00:00+00:00
2025-04-23,CAD_5,0.014985928322674914,absolute,SYNTHETIC: seeded teaching dataset; not observed market data,2026-09-01T00:00:00+00:00
2025-04-24,CAD_5,0.01483670032123999,absolute,SYNTHETIC: seeded teaching dataset; not observed market data,2026-09-01T00:00:00+00:00
2025-04-25,CAD_5,0.01477053659468364,absolute,SYNTHETIC: seeded teaching dataset; not observed market data,2026-09-01T00:00:00+00:00
2025-04-28,CAD_5,0.015049856487475994,absolute,SYNTHETIC: seeded teaching dataset; not observed market data,2026-09-01T00:00:00+00:00
2025-04-29,CAD_5,0.015184615781246035,absolute,SYNTHETIC: seeded teaching dataset; not observed market data,2026-09-01T00:00:00+00:00
2025-04-30,CAD_5,0.014533674760096,absolute,SYNTHETIC: seeded teaching dataset; not observed market data,2026-09-01T00:00:00+00:00
2025-05-01,CAD_5,0.015389334369831854,absolute,SYNTHETIC: seeded teaching dataset; not observed market data,2026-09-01T00:00:00+00:00
2025-05-02,CAD_5,0.015394807094578532,absolute,SYNTHETIC: seeded teaching dataset; not observed market data,2026-09-01T00:00:00+00:00
2025-05-05,CAD_5,0.015838891581281708,absolute,SYNTHETIC: seeded teaching dataset; not observed market data,2026-09-01T00:00:00+00:00
2025-05-06,CAD_5,0.015721131552972768,absolute,SYNTHETIC: seeded teaching dataset; not observed market data,2026-09-01T00:00:00+00:00
2025-05-07,CAD_5,0.01606346218558313,absolute,SYNTHETIC: seeded teaching dataset; not observed market data,2026-09-01T00:00:00+00:00
2025-05-08,CAD_5,0.016320729427975637,absolute,SYNTHETIC: seeded teaching dataset; not observed market data,2026-09-01T00:00:00+00:00
2025-05-09,CAD_5,0.01490399251084457,absolute,SYNTHETIC: seeded teaching dataset; not observed market data,2026-09-01T00:00:00+00:00
2025-05-12,CAD_5,0.01520601496435003,absolute,SYNTHETIC: seeded teaching dataset; not observed market data,2026-09-01T00:00:00+00:00
2025-05-13,CAD_5,0.015388746477709592,absolute,SYNTHETIC: seeded teaching dataset; not observed market data,2026-09-01T00:00:00+00:00
2025-05-14,CAD_5,0.015458696830870627,absolute,SYNTHETIC: seeded teaching dataset; not observed market data,2026-09-01T00:00:00+00:00
2025-05-15,CAD_5,0.01571282555258482,absolute,SYNTHETIC: seeded teaching dataset; not observed market data,2026-09-01T00:00:00+00:00
2025-05-16,CAD_5,0.01602837139571354,absolute,SYNTHETIC: seeded teaching dataset; not observed market data,2026-09-01T00:00:00+00:00
2025-05-19,CAD_5,0.015469413410885018,absolute,SYNTHETIC: seeded teaching dataset; not observed market data,2026-09-01T00:00:00+00:00
2025-05-20,CAD_5,0.01591564399327296,absolute,SYNTHETIC: seeded teaching dataset; not observed market data,2026-09-01T00:00:00+00:00
2025-05-21,CAD_5,0.016498928472212352,absolute,SYNTHETIC: seeded teaching dataset; not observed market data,2026-09-01T00:00:00+00:00
2025-05-22,CAD_5,0.016814520824217204,absolute,SYNTHETIC: seeded teaching dataset; not observed market data,2026-09-01T00:00:00+00:00
2025-05-23,CAD_5,0.017740052226785135,absolute,SYNTHETIC: seeded teaching dataset; not observed market data,2026-09-01T00:00:00+00:00
2025-05-26,CAD_5,0.01756516127437213,absolute,SYNTHETIC: seeded teaching dataset; not observed market data,2026-09-01T00:00:00+00:00
2025-05-27,CAD_5,0.01781330929069853,absolute,SYNTHETIC: seeded teaching dataset; not observed market data,2026-09-01T00:00:00+00:00
2025-05-28,CAD_5,0.017554353566148314,absolute,SYNTHETIC: seeded teaching dataset; not observed market data,2026-09-01T00:00:00+00:00
2025-05-29,CAD_5,0.017153029579829723,absolute,SYNTHETIC: seeded teaching dataset; not observed market data,2026-09-01T00:00:00+00:00
2025-05-30,CAD_5,0.016284375244020956,absolute,SYNTHETIC: seeded teaching dataset; not observed market data,2026-09-01T00:00:00+00:00
2025-06-02,CAD_5,0.01627652842400661,absolute,SYNTHETIC: seeded teaching dataset; not observed market data,2026-09-01T00:00:00+00:00
2025-06-03,CAD_5,0.015414006894712461,absolute,SYNTHETIC: seeded teaching dataset; not observed market data,2026-09-01T00:00:00+00:00
2025-06-04,CAD_5,0.016074397203645254,absolute,SYNTHETIC: seeded teaching dataset; not observed market data,2026-09-01T00:00:00+00:00
2025-06-05,CAD_5,0.016206238895749864,absolute,SYNTHETIC: seeded teaching dataset; not observed market data,2026-09-01T00:00:00+00:00
2025-06-06,CAD_5,0.015665083505265385,absolute,SYNTHETIC: seeded teaching dataset; not observed market data,2026-09-01T00:00:00+00:00
2025-06-09,CAD_5,0.015696683617454504,absolute,SYNTHETIC: seeded teaching dataset; not observed market data,2026-09-01T00:00:00+00:00
2025-06-10,CAD_5,0.015139914405413287,absolute,SYNTHETIC: seeded teaching dataset; not observed market data,2026-09-01T00:00:00+00:00
2025-06-11,CAD_5,0.014833463952308706,absolute,SYNTHETIC: seeded teaching dataset; not observed market data,2026-09-01T00:00:00+00:00
2025-06-12,CAD_5,0.014971003729231266,absolute,SYNTHETIC: seeded teaching dataset; not observed market data,2026-09-01T00:00:00+00:00
2025-06-13,CAD_5,0.015231610126594911,absolute,SYNTHETIC: seeded teaching dataset; not observed market data,2026-09-01T00:00:00+00:00
2025-06-16,CAD_5,0.016050398117315668,absolute,SYNTHETIC: seeded teaching dataset; not observed market data,2026-09-01T00:00:00+00:00
2025-06-17,CAD_5,0.01531325760421581,absolute,SYNTHETIC: seeded teaching dataset; not observed market data,2026-09-01T00:00:00+00:00
2025-06-18,CAD_5,0.015558034778406258,absolute,SYNTHETIC: seeded teaching dataset; not observed market data,2026-09-01T00:00:00+00:00
2025-06-19,CAD_5,0.016730044546111,absolute,SYNTHETIC: seeded teaching dataset; not observed market data,2026-09-01T00:00:00+00:00
2025-06-20,CAD_5,0.016712170787805295,absolute,SYNTHETIC: seeded teaching dataset; not observed market data,2026-09-01T00:00:00+00:00
2025-06-23,CAD_5,0.01732253721848259,absolute,SYNTHETIC: seeded teaching dataset; not observed market data,2026-09-01T00:00:00+00:00
2025-06-24,CAD_5,0.017674576891976535,absolute,SYNTHETIC: seeded teaching dataset; not observed market data,2026-09-01T00:00:00+00:00
2025-06-25,CAD_5,0.017840878094582253,absolute,SYNTHETIC: seeded teaching dataset; not observed market data,2026-09-01T00:00:00+00:00
2025-06-26,CAD_5,0.017787158942414078,absolute,SYNTHETIC: seeded teaching dataset; not observed market data,2026-09-01T00:00:00+00:00
2025-06-27,CAD_5,0.017965793515918583,absolute,SYNTHETIC: seeded teaching dataset; not observed market data,2026-09-01T00:00:00+00:00
2025-06-30,CAD_5,0.01796388007232406,absolute,SYNTHETIC: seeded teaching dataset; not observed market data,2026-09-01T00:00:00+00:00
2025-07-01,CAD_5,0.018123046596593435,absolute,SYNTHETIC: seeded teaching dataset; not observed market data,2026-09-01T00:00:00+00:00
2025-07-02,CAD_5,0.018929014832906394,absolute,SYNTHETIC: seeded teaching dataset; not observed market data,2026-09-01T00:00:00+00:00
2025-07-03,CAD_5,0.018478094633509964,absolute,SYNTHETIC: seeded teaching dataset; not observed market data,2026-09-01T00:00:00+00:00
2025-07-04,CAD_5,0.018047749993784962,absolute,SYNTHETIC: seeded teaching dataset; not observed market data,2026-09-01T00:00:00+00:00
2025-07-07,CAD_5,0.017637292769138693,absolute,SYNTHETIC: seeded teaching dataset; not observed market data,2026-09-01T00:00:00+00:00
2025-07-08,CAD_5,0.01764397158644161,absolute,SYNTHETIC: seeded teaching dataset; not observed market data,2026-09-01T00:00:00+00:00
2025-07-09,CAD_5,0.018682794333931965,absolute,SYNTHETIC: seeded teaching dataset; not observed market data,2026-09-01T00:00:00+00:00
2025-07-10,CAD_5,0.018781608889798598,absolute,SYNTHETIC: seeded teaching dataset; not observed market data,2026-09-01T00:00:00+00:00
2025-07-11,CAD_5,0.018622254983006483,absolute,SYNTHETIC: seeded teaching dataset; not observed market data,2026-09-01T00:00:00+00:00
2025-07-14,CAD_5,0.018603956049115185,absolute,SYNTHETIC: seeded teaching dataset; not observed market data,2026-09-01T00:00:00+00:00
2025-07-15,CAD_5,0.017728357375589063,absolute,SYNTHETIC: seeded teaching dataset; not observed market data,2026-09-01T00:00:00+00:00
2025-07-16,CAD_5,0.016800834660198497,absolute,SYNTHETIC: seeded teaching dataset; not observed market data,2026-09-01T00:00:00+00:00
2025-07-17,CAD_5,0.016847170054083396,absolute,SYNTHETIC: seeded teaching dataset; not observed market data,2026-09-01T00:00:00+00:00
2025-07-18,CAD_5,0.01667172238209234,absolute,SYNTHETIC: seeded teaching dataset; not observed market data,2026-09-01T00:00:00+00:00
2025-07-21,CAD_5,0.017176324342047255,absolute,SYNTHETIC: seeded teaching dataset; not observed market data,2026-09-01T00:00:00+00:00
2025-07-22,CAD_5,0.017062633447649914,absolute,SYNTHETIC: seeded teaching dataset; not observed market data,2026-09-01T00:00:00+00:00
2025-07-23,CAD_5,0.017068500749292222,absolute,SYNTHETIC: seeded teaching dataset; not observed market data,2026-09-01T00:00:00+00:00
2025-07-24,CAD_5,0.01761923559110926,absolute,SYNTHETIC: seeded teaching dataset; not observed market data,2026-09-01T00:00:00+00:00
2025-07-25,CAD_5,0.017012255478961204,absolute,SYNTHETIC: seeded teaching dataset; not observed market data,2026-09-01T00:00:00+00:00
2025-07-28,CAD_5,0.016941493406654382,absolute,SYNTHETIC: seeded teaching dataset; not observed market data,2026-09-01T00:00:00+00:00
2025-07-29,CAD_5,0.016404117358737747,absolute,SYNTHETIC: seeded teaching dataset; not observed market data,2026-09-01T00:00:00+00:00
2025-07-30,CAD_5,0.01624346501419838,absolute,SYNTHETIC: seeded teaching dataset; not observed market data,2026-09-01T00:00:00+00:00
2025-07-31,CAD_5,0.01568662541933948,absolute,SYNTHETIC: seeded teaching dataset; not observed market data,2026-09-01T00:00:00+00:00
2025-08-01,CAD_5,0.016432110505064965,absolute,SYNTHETIC: seeded teaching dataset; not observed market data,2026-09-01T00:00:00+00:00
2025-08-04,CAD_5,0.01600973973451932,absolute,SYNTHETIC: seeded teaching dataset; not observed market data,2026-09-01T00:00:00+00:00
2025-08-05,CAD_5,0.015445272297498296,absolute,SYNTHETIC: seeded teaching dataset; not observed market data,2026-09-01T00:00:00+00:00
2025-08-06,CAD_5,0.01594534580868583,absolute,SYNTHETIC: seeded teaching dataset; not observed market data,2026-09-01T00:00:00+00:00
2025-08-07,CAD_5,0.015479892291379648,absolute,SYNTHETIC: seeded teaching dataset; not observed market data,2026-09-01T00:00:00+00:00
2025-08-08,CAD_5,0.01595472621489886,absolute,SYNTHETIC: seeded teaching dataset; not observed market data,2026-09-01T00:00:00+00:00
2025-08-11,CAD_5,0.01623347301696532,absolute,SYNTHETIC: seeded teaching dataset; not observed market data,2026-09-01T00:00:00+00:00
2025-08-12,CAD_5,0.01573592069347426,absolute,SYNTHETIC: seeded teaching dataset; not observed market data,2026-09-01T00:00:00+00:00
2025-08-13,CAD_5,0.015937134472888786,absolute,SYNTHETIC: seeded teaching dataset; not observed market data,2026-09-01T00:00:00+00:00
2025-08-14,CAD_5,0.01581062931183944,absolute,SYNTHETIC: seeded teaching dataset; not observed market data,2026-09-01T00:00:00+00:00
2025-08-15,CAD_5,0.015734570044879093,absolute,SYNTHETIC: seeded teaching dataset; not observed market data,2026-09-01T00:00:00+00:00
2025-08-18,CAD_5,0.016485463931228902,absolute,SYNTHETIC: seeded teaching dataset; not observed market data,2026-09-01T00:00:00+00:00
2025-08-19,CAD_5,0.016397384298401606,absolute,SYNTHETIC: seeded teaching dataset; not observed market data,2026-09-01T00:00:00+00:00
2025-08-20,CAD_5,0.01667658955533505,absolute,SYNTHETIC: seeded teaching dataset; not observed market data,2026-09-01T00:00:00+00:00
2025-08-21,CAD_5,0.015844422807636687,absolute,SYNTHETIC: seeded teaching dataset; not observed market data,2026-09-01T00:00:00+00:00
2025-08-22,CAD_5,0.015151204764302772,absolute,SYNTHETIC: seeded teaching dataset; not observed market data,2026-09-01T00:00:00+00:00
2025-08-25,CAD_5,0.01449276823909849,absolute,SYNTHETIC: seeded teaching dataset; not observed market data,2026-09-01T00:00:00+00:00
2025-08-26,CAD_5,0.014246922504622627,absolute,SYNTHETIC: seeded teaching dataset; not observed market data,2026-09-01T00:00:00+00:00
2025-08-27,CAD_5,0.014349361780466367,absolute,SYNTHETIC: seeded teaching dataset; not observed market data,2026-09-01T00:00:00+00:00
2025-08-28,CAD_5,0.015101610232502543,absolute,SYNTHETIC: seeded teaching dataset; not observed market data,2026-09-01T00:00:00+00:00
2025-08-29,CAD_5,0.014572435373626891,absolute,SYNTHETIC: seeded teaching dataset; not observed market data,2026-09-01T00:00:00+00:00
2025-09-01,CAD_5,0.014923241417162041,absolute,SYNTHETIC: seeded teaching dataset; not observed market data,2026-09-01T00:00:00+00:00
2025-09-02,CAD_5,0.014784557615666463,absolute,SYNTHETIC: seeded teaching dataset; not observed market data,2026-09-01T00:00:00+00:00
2025-09-03,CAD_5,0.015582198247173735,absolute,SYNTHETIC: seeded teaching dataset; not observed market data,2026-09-01T00:00:00+00:00
2025-09-04,CAD_5,0.01589917862435072,absolute,SYNTHETIC: seeded teaching dataset; not observed market data,2026-09-01T00:00:00+00:00
2025-09-05,CAD_5,0.01623895186494455,absolute,SYNTHETIC: seeded teaching dataset; not observed market data,2026-09-01T00:00:00+00:00
2025-09-08,CAD_5,0.01684036206727502,absolute,SYNTHETIC: seeded teaching dataset; not observed market data,2026-09-01T00:00:00+00:00
2025-09-09,CAD_5,0.01708683481673338,absolute,SYNTHETIC: seeded teaching dataset; not observed market data,2026-09-01T00:00:00+00:00
2025-09-10,CAD_5,0.016169668208908524,absolute,SYNTHETIC: seeded teaching dataset; not observed market data,2026-09-01T00:00:00+00:00
2025-09-11,CAD_5,0.015732355109070967,absolute,SYNTHETIC: seeded teaching dataset; not observed market data,2026-09-01T00:00:00+00:00
2025-09-12,CAD_5,0.015657402136213926,absolute,SYNTHETIC: seeded teaching dataset; not observed market data,2026-09-01T00:00:00+00:00
2025-09-15,CAD_5,0.016086485543768358,absolute,SYNTHETIC: seeded teaching dataset; not observed market data,2026-09-01T00:00:00+00:00
2025-09-16,CAD_5,0.016378071107806143,absolute,SYNTHETIC: seeded teaching dataset; not observed market data,2026-09-01T00:00:00+00:00
2025-09-17,CAD_5,0.015980734430245804,absolute,SYNTHETIC: seeded teaching dataset; not observed market data,2026-09-01T00:00:00+00:00
2025-09-18,CAD_5,0.01615382572666744,absolute,SYNTHETIC: seeded teaching dataset; not observed market data,2026-09-01T00:00:00+00:00
2025-09-19,CAD_5,0.015457226504120899,absolute,SYNTHETIC: seeded teaching dataset; not observed market data,2026-09-01T00:00:00+00:00
2025-09-22,CAD_5,0.01537410208456846,absolute,SYNTHETIC: seeded teaching dataset; not observed market data,2026-09-01T00:00:00+00:00
2025-09-23,CAD_5,0.015452761176815415,absolute,SYNTHETIC: seeded teaching dataset; not observed market data,2026-09-01T00:00:00+00:00
2025-09-24,CAD_5,0.015534989772277848,absolute,SYNTHETIC: seeded teaching dataset; not observed market data,2026-09-01T00:00:00+00:00
2025-09-25,CAD_5,0.015646838754751428,absolute,SYNTHETIC: seeded teaching dataset; not observed market data,2026-09-01T00:00:00+00:00
2025-09-26,CAD_5,0.014631064484058303,absolute,SYNTHETIC: seeded teaching dataset; not observed market data,2026-09-01T00:00:00+00:00
2025-09-29,CAD_5,0.014453789779231108,absolute,SYNTHETIC: seeded teaching dataset; not observed market data,2026-09-01T00:00:00+00:00
2025-09-30,CAD_5,0.014555939610060551,absolute,SYNTHETIC: seeded teaching dataset; not observed market data,2026-09-01T00:00:00+00:00
2025-10-01,CAD_5,0.014768824744571873,absolute,SYNTHETIC: seeded teaching dataset; not observed market data,2026-09-01T00:00:00+00:00
2025-10-02,CAD_5,0.01562648548377785,absolute,SYNTHETIC: seeded teaching dataset; not observed market data,2026-09-01T00:00:00+00:00
2025-10-03,CAD_5,0.015655678073254225,absolute,SYNTHETIC: seeded teaching dataset; not observed market data,2026-09-01T00:00:00+00:00
2025-10-06,CAD_5,0.01553295258655164,absolute,SYNTHETIC: seeded teaching dataset; not observed market data,2026-09-01T00:00:00+00:00
2025-10-07,CAD_5,0.015531666508126773,absolute,SYNTHETIC: seeded teaching dataset; not observed market data,2026-09-01T00:00:00+00:00
2025-10-08,CAD_5,0.01561286410902699,absolute,SYNTHETIC: seeded teaching dataset; not observed market data,2026-09-01T00:00:00+00:00
2025-10-09,CAD_5,0.015621390578205874,absolute,SYNTHETIC: seeded teaching dataset; not observed market data,2026-09-01T00:00:00+00:00
2025-10-10,CAD_5,0.016428938360580524,absolute,SYNTHETIC: seeded teaching dataset; not observed market data,2026-09-01T00:00:00+00:00
2025-10-13,CAD_5,0.016843870733298173,absolute,SYNTHETIC: seeded teaching dataset; not observed market data,2026-09-01T00:00:00+00:00
2025-10-14,CAD_5,0.01686127668075978,absolute,SYNTHETIC: seeded teaching dataset; not observed market data,2026-09-01T00:00:00+00:00
2025-10-15,CAD_5,0.01726154177788432,absolute,SYNTHETIC: seeded teaching dataset; not observed market data,2026-09-01T00:00:00+00:00
2025-10-16,CAD_5,0.016710171209557107,absolute,SYNTHETIC: seeded teaching dataset; not observed market data,2026-09-01T00:00:00+00:00
2025-10-17,CAD_5,0.01658593602484722,absolute,SYNTHETIC: seeded teaching dataset; not observed market data,2026-09-01T00:00:00+00:00
2025-10-20,CAD_5,0.017118050397582598,absolute,SYNTHETIC: seeded teaching dataset; not observed market data,2026-09-01T00:00:00+00:00
2025-10-21,CAD_5,0.017230295463917304,absolute,SYNTHETIC: seeded teaching dataset; not observed market data,2026-09-01T00:00:00+00:00
2025-10-22,CAD_5,0.01734393972316847,absolute,SYNTHETIC: seeded teaching dataset; not observed market data,2026-09-01T00:00:00+00:00
2025-10-23,CAD_5,0.016730392298430378,absolute,SYNTHETIC: seeded teaching dataset; not observed market data,2026-09-01T00:00:00+00:00
2025-10-24,CAD_5,0.016402899319598502,absolute,SYNTHETIC: seeded teaching dataset; not observed market data,2026-09-01T00:00:00+00:00
2025-10-27,CAD_5,0.01602913729490817,absolute,SYNTHETIC: seeded teaching dataset; not observed market data,2026-09-01T00:00:00+00:00
2025-10-28,CAD_5,0.01572851906026806,absolute,SYNTHETIC: seeded teaching dataset; not observed market data,2026-09-01T00:00:00+00:00
2025-10-29,CAD_5,0.015853050089545444,absolute,SYNTHETIC: seeded teaching dataset; not observed market data,2026-09-01T00:00:00+00:00
2025-10-30,CAD_5,0.01608536766165954,absolute,SYNTHETIC: seeded teaching dataset; not observed market data,2026-09-01T00:00:00+00:00
2025-10-31,CAD_5,0.016585960602807332,absolute,SYNTHETIC: seeded teaching dataset; not observed market data,2026-09-01T00:00:00+00:00
2025-11-03,CAD_5,0.01583194927804538,absolute,SYNTHETIC: seeded teaching dataset; not observed market data,2026-09-01T00:00:00+00:00
2025-11-04,CAD_5,0.015531453288376847,absolute,SYNTHETIC: seeded teaching dataset; not observed market data,2026-09-01T00:00:00+00:00
2025-11-05,CAD_5,0.015974778241686572,absolute,SYNTHETIC: seeded teaching dataset; not observed market data,2026-09-01T00:00:00+00:00
2025-11-06,CAD_5,0.016058350312998664,absolute,SYNTHETIC: seeded teaching dataset; not observed market data,2026-09-01T00:00:00+00:00
2025-11-07,CAD_5,0.015564159247904708,absolute,SYNTHETIC: seeded teaching dataset; not observed market data,2026-09-01T00:00:00+00:00
2025-11-10,CAD_5,0.015342923016776689,absolute,SYNTHETIC: seeded teaching dataset; not observed market data,2026-09-01T00:00:00+00:00
2025-11-11,CAD_5,0.016320733124759467,absolute,SYNTHETIC: seeded teaching dataset; not observed market data,2026-09-01T00:00:00+00:00
2025-11-12,CAD_5,0.016924813955316243,absolute,SYNTHETIC: seeded teaching dataset; not observed market data,2026-09-01T00:00:00+00:00
2025-11-13,CAD_5,0.015709851998494447,absolute,SYNTHETIC: seeded teaching dataset; not observed market data,2026-09-01T00:00:00+00:00
2025-11-14,CAD_5,0.016163752264735615,absolute,SYNTHETIC: seeded teaching dataset; not observed market data,2026-09-01T00:00:00+00:00
2025-11-17,CAD_5,0.016096869282168257,absolute,SYNTHETIC: seeded teaching dataset; not observed market data,2026-09-01T00:00:00+00:00
2025-11-18,CAD_5,0.016092207504644424,absolute,SYNTHETIC: seeded teaching dataset; not observed market data,2026-09-01T00:00:00+00:00
2025-11-19,CAD_5,0.016047353887295033,absolute,SYNTHETIC: seeded teaching dataset; not observed market data,2026-09-01T00:00:00+00:00
2025-11-20,CAD_5,0.016911060279201428,absolute,SYNTHETIC: seeded teaching dataset; not observed market data,2026-09-01T00:00:00+00:00
2025-11-21,CAD_5,0.016599336543058552,absolute,SYNTHETIC: seeded teaching dataset; not observed market data,2026-09-01T00:00:00+00:00
2025-11-24,CAD_5,0.015937371243568813,absolute,SYNTHETIC: seeded teaching dataset; not observed market data,2026-09-01T00:00:00+00:00
2025-11-25,CAD_5,0.01597875636395973,absolute,SYNTHETIC: seeded teaching dataset; not observed market data,2026-09-01T00:00:00+00:00
2025-11-26,CAD_5,0.015863944483283588,absolute,SYNTHETIC: seeded teaching dataset; not observed market data,2026-09-01T00:00:00+00:00
2025-11-27,CAD_5,0.0164001139300947,absolute,SYNTHETIC: seeded teaching dataset; not observed market data,2026-09-01T00:00:00+00:00
2025-11-28,CAD_5,0.016073952008317755,absolute,SYNTHETIC: seeded teaching dataset; not observed market data,2026-09-01T00:00:00+00:00
2025-12-01,CAD_5,0.01610488252980163,absolute,SYNTHETIC: seeded teaching dataset; not observed market data,2026-09-01T00:00:00+00:00
2025-12-02,CAD_5,0.015820204776237957,absolute,SYNTHETIC: seeded teaching dataset; not observed market data,2026-09-01T00:00:00+00:00
2025-12-03,CAD_5,0.016304568395493494,absolute,SYNTHETIC: seeded teaching dataset; not observed market data,2026-09-01T00:00:00+00:00
2025-12-04,CAD_5,0.015582476025268657,absolute,SYNTHETIC: seeded teaching dataset; not observed market data,2026-09-01T00:00:00+00:00
2025-12-05,CAD_5,0.015650214472398127,absolute,SYNTHETIC: seeded teaching dataset; not observed market data,2026-09-01T00:00:00+00:00
2025-12-08,CAD_5,0.015827341556916615,absolute,SYNTHETIC: seeded teaching dataset; not observed market data,2026-09-01T00:00:00+00:00
2025-12-09,CAD_5,0.016165191866975275,absolute,SYNTHETIC: seeded teaching dataset; not observed market data,2026-09-01T00:00:00+00:00
2025-12-10,CAD_5,0.01640605673744498,absolute,SYNTHETIC: seeded teaching dataset; not observed market data,2026-09-01T00:00:00+00:00
2025-12-11,CAD_5,0.016938078685854004,absolute,SYNTHETIC: seeded teaching dataset; not observed market data,2026-09-01T00:00:00+00:00
2025-12-12,CAD_5,0.016899872379967176,absolute,SYNTHETIC: seeded teaching dataset; not observed market data,2026-09-01T00:00:00+00:00
2025-12-15,CAD_5,0.016704003861522976,absolute,SYNTHETIC: seeded teaching dataset; not observed market data,2026-09-01T00:00:00+00:00
2025-12-16,CAD_5,0.01577114901356202,absolute,SYNTHETIC: seeded teaching dataset; not observed market data,2026-09-01T00:00:00+00:00
2025-12-17,CAD_5,0.01543362720382958,absolute,SYNTHETIC: seeded teaching dataset; not observed market data,2026-09-01T00:00:00+00:00
2025-12-18,CAD_5,0.015839992465412785,absolute,SYNTHETIC: seeded teaching dataset; not observed market data,2026-09-01T00:00:00+00:00
2025-12-19,CAD_5,0.01662784461247459,absolute,SYNTHETIC: seeded teaching dataset; not observed market data,2026-09-01T00:00:00+00:00
2025-12-22,CAD_5,0.01764354292883195,absolute,SYNTHETIC: seeded teaching dataset; not observed market data,2026-09-01T00:00:00+00:00
2025-12-23,CAD_5,0.016693569381568,absolute,SYNTHETIC: seeded teaching dataset; not observed market data,2026-09-01T00:00:00+00:00
2025-12-24,CAD_5,0.01648756967579026,absolute,SYNTHETIC: seeded teaching dataset; not observed market data,2026-09-01T00:00:00+00:00
2025-12-25,CAD_5,0.016633863631560466,absolute,SYNTHETIC: seeded teaching dataset; not observed market data,2026-09-01T00:00:00+00:00
2025-12-26,CAD_5,0.017823999007147078,absolute,SYNTHETIC: seeded teaching dataset; not observed market data,2026-09-01T00:00:00+00:00
2025-12-29,CAD_5,0.01790814498059867,absolute,SYNTHETIC: seeded teaching dataset; not observed market data,2026-09-01T00:00:00+00:00
2025-12-30,CAD_5,0.017077397658020004,absolute,SYNTHETIC: seeded teaching dataset; not observed market data,2026-09-01T00:00:00+00:00
2025-12-31,CAD_5,0.017757588893827055,absolute,SYNTHETIC: seeded teaching dataset; not observed market data,2026-09-01T00:00:00+00:00
2026-01-01,CAD_5,0.017639022097332386,absolute,SYNTHETIC: seeded teaching dataset; not observed market data,2026-09-01T00:00:00+00:00
2026-01-02,CAD_5,0.018141639179355653,absolute,SYNTHETIC: seeded teaching dataset; not observed market data,2026-09-01T00:00:00+00:00
2026-01-05,CAD_5,0.019556269244116232,absolute,SYNTHETIC: seeded teaching dataset; not observed market data,2026-09-01T00:00:00+00:00
2026-01-06,CAD_5,0.01970071861595057,absolute,SYNTHETIC: seeded teaching dataset; not observed market data,2026-09-01T00:00:00+00:00
2026-01-07,CAD_5,0.019501058027819155,absolute,SYNTHETIC: seeded teaching dataset; not observed market data,2026-09-01T00:00:00+00:00
2026-01-08,CAD_5,0.01926646442219272,absolute,SYNTHETIC: seeded teaching dataset; not observed market data,2026-09-01T00:00:00+00:00
2026-01-09,CAD_5,0.01997784105054787,absolute,SYNTHETIC: seeded teaching dataset; not observed market data,2026-09-01T00:00:00+00:00
2026-01-12,CAD_5,0.021078428482284885,absolute,SYNTHETIC: seeded teaching dataset; not observed market data,2026-09-01T00:00:00+00:00
2026-01-13,CAD_5,0.021192475540757965,absolute,SYNTHETIC: seeded teaching dataset; not observed market data,2026-09-01T00:00:00+00:00
2026-01-14,CAD_5,0.021608838989817896,absolute,SYNTHETIC: seeded teaching dataset; not observed market data,2026-09-01T00:00:00+00:00
2026-01-15,CAD_5,0.022010125915827187,absolute,SYNTHETIC: seeded teaching dataset; not observed market data,2026-09-01T00:00:00+00:00
2026-01-16,CAD_5,0.021305607025534554,absolute,SYNTHETIC: seeded teaching dataset; not observed market data,2026-09-01T00:00:00+00:00
2026-01-19,CAD_5,0.02094715732260691,absolute,SYNTHETIC: seeded teaching dataset; not observed market data,2026-09-01T00:00:00+00:00
2026-01-20,CAD_5,0.021117010261207148,absolute,SYNTHETIC: seeded teaching dataset; not observed market data,2026-09-01T00:00:00+00:00
2026-01-21,CAD_5,0.021604510847596303,absolute,SYNTHETIC: seeded teaching dataset; not observed market data,2026-09-01T00:00:00+00:00
2026-01-22,CAD_5,0.021588484705772033,absolute,SYNTHETIC: seeded teaching dataset; not observed market data,2026-09-01T00:00:00+00:00
2026-01-23,CAD_5,0.022527571704770415,absolute,SYNTHETIC: seeded teaching dataset; not observed market data,2026-09-01T00:00:00+00:00
2026-01-26,CAD_5,0.022248770639453765,absolute,SYNTHETIC: seeded teaching dataset; not observed market data,2026-09-01T00:00:00+00:00
2026-01-27,CAD_5,0.02206261731254251,absolute,SYNTHETIC: seeded teaching dataset; not observed market data,2026-09-01T00:00:00+00:00
2026-01-28,CAD_5,0.02300265920530666,absolute,SYNTHETIC: seeded teaching dataset; not observed market data,2026-09-01T00:00:00+00:00
2026-01-29,CAD_5,0.023064574087617692,absolute,SYNTHETIC: seeded teaching dataset; not observed market data,2026-09-01T00:00:00+00:00
2026-01-30,CAD_5,0.023837223698886193,absolute,SYNTHETIC: seeded teaching dataset; not observed market data,2026-09-01T00:00:00+00:00
2026-02-02,CAD_5,0.022982697524448443,absolute,SYNTHETIC: seeded teaching dataset; not observed market data,2026-09-01T00:00:00+00:00
2026-02-03,CAD_5,0.022252580927033954,absolute,SYNTHETIC: seeded teaching dataset; not observed market data,2026-09-01T00:00:00+00:00
2026-02-04,CAD_5,0.022306529570078917,absolute,SYNTHETIC: seeded teaching dataset; not observed market data,2026-09-01T00:00:00+00:00
2026-02-05,CAD_5,0.021870206876604643,absolute,SYNTHETIC: seeded teaching dataset; not observed market data,2026-09-01T00:00:00+00:00
2026-02-06,CAD_5,0.021544997669948534,absolute,SYNTHETIC: seeded teaching dataset; not observed market data,2026-09-01T00:00:00+00:00
2026-02-09,CAD_5,0.021354472638445112,absolute,SYNTHETIC: seeded teaching dataset; not observed market data,2026-09-01T00:00:00+00:00
2026-02-10,CAD_5,0.02068494820275772,absolute,SYNTHETIC: seeded teaching dataset; not observed market data,2026-09-01T00:00:00+00:00
2026-02-11,CAD_5,0.020071823737198884,absolute,SYNTHETIC: seeded teaching dataset; not observed market data,2026-09-01T00:00:00+00:00
2026-02-12,CAD_5,0.020207649792238592,absolute,SYNTHETIC: seeded teaching dataset; not observed market data,2026-09-01T00:00:00+00:00
2026-02-13,CAD_5,0.02053084424647542,absolute,SYNTHETIC: seeded teaching dataset; not observed market data,2026-09-01T00:00:00+00:00
2026-02-16,CAD_5,0.02073610761020041,absolute,SYNTHETIC: seeded teaching dataset; not observed market data,2026-09-01T00:00:00+00:00
2026-02-17,CAD_5,0.02104226724199013,absolute,SYNTHETIC: seeded teaching dataset; not observed market data,2026-09-01T00:00:00+00:00
2026-02-18,CAD_5,0.02087510877160609,absolute,SYNTHETIC: seeded teaching dataset; not observed market data,2026-09-01T00:00:00+00:00
2026-02-19,CAD_5,0.0201446681706231,absolute,SYNTHETIC: seeded teaching dataset; not observed market data,2026-09-01T00:00:00+00:00
2026-02-20,CAD_5,0.020129528798284262,absolute,SYNTHETIC: seeded teaching dataset; not observed market data,2026-09-01T00:00:00+00:00
2026-02-23,CAD_5,0.020046493135584726,absolute,SYNTHETIC: seeded teaching dataset; not observed market data,2026-09-01T00:00:00+00:00
2026-02-24,CAD_5,0.020253539589917057,absolute,SYNTHETIC: seeded teaching dataset; not observed market data,2026-09-01T00:00:00+00:00
2026-02-25,CAD_5,0.01928617693633537,absolute,SYNTHETIC: seeded teaching dataset; not observed market data,2026-09-01T00:00:00+00:00
2026-02-26,CAD_5,0.01909716643384422,absolute,SYNTHETIC: seeded teaching dataset; not observed market data,2026-09-01T00:00:00+00:00
2026-02-27,CAD_5,0.018933987864045296,absolute,SYNTHETIC: seeded teaching dataset; not observed market data,2026-09-01T00:00:00+00:00
2026-03-02,CAD_5,0.019999510298614413,absolute,SYNTHETIC: seeded teaching dataset; not observed market data,2026-09-01T00:00:00+00:00
2026-03-03,CAD_5,0.02032692999077169,absolute,SYNTHETIC: seeded teaching dataset; not observed market data,2026-09-01T00:00:00+00:00
2026-03-04,CAD_5,0.019871942324445533,absolute,SYNTHETIC: seeded teaching dataset; not observed market data,2026-09-01T00:00:00+00:00
2026-03-05,CAD_5,0.02061753402906164,absolute,SYNTHETIC: seeded teaching dataset; not observed market data,2026-09-01T00:00:00+00:00
2026-03-06,CAD_5,0.020712039793886836,absolute,SYNTHETIC: seeded teaching dataset; not observed market data,2026-09-01T00:00:00+00:00
2026-03-09,CAD_5,0.020982187206987146,absolute,SYNTHETIC: seeded teaching dataset; not observed market data,2026-09-01T00:00:00+00:00
2026-03-10,CAD_5,0.021264859719612835,absolute,SYNTHETIC: seeded teaching dataset; not observed market data,2026-09-01T00:00:00+00:00
2026-03-11,CAD_5,0.02131497250126418,absolute,SYNTHETIC: seeded teaching dataset; not observed market data,2026-09-01T00:00:00+00:00
2026-03-12,CAD_5,0.020985548952731286,absolute,SYNTHETIC: seeded teaching dataset; not observed market data,2026-09-01T00:00:00+00:00
2026-03-13,CAD_5,0.021427956894588828,absolute,SYNTHETIC: seeded teaching dataset; not observed market data,2026-09-01T00:00:00+00:00
2026-03-16,CAD_5,0.021059316083668258,absolute,SYNTHETIC: seeded teaching dataset; not observed market data,2026-09-01T00:00:00+00:00
2026-03-17,CAD_5,0.02094224467168161,absolute,SYNTHETIC: seeded teaching dataset; not observed market data,2026-09-01T00:00:00+00:00
2026-03-18,CAD_5,0.020797183545795097,absolute,SYNTHETIC: seeded teaching dataset; not observed market data,2026-09-01T00:00:00+00:00
2026-03-19,CAD_5,0.020642801071145325,absolute,SYNTHETIC: seeded teaching dataset; not observed market data,2026-09-01T00:00:00+00:00
2026-03-20,CAD_5,0.02176212932413035,absolute,SYNTHETIC: seeded teaching dataset; not observed market data,2026-09-01T00:00:00+00:00
2026-03-23,CAD_5,0.022509949876906573,absolute,SYNTHETIC: seeded teaching dataset; not observed market data,2026-09-01T00:00:00+00:00
2026-03-24,CAD_5,0.02408422891199016,absolute,SYNTHETIC: seeded teaching dataset; not observed market data,2026-09-01T00:00:00+00:00
2026-03-25,CAD_5,0.025111999550908645,absolute,SYNTHETIC: seeded teaching dataset; not observed market data,2026-09-01T00:00:00+00:00
2026-03-26,CAD_5,0.025058408869654502,absolute,SYNTHETIC: seeded teaching dataset; not observed market data,2026-09-01T00:00:00+00:00
2026-03-27,CAD_5,0.024829949209755033,absolute,SYNTHETIC: seeded teaching dataset; not observed market data,2026-09-01T00:00:00+00:00
2026-03-30,CAD_5,0.025870350271130483,absolute,SYNTHETIC: seeded teaching dataset; not observed market data,2026-09-01T00:00:00+00:00
2026-03-31,CAD_5,0.026387308491902874,absolute,SYNTHETIC: seeded teaching dataset; not observed market data,2026-09-01T00:00:00+00:00
2026-04-01,CAD_5,0.026021247722281805,absolute,SYNTHETIC: seeded teaching dataset; not observed market data,2026-09-01T00:00:00+00:00
2026-04-02,CAD_5,0.02578580889262432,absolute,SYNTHETIC: seeded teaching dataset; not observed market data,2026-09-01T00:00:00+00:00
2026-04-03,CAD_5,0.026278873454434918,absolute,SYNTHETIC: seeded teaching dataset; not observed market data,2026-09-01T00:00:00+00:00
2026-04-06,CAD_5,0.02599771045692822,absolute,SYNTHETIC: seeded teaching dataset; not observed market data,2026-09-01T00:00:00+00:00
2026-04-07,CAD_5,0.025481137712110847,absolute,SYNTHETIC: seeded teaching dataset; not observed market data,2026-09-01T00:00:00+00:00
2026-04-08,CAD_5,0.025743580636224627,absolute,SYNTHETIC: seeded teaching dataset; not observed market data,2026-09-01T00:00:00+00:00
2026-04-09,CAD_5,0.02615182485633256,absolute,SYNTHETIC: seeded teaching dataset; not observed market data,2026-09-01T00:00:00+00:00
2026-04-10,CAD_5,0.026058019661809966,absolute,SYNTHETIC: seeded teaching dataset; not observed market data,2026-09-01T00:00:00+00:00
2026-04-13,CAD_5,0.026208365700146386,absolute,SYNTHETIC: seeded teaching dataset; not observed market data,2026-09-01T00:00:00+00:00
2026-04-14,CAD_5,0.025630417392477862,absolute,SYNTHETIC: seeded teaching dataset; not observed market data,2026-09-01T00:00:00+00:00
2026-04-15,CAD_5,0.02596890781252321,absolute,SYNTHETIC: seeded teaching dataset; not observed market data,2026-09-01T00:00:00+00:00
2026-04-16,CAD_5,0.02541739039110662,absolute,SYNTHETIC: seeded teaching dataset; not observed market data,2026-09-01T00:00:00+00:00
2026-04-17,CAD_5,0.026217133189928705,absolute,SYNTHETIC: seeded teaching dataset; not observed market data,2026-09-01T00:00:00+00:00
2026-04-20,CAD_5,0.026327252504510106,absolute,SYNTHETIC: seeded teaching dataset; not observed market data,2026-09-01T00:00:00+00:00
2026-04-21,CAD_5,0.0266545693861055,absolute,SYNTHETIC: seeded teaching dataset; not observed market data,2026-09-01T00:00:00+00:00
2026-04-22,CAD_5,0.02710425734021502,absolute,SYNTHETIC: seeded teaching dataset; not observed market data,2026-09-01T00:00:00+00:00
2026-04-23,CAD_5,0.02733273492368334,absolute,SYNTHETIC: seeded teaching dataset; not observed market data,2026-09-01T00:00:00+00:00
2026-04-24,CAD_5,0.027281117232645657,absolute,SYNTHETIC: seeded teaching dataset; not observed market data,2026-09-01T00:00:00+00:00
2026-04-27,CAD_5,0.027415312171180064,absolute,SYNTHETIC: seeded teaching dataset; not observed market data,2026-09-01T00:00:00+00:00
2026-04-28,CAD_5,0.02764415063537032,absolute,SYNTHETIC: seeded teaching dataset; not observed market data,2026-09-01T00:00:00+00:00
2026-04-29,CAD_5,0.027464714966921096,absolute,SYNTHETIC: seeded teaching dataset; not observed market data,2026-09-01T00:00:00+00:00
2026-04-30,CAD_5,0.02738663019232251,absolute,SYNTHETIC: seeded teaching dataset; not observed market data,2026-09-01T00:00:00+00:00
2026-05-01,CAD_5,0.02703194074164098,absolute,SYNTHETIC: seeded teaching dataset; not observed market data,2026-09-01T00:00:00+00:00
2026-05-04,CAD_5,0.0267623326299266,absolute,SYNTHETIC: seeded teaching dataset; not observed market data,2026-09-01T00:00:00+00:00
2026-05-05,CAD_5,0.026803689563860766,absolute,SYNTHETIC: seeded teaching dataset; not observed market data,2026-09-01T00:00:00+00:00
2026-05-06,CAD_5,0.02657621379135598,absolute,SYNTHETIC: seeded teaching dataset; not observed market data,2026-09-01T00:00:00+00:00
2026-05-07,CAD_5,0.02663567848372952,absolute,SYNTHETIC: seeded teaching dataset; not observed market data,2026-09-01T00:00:00+00:00
2026-05-08,CAD_5,0.026400354096833566,absolute,SYNTHETIC: seeded teaching dataset; not observed market data,2026-09-01T00:00:00+00:00
2026-05-11,CAD_5,0.026916238867331774,absolute,SYNTHETIC: seeded teaching dataset; not observed market data,2026-09-01T00:00:00+00:00
2026-05-12,CAD_5,0.027390553512307594,absolute,SYNTHETIC: seeded teaching dataset; not observed market data,2026-09-01T00:00:00+00:00
2026-05-13,CAD_5,0.0272985599227485,absolute,SYNTHETIC: seeded teaching dataset; not observed market data,2026-09-01T00:00:00+00:00
2026-05-14,CAD_5,0.027381708537062715,absolute,SYNTHETIC: seeded teaching dataset; not observed market data,2026-09-01T00:00:00+00:00
2026-05-15,CAD_5,0.02752312265705206,absolute,SYNTHETIC: seeded teaching dataset; not observed market data,2026-09-01T00:00:00+00:00
2026-05-18,CAD_5,0.0273378461921444,absolute,SYNTHETIC: seeded teaching dataset; not observed market data,2026-09-01T00:00:00+00:00
2026-05-19,CAD_5,0.02763506385664678,absolute,SYNTHETIC: seeded teaching dataset; not observed market data,2026-09-01T00:00:00+00:00
2026-05-20,CAD_5,0.028458101167410498,absolute,SYNTHETIC: seeded teaching dataset; not observed market data,2026-09-01T00:00:00+00:00
2026-05-21,CAD_5,0.028391414984019137,absolute,SYNTHETIC: seeded teaching dataset; not observed market data,2026-09-01T00:00:00+00:00
2026-05-22,CAD_5,0.028568628408507737,absolute,SYNTHETIC: seeded teaching dataset; not observed market data,2026-09-01T00:00:00+00:00
2026-05-25,CAD_5,0.029188165052038122,absolute,SYNTHETIC: seeded teaching dataset; not observed market data,2026-09-01T00:00:00+00:00
2026-05-26,CAD_5,0.0303151690998817,absolute,SYNTHETIC: seeded teaching dataset; not observed market data,2026-09-01T00:00:00+00:00
2026-05-27,CAD_5,0.030575624367648973,absolute,SYNTHETIC: seeded teaching dataset; not observed market data,2026-09-01T00:00:00+00:00
2026-05-28,CAD_5,0.031072636993913137,absolute,SYNTHETIC: seeded teaching dataset; not observed market data,2026-09-01T00:00:00+00:00
2026-05-29,CAD_5,0.03113594935048249,absolute,SYNTHETIC: seeded teaching dataset; not observed market data,2026-09-01T00:00:00+00:00
2026-06-01,CAD_5,0.030882152741048798,absolute,SYNTHETIC: seeded teaching dataset; not observed market data,2026-09-01T00:00:00+00:00
2026-06-02,CAD_5,0.02996616955398956,absolute,SYNTHETIC: seeded teaching dataset; not observed market data,2026-09-01T00:00:00+00:00
2026-06-03,CAD_5,0.030051603120495807,absolute,SYNTHETIC: seeded teaching dataset; not observed market data,2026-09-01T00:00:00+00:00
2026-06-04,CAD_5,0.030742625981352942,absolute,SYNTHETIC: seeded teaching dataset; not observed market data,2026-09-01T00:00:00+00:00
2026-06-05,CAD_5,0.03119306989473362,absolute,SYNTHETIC: seeded teaching dataset; not observed market data,2026-09-01T00:00:00+00:00
2026-06-08,CAD_5,0.030743063302569647,absolute,SYNTHETIC: seeded teaching dataset; not observed market data,2026-09-01T00:00:00+00:00
2026-06-09,CAD_5,0.030588758499746706,absolute,SYNTHETIC: seeded teaching dataset; not observed market data,2026-09-01T00:00:00+00:00
2026-06-10,CAD_5,0.030161226240758527,absolute,SYNTHETIC: seeded teaching dataset; not observed market data,2026-09-01T00:00:00+00:00
2026-06-11,CAD_5,0.030613549940196143,absolute,SYNTHETIC: seeded teaching dataset; not observed market data,2026-09-01T00:00:00+00:00
2026-06-12,CAD_5,0.030796418747824624,absolute,SYNTHETIC: seeded teaching dataset; not observed market data,2026-09-01T00:00:00+00:00
2026-06-15,CAD_5,0.03013939570032256,absolute,SYNTHETIC: seeded teaching dataset; not observed market data,2026-09-01T00:00:00+00:00
2026-06-16,CAD_5,0.030771639812622733,absolute,SYNTHETIC: seeded teaching dataset; not observed market data,2026-09-01T00:00:00+00:00
2026-06-17,CAD_5,0.029894845479692785,absolute,SYNTHETIC: seeded teaching dataset; not observed market data,2026-09-01T00:00:00+00:00
2026-06-18,CAD_5,0.029970052112986045,absolute,SYNTHETIC: seeded teaching dataset; not observed market data,2026-09-01T00:00:00+00:00
2026-06-19,CAD_5,0.030155019212994575,absolute,SYNTHETIC: seeded teaching dataset; not observed market data,2026-09-01T00:00:00+00:00
2026-06-22,CAD_5,0.03153451273284137,absolute,SYNTHETIC: seeded teaching dataset; not observed market data,2026-09-01T00:00:00+00:00
2026-06-23,CAD_5,0.0307915096203383,absolute,SYNTHETIC: seeded teaching dataset; not observed market data,2026-09-01T00:00:00+00:00
2026-06-24,CAD_5,0.0310215395806902,absolute,SYNTHETIC: seeded teaching dataset; not observed market data,2026-09-01T00:00:00+00:00
2026-06-25,CAD_5,0.03170068536060183,absolute,SYNTHETIC: seeded teaching dataset; not observed market data,2026-09-01T00:00:00+00:00
2026-06-26,CAD_5,0.03137556236634349,absolute,SYNTHETIC: seeded teaching dataset; not observed market data,2026-09-01T00:00:00+00:00
2026-06-29,CAD_5,0.030667177277018672,absolute,SYNTHETIC: seeded teaching dataset; not observed market data,2026-09-01T00:00:00+00:00
2026-06-30,CAD_5,0.030996859052610844,absolute,SYNTHETIC: seeded teaching dataset; not observed market data,2026-09-01T00:00:00+00:00
2026-07-01,CAD_5,0.03173927111993938,absolute,SYNTHETIC: seeded teaching dataset; not observed market data,2026-09-01T00:00:00+00:00
2026-07-02,CAD_5,0.03189162227442238,absolute,SYNTHETIC: seeded teaching dataset; not observed market data,2026-09-01T00:00:00+00:00
2026-07-03,CAD_5,0.03193241420066889,absolute,SYNTHETIC: seeded teaching dataset; not observed market data,2026-09-01T00:00:00+00:00
2026-07-06,CAD_5,0.03188715840242258,absolute,SYNTHETIC: seeded teaching dataset; not observed market data,2026-09-01T00:00:00+00:00
2026-07-07,CAD_5,0.03191808335084091,absolute,SYNTHETIC: seeded teaching dataset; not observed market data,2026-09-01T00:00:00+00:00
2026-07-08,CAD_5,0.031461645787210335,absolute,SYNTHETIC: seeded teaching dataset; not observed market data,2026-09-01T00:00:00+00:00
2026-07-09,CAD_5,0.030954099664223588,absolute,SYNTHETIC: seeded teaching dataset; not observed market data,2026-09-01T00:00:00+00:00
2026-07-10,CAD_5,0.031744854894728516,absolute,SYNTHETIC: seeded teaching dataset; not observed market data,2026-09-01T00:00:00+00:00
2026-07-13,CAD_5,0.03189875864603628,absolute,SYNTHETIC: seeded teaching dataset; not observed market data,2026-09-01T00:00:00+00:00
2026-07-14,CAD_5,0.03143446998099449,absolute,SYNTHETIC: seeded teaching dataset; not observed market data,2026-09-01T00:00:00+00:00
2026-07-15,CAD_5,0.03200661252393963,absolute,SYNTHETIC: seeded teaching dataset; not observed market data,2026-09-01T00:00:00+00:00
2026-07-16,CAD_5,0.03185328777861343,absolute,SYNTHETIC: seeded teaching dataset; not observed market data,2026-09-01T00:00:00+00:00
2026-07-17,CAD_5,0.03281051815064022,absolute,SYNTHETIC: seeded teaching dataset; not observed market data,2026-09-01T00:00:00+00:00
2026-07-20,CAD_5,0.033576444487817145,absolute,SYNTHETIC: seeded teaching dataset; not observed market data,2026-09-01T00:00:00+00:00
2026-07-21,CAD_5,0.03390331737284305,absolute,SYNTHETIC: seeded teaching dataset; not observed market data,2026-09-01T00:00:00+00:00
2026-07-22,CAD_5,0.03411344896009136,absolute,SYNTHETIC: seeded teaching dataset; not observed market data,2026-09-01T00:00:00+00:00
2026-07-23,CAD_5,0.03369170774877908,absolute,SYNTHETIC: seeded teaching dataset; not observed market data,2026-09-01T00:00:00+00:00
2026-07-24,CAD_5,0.03371051667977913,absolute,SYNTHETIC: seeded teaching dataset; not observed market data,2026-09-01T00:00:00+00:00
2026-07-27,CAD_5,0.03360875838849722,absolute,SYNTHETIC: seeded teaching dataset; not observed market data,2026-09-01T00:00:00+00:00
2026-07-28,CAD_5,0.033475443840714214,absolute,SYNTHETIC: seeded teaching dataset; not observed market data,2026-09-01T00:00:00+00:00
2026-07-29,CAD_5,0.033509466415823835,absolute,SYNTHETIC: seeded teaching dataset; not observed market data,2026-09-01T00:00:00+00:00
2026-07-30,CAD_5,0.03292611646521179,absolute,SYNTHETIC: seeded teaching dataset; not observed market data,2026-09-01T00:00:00+00:00
2026-07-31,CAD_5,0.03313920435884983,absolute,SYNTHETIC: seeded teaching dataset; not observed market data,2026-09-01T00:00:00+00:00
2026-08-03,CAD_5,0.03259586791357495,absolute,SYNTHETIC: seeded teaching dataset; not observed market data,2026-09-01T00:00:00+00:00
2026-08-04,CAD_5,0.03305335050061263,absolute,SYNTHETIC: seeded teaching dataset; not observed market data,2026-09-01T00:00:00+00:00
2026-08-05,CAD_5,0.032935370233933184,absolute,SYNTHETIC: seeded teaching dataset; not observed market data,2026-09-01T00:00:00+00:00
2026-08-06,CAD_5,0.032131513886280605,absolute,SYNTHETIC: seeded teaching dataset; not observed market data,2026-09-01T00:00:00+00:00
2026-08-07,CAD_5,0.031365219295643246,absolute,SYNTHETIC: seeded teaching dataset; not observed market data,2026-09-01T00:00:00+00:00
2026-08-10,CAD_5,0.031151537698172815,absolute,SYNTHETIC: seeded teaching dataset; not observed market data,2026-09-01T00:00:00+00:00
2026-08-11,CAD_5,0.031040149387587545,absolute,SYNTHETIC: seeded teaching dataset; not observed market data,2026-09-01T00:00:00+00:00
2026-08-12,CAD_5,0.031083373731292923,absolute,SYNTHETIC: seeded teaching dataset; not observed market data,2026-09-01T00:00:00+00:00
2026-08-13,CAD_5,0.031172385286817466,absolute,SYNTHETIC: seeded teaching dataset; not observed market data,2026-09-01T00:00:00+00:00
2026-08-14,CAD_5,0.031850280314473026,absolute,SYNTHETIC: seeded teaching dataset; not observed market data,2026-09-01T00:00:00+00:00
2026-08-17,CAD_5,0.032108548343217025,absolute,SYNTHETIC: seeded teaching dataset; not observed market data,2026-09-01T00:00:00+00:00
2026-08-18,CAD_5,0.031506904810159664,absolute,SYNTHETIC: seeded teaching dataset; not observed market data,2026-09-01T00:00:00+00:00
2026-08-19,CAD_5,0.03140388099224416,absolute,SYNTHETIC: seeded teaching dataset; not observed market data,2026-09-01T00:00:00+00:00
2026-08-20,CAD_5,0.031350725022741346,absolute,SYNTHETIC: seeded teaching dataset; not observed market data,2026-09-01T00:00:00+00:00
2026-08-21,CAD_5,0.03167944231987886,absolute,SYNTHETIC: seeded teaching dataset; not observed market data,2026-09-01T00:00:00+00:00
2026-08-24,CAD_5,0.03165845747807737,absolute,SYNTHETIC: seeded teaching dataset; not observed market data,2026-09-01T00:00:00+00:00
2026-08-25,CAD_5,0.031177755437998455,absolute,SYNTHETIC: seeded teaching dataset; not observed market data,2026-09-01T00:00:00+00:00
2026-08-26,CAD_5,0.031211241200756298,absolute,SYNTHETIC: seeded teaching dataset; not observed market data,2026-09-01T00:00:00+00:00
2026-08-27,CAD_5,0.031253293970999935,absolute,SYNTHETIC: seeded teaching dataset; not observed market data,2026-09-01T00:00:00+00:00
2026-08-28,CAD_5,0.030901293875311955,absolute,SYNTHETIC: seeded teaching dataset; not observed market data,2026-09-01T00:00:00+00:00
2026-08-31,CAD_5,0.0315,absolute,SYNTHETIC: seeded teaching dataset; not observed market data,2026-09-01T00:00:00+00:00
2025-01-02,CAD_10,0.01968102471200396,absolute,SYNTHETIC: seeded teaching dataset; not observed market data,2026-09-01T00:00:00+00:00
2025-01-03,CAD_10,0.02015719651965086,absolute,SYNTHETIC: seeded teaching dataset; not observed market data,2026-09-01T00:00:00+00:00
2025-01-06,CAD_10,0.02040364097670365,absolute,SYNTHETIC: seeded teaching dataset; not observed market data,2026-09-01T00:00:00+00:00
2025-01-07,CAD_10,0.02076784195408924,absolute,SYNTHETIC: seeded teaching dataset; not observed market data,2026-09-01T00:00:00+00:00
2025-01-08,CAD_10,0.02132047947934946,absolute,SYNTHETIC: seeded teaching dataset; not observed market data,2026-09-01T00:00:00+00:00
2025-01-09,CAD_10,0.021369183465049325,absolute,SYNTHETIC: seeded teaching dataset; not observed market data,2026-09-01T00:00:00+00:00
2025-01-10,CAD_10,0.021852472774936682,absolute,SYNTHETIC: seeded teaching dataset; not observed market data,2026-09-01T00:00:00+00:00
2025-01-13,CAD_10,0.021959529891363294,absolute,SYNTHETIC: seeded teaching dataset; not observed market data,2026-09-01T00:00:00+00:00
2025-01-14,CAD_10,0.021103083773186038,absolute,SYNTHETIC: seeded teaching dataset; not observed market data,2026-09-01T00:00:00+00:00
2025-01-15,CAD_10,0.020233439603403673,absolute,SYNTHETIC: seeded teaching dataset; not observed market data,2026-09-01T00:00:00+00:00
2025-01-16,CAD_10,0.021067404475947578,absolute,SYNTHETIC: seeded teaching dataset; not observed market data,2026-09-01T00:00:00+00:00
2025-01-17,CAD_10,0.02086295964711106,absolute,SYNTHETIC: seeded teaching dataset; not observed market data,2026-09-01T00:00:00+00:00
2025-01-20,CAD_10,0.020641321744667263,absolute,SYNTHETIC: seeded teaching dataset; not observed market data,2026-09-01T00:00:00+00:00
2025-01-21,CAD_10,0.020177686927123212,absolute,SYNTHETIC: seeded teaching dataset; not observed market data,2026-09-01T00:00:00+00:00
2025-01-22,CAD_10,0.019806440132152756,absolute,SYNTHETIC: seeded teaching dataset; not observed market data,2026-09-01T00:00:00+00:00
2025-01-23,CAD_10,0.02011874750505724,absolute,SYNTHETIC: seeded teaching dataset; not observed market data,2026-09-01T00:00:00+00:00
2025-01-24,CAD_10,0.019745789497276782,absolute,SYNTHETIC: seeded teaching dataset; not observed market data,2026-09-01T00:00:00+00:00
2025-01-27,CAD_10,0.019479237564320948,absolute,SYNTHETIC: seeded teaching dataset; not observed market data,2026-09-01T00:00:00+00:00
2025-01-28,CAD_10,0.019953623270636413,absolute,SYNTHETIC: seeded teaching dataset; not observed market data,2026-09-01T00:00:00+00:00
2025-01-29,CAD_10,0.019889098464823972,absolute,SYNTHETIC: seeded teaching dataset; not observed market data,2026-09-01T00:00:00+00:00
2025-01-30,CAD_10,0.01948224344904733,absolute,SYNTHETIC: seeded teaching dataset; not observed market data,2026-09-01T00:00:00+00:00
2025-01-31,CAD_10,0.01918696287214084,absolute,SYNTHETIC: seeded teaching dataset; not observed market data,2026-09-01T00:00:00+00:00
2025-02-03,CAD_10,0.019054207721233625,absolute,SYNTHETIC: seeded teaching dataset; not observed market data,2026-09-01T00:00:00+00:00
2025-02-04,CAD_10,0.019471404296089803,absolute,SYNTHETIC: seeded teaching dataset; not observed market data,2026-09-01T00:00:00+00:00
2025-02-05,CAD_10,0.01883391534767289,absolute,SYNTHETIC: seeded teaching dataset; not observed market data,2026-09-01T00:00:00+00:00
2025-02-06,CAD_10,0.0187706782584904,absolute,SYNTHETIC: seeded teaching dataset; not observed market data,2026-09-01T00:00:00+00:00
2025-02-07,CAD_10,0.019600138178850354,absolute,SYNTHETIC: seeded teaching dataset; not observed market data,2026-09-01T00:00:00+00:00
2025-02-10,CAD_10,0.019540144743643538,absolute,SYNTHETIC: seeded teaching dataset; not observed market data,2026-09-01T00:00:00+00:00
2025-02-11,CAD_10,0.01930026642565235,absolute,SYNTHETIC: seeded teaching dataset; not observed market data,2026-09-01T00:00:00+00:00
2025-02-12,CAD_10,0.019184979210711335,absolute,SYNTHETIC: seeded teaching dataset; not observed market data,2026-09-01T00:00:00+00:00
2025-02-13,CAD_10,0.019862748323269543,absolute,SYNTHETIC: seeded teaching dataset; not observed market data,2026-09-01T00:00:00+00:00
2025-02-14,CAD_10,0.019462596227499858,absolute,SYNTHETIC: seeded teaching dataset; not observed market data,2026-09-01T00:00:00+00:00
2025-02-17,CAD_10,0.019179916233889482,absolute,SYNTHETIC: seeded teaching dataset; not observed market data,2026-09-01T00:00:00+00:00
2025-02-18,CAD_10,0.019712252192970348,absolute,SYNTHETIC: seeded teaching dataset; not observed market data,2026-09-01T00:00:00+00:00
2025-02-19,CAD_10,0.02059769486849019,absolute,SYNTHETIC: seeded teaching dataset; not observed market data,2026-09-01T00:00:00+00:00
2025-02-20,CAD_10,0.02062301503728789,absolute,SYNTHETIC: seeded teaching dataset; not observed market data,2026-09-01T00:00:00+00:00
2025-02-21,CAD_10,0.020661194782915636,absolute,SYNTHETIC: seeded teaching dataset; not observed market data,2026-09-01T00:00:00+00:00
2025-02-24,CAD_10,0.021382611643654625,absolute,SYNTHETIC: seeded teaching dataset; not observed market data,2026-09-01T00:00:00+00:00
2025-02-25,CAD_10,0.021022609628760063,absolute,SYNTHETIC: seeded teaching dataset; not observed market data,2026-09-01T00:00:00+00:00
2025-02-26,CAD_10,0.02076026089916619,absolute,SYNTHETIC: seeded teaching dataset; not observed market data,2026-09-01T00:00:00+00:00
2025-02-27,CAD_10,0.020671220503141206,absolute,SYNTHETIC: seeded teaching dataset; not observed market data,2026-09-01T00:00:00+00:00
2025-02-28,CAD_10,0.020161145905802674,absolute,SYNTHETIC: seeded teaching dataset; not observed market data,2026-09-01T00:00:00+00:00
2025-03-03,CAD_10,0.020006019365978463,absolute,SYNTHETIC: seeded teaching dataset; not observed market data,2026-09-01T00:00:00+00:00
2025-03-04,CAD_10,0.019959651605803458,absolute,SYNTHETIC: seeded teaching dataset; not observed market data,2026-09-01T00:00:00+00:00
2025-03-05,CAD_10,0.02048909355426886,absolute,SYNTHETIC: seeded teaching dataset; not observed market data,2026-09-01T00:00:00+00:00
2025-03-06,CAD_10,0.02036654488096156,absolute,SYNTHETIC: seeded teaching dataset; not observed market data,2026-09-01T00:00:00+00:00
2025-03-07,CAD_10,0.020179757565630257,absolute,SYNTHETIC: seeded teaching dataset; not observed market data,2026-09-01T00:00:00+00:00
2025-03-10,CAD_10,0.021000539589337945,absolute,SYNTHETIC: seeded teaching dataset; not observed market data,2026-09-01T00:00:00+00:00
2025-03-11,CAD_10,0.02152491664106921,absolute,SYNTHETIC: seeded teaching dataset; not observed market data,2026-09-01T00:00:00+00:00
2025-03-12,CAD_10,0.02121063427814828,absolute,SYNTHETIC: seeded teaching dataset; not observed market data,2026-09-01T00:00:00+00:00
2025-03-13,CAD_10,0.020907158277364182,absolute,SYNTHETIC: seeded teaching dataset; not observed market data,2026-09-01T00:00:00+00:00
2025-03-14,CAD_10,0.02190898708636372,absolute,SYNTHETIC: seeded teaching dataset; not observed market data,2026-09-01T00:00:00+00:00
2025-03-17,CAD_10,0.02235513316912332,absolute,SYNTHETIC: seeded teaching dataset; not observed market data,2026-09-01T00:00:00+00:00
2025-03-18,CAD_10,0.021977766001418722,absolute,SYNTHETIC: seeded teaching dataset; not observed market data,2026-09-01T00:00:00+00:00
2025-03-19,CAD_10,0.0225623544536679,absolute,SYNTHETIC: seeded teaching dataset; not observed market data,2026-09-01T00:00:00+00:00
2025-03-20,CAD_10,0.02211403320638388,absolute,SYNTHETIC: seeded teaching dataset; not observed market data,2026-09-01T00:00:00+00:00
2025-03-21,CAD_10,0.022615730591552113,absolute,SYNTHETIC: seeded teaching dataset; not observed market data,2026-09-01T00:00:00+00:00
2025-03-24,CAD_10,0.02194421341361811,absolute,SYNTHETIC: seeded teaching dataset; not observed market data,2026-09-01T00:00:00+00:00
2025-03-25,CAD_10,0.022186106393846425,absolute,SYNTHETIC: seeded teaching dataset; not observed market data,2026-09-01T00:00:00+00:00
2025-03-26,CAD_10,0.02284751180454564,absolute,SYNTHETIC: seeded teaching dataset; not observed market data,2026-09-01T00:00:00+00:00
2025-03-27,CAD_10,0.02304185035562986,absolute,SYNTHETIC: seeded teaching dataset; not observed market data,2026-09-01T00:00:00+00:00
2025-03-28,CAD_10,0.023107090280780354,absolute,SYNTHETIC: seeded teaching dataset; not observed market data,2026-09-01T00:00:00+00:00
2025-03-31,CAD_10,0.02255797729369382,absolute,SYNTHETIC: seeded teaching dataset; not observed market data,2026-09-01T00:00:00+00:00
2025-04-01,CAD_10,0.023815961494787326,absolute,SYNTHETIC: seeded teaching dataset; not observed market data,2026-09-01T00:00:00+00:00
2025-04-02,CAD_10,0.022903611135192896,absolute,SYNTHETIC: seeded teaching dataset; not observed market data,2026-09-01T00:00:00+00:00
2025-04-03,CAD_10,0.023448244423782932,absolute,SYNTHETIC: seeded teaching dataset; not observed market data,2026-09-01T00:00:00+00:00
2025-04-04,CAD_10,0.02322814412938852,absolute,SYNTHETIC: seeded teaching dataset; not observed market data,2026-09-01T00:00:00+00:00
2025-04-07,CAD_10,0.023844770293399507,absolute,SYNTHETIC: seeded teaching dataset; not observed market data,2026-09-01T00:00:00+00:00
2025-04-08,CAD_10,0.023586271849830497,absolute,SYNTHETIC: seeded teaching dataset; not observed market data,2026-09-01T00:00:00+00:00
2025-04-09,CAD_10,0.02374267056218833,absolute,SYNTHETIC: seeded teaching dataset; not observed market data,2026-09-01T00:00:00+00:00
2025-04-10,CAD_10,0.023479926015057544,absolute,SYNTHETIC: seeded teaching dataset; not observed market data,2026-09-01T00:00:00+00:00
2025-04-11,CAD_10,0.02337744661910096,absolute,SYNTHETIC: seeded teaching dataset; not observed market data,2026-09-01T00:00:00+00:00
2025-04-14,CAD_10,0.02337313342823824,absolute,SYNTHETIC: seeded teaching dataset; not observed market data,2026-09-01T00:00:00+00:00
2025-04-15,CAD_10,0.023613189291369574,absolute,SYNTHETIC: seeded teaching dataset; not observed market data,2026-09-01T00:00:00+00:00
2025-04-16,CAD_10,0.02379918505464617,absolute,SYNTHETIC: seeded teaching dataset; not observed market data,2026-09-01T00:00:00+00:00
2025-04-17,CAD_10,0.023665391267788057,absolute,SYNTHETIC: seeded teaching dataset; not observed market data,2026-09-01T00:00:00+00:00
2025-04-18,CAD_10,0.023593508039088586,absolute,SYNTHETIC: seeded teaching dataset; not observed market data,2026-09-01T00:00:00+00:00
2025-04-21,CAD_10,0.02263380047052966,absolute,SYNTHETIC: seeded teaching dataset; not observed market data,2026-09-01T00:00:00+00:00
2025-04-22,CAD_10,0.02291881527863668,absolute,SYNTHETIC: seeded teaching dataset; not observed market data,2026-09-01T00:00:00+00:00
2025-04-23,CAD_10,0.02320070548641817,absolute,SYNTHETIC: seeded teaching dataset; not observed market data,2026-09-01T00:00:00+00:00
2025-04-24,CAD_10,0.023175349523211278,absolute,SYNTHETIC: seeded teaching dataset; not observed market data,2026-09-01T00:00:00+00:00
2025-04-25,CAD_10,0.02301319410475381,absolute,SYNTHETIC: seeded teaching dataset; not observed market data,2026-09-01T00:00:00+00:00
2025-04-28,CAD_10,0.023161410318329183,absolute,SYNTHETIC: seeded teaching dataset; not observed market data,2026-09-01T00:00:00+00:00
2025-04-29,CAD_10,0.024115541027106807,absolute,SYNTHETIC: seeded teaching dataset; not observed market data,2026-09-01T00:00:00+00:00
2025-04-30,CAD_10,0.024941735722106916,absolute,SYNTHETIC: seeded teaching dataset; not observed market data,2026-09-01T00:00:00+00:00
2025-05-01,CAD_10,0.02481480556946373,absolute,SYNTHETIC: seeded teaching dataset; not observed market data,2026-09-01T00:00:00+00:00
2025-05-02,CAD_10,0.025037833363487416,absolute,SYNTHETIC: seeded teaching dataset; not observed market data,2026-09-01T00:00:00+00:00
2025-05-05,CAD_10,0.024963288669216467,absolute,SYNTHETIC: seeded teaching dataset; not observed market data,2026-09-01T00:00:00+00:00
2025-05-06,CAD_10,0.025550803406595053,absolute,SYNTHETIC: seeded teaching dataset; not observed market data,2026-09-01T00:00:00+00:00
2025-05-07,CAD_10,0.025396684174930642,absolute,SYNTHETIC: seeded teaching dataset; not observed market data,2026-09-01T00:00:00+00:00
2025-05-08,CAD_10,0.024916998432288985,absolute,SYNTHETIC: seeded teaching dataset; not observed market data,2026-09-01T00:00:00+00:00
2025-05-09,CAD_10,0.024695434209142803,absolute,SYNTHETIC: seeded teaching dataset; not observed market data,2026-09-01T00:00:00+00:00
2025-05-12,CAD_10,0.024742704096380942,absolute,SYNTHETIC: seeded teaching dataset; not observed market data,2026-09-01T00:00:00+00:00
2025-05-13,CAD_10,0.024479224528671274,absolute,SYNTHETIC: seeded teaching dataset; not observed market data,2026-09-01T00:00:00+00:00
2025-05-14,CAD_10,0.0242435951837,absolute,SYNTHETIC: seeded teaching dataset; not observed market data,2026-09-01T00:00:00+00:00
2025-05-15,CAD_10,0.024369260924150947,absolute,SYNTHETIC: seeded teaching dataset; not observed market data,2026-09-01T00:00:00+00:00
2025-05-16,CAD_10,0.02434908497026024,absolute,SYNTHETIC: seeded teaching dataset; not observed market data,2026-09-01T00:00:00+00:00
2025-05-19,CAD_10,0.02352069752878403,absolute,SYNTHETIC: seeded teaching dataset; not observed market data,2026-09-01T00:00:00+00:00
2025-05-20,CAD_10,0.023983988136324318,absolute,SYNTHETIC: seeded teaching dataset; not observed market data,2026-09-01T00:00:00+00:00
2025-05-21,CAD_10,0.02475321535768954,absolute,SYNTHETIC: seeded teaching dataset; not observed market data,2026-09-01T00:00:00+00:00
2025-05-22,CAD_10,0.025067594962113533,absolute,SYNTHETIC: seeded teaching dataset; not observed market data,2026-09-01T00:00:00+00:00
2025-05-23,CAD_10,0.025018501337643113,absolute,SYNTHETIC: seeded teaching dataset; not observed market data,2026-09-01T00:00:00+00:00
2025-05-26,CAD_10,0.025841076032602925,absolute,SYNTHETIC: seeded teaching dataset; not observed market data,2026-09-01T00:00:00+00:00
2025-05-27,CAD_10,0.025619506132803227,absolute,SYNTHETIC: seeded teaching dataset; not observed market data,2026-09-01T00:00:00+00:00
2025-05-28,CAD_10,0.02536679398075925,absolute,SYNTHETIC: seeded teaching dataset; not observed market data,2026-09-01T00:00:00+00:00
2025-05-29,CAD_10,0.024233171210277044,absolute,SYNTHETIC: seeded teaching dataset; not observed market data,2026-09-01T00:00:00+00:00
2025-05-30,CAD_10,0.022969945093890394,absolute,SYNTHETIC: seeded teaching dataset; not observed market data,2026-09-01T00:00:00+00:00
2025-06-02,CAD_10,0.022490595393956717,absolute,SYNTHETIC: seeded teaching dataset; not observed market data,2026-09-01T00:00:00+00:00
2025-06-03,CAD_10,0.021596711156485635,absolute,SYNTHETIC: seeded teaching dataset; not observed market data,2026-09-01T00:00:00+00:00
2025-06-04,CAD_10,0.022370657436115632,absolute,SYNTHETIC: seeded teaching dataset; not observed market data,2026-09-01T00:00:00+00:00
2025-06-05,CAD_10,0.022240375392386873,absolute,SYNTHETIC: seeded teaching dataset; not observed market data,2026-09-01T00:00:00+00:00
2025-06-06,CAD_10,0.020926224738466496,absolute,SYNTHETIC: seeded teaching dataset; not observed market data,2026-09-01T00:00:00+00:00
2025-06-09,CAD_10,0.02164942124020363,absolute,SYNTHETIC: seeded teaching dataset; not observed market data,2026-09-01T00:00:00+00:00
2025-06-10,CAD_10,0.021440845757079982,absolute,SYNTHETIC: seeded teaching dataset; not observed market data,2026-09-01T00:00:00+00:00
2025-06-11,CAD_10,0.02069650875664119,absolute,SYNTHETIC: seeded teaching dataset; not observed market data,2026-09-01T00:00:00+00:00
2025-06-12,CAD_10,0.02064964514890262,absolute,SYNTHETIC: seeded teaching dataset; not observed market data,2026-09-01T00:00:00+00:00
2025-06-13,CAD_10,0.02097635788888924,absolute,SYNTHETIC: seeded teaching dataset; not observed market data,2026-09-01T00:00:00+00:00
2025-06-16,CAD_10,0.020986986982675003,absolute,SYNTHETIC: seeded teaching dataset; not observed market data,2026-09-01T00:00:00+00:00
2025-06-17,CAD_10,0.020668375767160407,absolute,SYNTHETIC: seeded teaching dataset; not observed market data,2026-09-01T00:00:00+00:00
2025-06-18,CAD_10,0.020500754812751487,absolute,SYNTHETIC: seeded teaching dataset; not observed market data,2026-09-01T00:00:00+00:00
2025-06-19,CAD_10,0.0216008449916062,absolute,SYNTHETIC: seeded teaching dataset; not observed market data,2026-09-01T00:00:00+00:00
2025-06-20,CAD_10,0.021308285171602326,absolute,SYNTHETIC: seeded teaching dataset; not observed market data,2026-09-01T00:00:00+00:00
2025-06-23,CAD_10,0.021442864471916782,absolute,SYNTHETIC: seeded teaching dataset; not observed market data,2026-09-01T00:00:00+00:00
2025-06-24,CAD_10,0.02213189827902077,absolute,SYNTHETIC: seeded teaching dataset; not observed market data,2026-09-01T00:00:00+00:00
2025-06-25,CAD_10,0.022335542656066867,absolute,SYNTHETIC: seeded teaching dataset; not observed market data,2026-09-01T00:00:00+00:00
2025-06-26,CAD_10,0.021885368016034232,absolute,SYNTHETIC: seeded teaching dataset; not observed market data,2026-09-01T00:00:00+00:00
2025-06-27,CAD_10,0.02183987892477427,absolute,SYNTHETIC: seeded teaching dataset; not observed market data,2026-09-01T00:00:00+00:00
2025-06-30,CAD_10,0.02206369626967443,absolute,SYNTHETIC: seeded teaching dataset; not observed market data,2026-09-01T00:00:00+00:00
2025-07-01,CAD_10,0.02216858969333773,absolute,SYNTHETIC: seeded teaching dataset; not observed market data,2026-09-01T00:00:00+00:00
2025-07-02,CAD_10,0.022756593274060787,absolute,SYNTHETIC: seeded teaching dataset; not observed market data,2026-09-01T00:00:00+00:00
2025-07-03,CAD_10,0.022906801128731502,absolute,SYNTHETIC: seeded teaching dataset; not observed market data,2026-09-01T00:00:00+00:00
2025-07-04,CAD_10,0.02306075719806109,absolute,SYNTHETIC: seeded teaching dataset; not observed market data,2026-09-01T00:00:00+00:00
2025-07-07,CAD_10,0.022789588403565895,absolute,SYNTHETIC: seeded teaching dataset; not observed market data,2026-09-01T00:00:00+00:00
2025-07-08,CAD_10,0.023042366075538806,absolute,SYNTHETIC: seeded teaching dataset; not observed market data,2026-09-01T00:00:00+00:00
2025-07-09,CAD_10,0.023075063748150215,absolute,SYNTHETIC: seeded teaching dataset; not observed market data,2026-09-01T00:00:00+00:00
2025-07-10,CAD_10,0.022767850793276062,absolute,SYNTHETIC: seeded teaching dataset; not observed market data,2026-09-01T00:00:00+00:00
2025-07-11,CAD_10,0.02258716568125068,absolute,SYNTHETIC: seeded teaching dataset; not observed market data,2026-09-01T00:00:00+00:00
2025-07-14,CAD_10,0.022218764354020953,absolute,SYNTHETIC: seeded teaching dataset; not observed market data,2026-09-01T00:00:00+00:00
2025-07-15,CAD_10,0.0213569491564014,absolute,SYNTHETIC: seeded teaching dataset; not observed market data,2026-09-01T00:00:00+00:00
2025-07-16,CAD_10,0.020390125021250656,absolute,SYNTHETIC: seeded teaching dataset; not observed market data,2026-09-01T00:00:00+00:00
2025-07-17,CAD_10,0.020422961009822972,absolute,SYNTHETIC: seeded teaching dataset; not observed market data,2026-09-01T00:00:00+00:00
2025-07-18,CAD_10,0.020459716066301953,absolute,SYNTHETIC: seeded teaching dataset; not observed market data,2026-09-01T00:00:00+00:00
2025-07-21,CAD_10,0.021386902880472958,absolute,SYNTHETIC: seeded teaching dataset; not observed market data,2026-09-01T00:00:00+00:00
2025-07-22,CAD_10,0.020296237226477484,absolute,SYNTHETIC: seeded teaching dataset; not observed market data,2026-09-01T00:00:00+00:00
2025-07-23,CAD_10,0.019746849007101996,absolute,SYNTHETIC: seeded teaching dataset; not observed market data,2026-09-01T00:00:00+00:00
2025-07-24,CAD_10,0.020167198425284104,absolute,SYNTHETIC: seeded teaching dataset; not observed market data,2026-09-01T00:00:00+00:00
2025-07-25,CAD_10,0.02050689725856189,absolute,SYNTHETIC: seeded teaching dataset; not observed market data,2026-09-01T00:00:00+00:00
2025-07-28,CAD_10,0.019958506596761023,absolute,SYNTHETIC: seeded teaching dataset; not observed market data,2026-09-01T00:00:00+00:00
2025-07-29,CAD_10,0.019660961751259823,absolute,SYNTHETIC: seeded teaching dataset; not observed market data,2026-09-01T00:00:00+00:00
2025-07-30,CAD_10,0.01984809678961289,absolute,SYNTHETIC: seeded teaching dataset; not observed market data,2026-09-01T00:00:00+00:00
2025-07-31,CAD_10,0.02001650838310997,absolute,SYNTHETIC: seeded teaching dataset; not observed market data,2026-09-01T00:00:00+00:00
2025-08-01,CAD_10,0.020836073846637472,absolute,SYNTHETIC: seeded teaching dataset; not observed market data,2026-09-01T00:00:00+00:00
2025-08-04,CAD_10,0.02059511480284299,absolute,SYNTHETIC: seeded teaching dataset; not observed market data,2026-09-01T00:00:00+00:00
2025-08-05,CAD_10,0.020293939055223406,absolute,SYNTHETIC: seeded teaching dataset; not observed market data,2026-09-01T00:00:00+00:00
2025-08-06,CAD_10,0.02060761446935362,absolute,SYNTHETIC: seeded teaching dataset; not observed market data,2026-09-01T00:00:00+00:00
2025-08-07,CAD_10,0.02020094333018284,absolute,SYNTHETIC: seeded teaching dataset; not observed market data,2026-09-01T00:00:00+00:00
2025-08-08,CAD_10,0.020409259665847307,absolute,SYNTHETIC: seeded teaching dataset; not observed market data,2026-09-01T00:00:00+00:00
2025-08-11,CAD_10,0.021094520579554833,absolute,SYNTHETIC: seeded teaching dataset; not observed market data,2026-09-01T00:00:00+00:00
2025-08-12,CAD_10,0.021223047902427378,absolute,SYNTHETIC: seeded teaching dataset; not observed market data,2026-09-01T00:00:00+00:00
2025-08-13,CAD_10,0.02144046330052072,absolute,SYNTHETIC: seeded teaching dataset; not observed market data,2026-09-01T00:00:00+00:00
2025-08-14,CAD_10,0.021161825071422884,absolute,SYNTHETIC: seeded teaching dataset; not observed market data,2026-09-01T00:00:00+00:00
2025-08-15,CAD_10,0.021201084639796156,absolute,SYNTHETIC: seeded teaching dataset; not observed market data,2026-09-01T00:00:00+00:00
2025-08-18,CAD_10,0.021392878565009793,absolute,SYNTHETIC: seeded teaching dataset; not observed market data,2026-09-01T00:00:00+00:00
2025-08-19,CAD_10,0.02152623984213648,absolute,SYNTHETIC: seeded teaching dataset; not observed market data,2026-09-01T00:00:00+00:00
2025-08-20,CAD_10,0.021164584489329737,absolute,SYNTHETIC: seeded teaching dataset; not observed market data,2026-09-01T00:00:00+00:00
2025-08-21,CAD_10,0.020753556285480992,absolute,SYNTHETIC: seeded teaching dataset; not observed market data,2026-09-01T00:00:00+00:00
2025-08-22,CAD_10,0.022043235396238182,absolute,SYNTHETIC: seeded teaching dataset; not observed market data,2026-09-01T00:00:00+00:00
2025-08-25,CAD_10,0.0220191706801832,absolute,SYNTHETIC: seeded teaching dataset; not observed market data,2026-09-01T00:00:00+00:00
2025-08-26,CAD_10,0.021085556658336613,absolute,SYNTHETIC: seeded teaching dataset; not observed market data,2026-09-01T00:00:00+00:00
2025-08-27,CAD_10,0.021532973870010012,absolute,SYNTHETIC: seeded teaching dataset; not observed market data,2026-09-01T00:00:00+00:00
2025-08-28,CAD_10,0.022095478528752183,absolute,SYNTHETIC: seeded teaching dataset; not observed market data,2026-09-01T00:00:00+00:00
2025-08-29,CAD_10,0.021475551676770413,absolute,SYNTHETIC: seeded teaching dataset; not observed market data,2026-09-01T00:00:00+00:00
2025-09-01,CAD_10,0.021488597412856865,absolute,SYNTHETIC: seeded teaching dataset; not observed market data,2026-09-01T00:00:00+00:00
2025-09-02,CAD_10,0.020968243274119745,absolute,SYNTHETIC: seeded teaching dataset; not observed market data,2026-09-01T00:00:00+00:00
2025-09-03,CAD_10,0.02140968745367587,absolute,SYNTHETIC: seeded teaching dataset; not observed market data,2026-09-01T00:00:00+00:00
2025-09-04,CAD_10,0.021011768007308355,absolute,SYNTHETIC: seeded teaching dataset; not observed market data,2026-09-01T00:00:00+00:00
2025-09-05,CAD_10,0.020664390766389165,absolute,SYNTHETIC: seeded teaching dataset; not observed market data,2026-09-01T00:00:00+00:00
2025-09-08,CAD_10,0.02119538689190504,absolute,SYNTHETIC: seeded teaching dataset; not observed market data,2026-09-01T00:00:00+00:00
2025-09-09,CAD_10,0.021088566081358825,absolute,SYNTHETIC: seeded teaching dataset; not observed market data,2026-09-01T00:00:00+00:00
2025-09-10,CAD_10,0.020369941309658503,absolute,SYNTHETIC: seeded teaching dataset; not observed market data,2026-09-01T00:00:00+00:00
2025-09-11,CAD_10,0.020880331729246727,absolute,SYNTHETIC: seeded teaching dataset; not observed market data,2026-09-01T00:00:00+00:00
2025-09-12,CAD_10,0.020556816728777738,absolute,SYNTHETIC: seeded teaching dataset; not observed market data,2026-09-01T00:00:00+00:00
2025-09-15,CAD_10,0.020139244731637147,absolute,SYNTHETIC: seeded teaching dataset; not observed market data,2026-09-01T00:00:00+00:00
2025-09-16,CAD_10,0.020519679097797658,absolute,SYNTHETIC: seeded teaching dataset; not observed market data,2026-09-01T00:00:00+00:00
2025-09-17,CAD_10,0.019560208058944976,absolute,SYNTHETIC: seeded teaching dataset; not observed market data,2026-09-01T00:00:00+00:00
2025-09-18,CAD_10,0.02038059394511458,absolute,SYNTHETIC: seeded teaching dataset; not observed market data,2026-09-01T00:00:00+00:00
2025-09-19,CAD_10,0.020073630454347964,absolute,SYNTHETIC: seeded teaching dataset; not observed market data,2026-09-01T00:00:00+00:00
2025-09-22,CAD_10,0.020461530194252467,absolute,SYNTHETIC: seeded teaching dataset; not observed market data,2026-09-01T00:00:00+00:00
2025-09-23,CAD_10,0.020840385708319337,absolute,SYNTHETIC: seeded teaching dataset; not observed market data,2026-09-01T00:00:00+00:00
2025-09-24,CAD_10,0.021594905029346315,absolute,SYNTHETIC: seeded teaching dataset; not observed market data,2026-09-01T00:00:00+00:00
2025-09-25,CAD_10,0.022216904438003317,absolute,SYNTHETIC: seeded teaching dataset; not observed market data,2026-09-01T00:00:00+00:00
2025-09-26,CAD_10,0.02124461471178076,absolute,SYNTHETIC: seeded teaching dataset; not observed market data,2026-09-01T00:00:00+00:00
2025-09-29,CAD_10,0.021075874000226737,absolute,SYNTHETIC: seeded teaching dataset; not observed market data,2026-09-01T00:00:00+00:00
2025-09-30,CAD_10,0.02120253669415869,absolute,SYNTHETIC: seeded teaching dataset; not observed market data,2026-09-01T00:00:00+00:00
2025-10-01,CAD_10,0.021353081805098185,absolute,SYNTHETIC: seeded teaching dataset; not observed market data,2026-09-01T00:00:00+00:00
2025-10-02,CAD_10,0.021784388302262682,absolute,SYNTHETIC: seeded teaching dataset; not observed market data,2026-09-01T00:00:00+00:00
2025-10-03,CAD_10,0.02088451749094724,absolute,SYNTHETIC: seeded teaching dataset; not observed market data,2026-09-01T00:00:00+00:00
2025-10-06,CAD_10,0.020706544776449613,absolute,SYNTHETIC: seeded teaching dataset; not observed market data,2026-09-01T00:00:00+00:00
2025-10-07,CAD_10,0.021209091287905713,absolute,SYNTHETIC: seeded teaching dataset; not observed market data,2026-09-01T00:00:00+00:00
2025-10-08,CAD_10,0.02055056246906581,absolute,SYNTHETIC: seeded teaching dataset; not observed market data,2026-09-01T00:00:00+00:00
2025-10-09,CAD_10,0.020202932885214298,absolute,SYNTHETIC: seeded teaching dataset; not observed market data,2026-09-01T00:00:00+00:00
2025-10-10,CAD_10,0.02110467324337509,absolute,SYNTHETIC: seeded teaching dataset; not observed market data,2026-09-01T00:00:00+00:00
2025-10-13,CAD_10,0.020890728587629998,absolute,SYNTHETIC: seeded teaching dataset; not observed market data,2026-09-01T00:00:00+00:00
2025-10-14,CAD_10,0.02070920543817873,absolute,SYNTHETIC: seeded teaching dataset; not observed market data,2026-09-01T00:00:00+00:00
2025-10-15,CAD_10,0.021062111166750434,absolute,SYNTHETIC: seeded teaching dataset; not observed market data,2026-09-01T00:00:00+00:00
2025-10-16,CAD_10,0.021378447323560278,absolute,SYNTHETIC: seeded teaching dataset; not observed market data,2026-09-01T00:00:00+00:00
2025-10-17,CAD_10,0.02158509511570523,absolute,SYNTHETIC: seeded teaching dataset; not observed market data,2026-09-01T00:00:00+00:00
2025-10-20,CAD_10,0.021750453200804085,absolute,SYNTHETIC: seeded teaching dataset; not observed market data,2026-09-01T00:00:00+00:00
2025-10-21,CAD_10,0.022246557161868068,absolute,SYNTHETIC: seeded teaching dataset; not observed market data,2026-09-01T00:00:00+00:00
2025-10-22,CAD_10,0.022433976975434207,absolute,SYNTHETIC: seeded teaching dataset; not observed market data,2026-09-01T00:00:00+00:00
2025-10-23,CAD_10,0.0227060430570463,absolute,SYNTHETIC: seeded teaching dataset; not observed market data,2026-09-01T00:00:00+00:00
2025-10-24,CAD_10,0.02249220429848079,absolute,SYNTHETIC: seeded teaching dataset; not observed market data,2026-09-01T00:00:00+00:00
2025-10-27,CAD_10,0.0224905103174464,absolute,SYNTHETIC: seeded teaching dataset; not observed market data,2026-09-01T00:00:00+00:00
2025-10-28,CAD_10,0.022319654575436068,absolute,SYNTHETIC: seeded teaching dataset; not observed market data,2026-09-01T00:00:00+00:00
2025-10-29,CAD_10,0.022572551199704104,absolute,SYNTHETIC: seeded teaching dataset; not observed market data,2026-09-01T00:00:00+00:00
2025-10-30,CAD_10,0.022932474732350362,absolute,SYNTHETIC: seeded teaching dataset; not observed market data,2026-09-01T00:00:00+00:00
2025-10-31,CAD_10,0.023006599678057925,absolute,SYNTHETIC: seeded teaching dataset; not observed market data,2026-09-01T00:00:00+00:00
2025-11-03,CAD_10,0.023200217700300195,absolute,SYNTHETIC: seeded teaching dataset; not observed market data,2026-09-01T00:00:00+00:00
2025-11-04,CAD_10,0.02247824533017262,absolute,SYNTHETIC: seeded teaching dataset; not observed market data,2026-09-01T00:00:00+00:00
2025-11-05,CAD_10,0.022817787603859205,absolute,SYNTHETIC: seeded teaching dataset; not observed market data,2026-09-01T00:00:00+00:00
2025-11-06,CAD_10,0.02347089934694098,absolute,SYNTHETIC: seeded teaching dataset; not observed market data,2026-09-01T00:00:00+00:00
2025-11-07,CAD_10,0.02277272598405978,absolute,SYNTHETIC: seeded teaching dataset; not observed market data,2026-09-01T00:00:00+00:00
2025-11-10,CAD_10,0.023041308668596376,absolute,SYNTHETIC: seeded teaching dataset; not observed market data,2026-09-01T00:00:00+00:00
2025-11-11,CAD_10,0.022923108859894556,absolute,SYNTHETIC: seeded teaching dataset; not observed market data,2026-09-01T00:00:00+00:00
2025-11-12,CAD_10,0.023518183138111597,absolute,SYNTHETIC: seeded teaching dataset; not observed market data,2026-09-01T00:00:00+00:00
2025-11-13,CAD_10,0.022619269321857226,absolute,SYNTHETIC: seeded teaching dataset; not observed market data,2026-09-01T00:00:00+00:00
2025-11-14,CAD_10,0.023363913858468817,absolute,SYNTHETIC: seeded teaching dataset; not observed market data,2026-09-01T00:00:00+00:00
2025-11-17,CAD_10,0.02323011709158019,absolute,SYNTHETIC: seeded teaching dataset; not observed market data,2026-09-01T00:00:00+00:00
2025-11-18,CAD_10,0.022650000981788848,absolute,SYNTHETIC: seeded teaching dataset; not observed market data,2026-09-01T00:00:00+00:00
2025-11-19,CAD_10,0.023198914402751604,absolute,SYNTHETIC: seeded teaching dataset; not observed market data,2026-09-01T00:00:00+00:00
2025-11-20,CAD_10,0.02360212816694692,absolute,SYNTHETIC: seeded teaching dataset; not observed market data,2026-09-01T00:00:00+00:00
2025-11-21,CAD_10,0.022450033434637022,absolute,SYNTHETIC: seeded teaching dataset; not observed market data,2026-09-01T00:00:00+00:00
2025-11-24,CAD_10,0.02243539556823306,absolute,SYNTHETIC: seeded teaching dataset; not observed market data,2026-09-01T00:00:00+00:00
2025-11-25,CAD_10,0.02191614709462214,absolute,SYNTHETIC: seeded teaching dataset; not observed market data,2026-09-01T00:00:00+00:00
2025-11-26,CAD_10,0.0214021735532434,absolute,SYNTHETIC: seeded teaching dataset; not observed market data,2026-09-01T00:00:00+00:00
2025-11-27,CAD_10,0.02101960631865938,absolute,SYNTHETIC: seeded teaching dataset; not observed market data,2026-09-01T00:00:00+00:00
2025-11-28,CAD_10,0.020615000431975943,absolute,SYNTHETIC: seeded teaching dataset; not observed market data,2026-09-01T00:00:00+00:00
2025-12-01,CAD_10,0.02063018177795447,absolute,SYNTHETIC: seeded teaching dataset; not observed market data,2026-09-01T00:00:00+00:00
2025-12-02,CAD_10,0.02024982124099007,absolute,SYNTHETIC: seeded teaching dataset; not observed market data,2026-09-01T00:00:00+00:00
2025-12-03,CAD_10,0.021142841738042525,absolute,SYNTHETIC: seeded teaching dataset; not observed market data,2026-09-01T00:00:00+00:00
2025-12-04,CAD_10,0.02044451327881639,absolute,SYNTHETIC: seeded teaching dataset; not observed market data,2026-09-01T00:00:00+00:00
2025-12-05,CAD_10,0.020427100730900358,absolute,SYNTHETIC: seeded teaching dataset; not observed market data,2026-09-01T00:00:00+00:00
2025-12-08,CAD_10,0.0203596783635751,absolute,SYNTHETIC: seeded teaching dataset; not observed market data,2026-09-01T00:00:00+00:00
2025-12-09,CAD_10,0.020619383793332606,absolute,SYNTHETIC: seeded teaching dataset; not observed market data,2026-09-01T00:00:00+00:00
2025-12-10,CAD_10,0.020952582600596126,absolute,SYNTHETIC: seeded teaching dataset; not observed market data,2026-09-01T00:00:00+00:00
2025-12-11,CAD_10,0.021015355345037505,absolute,SYNTHETIC: seeded teaching dataset; not observed market data,2026-09-01T00:00:00+00:00
2025-12-12,CAD_10,0.020338264588871502,absolute,SYNTHETIC: seeded teaching dataset; not observed market data,2026-09-01T00:00:00+00:00
2025-12-15,CAD_10,0.020253479072866627,absolute,SYNTHETIC: seeded teaching dataset; not observed market data,2026-09-01T00:00:00+00:00
2025-12-16,CAD_10,0.019335761561162894,absolute,SYNTHETIC: seeded teaching dataset; not observed market data,2026-09-01T00:00:00+00:00
2025-12-17,CAD_10,0.01912835917888195,absolute,SYNTHETIC: seeded teaching dataset; not observed market data,2026-09-01T00:00:00+00:00
2025-12-18,CAD_10,0.019951549172506106,absolute,SYNTHETIC: seeded teaching dataset; not observed market data,2026-09-01T00:00:00+00:00
2025-12-19,CAD_10,0.02101725130847109,absolute,SYNTHETIC: seeded teaching dataset; not observed market data,2026-09-01T00:00:00+00:00
2025-12-22,CAD_10,0.021289066682958678,absolute,SYNTHETIC: seeded teaching dataset; not observed market data,2026-09-01T00:00:00+00:00
2025-12-23,CAD_10,0.020814266880672574,absolute,SYNTHETIC: seeded teaching dataset; not observed market data,2026-09-01T00:00:00+00:00
2025-12-24,CAD_10,0.021253431706101437,absolute,SYNTHETIC: seeded teaching dataset; not observed market data,2026-09-01T00:00:00+00:00
2025-12-25,CAD_10,0.02094381736927145,absolute,SYNTHETIC: seeded teaching dataset; not observed market data,2026-09-01T00:00:00+00:00
2025-12-26,CAD_10,0.021717022652654232,absolute,SYNTHETIC: seeded teaching dataset; not observed market data,2026-09-01T00:00:00+00:00
2025-12-29,CAD_10,0.02131577958459773,absolute,SYNTHETIC: seeded teaching dataset; not observed market data,2026-09-01T00:00:00+00:00
2025-12-30,CAD_10,0.021173609416622607,absolute,SYNTHETIC: seeded teaching dataset; not observed market data,2026-09-01T00:00:00+00:00
2025-12-31,CAD_10,0.021208988308772672,absolute,SYNTHETIC: seeded teaching dataset; not observed market data,2026-09-01T00:00:00+00:00
2026-01-01,CAD_10,0.021311643096190692,absolute,SYNTHETIC: seeded teaching dataset; not observed market data,2026-09-01T00:00:00+00:00
2026-01-02,CAD_10,0.02155538121629494,absolute,SYNTHETIC: seeded teaching dataset; not observed market data,2026-09-01T00:00:00+00:00
2026-01-05,CAD_10,0.022189712501310306,absolute,SYNTHETIC: seeded teaching dataset; not observed market data,2026-09-01T00:00:00+00:00
2026-01-06,CAD_10,0.021383787634357755,absolute,SYNTHETIC: seeded teaching dataset; not observed market data,2026-09-01T00:00:00+00:00
2026-01-07,CAD_10,0.022021497505154156,absolute,SYNTHETIC: seeded teaching dataset; not observed market data,2026-09-01T00:00:00+00:00
2026-01-08,CAD_10,0.021300338842732296,absolute,SYNTHETIC: seeded teaching dataset; not observed market data,2026-09-01T00:00:00+00:00
2026-01-09,CAD_10,0.02150941829111294,absolute,SYNTHETIC: seeded teaching dataset; not observed market data,2026-09-01T00:00:00+00:00
2026-01-12,CAD_10,0.021656720727524295,absolute,SYNTHETIC: seeded teaching dataset; not observed market data,2026-09-01T00:00:00+00:00
2026-01-13,CAD_10,0.022015838599811828,absolute,SYNTHETIC: seeded teaching dataset; not observed market data,2026-09-01T00:00:00+00:00
2026-01-14,CAD_10,0.02162116894669583,absolute,SYNTHETIC: seeded teaching dataset; not observed market data,2026-09-01T00:00:00+00:00
2026-01-15,CAD_10,0.02161838981013487,absolute,SYNTHETIC: seeded teaching dataset; not observed market data,2026-09-01T00:00:00+00:00
2026-01-16,CAD_10,0.02177767529298707,absolute,SYNTHETIC: seeded teaching dataset; not observed market data,2026-09-01T00:00:00+00:00
2026-01-19,CAD_10,0.02159124956889931,absolute,SYNTHETIC: seeded teaching dataset; not observed market data,2026-09-01T00:00:00+00:00
2026-01-20,CAD_10,0.02162737122854811,absolute,SYNTHETIC: seeded teaching dataset; not observed market data,2026-09-01T00:00:00+00:00
2026-01-21,CAD_10,0.022207438021184613,absolute,SYNTHETIC: seeded teaching dataset; not observed market data,2026-09-01T00:00:00+00:00
2026-01-22,CAD_10,0.021811035616774534,absolute,SYNTHETIC: seeded teaching dataset; not observed market data,2026-09-01T00:00:00+00:00
2026-01-23,CAD_10,0.022504710117715883,absolute,SYNTHETIC: seeded teaching dataset; not observed market data,2026-09-01T00:00:00+00:00
2026-01-26,CAD_10,0.02233992846200602,absolute,SYNTHETIC: seeded teaching dataset; not observed market data,2026-09-01T00:00:00+00:00
2026-01-27,CAD_10,0.021896954769612127,absolute,SYNTHETIC: seeded teaching dataset; not observed market data,2026-09-01T00:00:00+00:00
2026-01-28,CAD_10,0.021732440584878464,absolute,SYNTHETIC: seeded teaching dataset; not observed market data,2026-09-01T00:00:00+00:00
2026-01-29,CAD_10,0.02197615595714178,absolute,SYNTHETIC: seeded teaching dataset; not observed market data,2026-09-01T00:00:00+00:00
2026-01-30,CAD_10,0.02199429020644099,absolute,SYNTHETIC: seeded teaching dataset; not observed market data,2026-09-01T00:00:00+00:00
2026-02-02,CAD_10,0.021964301875247325,absolute,SYNTHETIC: seeded teaching dataset; not observed market data,2026-09-01T00:00:00+00:00
2026-02-03,CAD_10,0.022149809648427894,absolute,SYNTHETIC: seeded teaching dataset; not observed market data,2026-09-01T00:00:00+00:00
2026-02-04,CAD_10,0.022897098962596105,absolute,SYNTHETIC: seeded teaching dataset; not observed market data,2026-09-01T00:00:00+00:00
2026-02-05,CAD_10,0.02266961073543885,absolute,SYNTHETIC: seeded teaching dataset; not observed market data,2026-09-01T00:00:00+00:00
2026-02-06,CAD_10,0.022491302582954897,absolute,SYNTHETIC: seeded teaching dataset; not observed market data,2026-09-01T00:00:00+00:00
2026-02-09,CAD_10,0.022268210047182442,absolute,SYNTHETIC: seeded teaching dataset; not observed market data,2026-09-01T00:00:00+00:00
2026-02-10,CAD_10,0.02192502457201393,absolute,SYNTHETIC: seeded teaching dataset; not observed market data,2026-09-01T00:00:00+00:00
2026-02-11,CAD_10,0.021415199629626132,absolute,SYNTHETIC: seeded teaching dataset; not observed market data,2026-09-01T00:00:00+00:00
2026-02-12,CAD_10,0.021799129562665102,absolute,SYNTHETIC: seeded teaching dataset; not observed market data,2026-09-01T00:00:00+00:00
2026-02-13,CAD_10,0.022261375376524062,absolute,SYNTHETIC: seeded teaching dataset; not observed market data,2026-09-01T00:00:00+00:00
2026-02-16,CAD_10,0.021621868926130723,absolute,SYNTHETIC: seeded teaching dataset; not observed market data,2026-09-01T00:00:00+00:00
2026-02-17,CAD_10,0.022123562517483736,absolute,SYNTHETIC: seeded teaching dataset; not observed market data,2026-09-01T00:00:00+00:00
2026-02-18,CAD_10,0.021399957285588835,absolute,SYNTHETIC: seeded teaching dataset; not observed market data,2026-09-01T00:00:00+00:00
2026-02-19,CAD_10,0.020940548326699504,absolute,SYNTHETIC: seeded teaching dataset; not observed market data,2026-09-01T00:00:00+00:00
2026-02-20,CAD_10,0.020673978928602628,absolute,SYNTHETIC: seeded teaching dataset; not observed market data,2026-09-01T00:00:00+00:00
2026-02-23,CAD_10,0.020762565296067098,absolute,SYNTHETIC: seeded teaching dataset; not observed market data,2026-09-01T00:00:00+00:00
2026-02-24,CAD_10,0.021481795602848137,absolute,SYNTHETIC: seeded teaching dataset; not observed market data,2026-09-01T00:00:00+00:00
2026-02-25,CAD_10,0.02083144692497451,absolute,SYNTHETIC: seeded teaching dataset; not observed market data,2026-09-01T00:00:00+00:00
2026-02-26,CAD_10,0.021153211807049703,absolute,SYNTHETIC: seeded teaching dataset; not observed market data,2026-09-01T00:00:00+00:00
2026-02-27,CAD_10,0.021304674961958134,absolute,SYNTHETIC: seeded teaching dataset; not observed market data,2026-09-01T00:00:00+00:00
2026-03-02,CAD_10,0.02264191132627643,absolute,SYNTHETIC: seeded teaching dataset; not observed market data,2026-09-01T00:00:00+00:00
2026-03-03,CAD_10,0.02313630151669257,absolute,SYNTHETIC: seeded teaching dataset; not observed market data,2026-09-01T00:00:00+00:00
2026-03-04,CAD_10,0.02223714615605977,absolute,SYNTHETIC: seeded teaching dataset; not observed market data,2026-09-01T00:00:00+00:00
2026-03-05,CAD_10,0.022641963604782107,absolute,SYNTHETIC: seeded teaching dataset; not observed market data,2026-09-01T00:00:00+00:00
2026-03-06,CAD_10,0.02205019511673286,absolute,SYNTHETIC: seeded teaching dataset; not observed market data,2026-09-01T00:00:00+00:00
2026-03-09,CAD_10,0.0221173064189625,absolute,SYNTHETIC: seeded teaching dataset; not observed market data,2026-09-01T00:00:00+00:00
2026-03-10,CAD_10,0.02276170362788752,absolute,SYNTHETIC: seeded teaching dataset; not observed market data,2026-09-01T00:00:00+00:00
2026-03-11,CAD_10,0.023585889575651275,absolute,SYNTHETIC: seeded teaching dataset; not observed market data,2026-09-01T00:00:00+00:00
2026-03-12,CAD_10,0.024038571796849588,absolute,SYNTHETIC: seeded teaching dataset; not observed market data,2026-09-01T00:00:00+00:00
2026-03-13,CAD_10,0.02415572159836899,absolute,SYNTHETIC: seeded teaching dataset; not observed market data,2026-09-01T00:00:00+00:00
2026-03-16,CAD_10,0.024029280973986003,absolute,SYNTHETIC: seeded teaching dataset; not observed market data,2026-09-01T00:00:00+00:00
2026-03-17,CAD_10,0.023479465396170754,absolute,SYNTHETIC: seeded teaching dataset; not observed market data,2026-09-01T00:00:00+00:00
2026-03-18,CAD_10,0.02350422976519769,absolute,SYNTHETIC: seeded teaching dataset; not observed market data,2026-09-01T00:00:00+00:00
2026-03-19,CAD_10,0.024131569997435397,absolute,SYNTHETIC: seeded teaching dataset; not observed market data,2026-09-01T00:00:00+00:00
2026-03-20,CAD_10,0.02481800501929516,absolute,SYNTHETIC: seeded teaching dataset; not observed market data,2026-09-01T00:00:00+00:00
2026-03-23,CAD_10,0.025034672593411723,absolute,SYNTHETIC: seeded teaching dataset; not observed market data,2026-09-01T00:00:00+00:00
2026-03-24,CAD_10,0.0257586796617501,absolute,SYNTHETIC: seeded teaching dataset; not observed market data,2026-09-01T00:00:00+00:00
2026-03-25,CAD_10,0.026978414837576112,absolute,SYNTHETIC: seeded teaching dataset; not observed market data,2026-09-01T00:00:00+00:00
2026-03-26,CAD_10,0.025468737992114077,absolute,SYNTHETIC: seeded teaching dataset; not observed market data,2026-09-01T00:00:00+00:00
2026-03-27,CAD_10,0.02520813729771522,absolute,SYNTHETIC: seeded teaching dataset; not observed market data,2026-09-01T00:00:00+00:00
2026-03-30,CAD_10,0.025423588937010397,absolute,SYNTHETIC: seeded teaching dataset; not observed market data,2026-09-01T00:00:00+00:00
2026-03-31,CAD_10,0.0254746302488836,absolute,SYNTHETIC: seeded teaching dataset; not observed market data,2026-09-01T00:00:00+00:00
2026-04-01,CAD_10,0.025438704483705138,absolute,SYNTHETIC: seeded teaching dataset; not observed market data,2026-09-01T00:00:00+00:00
2026-04-02,CAD_10,0.02500181268963462,absolute,SYNTHETIC: seeded teaching dataset; not observed market data,2026-09-01T00:00:00+00:00
2026-04-03,CAD_10,0.026121327068903695,absolute,SYNTHETIC: seeded teaching dataset; not observed market data,2026-09-01T00:00:00+00:00
2026-04-06,CAD_10,0.025748597252551554,absolute,SYNTHETIC: seeded teaching dataset; not observed market data,2026-09-01T00:00:00+00:00
2026-04-07,CAD_10,0.025034375822857856,absolute,SYNTHETIC: seeded teaching dataset; not observed market data,2026-09-01T00:00:00+00:00
2026-04-08,CAD_10,0.02520192563332809,absolute,SYNTHETIC: seeded teaching dataset; not observed market data,2026-09-01T00:00:00+00:00
2026-04-09,CAD_10,0.02539354903206526,absolute,SYNTHETIC: seeded teaching dataset; not observed market data,2026-09-01T00:00:00+00:00
2026-04-10,CAD_10,0.024520073475855504,absolute,SYNTHETIC: seeded teaching dataset; not observed market data,2026-09-01T00:00:00+00:00
2026-04-13,CAD_10,0.02448341786197754,absolute,SYNTHETIC: seeded teaching dataset; not observed market data,2026-09-01T00:00:00+00:00
2026-04-14,CAD_10,0.024957784224287793,absolute,SYNTHETIC: seeded teaching dataset; not observed market data,2026-09-01T00:00:00+00:00
2026-04-15,CAD_10,0.024801235679634097,absolute,SYNTHETIC: seeded teaching dataset; not observed market data,2026-09-01T00:00:00+00:00
2026-04-16,CAD_10,0.025060936115979114,absolute,SYNTHETIC: seeded teaching dataset; not observed market data,2026-09-01T00:00:00+00:00
2026-04-17,CAD_10,0.02629655617650512,absolute,SYNTHETIC: seeded teaching dataset; not observed market data,2026-09-01T00:00:00+00:00
2026-04-20,CAD_10,0.026783118246448794,absolute,SYNTHETIC: seeded teaching dataset; not observed market data,2026-09-01T00:00:00+00:00
2026-04-21,CAD_10,0.02670431871045261,absolute,SYNTHETIC: seeded teaching dataset; not observed market data,2026-09-01T00:00:00+00:00
2026-04-22,CAD_10,0.02736467792234569,absolute,SYNTHETIC: seeded teaching dataset; not observed market data,2026-09-01T00:00:00+00:00
2026-04-23,CAD_10,0.027819491098747214,absolute,SYNTHETIC: seeded teaching dataset; not observed market data,2026-09-01T00:00:00+00:00
2026-04-24,CAD_10,0.027415050365308932,absolute,SYNTHETIC: seeded teaching dataset; not observed market data,2026-09-01T00:00:00+00:00
2026-04-27,CAD_10,0.0273368389102515,absolute,SYNTHETIC: seeded teaching dataset; not observed market data,2026-09-01T00:00:00+00:00
2026-04-28,CAD_10,0.027336803157538468,absolute,SYNTHETIC: seeded teaching dataset; not observed market data,2026-09-01T00:00:00+00:00
2026-04-29,CAD_10,0.0276073779013285,absolute,SYNTHETIC: seeded teaching dataset; not observed market data,2026-09-01T00:00:00+00:00
2026-04-30,CAD_10,0.027605433011642234,absolute,SYNTHETIC: seeded teaching dataset; not observed market data,2026-09-01T00:00:00+00:00
2026-05-01,CAD_10,0.02762086189268989,absolute,SYNTHETIC: seeded teaching dataset; not observed market data,2026-09-01T00:00:00+00:00
2026-05-04,CAD_10,0.027419013192625366,absolute,SYNTHETIC: seeded teaching dataset; not observed market data,2026-09-01T00:00:00+00:00
2026-05-05,CAD_10,0.027068006466368214,absolute,SYNTHETIC: seeded teaching dataset; not observed market data,2026-09-01T00:00:00+00:00
2026-05-06,CAD_10,0.026642654769759543,absolute,SYNTHETIC: seeded teaching dataset; not observed market data,2026-09-01T00:00:00+00:00
2026-05-07,CAD_10,0.027451961184793712,absolute,SYNTHETIC: seeded teaching dataset; not observed market data,2026-09-01T00:00:00+00:00
2026-05-08,CAD_10,0.027208889788796063,absolute,SYNTHETIC: seeded teaching dataset; not observed market data,2026-09-01T00:00:00+00:00
2026-05-11,CAD_10,0.027591827374023555,absolute,SYNTHETIC: seeded teaching dataset; not observed market data,2026-09-01T00:00:00+00:00
2026-05-12,CAD_10,0.0275074530090721,absolute,SYNTHETIC: seeded teaching dataset; not observed market data,2026-09-01T00:00:00+00:00
2026-05-13,CAD_10,0.027087212855080298,absolute,SYNTHETIC: seeded teaching dataset; not observed market data,2026-09-01T00:00:00+00:00
2026-05-14,CAD_10,0.027053825550270853,absolute,SYNTHETIC: seeded teaching dataset; not observed market data,2026-09-01T00:00:00+00:00
2026-05-15,CAD_10,0.02661760282466808,absolute,SYNTHETIC: seeded teaching dataset; not observed market data,2026-09-01T00:00:00+00:00
2026-05-18,CAD_10,0.026643836181087475,absolute,SYNTHETIC: seeded teaching dataset; not observed market data,2026-09-01T00:00:00+00:00
2026-05-19,CAD_10,0.026923023028611284,absolute,SYNTHETIC: seeded teaching dataset; not observed market data,2026-09-01T00:00:00+00:00
2026-05-20,CAD_10,0.02723597727904408,absolute,SYNTHETIC: seeded teaching dataset; not observed market data,2026-09-01T00:00:00+00:00
2026-05-21,CAD_10,0.02693707741930973,absolute,SYNTHETIC: seeded teaching dataset; not observed market data,2026-09-01T00:00:00+00:00
2026-05-22,CAD_10,0.026781707726749003,absolute,SYNTHETIC: seeded teaching dataset; not observed market data,2026-09-01T00:00:00+00:00
2026-05-25,CAD_10,0.02718488050324709,absolute,SYNTHETIC: seeded teaching dataset; not observed market data,2026-09-01T00:00:00+00:00
2026-05-26,CAD_10,0.028087432338838612,absolute,SYNTHETIC: seeded teaching dataset; not observed market data,2026-09-01T00:00:00+00:00
2026-05-27,CAD_10,0.028485916245915538,absolute,SYNTHETIC: seeded teaching dataset; not observed market data,2026-09-01T00:00:00+00:00
2026-05-28,CAD_10,0.029072534326935566,absolute,SYNTHETIC: seeded teaching dataset; not observed market data,2026-09-01T00:00:00+00:00
2026-05-29,CAD_10,0.029510461577323094,absolute,SYNTHETIC: seeded teaching dataset; not observed market data,2026-09-01T00:00:00+00:00
2026-06-01,CAD_10,0.029308950136337393,absolute,SYNTHETIC: seeded teaching dataset; not observed market data,2026-09-01T00:00:00+00:00
2026-06-02,CAD_10,0.0276709953201063,absolute,SYNTHETIC: seeded teaching dataset; not observed market data,2026-09-01T00:00:00+00:00
2026-06-03,CAD_10,0.027524493876399693,absolute,SYNTHETIC: seeded teaching dataset; not observed market data,2026-09-01T00:00:00+00:00
2026-06-04,CAD_10,0.028636487401382825,absolute,SYNTHETIC: seeded teaching dataset; not observed market data,2026-09-01T00:00:00+00:00
2026-06-05,CAD_10,0.028791218743777797,absolute,SYNTHETIC: seeded teaching dataset; not observed market data,2026-09-01T00:00:00+00:00
2026-06-08,CAD_10,0.029228178277247642,absolute,SYNTHETIC: seeded teaching dataset; not observed market data,2026-09-01T00:00:00+00:00
2026-06-09,CAD_10,0.02948645342937587,absolute,SYNTHETIC: seeded teaching dataset; not observed market data,2026-09-01T00:00:00+00:00
2026-06-10,CAD_10,0.02996665730281845,absolute,SYNTHETIC: seeded teaching dataset; not observed market data,2026-09-01T00:00:00+00:00
2026-06-11,CAD_10,0.029151854328505103,absolute,SYNTHETIC: seeded teaching dataset; not observed market data,2026-09-01T00:00:00+00:00
2026-06-12,CAD_10,0.02973926238699616,absolute,SYNTHETIC: seeded teaching dataset; not observed market data,2026-09-01T00:00:00+00:00
2026-06-15,CAD_10,0.029079930568629904,absolute,SYNTHETIC: seeded teaching dataset; not observed market data,2026-09-01T00:00:00+00:00
2026-06-16,CAD_10,0.029050146142297305,absolute,SYNTHETIC: seeded teaching dataset; not observed market data,2026-09-01T00:00:00+00:00
2026-06-17,CAD_10,0.029284537841130172,absolute,SYNTHETIC: seeded teaching dataset; not observed market data,2026-09-01T00:00:00+00:00
2026-06-18,CAD_10,0.028638645796484077,absolute,SYNTHETIC: seeded teaching dataset; not observed market data,2026-09-01T00:00:00+00:00
2026-06-19,CAD_10,0.02906550798121644,absolute,SYNTHETIC: seeded teaching dataset; not observed market data,2026-09-01T00:00:00+00:00
2026-06-22,CAD_10,0.03023964302279291,absolute,SYNTHETIC: seeded teaching dataset; not observed market data,2026-09-01T00:00:00+00:00
2026-06-23,CAD_10,0.029710581371511183,absolute,SYNTHETIC: seeded teaching dataset; not observed market data,2026-09-01T00:00:00+00:00
2026-06-24,CAD_10,0.030021302398848267,absolute,SYNTHETIC: seeded teaching dataset; not observed market data,2026-09-01T00:00:00+00:00
2026-06-25,CAD_10,0.029615554766494613,absolute,SYNTHETIC: seeded teaching dataset; not observed market data,2026-09-01T00:00:00+00:00
2026-06-26,CAD_10,0.029451618476351207,absolute,SYNTHETIC: seeded teaching dataset; not observed market data,2026-09-01T00:00:00+00:00
2026-06-29,CAD_10,0.028701924084610274,absolute,SYNTHETIC: seeded teaching dataset; not observed market data,2026-09-01T00:00:00+00:00
2026-06-30,CAD_10,0.029278173228070928,absolute,SYNTHETIC: seeded teaching dataset; not observed market data,2026-09-01T00:00:00+00:00
2026-07-01,CAD_10,0.029251628755101476,absolute,SYNTHETIC: seeded teaching dataset; not observed market data,2026-09-01T00:00:00+00:00
2026-07-02,CAD_10,0.02949092389578676,absolute,SYNTHETIC: seeded teaching dataset; not observed market data,2026-09-01T00:00:00+00:00
2026-07-03,CAD_10,0.02962330202108439,absolute,SYNTHETIC: seeded teaching dataset; not observed market data,2026-09-01T00:00:00+00:00
2026-07-06,CAD_10,0.029643639147368145,absolute,SYNTHETIC: seeded teaching dataset; not observed market data,2026-09-01T00:00:00+00:00
2026-07-07,CAD_10,0.029894117422947564,absolute,SYNTHETIC: seeded teaching dataset; not observed market data,2026-09-01T00:00:00+00:00
2026-07-08,CAD_10,0.02952799745930513,absolute,SYNTHETIC: seeded teaching dataset; not observed market data,2026-09-01T00:00:00+00:00
2026-07-09,CAD_10,0.029743633661198414,absolute,SYNTHETIC: seeded teaching dataset; not observed market data,2026-09-01T00:00:00+00:00
2026-07-10,CAD_10,0.029936905727234182,absolute,SYNTHETIC: seeded teaching dataset; not observed market data,2026-09-01T00:00:00+00:00
2026-07-13,CAD_10,0.030142132493330177,absolute,SYNTHETIC: seeded teaching dataset; not observed market data,2026-09-01T00:00:00+00:00
2026-07-14,CAD_10,0.03021139479090154,absolute,SYNTHETIC: seeded teaching dataset; not observed market data,2026-09-01T00:00:00+00:00
2026-07-15,CAD_10,0.030168567748998718,absolute,SYNTHETIC: seeded teaching dataset; not observed market data,2026-09-01T00:00:00+00:00
2026-07-16,CAD_10,0.029588648792913813,absolute,SYNTHETIC: seeded teaching dataset; not observed market data,2026-09-01T00:00:00+00:00
2026-07-17,CAD_10,0.030314579182262984,absolute,SYNTHETIC: seeded teaching dataset; not observed market data,2026-09-01T00:00:00+00:00
2026-07-20,CAD_10,0.03078851653989524,absolute,SYNTHETIC: seeded teaching dataset; not observed market data,2026-09-01T00:00:00+00:00
2026-07-21,CAD_10,0.030595111040361195,absolute,SYNTHETIC: seeded teaching dataset; not observed market data,2026-09-01T00:00:00+00:00
2026-07-22,CAD_10,0.030438504497211867,absolute,SYNTHETIC: seeded teaching dataset; not observed market data,2026-09-01T00:00:00+00:00
2026-07-23,CAD_10,0.030917969175620105,absolute,SYNTHETIC: seeded teaching dataset; not observed market data,2026-09-01T00:00:00+00:00
2026-07-24,CAD_10,0.03092683654322024,absolute,SYNTHETIC: seeded teaching dataset; not observed market data,2026-09-01T00:00:00+00:00
2026-07-27,CAD_10,0.031859608914031355,absolute,SYNTHETIC: seeded teaching dataset; not observed market data,2026-09-01T00:00:00+00:00
2026-07-28,CAD_10,0.03205045652964128,absolute,SYNTHETIC: seeded teaching dataset; not observed market data,2026-09-01T00:00:00+00:00
2026-07-29,CAD_10,0.03308736664419023,absolute,SYNTHETIC: seeded teaching dataset; not observed market data,2026-09-01T00:00:00+00:00
2026-07-30,CAD_10,0.03219695185574917,absolute,SYNTHETIC: seeded teaching dataset; not observed market data,2026-09-01T00:00:00+00:00
2026-07-31,CAD_10,0.032615343104218576,absolute,SYNTHETIC: seeded teaching dataset; not observed market data,2026-09-01T00:00:00+00:00
2026-08-03,CAD_10,0.031772855970702826,absolute,SYNTHETIC: seeded teaching dataset; not observed market data,2026-09-01T00:00:00+00:00
2026-08-04,CAD_10,0.03306789264350761,absolute,SYNTHETIC: seeded teaching dataset; not observed market data,2026-09-01T00:00:00+00:00
2026-08-05,CAD_10,0.032987585185747285,absolute,SYNTHETIC: seeded teaching dataset; not observed market data,2026-09-01T00:00:00+00:00
2026-08-06,CAD_10,0.03249718470775547,absolute,SYNTHETIC: seeded teaching dataset; not observed market data,2026-09-01T00:00:00+00:00
2026-08-07,CAD_10,0.03223088587612697,absolute,SYNTHETIC: seeded teaching dataset; not observed market data,2026-09-01T00:00:00+00:00
2026-08-10,CAD_10,0.03155705681215287,absolute,SYNTHETIC: seeded teaching dataset; not observed market data,2026-09-01T00:00:00+00:00
2026-08-11,CAD_10,0.03179458644999666,absolute,SYNTHETIC: seeded teaching dataset; not observed market data,2026-09-01T00:00:00+00:00
2026-08-12,CAD_10,0.03160673895169839,absolute,SYNTHETIC: seeded teaching dataset; not observed market data,2026-09-01T00:00:00+00:00
2026-08-13,CAD_10,0.031974272288962824,absolute,SYNTHETIC: seeded teaching dataset; not observed market data,2026-09-01T00:00:00+00:00
2026-08-14,CAD_10,0.03257534690833138,absolute,SYNTHETIC: seeded teaching dataset; not observed market data,2026-09-01T00:00:00+00:00
2026-08-17,CAD_10,0.0330380629531868,absolute,SYNTHETIC: seeded teaching dataset; not observed market data,2026-09-01T00:00:00+00:00
2026-08-18,CAD_10,0.03260088839032415,absolute,SYNTHETIC: seeded teaching dataset; not observed market data,2026-09-01T00:00:00+00:00
2026-08-19,CAD_10,0.032830271398393236,absolute,SYNTHETIC: seeded teaching dataset; not observed market data,2026-09-01T00:00:00+00:00
2026-08-20,CAD_10,0.03318683711285641,absolute,SYNTHETIC: seeded teaching dataset; not observed market data,2026-09-01T00:00:00+00:00
2026-08-21,CAD_10,0.03342105954348301,absolute,SYNTHETIC: seeded teaching dataset; not observed market data,2026-09-01T00:00:00+00:00
2026-08-24,CAD_10,0.032877195653000124,absolute,SYNTHETIC: seeded teaching dataset; not observed market data,2026-09-01T00:00:00+00:00
2026-08-25,CAD_10,0.032706827116253084,absolute,SYNTHETIC: seeded teaching dataset; not observed market data,2026-09-01T00:00:00+00:00
2026-08-26,CAD_10,0.03229033855299555,absolute,SYNTHETIC: seeded teaching dataset; not observed market data,2026-09-01T00:00:00+00:00
2026-08-27,CAD_10,0.03299805100899449,absolute,SYNTHETIC: seeded teaching dataset; not observed market data,2026-09-01T00:00:00+00:00
2026-08-28,CAD_10,0.032603322384939924,absolute,SYNTHETIC: seeded teaching dataset; not observed market data,2026-09-01T00:00:00+00:00
2026-08-31,CAD_10,0.033,absolute,SYNTHETIC: seeded teaching dataset; not observed market data,2026-09-01T00:00:00+00:00
2025-01-02,CAD_30,0.04620060478527024,absolute,SYNTHETIC: seeded teaching dataset; not observed market data,2026-09-01T00:00:00+00:00
2025-01-03,CAD_30,0.045961754325877534,absolute,SYNTHETIC: seeded teaching dataset; not observed market data,2026-09-01T00:00:00+00:00
2025-01-06,CAD_30,0.04561813316843791,absolute,SYNTHETIC: seeded teaching dataset; not observed market data,2026-09-01T00:00:00+00:00
2025-01-07,CAD_30,0.045445947019429465,absolute,SYNTHETIC: seeded teaching dataset; not observed market data,2026-09-01T00:00:00+00:00
2025-01-08,CAD_30,0.045809304676907275,absolute,SYNTHETIC: seeded teaching dataset; not observed market data,2026-09-01T00:00:00+00:00
2025-01-09,CAD_30,0.04532741102875062,absolute,SYNTHETIC: seeded teaching dataset; not observed market data,2026-09-01T00:00:00+00:00
2025-01-10,CAD_30,0.04561062762829934,absolute,SYNTHETIC: seeded teaching dataset; not observed market data,2026-09-01T00:00:00+00:00
2025-01-13,CAD_30,0.04520195653143144,absolute,SYNTHETIC: seeded teaching dataset; not observed market data,2026-09-01T00:00:00+00:00
2025-01-14,CAD_30,0.04406623702682584,absolute,SYNTHETIC: seeded teaching dataset; not observed market data,2026-09-01T00:00:00+00:00
2025-01-15,CAD_30,0.04282971612651094,absolute,SYNTHETIC: seeded teaching dataset; not observed market data,2026-09-01T00:00:00+00:00
2025-01-16,CAD_30,0.04351165409336007,absolute,SYNTHETIC: seeded teaching dataset; not observed market data,2026-09-01T00:00:00+00:00
2025-01-17,CAD_30,0.04416584502862766,absolute,SYNTHETIC: seeded teaching dataset; not observed market data,2026-09-01T00:00:00+00:00
2025-01-20,CAD_30,0.04329436753204726,absolute,SYNTHETIC: seeded teaching dataset; not observed market data,2026-09-01T00:00:00+00:00
2025-01-21,CAD_30,0.04239163301957304,absolute,SYNTHETIC: seeded teaching dataset; not observed market data,2026-09-01T00:00:00+00:00
2025-01-22,CAD_30,0.04227819690476131,absolute,SYNTHETIC: seeded teaching dataset; not observed market data,2026-09-01T00:00:00+00:00
2025-01-23,CAD_30,0.04181700881556838,absolute,SYNTHETIC: seeded teaching dataset; not observed market data,2026-09-01T00:00:00+00:00
2025-01-24,CAD_30,0.04166994618085998,absolute,SYNTHETIC: seeded teaching dataset; not observed market data,2026-09-01T00:00:00+00:00
2025-01-27,CAD_30,0.04092289497457577,absolute,SYNTHETIC: seeded teaching dataset; not observed market data,2026-09-01T00:00:00+00:00
2025-01-28,CAD_30,0.04078893551060391,absolute,SYNTHETIC: seeded teaching dataset; not observed market data,2026-09-01T00:00:00+00:00
2025-01-29,CAD_30,0.041119637784559106,absolute,SYNTHETIC: seeded teaching dataset; not observed market data,2026-09-01T00:00:00+00:00
2025-01-30,CAD_30,0.040626972705436463,absolute,SYNTHETIC: seeded teaching dataset; not observed market data,2026-09-01T00:00:00+00:00
2025-01-31,CAD_30,0.04089368894204513,absolute,SYNTHETIC: seeded teaching dataset; not observed market data,2026-09-01T00:00:00+00:00
2025-02-03,CAD_30,0.04060282358488062,absolute,SYNTHETIC: seeded teaching dataset; not observed market data,2026-09-01T00:00:00+00:00
2025-02-04,CAD_30,0.04097211000596311,absolute,SYNTHETIC: seeded teaching dataset; not observed market data,2026-09-01T00:00:00+00:00
2025-02-05,CAD_30,0.040711675425622616,absolute,SYNTHETIC: seeded teaching dataset; not observed market data,2026-09-01T00:00:00+00:00
2025-02-06,CAD_30,0.04018425680648422,absolute,SYNTHETIC: seeded teaching dataset; not observed market data,2026-09-01T00:00:00+00:00
2025-02-07,CAD_30,0.04125664299657064,absolute,SYNTHETIC: seeded teaching dataset; not observed market data,2026-09-01T00:00:00+00:00
2025-02-10,CAD_30,0.04128969686525925,absolute,SYNTHETIC: seeded teaching dataset; not observed market data,2026-09-01T00:00:00+00:00
2025-02-11,CAD_30,0.04099948898831914,absolute,SYNTHETIC: seeded teaching dataset; not observed market data,2026-09-01T00:00:00+00:00
2025-02-12,CAD_30,0.04252869259113704,absolute,SYNTHETIC: seeded teaching dataset; not observed market data,2026-09-01T00:00:00+00:00
2025-02-13,CAD_30,0.04369820007219189,absolute,SYNTHETIC: seeded teaching dataset; not observed market data,2026-09-01T00:00:00+00:00
2025-02-14,CAD_30,0.04417414916914242,absolute,SYNTHETIC: seeded teaching dataset; not observed market data,2026-09-01T00:00:00+00:00
2025-02-17,CAD_30,0.04562142553484998,absolute,SYNTHETIC: seeded teaching dataset; not observed market data,2026-09-01T00:00:00+00:00
2025-02-18,CAD_30,0.04583634240323258,absolute,SYNTHETIC: seeded teaching dataset; not observed market data,2026-09-01T00:00:00+00:00
2025-02-19,CAD_30,0.04542818112783961,absolute,SYNTHETIC: seeded teaching dataset; not observed market data,2026-09-01T00:00:00+00:00
2025-02-20,CAD_30,0.04573100496399502,absolute,SYNTHETIC: seeded teaching dataset; not observed market data,2026-09-01T00:00:00+00:00
2025-02-21,CAD_30,0.045641509232756845,absolute,SYNTHETIC: seeded teaching dataset; not observed market data,2026-09-01T00:00:00+00:00
2025-02-24,CAD_30,0.04528669057911289,absolute,SYNTHETIC: seeded teaching dataset; not observed market data,2026-09-01T00:00:00+00:00
2025-02-25,CAD_30,0.045334424832393236,absolute,SYNTHETIC: seeded teaching dataset; not observed market data,2026-09-01T00:00:00+00:00
2025-02-26,CAD_30,0.04543332411180788,absolute,SYNTHETIC: seeded teaching dataset; not observed market data,2026-09-01T00:00:00+00:00
2025-02-27,CAD_30,0.04593623150276693,absolute,SYNTHETIC: seeded teaching dataset; not observed market data,2026-09-01T00:00:00+00:00
2025-02-28,CAD_30,0.046375515009330244,absolute,SYNTHETIC: seeded teaching dataset; not observed market data,2026-09-01T00:00:00+00:00
2025-03-03,CAD_30,0.046339025219694734,absolute,SYNTHETIC: seeded teaching dataset; not observed market data,2026-09-01T00:00:00+00:00
2025-03-04,CAD_30,0.046233500364082566,absolute,SYNTHETIC: seeded teaching dataset; not observed market data,2026-09-01T00:00:00+00:00
2025-03-05,CAD_30,0.0470988391719009,absolute,SYNTHETIC: seeded teaching dataset; not observed market data,2026-09-01T00:00:00+00:00
2025-03-06,CAD_30,0.04700047844958531,absolute,SYNTHETIC: seeded teaching dataset; not observed market data,2026-09-01T00:00:00+00:00
2025-03-07,CAD_30,0.047280447027851565,absolute,SYNTHETIC: seeded teaching dataset; not observed market data,2026-09-01T00:00:00+00:00
2025-03-10,CAD_30,0.047303729501807626,absolute,SYNTHETIC: seeded teaching dataset; not observed market data,2026-09-01T00:00:00+00:00
2025-03-11,CAD_30,0.04700671981301113,absolute,SYNTHETIC: seeded teaching dataset; not observed market data,2026-09-01T00:00:00+00:00
2025-03-12,CAD_30,0.04600151791766046,absolute,SYNTHETIC: seeded teaching dataset; not observed market data,2026-09-01T00:00:00+00:00
2025-03-13,CAD_30,0.04641429943516492,absolute,SYNTHETIC: seeded teaching dataset; not observed market data,2026-09-01T00:00:00+00:00
2025-03-14,CAD_30,0.04682826718242901,absolute,SYNTHETIC: seeded teaching dataset; not observed market data,2026-09-01T00:00:00+00:00
2025-03-17,CAD_30,0.047201307026518126,absolute,SYNTHETIC: seeded teaching dataset; not observed market data,2026-09-01T00:00:00+00:00
2025-03-18,CAD_30,0.046277245118935606,absolute,SYNTHETIC: seeded teaching dataset; not observed market data,2026-09-01T00:00:00+00:00
2025-03-19,CAD_30,0.04656192991574012,absolute,SYNTHETIC: seeded teaching dataset; not observed market data,2026-09-01T00:00:00+00:00
2025-03-20,CAD_30,0.04615695659561932,absolute,SYNTHETIC: seeded teaching dataset; not observed market data,2026-09-01T00:00:00+00:00
2025-03-21,CAD_30,0.04671853865920882,absolute,SYNTHETIC: seeded teaching dataset; not observed market data,2026-09-01T00:00:00+00:00
2025-03-24,CAD_30,0.04719001457088227,absolute,SYNTHETIC: seeded teaching dataset; not observed market data,2026-09-01T00:00:00+00:00
2025-03-25,CAD_30,0.04686380899081351,absolute,SYNTHETIC: seeded teaching dataset; not observed market data,2026-09-01T00:00:00+00:00
2025-03-26,CAD_30,0.04708801603603703,absolute,SYNTHETIC: seeded teaching dataset; not observed market data,2026-09-01T00:00:00+00:00
2025-03-27,CAD_30,0.04659917298101208,absolute,SYNTHETIC: seeded teaching dataset; not observed market data,2026-09-01T00:00:00+00:00
2025-03-28,CAD_30,0.04682029945468928,absolute,SYNTHETIC: seeded teaching dataset; not observed market data,2026-09-01T00:00:00+00:00
2025-03-31,CAD_30,0.04645657719583236,absolute,SYNTHETIC: seeded teaching dataset; not observed market data,2026-09-01T00:00:00+00:00
2025-04-01,CAD_30,0.04675825648065059,absolute,SYNTHETIC: seeded teaching dataset; not observed market data,2026-09-01T00:00:00+00:00
2025-04-02,CAD_30,0.046726602582049345,absolute,SYNTHETIC: seeded teaching dataset; not observed market data,2026-09-01T00:00:00+00:00
2025-04-03,CAD_30,0.0459897204291548,absolute,SYNTHETIC: seeded teaching dataset; not observed market data,2026-09-01T00:00:00+00:00
2025-04-04,CAD_30,0.045716671049585926,absolute,SYNTHETIC: seeded teaching dataset; not observed market data,2026-09-01T00:00:00+00:00
2025-04-07,CAD_30,0.04593464921033685,absolute,SYNTHETIC: seeded teaching dataset; not observed market data,2026-09-01T00:00:00+00:00
2025-04-08,CAD_30,0.04556662279780179,absolute,SYNTHETIC: seeded teaching dataset; not observed market data,2026-09-01T00:00:00+00:00
2025-04-09,CAD_30,0.046108817669141926,absolute,SYNTHETIC: seeded teaching dataset; not observed market data,2026-09-01T00:00:00+00:00
2025-04-10,CAD_30,0.045917441211509806,absolute,SYNTHETIC: seeded teaching dataset; not observed market data,2026-09-01T00:00:00+00:00
2025-04-11,CAD_30,0.045654976392167146,absolute,SYNTHETIC: seeded teaching dataset; not observed market data,2026-09-01T00:00:00+00:00
2025-04-14,CAD_30,0.04551808773070072,absolute,SYNTHETIC: seeded teaching dataset; not observed market data,2026-09-01T00:00:00+00:00
2025-04-15,CAD_30,0.045918669996012684,absolute,SYNTHETIC: seeded teaching dataset; not observed market data,2026-09-01T00:00:00+00:00
2025-04-16,CAD_30,0.045929917839468454,absolute,SYNTHETIC: seeded teaching dataset; not observed market data,2026-09-01T00:00:00+00:00
2025-04-17,CAD_30,0.045882045464731645,absolute,SYNTHETIC: seeded teaching dataset; not observed market data,2026-09-01T00:00:00+00:00
2025-04-18,CAD_30,0.045005870410728836,absolute,SYNTHETIC: seeded teaching dataset; not observed market data,2026-09-01T00:00:00+00:00
2025-04-21,CAD_30,0.04545844795308629,absolute,SYNTHETIC: seeded teaching dataset; not observed market data,2026-09-01T00:00:00+00:00
2025-04-22,CAD_30,0.045790486890896605,absolute,SYNTHETIC: seeded teaching dataset; not observed market data,2026-09-01T00:00:00+00:00
2025-04-23,CAD_30,0.04555864144571608,absolute,SYNTHETIC: seeded teaching dataset; not observed market data,2026-09-01T00:00:00+00:00
2025-04-24,CAD_30,0.045651346268837927,absolute,SYNTHETIC: seeded teaching dataset; not observed market data,2026-09-01T00:00:00+00:00
2025-04-25,CAD_30,0.04624301126560591,absolute,SYNTHETIC: seeded teaching dataset; not observed market data,2026-09-01T00:00:00+00:00
2025-04-28,CAD_30,0.04677982730822797,absolute,SYNTHETIC: seeded teaching dataset; not observed market data,2026-09-01T00:00:00+00:00
2025-04-29,CAD_30,0.046840695728806225,absolute,SYNTHETIC: seeded teaching dataset; not observed market data,2026-09-01T00:00:00+00:00
2025-04-30,CAD_30,0.04623137080851129,absolute,SYNTHETIC: seeded teaching dataset; not observed market data,2026-09-01T00:00:00+00:00
2025-05-01,CAD_30,0.04588481438270721,absolute,SYNTHETIC: seeded teaching dataset; not observed market data,2026-09-01T00:00:00+00:00
2025-05-02,CAD_30,0.0459009545004376,absolute,SYNTHETIC: seeded teaching dataset; not observed market data,2026-09-01T00:00:00+00:00
2025-05-05,CAD_30,0.0453976342810685,absolute,SYNTHETIC: seeded teaching dataset; not observed market data,2026-09-01T00:00:00+00:00
2025-05-06,CAD_30,0.04553715500545154,absolute,SYNTHETIC: seeded teaching dataset; not observed market data,2026-09-01T00:00:00+00:00
2025-05-07,CAD_30,0.04591497844766475,absolute,SYNTHETIC: seeded teaching dataset; not observed market data,2026-09-01T00:00:00+00:00
2025-05-08,CAD_30,0.0452682541069812,absolute,SYNTHETIC: seeded teaching dataset; not observed market data,2026-09-01T00:00:00+00:00
2025-05-09,CAD_30,0.04450014695041114,absolute,SYNTHETIC: seeded teaching dataset; not observed market data,2026-09-01T00:00:00+00:00
2025-05-12,CAD_30,0.04482735396579141,absolute,SYNTHETIC: seeded teaching dataset; not observed market data,2026-09-01T00:00:00+00:00
2025-05-13,CAD_30,0.04485228760445224,absolute,SYNTHETIC: seeded teaching dataset; not observed market data,2026-09-01T00:00:00+00:00
2025-05-14,CAD_30,0.0444733977423462,absolute,SYNTHETIC: seeded teaching dataset; not observed market data,2026-09-01T00:00:00+00:00
2025-05-15,CAD_30,0.04462662489658208,absolute,SYNTHETIC: seeded teaching dataset; not observed market data,2026-09-01T00:00:00+00:00
2025-05-16,CAD_30,0.04464395889044049,absolute,SYNTHETIC: seeded teaching dataset; not observed market data,2026-09-01T00:00:00+00:00
2025-05-19,CAD_30,0.04310336429569426,absolute,SYNTHETIC: seeded teaching dataset; not observed market data,2026-09-01T00:00:00+00:00
2025-05-20,CAD_30,0.042861410671943545,absolute,SYNTHETIC: seeded teaching dataset; not observed market data,2026-09-01T00:00:00+00:00
2025-05-21,CAD_30,0.04285950767573391,absolute,SYNTHETIC: seeded teaching dataset; not observed market data,2026-09-01T00:00:00+00:00
2025-05-22,CAD_30,0.04304051374791798,absolute,SYNTHETIC: seeded teaching dataset; not observed market data,2026-09-01T00:00:00+00:00
2025-05-23,CAD_30,0.042816314210455016,absolute,SYNTHETIC: seeded teaching dataset; not observed market data,2026-09-01T00:00:00+00:00
2025-05-26,CAD_30,0.04306387978019511,absolute,SYNTHETIC: seeded teaching dataset; not observed market data,2026-09-01T00:00:00+00:00
2025-05-27,CAD_30,0.043386837821803324,absolute,SYNTHETIC: seeded teaching dataset; not observed market data,2026-09-01T00:00:00+00:00
2025-05-28,CAD_30,0.04263942084967606,absolute,SYNTHETIC: seeded teaching dataset; not observed market data,2026-09-01T00:00:00+00:00
2025-05-29,CAD_30,0.04186623881773606,absolute,SYNTHETIC: seeded teaching dataset; not observed market data,2026-09-01T00:00:00+00:00
2025-05-30,CAD_30,0.041088932378503584,absolute,SYNTHETIC: seeded teaching dataset; not observed market data,2026-09-01T00:00:00+00:00
2025-06-02,CAD_30,0.04022243893613079,absolute,SYNTHETIC: seeded teaching dataset; not observed market data,2026-09-01T00:00:00+00:00
2025-06-03,CAD_30,0.03980880406832513,absolute,SYNTHETIC: seeded teaching dataset; not observed market data,2026-09-01T00:00:00+00:00
2025-06-04,CAD_30,0.040621898595481196,absolute,SYNTHETIC: seeded teaching dataset; not observed market data,2026-09-01T00:00:00+00:00
2025-06-05,CAD_30,0.040943019899027745,absolute,SYNTHETIC: seeded teaching dataset; not observed market data,2026-09-01T00:00:00+00:00
2025-06-06,CAD_30,0.040172260272188176,absolute,SYNTHETIC: seeded teaching dataset; not observed market data,2026-09-01T00:00:00+00:00
2025-06-09,CAD_30,0.03999989076416411,absolute,SYNTHETIC: seeded teaching dataset; not observed market data,2026-09-01T00:00:00+00:00
2025-06-10,CAD_30,0.03971370183139525,absolute,SYNTHETIC: seeded teaching dataset; not observed market data,2026-09-01T00:00:00+00:00
2025-06-11,CAD_30,0.03932862573295442,absolute,SYNTHETIC: seeded teaching dataset; not observed market data,2026-09-01T00:00:00+00:00
2025-06-12,CAD_30,0.0392147608964118,absolute,SYNTHETIC: seeded teaching dataset; not observed market data,2026-09-01T00:00:00+00:00
2025-06-13,CAD_30,0.03977962383070155,absolute,SYNTHETIC: seeded teaching dataset; not observed market data,2026-09-01T00:00:00+00:00
2025-06-16,CAD_30,0.039847358732215746,absolute,SYNTHETIC: seeded teaching dataset; not observed market data,2026-09-01T00:00:00+00:00
2025-06-17,CAD_30,0.039098260508309515,absolute,SYNTHETIC: seeded teaching dataset; not observed market data,2026-09-01T00:00:00+00:00
2025-06-18,CAD_30,0.03920310322231798,absolute,SYNTHETIC: seeded teaching dataset; not observed market data,2026-09-01T00:00:00+00:00
2025-06-19,CAD_30,0.04043723004758709,absolute,SYNTHETIC: seeded teaching dataset; not observed market data,2026-09-01T00:00:00+00:00
2025-06-20,CAD_30,0.04043421971427873,absolute,SYNTHETIC: seeded teaching dataset; not observed market data,2026-09-01T00:00:00+00:00
2025-06-23,CAD_30,0.040357245588039325,absolute,SYNTHETIC: seeded teaching dataset; not observed market data,2026-09-01T00:00:00+00:00
2025-06-24,CAD_30,0.039987735568400455,absolute,SYNTHETIC: seeded teaching dataset; not observed market data,2026-09-01T00:00:00+00:00
2025-06-25,CAD_30,0.04028979478866038,absolute,SYNTHETIC: seeded teaching dataset; not observed market data,2026-09-01T00:00:00+00:00
2025-06-26,CAD_30,0.040356957779456665,absolute,SYNTHETIC: seeded teaching dataset; not observed market data,2026-09-01T00:00:00+00:00
2025-06-27,CAD_30,0.04043310875847904,absolute,SYNTHETIC: seeded teaching dataset; not observed market data,2026-09-01T00:00:00+00:00
2025-06-30,CAD_30,0.040540604462766534,absolute,SYNTHETIC: seeded teaching dataset; not observed market data,2026-09-01T00:00:00+00:00
2025-07-01,CAD_30,0.039666180401758525,absolute,SYNTHETIC: seeded teaching dataset; not observed market data,2026-09-01T00:00:00+00:00
2025-07-02,CAD_30,0.03990285929452721,absolute,SYNTHETIC: seeded teaching dataset; not observed market data,2026-09-01T00:00:00+00:00
2025-07-03,CAD_30,0.039790278092591856,absolute,SYNTHETIC: seeded teaching dataset; not observed market data,2026-09-01T00:00:00+00:00
2025-07-04,CAD_30,0.039538281954120444,absolute,SYNTHETIC: seeded teaching dataset; not observed market data,2026-09-01T00:00:00+00:00
2025-07-07,CAD_30,0.03952070062926649,absolute,SYNTHETIC: seeded teaching dataset; not observed market data,2026-09-01T00:00:00+00:00
2025-07-08,CAD_30,0.03970452668646661,absolute,SYNTHETIC: seeded teaching dataset; not observed market data,2026-09-01T00:00:00+00:00
2025-07-09,CAD_30,0.03997568518051229,absolute,SYNTHETIC: seeded teaching dataset; not observed market data,2026-09-01T00:00:00+00:00
2025-07-10,CAD_30,0.039612805283873315,absolute,SYNTHETIC: seeded teaching dataset; not observed market data,2026-09-01T00:00:00+00:00
2025-07-11,CAD_30,0.0391960864622835,absolute,SYNTHETIC: seeded teaching dataset; not observed market data,2026-09-01T00:00:00+00:00
2025-07-14,CAD_30,0.03872963369637339,absolute,SYNTHETIC: seeded teaching dataset; not observed market data,2026-09-01T00:00:00+00:00
2025-07-15,CAD_30,0.03847730740798689,absolute,SYNTHETIC: seeded teaching dataset; not observed market data,2026-09-01T00:00:00+00:00
2025-07-16,CAD_30,0.037677242760241064,absolute,SYNTHETIC: seeded teaching dataset; not observed market data,2026-09-01T00:00:00+00:00
2025-07-17,CAD_30,0.037165669879568014,absolute,SYNTHETIC: seeded teaching dataset; not observed market data,2026-09-01T00:00:00+00:00
2025-07-18,CAD_30,0.03738245894310416,absolute,SYNTHETIC: seeded teaching dataset; not observed market data,2026-09-01T00:00:00+00:00
2025-07-21,CAD_30,0.037647679314045425,absolute,SYNTHETIC: seeded teaching dataset; not observed market data,2026-09-01T00:00:00+00:00
2025-07-22,CAD_30,0.03710709068350715,absolute,SYNTHETIC: seeded teaching dataset; not observed market data,2026-09-01T00:00:00+00:00
2025-07-23,CAD_30,0.036441572092456714,absolute,SYNTHETIC: seeded teaching dataset; not observed market data,2026-09-01T00:00:00+00:00
2025-07-24,CAD_30,0.03700704296510831,absolute,SYNTHETIC: seeded teaching dataset; not observed market data,2026-09-01T00:00:00+00:00
2025-07-25,CAD_30,0.0369389342708345,absolute,SYNTHETIC: seeded teaching dataset; not observed market data,2026-09-01T00:00:00+00:00
2025-07-28,CAD_30,0.03715531262448424,absolute,SYNTHETIC: seeded teaching dataset; not observed market data,2026-09-01T00:00:00+00:00
2025-07-29,CAD_30,0.03711834749698504,absolute,SYNTHETIC: seeded teaching dataset; not observed market data,2026-09-01T00:00:00+00:00
2025-07-30,CAD_30,0.03771397651896412,absolute,SYNTHETIC: seeded teaching dataset; not observed market data,2026-09-01T00:00:00+00:00
2025-07-31,CAD_30,0.03757628630583222,absolute,SYNTHETIC: seeded teaching dataset; not observed market data,2026-09-01T00:00:00+00:00
2025-08-01,CAD_30,0.0379011196854261,absolute,SYNTHETIC: seeded teaching dataset; not observed market data,2026-09-01T00:00:00+00:00
2025-08-04,CAD_30,0.038339672304015665,absolute,SYNTHETIC: seeded teaching dataset; not observed market data,2026-09-01T00:00:00+00:00
2025-08-05,CAD_30,0.03827335347197916,absolute,SYNTHETIC: seeded teaching dataset; not observed market data,2026-09-01T00:00:00+00:00
2025-08-06,CAD_30,0.03826088965358786,absolute,SYNTHETIC: seeded teaching dataset; not observed market data,2026-09-01T00:00:00+00:00
2025-08-07,CAD_30,0.037744004275321485,absolute,SYNTHETIC: seeded teaching dataset; not observed market data,2026-09-01T00:00:00+00:00
2025-08-08,CAD_30,0.03801200162368211,absolute,SYNTHETIC: seeded teaching dataset; not observed market data,2026-09-01T00:00:00+00:00
2025-08-11,CAD_30,0.03854826172545141,absolute,SYNTHETIC: seeded teaching dataset; not observed market data,2026-09-01T00:00:00+00:00
2025-08-12,CAD_30,0.03820417429778287,absolute,SYNTHETIC: seeded teaching dataset; not observed market data,2026-09-01T00:00:00+00:00
2025-08-13,CAD_30,0.03765629785807296,absolute,SYNTHETIC: seeded teaching dataset; not observed market data,2026-09-01T00:00:00+00:00
2025-08-14,CAD_30,0.03786951963313452,absolute,SYNTHETIC: seeded teaching dataset; not observed market data,2026-09-01T00:00:00+00:00
2025-08-15,CAD_30,0.037547013845720706,absolute,SYNTHETIC: seeded teaching dataset; not observed market data,2026-09-01T00:00:00+00:00
2025-08-18,CAD_30,0.03756181592197086,absolute,SYNTHETIC: seeded teaching dataset; not observed market data,2026-09-01T00:00:00+00:00
2025-08-19,CAD_30,0.03792556931422454,absolute,SYNTHETIC: seeded teaching dataset; not observed market data,2026-09-01T00:00:00+00:00
2025-08-20,CAD_30,0.03726871623097157,absolute,SYNTHETIC: seeded teaching dataset; not observed market data,2026-09-01T00:00:00+00:00
2025-08-21,CAD_30,0.03701560680709916,absolute,SYNTHETIC: seeded teaching dataset; not observed market data,2026-09-01T00:00:00+00:00
2025-08-22,CAD_30,0.03724875974372194,absolute,SYNTHETIC: seeded teaching dataset; not observed market data,2026-09-01T00:00:00+00:00
2025-08-25,CAD_30,0.037177499944046975,absolute,SYNTHETIC: seeded teaching dataset; not observed market data,2026-09-01T00:00:00+00:00
2025-08-26,CAD_30,0.037167187733081405,absolute,SYNTHETIC: seeded teaching dataset; not observed market data,2026-09-01T00:00:00+00:00
2025-08-27,CAD_30,0.03729646007561459,absolute,SYNTHETIC: seeded teaching dataset; not observed market data,2026-09-01T00:00:00+00:00
2025-08-28,CAD_30,0.037281706863436966,absolute,SYNTHETIC: seeded teaching dataset; not observed market data,2026-09-01T00:00:00+00:00
2025-08-29,CAD_30,0.03700306778836166,absolute,SYNTHETIC: seeded teaching dataset; not observed market data,2026-09-01T00:00:00+00:00
2025-09-01,CAD_30,0.037545128136224085,absolute,SYNTHETIC: seeded teaching dataset; not observed market data,2026-09-01T00:00:00+00:00
2025-09-02,CAD_30,0.03728644466930406,absolute,SYNTHETIC: seeded teaching dataset; not observed market data,2026-09-01T00:00:00+00:00
2025-09-03,CAD_30,0.03762719687039303,absolute,SYNTHETIC: seeded teaching dataset; not observed market data,2026-09-01T00:00:00+00:00
2025-09-04,CAD_30,0.036973795905067955,absolute,SYNTHETIC: seeded teaching dataset; not observed market data,2026-09-01T00:00:00+00:00
2025-09-05,CAD_30,0.03744249281012663,absolute,SYNTHETIC: seeded teaching dataset; not observed market data,2026-09-01T00:00:00+00:00
2025-09-08,CAD_30,0.03785443987045655,absolute,SYNTHETIC: seeded teaching dataset; not observed market data,2026-09-01T00:00:00+00:00
2025-09-09,CAD_30,0.03801325922353739,absolute,SYNTHETIC: seeded teaching dataset; not observed market data,2026-09-01T00:00:00+00:00
2025-09-10,CAD_30,0.037598469386652476,absolute,SYNTHETIC: seeded teaching dataset; not observed market data,2026-09-01T00:00:00+00:00
2025-09-11,CAD_30,0.03735779228235746,absolute,SYNTHETIC: seeded teaching dataset; not observed market data,2026-09-01T00:00:00+00:00
2025-09-12,CAD_30,0.03710869012357004,absolute,SYNTHETIC: seeded teaching dataset; not observed market data,2026-09-01T00:00:00+00:00
2025-09-15,CAD_30,0.03602779623128443,absolute,SYNTHETIC: seeded teaching dataset; not observed market data,2026-09-01T00:00:00+00:00
2025-09-16,CAD_30,0.036199632637201676,absolute,SYNTHETIC: seeded teaching dataset; not observed market data,2026-09-01T00:00:00+00:00
2025-09-17,CAD_30,0.036217887379316555,absolute,SYNTHETIC: seeded teaching dataset; not observed market data,2026-09-01T00:00:00+00:00
2025-09-18,CAD_30,0.0362255806307365,absolute,SYNTHETIC: seeded teaching dataset; not observed market data,2026-09-01T00:00:00+00:00
2025-09-19,CAD_30,0.03576643990258472,absolute,SYNTHETIC: seeded teaching dataset; not observed market data,2026-09-01T00:00:00+00:00
2025-09-22,CAD_30,0.03536186963066882,absolute,SYNTHETIC: seeded teaching dataset; not observed market data,2026-09-01T00:00:00+00:00
2025-09-23,CAD_30,0.03572421008292855,absolute,SYNTHETIC: seeded teaching dataset; not observed market data,2026-09-01T00:00:00+00:00
2025-09-24,CAD_30,0.035471422808927636,absolute,SYNTHETIC: seeded teaching dataset; not observed market data,2026-09-01T00:00:00+00:00
2025-09-25,CAD_30,0.03512162709933111,absolute,SYNTHETIC: seeded teaching dataset; not observed market data,2026-09-01T00:00:00+00:00
2025-09-26,CAD_30,0.03492284369483306,absolute,SYNTHETIC: seeded teaching dataset; not observed market data,2026-09-01T00:00:00+00:00
2025-09-29,CAD_30,0.03465188102883451,absolute,SYNTHETIC: seeded teaching dataset; not observed market data,2026-09-01T00:00:00+00:00
2025-09-30,CAD_30,0.03448295463277823,absolute,SYNTHETIC: seeded teaching dataset; not observed market data,2026-09-01T00:00:00+00:00
2025-10-01,CAD_30,0.03504584473093744,absolute,SYNTHETIC: seeded teaching dataset; not observed market data,2026-09-01T00:00:00+00:00
2025-10-02,CAD_30,0.0357660448641537,absolute,SYNTHETIC: seeded teaching dataset; not observed market data,2026-09-01T00:00:00+00:00
2025-10-03,CAD_30,0.035104828468415734,absolute,SYNTHETIC: seeded teaching dataset; not observed market data,2026-09-01T00:00:00+00:00
2025-10-06,CAD_30,0.034806074611534225,absolute,SYNTHETIC: seeded teaching dataset; not observed market data,2026-09-01T00:00:00+00:00
2025-10-07,CAD_30,0.035458578606704635,absolute,SYNTHETIC: seeded teaching dataset; not observed market data,2026-09-01T00:00:00+00:00
2025-10-08,CAD_30,0.03505615795278849,absolute,SYNTHETIC: seeded teaching dataset; not observed market data,2026-09-01T00:00:00+00:00
2025-10-09,CAD_30,0.03489112000667564,absolute,SYNTHETIC: seeded teaching dataset; not observed market data,2026-09-01T00:00:00+00:00
2025-10-10,CAD_30,0.03586035308844966,absolute,SYNTHETIC: seeded teaching dataset; not observed market data,2026-09-01T00:00:00+00:00
2025-10-13,CAD_30,0.0361155692147243,absolute,SYNTHETIC: seeded teaching dataset; not observed market data,2026-09-01T00:00:00+00:00
2025-10-14,CAD_30,0.03649163878590426,absolute,SYNTHETIC: seeded teaching dataset; not observed market data,2026-09-01T00:00:00+00:00
2025-10-15,CAD_30,0.03597616214940226,absolute,SYNTHETIC: seeded teaching dataset; not observed market data,2026-09-01T00:00:00+00:00
2025-10-16,CAD_30,0.036304561653115165,absolute,SYNTHETIC: seeded teaching dataset; not observed market data,2026-09-01T00:00:00+00:00
2025-10-17,CAD_30,0.036101950255075003,absolute,SYNTHETIC: seeded teaching dataset; not observed market data,2026-09-01T00:00:00+00:00
2025-10-20,CAD_30,0.036100447854737615,absolute,SYNTHETIC: seeded teaching dataset; not observed market data,2026-09-01T00:00:00+00:00
2025-10-21,CAD_30,0.03569786744243143,absolute,SYNTHETIC: seeded teaching dataset; not observed market data,2026-09-01T00:00:00+00:00
2025-10-22,CAD_30,0.03635854332324603,absolute,SYNTHETIC: seeded teaching dataset; not observed market data,2026-09-01T00:00:00+00:00
2025-10-23,CAD_30,0.03631159441429494,absolute,SYNTHETIC: seeded teaching dataset; not observed market data,2026-09-01T00:00:00+00:00
2025-10-24,CAD_30,0.035802631396292826,absolute,SYNTHETIC: seeded teaching dataset; not observed market data,2026-09-01T00:00:00+00:00
2025-10-27,CAD_30,0.035324571656571456,absolute,SYNTHETIC: seeded teaching dataset; not observed market data,2026-09-01T00:00:00+00:00
2025-10-28,CAD_30,0.03489768951959124,absolute,SYNTHETIC: seeded teaching dataset; not observed market data,2026-09-01T00:00:00+00:00
2025-10-29,CAD_30,0.03501194657221473,absolute,SYNTHETIC: seeded teaching dataset; not observed market data,2026-09-01T00:00:00+00:00
2025-10-30,CAD_30,0.035146131564193134,absolute,SYNTHETIC: seeded teaching dataset; not observed market data,2026-09-01T00:00:00+00:00
2025-10-31,CAD_30,0.03536043733866628,absolute,SYNTHETIC: seeded teaching dataset; not observed market data,2026-09-01T00:00:00+00:00
2025-11-03,CAD_30,0.03448089694812832,absolute,SYNTHETIC: seeded teaching dataset; not observed market data,2026-09-01T00:00:00+00:00
2025-11-04,CAD_30,0.034683081415938434,absolute,SYNTHETIC: seeded teaching dataset; not observed market data,2026-09-01T00:00:00+00:00
2025-11-05,CAD_30,0.03473357575748082,absolute,SYNTHETIC: seeded teaching dataset; not observed market data,2026-09-01T00:00:00+00:00
2025-11-06,CAD_30,0.03453283328475407,absolute,SYNTHETIC: seeded teaching dataset; not observed market data,2026-09-01T00:00:00+00:00
2025-11-07,CAD_30,0.03352026822494231,absolute,SYNTHETIC: seeded teaching dataset; not observed market data,2026-09-01T00:00:00+00:00
2025-11-10,CAD_30,0.03298390372073552,absolute,SYNTHETIC: seeded teaching dataset; not observed market data,2026-09-01T00:00:00+00:00
2025-11-11,CAD_30,0.033900236575747776,absolute,SYNTHETIC: seeded teaching dataset; not observed market data,2026-09-01T00:00:00+00:00
2025-11-12,CAD_30,0.03411560341666567,absolute,SYNTHETIC: seeded teaching dataset; not observed market data,2026-09-01T00:00:00+00:00
2025-11-13,CAD_30,0.033255491420963554,absolute,SYNTHETIC: seeded teaching dataset; not observed market data,2026-09-01T00:00:00+00:00
2025-11-14,CAD_30,0.03484500271117461,absolute,SYNTHETIC: seeded teaching dataset; not observed market data,2026-09-01T00:00:00+00:00
2025-11-17,CAD_30,0.03566211647479095,absolute,SYNTHETIC: seeded teaching dataset; not observed market data,2026-09-01T00:00:00+00:00
2025-11-18,CAD_30,0.03565239227816545,absolute,SYNTHETIC: seeded teaching dataset; not observed market data,2026-09-01T00:00:00+00:00
2025-11-19,CAD_30,0.035825380071153844,absolute,SYNTHETIC: seeded teaching dataset; not observed market data,2026-09-01T00:00:00+00:00
2025-11-20,CAD_30,0.036187713969029235,absolute,SYNTHETIC: seeded teaching dataset; not observed market data,2026-09-01T00:00:00+00:00
2025-11-21,CAD_30,0.036038412512770956,absolute,SYNTHETIC: seeded teaching dataset; not observed market data,2026-09-01T00:00:00+00:00
2025-11-24,CAD_30,0.03581883757613088,absolute,SYNTHETIC: seeded teaching dataset; not observed market data,2026-09-01T00:00:00+00:00
2025-11-25,CAD_30,0.03440094666350278,absolute,SYNTHETIC: seeded teaching dataset; not observed market data,2026-09-01T00:00:00+00:00
2025-11-26,CAD_30,0.033934405592385926,absolute,SYNTHETIC: seeded teaching dataset; not observed market data,2026-09-01T00:00:00+00:00
2025-11-27,CAD_30,0.03470548934766191,absolute,SYNTHETIC: seeded teaching dataset; not observed market data,2026-09-01T00:00:00+00:00
2025-11-28,CAD_30,0.03490906097483703,absolute,SYNTHETIC: seeded teaching dataset; not observed market data,2026-09-01T00:00:00+00:00
2025-12-01,CAD_30,0.03489670491321554,absolute,SYNTHETIC: seeded teaching dataset; not observed market data,2026-09-01T00:00:00+00:00
2025-12-02,CAD_30,0.034636180795233694,absolute,SYNTHETIC: seeded teaching dataset; not observed market data,2026-09-01T00:00:00+00:00
2025-12-03,CAD_30,0.035477536155737406,absolute,SYNTHETIC: seeded teaching dataset; not observed market data,2026-09-01T00:00:00+00:00
2025-12-04,CAD_30,0.03462527235015547,absolute,SYNTHETIC: seeded teaching dataset; not observed market data,2026-09-01T00:00:00+00:00
2025-12-05,CAD_30,0.03448548635512421,absolute,SYNTHETIC: seeded teaching dataset; not observed market data,2026-09-01T00:00:00+00:00
2025-12-08,CAD_30,0.033953794865155734,absolute,SYNTHETIC: seeded teaching dataset; not observed market data,2026-09-01T00:00:00+00:00
2025-12-09,CAD_30,0.03518777609660385,absolute,SYNTHETIC: seeded teaching dataset; not observed market data,2026-09-01T00:00:00+00:00
2025-12-10,CAD_30,0.03649780010072993,absolute,SYNTHETIC: seeded teaching dataset; not observed market data,2026-09-01T00:00:00+00:00
2025-12-11,CAD_30,0.03730664369445354,absolute,SYNTHETIC: seeded teaching dataset; not observed market data,2026-09-01T00:00:00+00:00
2025-12-12,CAD_30,0.0364367821096656,absolute,SYNTHETIC: seeded teaching dataset; not observed market data,2026-09-01T00:00:00+00:00
2025-12-15,CAD_30,0.035661684886453854,absolute,SYNTHETIC: seeded teaching dataset; not observed market data,2026-09-01T00:00:00+00:00
2025-12-16,CAD_30,0.0355365265282287,absolute,SYNTHETIC: seeded teaching dataset; not observed market data,2026-09-01T00:00:00+00:00
2025-12-17,CAD_30,0.035650500260202896,absolute,SYNTHETIC: seeded teaching dataset; not observed market data,2026-09-01T00:00:00+00:00
2025-12-18,CAD_30,0.03614897726263039,absolute,SYNTHETIC: seeded teaching dataset; not observed market data,2026-09-01T00:00:00+00:00
2025-12-19,CAD_30,0.036858392164913774,absolute,SYNTHETIC: seeded teaching dataset; not observed market data,2026-09-01T00:00:00+00:00
2025-12-22,CAD_30,0.0368029941963754,absolute,SYNTHETIC: seeded teaching dataset; not observed market data,2026-09-01T00:00:00+00:00
2025-12-23,CAD_30,0.036121665049094843,absolute,SYNTHETIC: seeded teaching dataset; not observed market data,2026-09-01T00:00:00+00:00
2025-12-24,CAD_30,0.03660134210230593,absolute,SYNTHETIC: seeded teaching dataset; not observed market data,2026-09-01T00:00:00+00:00
2025-12-25,CAD_30,0.03626286248789599,absolute,SYNTHETIC: seeded teaching dataset; not observed market data,2026-09-01T00:00:00+00:00
2025-12-26,CAD_30,0.03749563085480043,absolute,SYNTHETIC: seeded teaching dataset; not observed market data,2026-09-01T00:00:00+00:00
2025-12-29,CAD_30,0.03676877220629098,absolute,SYNTHETIC: seeded teaching dataset; not observed market data,2026-09-01T00:00:00+00:00
2025-12-30,CAD_30,0.03666193416560396,absolute,SYNTHETIC: seeded teaching dataset; not observed market data,2026-09-01T00:00:00+00:00
2025-12-31,CAD_30,0.03629578014509846,absolute,SYNTHETIC: seeded teaching dataset; not observed market data,2026-09-01T00:00:00+00:00
2026-01-01,CAD_30,0.03593995007501487,absolute,SYNTHETIC: seeded teaching dataset; not observed market data,2026-09-01T00:00:00+00:00
2026-01-02,CAD_30,0.03643833444181687,absolute,SYNTHETIC: seeded teaching dataset; not observed market data,2026-09-01T00:00:00+00:00
2026-01-05,CAD_30,0.03746597830768549,absolute,SYNTHETIC: seeded teaching dataset; not observed market data,2026-09-01T00:00:00+00:00
2026-01-06,CAD_30,0.03719421770394206,absolute,SYNTHETIC: seeded teaching dataset; not observed market data,2026-09-01T00:00:00+00:00
2026-01-07,CAD_30,0.0370449074950571,absolute,SYNTHETIC: seeded teaching dataset; not observed market data,2026-09-01T00:00:00+00:00
2026-01-08,CAD_30,0.0365808856827044,absolute,SYNTHETIC: seeded teaching dataset; not observed market data,2026-09-01T00:00:00+00:00
2026-01-09,CAD_30,0.037717083856214625,absolute,SYNTHETIC: seeded teaching dataset; not observed market data,2026-09-01T00:00:00+00:00
2026-01-12,CAD_30,0.03869960168339584,absolute,SYNTHETIC: seeded teaching dataset; not observed market data,2026-09-01T00:00:00+00:00
2026-01-13,CAD_30,0.038835587872068034,absolute,SYNTHETIC: seeded teaching dataset; not observed market data,2026-09-01T00:00:00+00:00
2026-01-14,CAD_30,0.03849200720757274,absolute,SYNTHETIC: seeded teaching dataset; not observed market data,2026-09-01T00:00:00+00:00
2026-01-15,CAD_30,0.03875928587255212,absolute,SYNTHETIC: seeded teaching dataset; not observed market data,2026-09-01T00:00:00+00:00
2026-01-16,CAD_30,0.039074891522811635,absolute,SYNTHETIC: seeded teaching dataset; not observed market data,2026-09-01T00:00:00+00:00
2026-01-19,CAD_30,0.03865090580339612,absolute,SYNTHETIC: seeded teaching dataset; not observed market data,2026-09-01T00:00:00+00:00
2026-01-20,CAD_30,0.039445596396972586,absolute,SYNTHETIC: seeded teaching dataset; not observed market data,2026-09-01T00:00:00+00:00
2026-01-21,CAD_30,0.03976243108970547,absolute,SYNTHETIC: seeded teaching dataset; not observed market data,2026-09-01T00:00:00+00:00
2026-01-22,CAD_30,0.039312740263106855,absolute,SYNTHETIC: seeded teaching dataset; not observed market data,2026-09-01T00:00:00+00:00
2026-01-23,CAD_30,0.0402919429236094,absolute,SYNTHETIC: seeded teaching dataset; not observed market data,2026-09-01T00:00:00+00:00
2026-01-26,CAD_30,0.039996455039068034,absolute,SYNTHETIC: seeded teaching dataset; not observed market data,2026-09-01T00:00:00+00:00
2026-01-27,CAD_30,0.039246810161845044,absolute,SYNTHETIC: seeded teaching dataset; not observed market data,2026-09-01T00:00:00+00:00
2026-01-28,CAD_30,0.03953071889028635,absolute,SYNTHETIC: seeded teaching dataset; not observed market data,2026-09-01T00:00:00+00:00
2026-01-29,CAD_30,0.039399161852062076,absolute,SYNTHETIC: seeded teaching dataset; not observed market data,2026-09-01T00:00:00+00:00
2026-01-30,CAD_30,0.039763828250162364,absolute,SYNTHETIC: seeded teaching dataset; not observed market data,2026-09-01T00:00:00+00:00
2026-02-02,CAD_30,0.03985779420177909,absolute,SYNTHETIC: seeded teaching dataset; not observed market data,2026-09-01T00:00:00+00:00
2026-02-03,CAD_30,0.03992791063844713,absolute,SYNTHETIC: seeded teaching dataset; not observed market data,2026-09-01T00:00:00+00:00
2026-02-04,CAD_30,0.040517670246174566,absolute,SYNTHETIC: seeded teaching dataset; not observed market data,2026-09-01T00:00:00+00:00
2026-02-05,CAD_30,0.03993371741841546,absolute,SYNTHETIC: seeded teaching dataset; not observed market data,2026-09-01T00:00:00+00:00
2026-02-06,CAD_30,0.03955654732926836,absolute,SYNTHETIC: seeded teaching dataset; not observed market data,2026-09-01T00:00:00+00:00
2026-02-09,CAD_30,0.03949810861135993,absolute,SYNTHETIC: seeded teaching dataset; not observed market data,2026-09-01T00:00:00+00:00
2026-02-10,CAD_30,0.03893930749169365,absolute,SYNTHETIC: seeded teaching dataset; not observed market data,2026-09-01T00:00:00+00:00
2026-02-11,CAD_30,0.03884070613876821,absolute,SYNTHETIC: seeded teaching dataset; not observed market data,2026-09-01T00:00:00+00:00
2026-02-12,CAD_30,0.03920772575338255,absolute,SYNTHETIC: seeded teaching dataset; not observed market data,2026-09-01T00:00:00+00:00
2026-02-13,CAD_30,0.03929084911423814,absolute,SYNTHETIC: seeded teaching dataset; not observed market data,2026-09-01T00:00:00+00:00
2026-02-16,CAD_30,0.03885354909044449,absolute,SYNTHETIC: seeded teaching dataset; not observed market data,2026-09-01T00:00:00+00:00
2026-02-17,CAD_30,0.03912753576559256,absolute,SYNTHETIC: seeded teaching dataset; not observed market data,2026-09-01T00:00:00+00:00
2026-02-18,CAD_30,0.03835536157175581,absolute,SYNTHETIC: seeded teaching dataset; not observed market data,2026-09-01T00:00:00+00:00
2026-02-19,CAD_30,0.03808065711971823,absolute,SYNTHETIC: seeded teaching dataset; not observed market data,2026-09-01T00:00:00+00:00
2026-02-20,CAD_30,0.03812524338896298,absolute,SYNTHETIC: seeded teaching dataset; not observed market data,2026-09-01T00:00:00+00:00
2026-02-23,CAD_30,0.038493874231014656,absolute,SYNTHETIC: seeded teaching dataset; not observed market data,2026-09-01T00:00:00+00:00
2026-02-24,CAD_30,0.03887846886124227,absolute,SYNTHETIC: seeded teaching dataset; not observed market data,2026-09-01T00:00:00+00:00
2026-02-25,CAD_30,0.03775250646464442,absolute,SYNTHETIC: seeded teaching dataset; not observed market data,2026-09-01T00:00:00+00:00
2026-02-26,CAD_30,0.03832926014280499,absolute,SYNTHETIC: seeded teaching dataset; not observed market data,2026-09-01T00:00:00+00:00
2026-02-27,CAD_30,0.038254151666276215,absolute,SYNTHETIC: seeded teaching dataset; not observed market data,2026-09-01T00:00:00+00:00
2026-03-02,CAD_30,0.0391672825145627,absolute,SYNTHETIC: seeded teaching dataset; not observed market data,2026-09-01T00:00:00+00:00
2026-03-03,CAD_30,0.03929029184280986,absolute,SYNTHETIC: seeded teaching dataset; not observed market data,2026-09-01T00:00:00+00:00
2026-03-04,CAD_30,0.0393035393680684,absolute,SYNTHETIC: seeded teaching dataset; not observed market data,2026-09-01T00:00:00+00:00
2026-03-05,CAD_30,0.03964444950388998,absolute,SYNTHETIC: seeded teaching dataset; not observed market data,2026-09-01T00:00:00+00:00
2026-03-06,CAD_30,0.0392983416687363,absolute,SYNTHETIC: seeded teaching dataset; not observed market data,2026-09-01T00:00:00+00:00
2026-03-09,CAD_30,0.040505601476573026,absolute,SYNTHETIC: seeded teaching dataset; not observed market data,2026-09-01T00:00:00+00:00
2026-03-10,CAD_30,0.04140824595824106,absolute,SYNTHETIC: seeded teaching dataset; not observed market data,2026-09-01T00:00:00+00:00
2026-03-11,CAD_30,0.04165087139838453,absolute,SYNTHETIC: seeded teaching dataset; not observed market data,2026-09-01T00:00:00+00:00
2026-03-12,CAD_30,0.041571499950319134,absolute,SYNTHETIC: seeded teaching dataset; not observed market data,2026-09-01T00:00:00+00:00
2026-03-13,CAD_30,0.041489534598789346,absolute,SYNTHETIC: seeded teaching dataset; not observed market data,2026-09-01T00:00:00+00:00
2026-03-16,CAD_30,0.04208582116111656,absolute,SYNTHETIC: seeded teaching dataset; not observed market data,2026-09-01T00:00:00+00:00
2026-03-17,CAD_30,0.04157125148118223,absolute,SYNTHETIC: seeded teaching dataset; not observed market data,2026-09-01T00:00:00+00:00
2026-03-18,CAD_30,0.04213702289750624,absolute,SYNTHETIC: seeded teaching dataset; not observed market data,2026-09-01T00:00:00+00:00
2026-03-19,CAD_30,0.041956322969002716,absolute,SYNTHETIC: seeded teaching dataset; not observed market data,2026-09-01T00:00:00+00:00
2026-03-20,CAD_30,0.042896219729486894,absolute,SYNTHETIC: seeded teaching dataset; not observed market data,2026-09-01T00:00:00+00:00
2026-03-23,CAD_30,0.043410348366895564,absolute,SYNTHETIC: seeded teaching dataset; not observed market data,2026-09-01T00:00:00+00:00
2026-03-24,CAD_30,0.04426842739548305,absolute,SYNTHETIC: seeded teaching dataset; not observed market data,2026-09-01T00:00:00+00:00
2026-03-25,CAD_30,0.045400731090732276,absolute,SYNTHETIC: seeded teaching dataset; not observed market data,2026-09-01T00:00:00+00:00
2026-03-26,CAD_30,0.045726785180092794,absolute,SYNTHETIC: seeded teaching dataset; not observed market data,2026-09-01T00:00:00+00:00
2026-03-27,CAD_30,0.04477826823598937,absolute,SYNTHETIC: seeded teaching dataset; not observed market data,2026-09-01T00:00:00+00:00
2026-03-30,CAD_30,0.044867983396060594,absolute,SYNTHETIC: seeded teaching dataset; not observed market data,2026-09-01T00:00:00+00:00
2026-03-31,CAD_30,0.04400142964653294,absolute,SYNTHETIC: seeded teaching dataset; not observed market data,2026-09-01T00:00:00+00:00
2026-04-01,CAD_30,0.04404659426100954,absolute,SYNTHETIC: seeded teaching dataset; not observed market data,2026-09-01T00:00:00+00:00
2026-04-02,CAD_30,0.04374850238970475,absolute,SYNTHETIC: seeded teaching dataset; not observed market data,2026-09-01T00:00:00+00:00
2026-04-03,CAD_30,0.044592925976044195,absolute,SYNTHETIC: seeded teaching dataset; not observed market data,2026-09-01T00:00:00+00:00
2026-04-06,CAD_30,0.0443931443705029,absolute,SYNTHETIC: seeded teaching dataset; not observed market data,2026-09-01T00:00:00+00:00
2026-04-07,CAD_30,0.04369080159584587,absolute,SYNTHETIC: seeded teaching dataset; not observed market data,2026-09-01T00:00:00+00:00
2026-04-08,CAD_30,0.04339237790156249,absolute,SYNTHETIC: seeded teaching dataset; not observed market data,2026-09-01T00:00:00+00:00
2026-04-09,CAD_30,0.04317659208863193,absolute,SYNTHETIC: seeded teaching dataset; not observed market data,2026-09-01T00:00:00+00:00
2026-04-10,CAD_30,0.042497189375065664,absolute,SYNTHETIC: seeded teaching dataset; not observed market data,2026-09-01T00:00:00+00:00
2026-04-13,CAD_30,0.04277287206705174,absolute,SYNTHETIC: seeded teaching dataset; not observed market data,2026-09-01T00:00:00+00:00
2026-04-14,CAD_30,0.04218403506914468,absolute,SYNTHETIC: seeded teaching dataset; not observed market data,2026-09-01T00:00:00+00:00
2026-04-15,CAD_30,0.04233209213525865,absolute,SYNTHETIC: seeded teaching dataset; not observed market data,2026-09-01T00:00:00+00:00
2026-04-16,CAD_30,0.04294198037358386,absolute,SYNTHETIC: seeded teaching dataset; not observed market data,2026-09-01T00:00:00+00:00
2026-04-17,CAD_30,0.04338335916358237,absolute,SYNTHETIC: seeded teaching dataset; not observed market data,2026-09-01T00:00:00+00:00
2026-04-20,CAD_30,0.043345670313801946,absolute,SYNTHETIC: seeded teaching dataset; not observed market data,2026-09-01T00:00:00+00:00
2026-04-21,CAD_30,0.04296578565709206,absolute,SYNTHETIC: seeded teaching dataset; not observed market data,2026-09-01T00:00:00+00:00
2026-04-22,CAD_30,0.043733755159577316,absolute,SYNTHETIC: seeded teaching dataset; not observed market data,2026-09-01T00:00:00+00:00
2026-04-23,CAD_30,0.04370093673967368,absolute,SYNTHETIC: seeded teaching dataset; not observed market data,2026-09-01T00:00:00+00:00
2026-04-24,CAD_30,0.0432843218615872,absolute,SYNTHETIC: seeded teaching dataset; not observed market data,2026-09-01T00:00:00+00:00
2026-04-27,CAD_30,0.042877044888427605,absolute,SYNTHETIC: seeded teaching dataset; not observed market data,2026-09-01T00:00:00+00:00
2026-04-28,CAD_30,0.04245210003140232,absolute,SYNTHETIC: seeded teaching dataset; not observed market data,2026-09-01T00:00:00+00:00
2026-04-29,CAD_30,0.041720117577498814,absolute,SYNTHETIC: seeded teaching dataset; not observed market data,2026-09-01T00:00:00+00:00
2026-04-30,CAD_30,0.04137814581890692,absolute,SYNTHETIC: seeded teaching dataset; not observed market data,2026-09-01T00:00:00+00:00
2026-05-01,CAD_30,0.04082944406311742,absolute,SYNTHETIC: seeded teaching dataset; not observed market data,2026-09-01T00:00:00+00:00
2026-05-04,CAD_30,0.039876200188451366,absolute,SYNTHETIC: seeded teaching dataset; not observed market data,2026-09-01T00:00:00+00:00
2026-05-05,CAD_30,0.0399882960853586,absolute,SYNTHETIC: seeded teaching dataset; not observed market data,2026-09-01T00:00:00+00:00
2026-05-06,CAD_30,0.03975557936590775,absolute,SYNTHETIC: seeded teaching dataset; not observed market data,2026-09-01T00:00:00+00:00
2026-05-07,CAD_30,0.04020812217680017,absolute,SYNTHETIC: seeded teaching dataset; not observed market data,2026-09-01T00:00:00+00:00
2026-05-08,CAD_30,0.040109814388616515,absolute,SYNTHETIC: seeded teaching dataset; not observed market data,2026-09-01T00:00:00+00:00
2026-05-11,CAD_30,0.04123690653119014,absolute,SYNTHETIC: seeded teaching dataset; not observed market data,2026-09-01T00:00:00+00:00
2026-05-12,CAD_30,0.04192121308880581,absolute,SYNTHETIC: seeded teaching dataset; not observed market data,2026-09-01T00:00:00+00:00
2026-05-13,CAD_30,0.041355627322194576,absolute,SYNTHETIC: seeded teaching dataset; not observed market data,2026-09-01T00:00:00+00:00
2026-05-14,CAD_30,0.04115290563172787,absolute,SYNTHETIC: seeded teaching dataset; not observed market data,2026-09-01T00:00:00+00:00
2026-05-15,CAD_30,0.0412199175917505,absolute,SYNTHETIC: seeded teaching dataset; not observed market data,2026-09-01T00:00:00+00:00
2026-05-18,CAD_30,0.04122600508258599,absolute,SYNTHETIC: seeded teaching dataset; not observed market data,2026-09-01T00:00:00+00:00
2026-05-19,CAD_30,0.04154318518326103,absolute,SYNTHETIC: seeded teaching dataset; not observed market data,2026-09-01T00:00:00+00:00
2026-05-20,CAD_30,0.042296507051351476,absolute,SYNTHETIC: seeded teaching dataset; not observed market data,2026-09-01T00:00:00+00:00
2026-05-21,CAD_30,0.041766479353933086,absolute,SYNTHETIC: seeded teaching dataset; not observed market data,2026-09-01T00:00:00+00:00
2026-05-22,CAD_30,0.0424403072926168,absolute,SYNTHETIC: seeded teaching dataset; not observed market data,2026-09-01T00:00:00+00:00
2026-05-25,CAD_30,0.0433198028432161,absolute,SYNTHETIC: seeded teaching dataset; not observed market data,2026-09-01T00:00:00+00:00
2026-05-26,CAD_30,0.043410037741333556,absolute,SYNTHETIC: seeded teaching dataset; not observed market data,2026-09-01T00:00:00+00:00
2026-05-27,CAD_30,0.043043373858005614,absolute,SYNTHETIC: seeded teaching dataset; not observed market data,2026-09-01T00:00:00+00:00
2026-05-28,CAD_30,0.04356051820554687,absolute,SYNTHETIC: seeded teaching dataset; not observed market data,2026-09-01T00:00:00+00:00
2026-05-29,CAD_30,0.043332372447142324,absolute,SYNTHETIC: seeded teaching dataset; not observed market data,2026-09-01T00:00:00+00:00
2026-06-01,CAD_30,0.042352308949814114,absolute,SYNTHETIC: seeded teaching dataset; not observed market data,2026-09-01T00:00:00+00:00
2026-06-02,CAD_30,0.041607986507584405,absolute,SYNTHETIC: seeded teaching dataset; not observed market data,2026-09-01T00:00:00+00:00
2026-06-03,CAD_30,0.042114562063407204,absolute,SYNTHETIC: seeded teaching dataset; not observed market data,2026-09-01T00:00:00+00:00
2026-06-04,CAD_30,0.042493495618516314,absolute,SYNTHETIC: seeded teaching dataset; not observed market data,2026-09-01T00:00:00+00:00
2026-06-05,CAD_30,0.04227781069507131,absolute,SYNTHETIC: seeded teaching dataset; not observed market data,2026-09-01T00:00:00+00:00
2026-06-08,CAD_30,0.04142338832229888,absolute,SYNTHETIC: seeded teaching dataset; not observed market data,2026-09-01T00:00:00+00:00
2026-06-09,CAD_30,0.041139006398769516,absolute,SYNTHETIC: seeded teaching dataset; not observed market data,2026-09-01T00:00:00+00:00
2026-06-10,CAD_30,0.04094461738062702,absolute,SYNTHETIC: seeded teaching dataset; not observed market data,2026-09-01T00:00:00+00:00
2026-06-11,CAD_30,0.04046515344019201,absolute,SYNTHETIC: seeded teaching dataset; not observed market data,2026-09-01T00:00:00+00:00
2026-06-12,CAD_30,0.04009689119514949,absolute,SYNTHETIC: seeded teaching dataset; not observed market data,2026-09-01T00:00:00+00:00
2026-06-15,CAD_30,0.03948799689814131,absolute,SYNTHETIC: seeded teaching dataset; not observed market data,2026-09-01T00:00:00+00:00
2026-06-16,CAD_30,0.039985560836395664,absolute,SYNTHETIC: seeded teaching dataset; not observed market data,2026-09-01T00:00:00+00:00
2026-06-17,CAD_30,0.03967760926774498,absolute,SYNTHETIC: seeded teaching dataset; not observed market data,2026-09-01T00:00:00+00:00
2026-06-18,CAD_30,0.03926784110985425,absolute,SYNTHETIC: seeded teaching dataset; not observed market data,2026-09-01T00:00:00+00:00
2026-06-19,CAD_30,0.03988394478993768,absolute,SYNTHETIC: seeded teaching dataset; not observed market data,2026-09-01T00:00:00+00:00
2026-06-22,CAD_30,0.040408600989793896,absolute,SYNTHETIC: seeded teaching dataset; not observed market data,2026-09-01T00:00:00+00:00
2026-06-23,CAD_30,0.040407605407133396,absolute,SYNTHETIC: seeded teaching dataset; not observed market data,2026-09-01T00:00:00+00:00
2026-06-24,CAD_30,0.04035986497506659,absolute,SYNTHETIC: seeded teaching dataset; not observed market data,2026-09-01T00:00:00+00:00
2026-06-25,CAD_30,0.040207335761105904,absolute,SYNTHETIC: seeded teaching dataset; not observed market data,2026-09-01T00:00:00+00:00
2026-06-26,CAD_30,0.03973744555233621,absolute,SYNTHETIC: seeded teaching dataset; not observed market data,2026-09-01T00:00:00+00:00
2026-06-29,CAD_30,0.03913061313731058,absolute,SYNTHETIC: seeded teaching dataset; not observed market data,2026-09-01T00:00:00+00:00
2026-06-30,CAD_30,0.03954254626073978,absolute,SYNTHETIC: seeded teaching dataset; not observed market data,2026-09-01T00:00:00+00:00
2026-07-01,CAD_30,0.03967931683908828,absolute,SYNTHETIC: seeded teaching dataset; not observed market data,2026-09-01T00:00:00+00:00
2026-07-02,CAD_30,0.03943244822875533,absolute,SYNTHETIC: seeded teaching dataset; not observed market data,2026-09-01T00:00:00+00:00
2026-07-03,CAD_30,0.039645607661040305,absolute,SYNTHETIC: seeded teaching dataset; not observed market data,2026-09-01T00:00:00+00:00
2026-07-06,CAD_30,0.04005941931453228,absolute,SYNTHETIC: seeded teaching dataset; not observed market data,2026-09-01T00:00:00+00:00
2026-07-07,CAD_30,0.04011458612379737,absolute,SYNTHETIC: seeded teaching dataset; not observed market data,2026-09-01T00:00:00+00:00
2026-07-08,CAD_30,0.04001991131631114,absolute,SYNTHETIC: seeded teaching dataset; not observed market data,2026-09-01T00:00:00+00:00
2026-07-09,CAD_30,0.040382465340169954,absolute,SYNTHETIC: seeded teaching dataset; not observed market data,2026-09-01T00:00:00+00:00
2026-07-10,CAD_30,0.04074885709084269,absolute,SYNTHETIC: seeded teaching dataset; not observed market data,2026-09-01T00:00:00+00:00
2026-07-13,CAD_30,0.0408551712061742,absolute,SYNTHETIC: seeded teaching dataset; not observed market data,2026-09-01T00:00:00+00:00
2026-07-14,CAD_30,0.040622269923710715,absolute,SYNTHETIC: seeded teaching dataset; not observed market data,2026-09-01T00:00:00+00:00
2026-07-15,CAD_30,0.04055855995695796,absolute,SYNTHETIC: seeded teaching dataset; not observed market data,2026-09-01T00:00:00+00:00
2026-07-16,CAD_30,0.04070866767806609,absolute,SYNTHETIC: seeded teaching dataset; not observed market data,2026-09-01T00:00:00+00:00
2026-07-17,CAD_30,0.04156433690955125,absolute,SYNTHETIC: seeded teaching dataset; not observed market data,2026-09-01T00:00:00+00:00
2026-07-20,CAD_30,0.0414170090338636,absolute,SYNTHETIC: seeded teaching dataset; not observed market data,2026-09-01T00:00:00+00:00
2026-07-21,CAD_30,0.0411315767242017,absolute,SYNTHETIC: seeded teaching dataset; not observed market data,2026-09-01T00:00:00+00:00
2026-07-22,CAD_30,0.04083563789082368,absolute,SYNTHETIC: seeded teaching dataset; not observed market data,2026-09-01T00:00:00+00:00
2026-07-23,CAD_30,0.04081727009624075,absolute,SYNTHETIC: seeded teaching dataset; not observed market data,2026-09-01T00:00:00+00:00
2026-07-24,CAD_30,0.04129799677469997,absolute,SYNTHETIC: seeded teaching dataset; not observed market data,2026-09-01T00:00:00+00:00
2026-07-27,CAD_30,0.04189140619523761,absolute,SYNTHETIC: seeded teaching dataset; not observed market data,2026-09-01T00:00:00+00:00
2026-07-28,CAD_30,0.041190697728327993,absolute,SYNTHETIC: seeded teaching dataset; not observed market data,2026-09-01T00:00:00+00:00
2026-07-29,CAD_30,0.04127764491805633,absolute,SYNTHETIC: seeded teaching dataset; not observed market data,2026-09-01T00:00:00+00:00
2026-07-30,CAD_30,0.04112809109567501,absolute,SYNTHETIC: seeded teaching dataset; not observed market data,2026-09-01T00:00:00+00:00
2026-07-31,CAD_30,0.041476682682533655,absolute,SYNTHETIC: seeded teaching dataset; not observed market data,2026-09-01T00:00:00+00:00
2026-08-03,CAD_30,0.04058363621055646,absolute,SYNTHETIC: seeded teaching dataset; not observed market data,2026-09-01T00:00:00+00:00
2026-08-04,CAD_30,0.041451250081282656,absolute,SYNTHETIC: seeded teaching dataset; not observed market data,2026-09-01T00:00:00+00:00
2026-08-05,CAD_30,0.040988581203293184,absolute,SYNTHETIC: seeded teaching dataset; not observed market data,2026-09-01T00:00:00+00:00
2026-08-06,CAD_30,0.04019155979457922,absolute,SYNTHETIC: seeded teaching dataset; not observed market data,2026-09-01T00:00:00+00:00
2026-08-07,CAD_30,0.03984761400386893,absolute,SYNTHETIC: seeded teaching dataset; not observed market data,2026-09-01T00:00:00+00:00
2026-08-10,CAD_30,0.038805394335574964,absolute,SYNTHETIC: seeded teaching dataset; not observed market data,2026-09-01T00:00:00+00:00
2026-08-11,CAD_30,0.038594818903557114,absolute,SYNTHETIC: seeded teaching dataset; not observed market data,2026-09-01T00:00:00+00:00
2026-08-12,CAD_30,0.03850300310875979,absolute,SYNTHETIC: seeded teaching dataset; not observed market data,2026-09-01T00:00:00+00:00
2026-08-13,CAD_30,0.038557603550592665,absolute,SYNTHETIC: seeded teaching dataset; not observed market data,2026-09-01T00:00:00+00:00
2026-08-14,CAD_30,0.03944048369305823,absolute,SYNTHETIC: seeded teaching dataset; not observed market data,2026-09-01T00:00:00+00:00
2026-08-17,CAD_30,0.0389142445209791,absolute,SYNTHETIC: seeded teaching dataset; not observed market data,2026-09-01T00:00:00+00:00
2026-08-18,CAD_30,0.03822155166181055,absolute,SYNTHETIC: seeded teaching dataset; not observed market data,2026-09-01T00:00:00+00:00
2026-08-19,CAD_30,0.03828672588818645,absolute,SYNTHETIC: seeded teaching dataset; not observed market data,2026-09-01T00:00:00+00:00
2026-08-20,CAD_30,0.03813524698246815,absolute,SYNTHETIC: seeded teaching dataset; not observed market data,2026-09-01T00:00:00+00:00
2026-08-21,CAD_30,0.03840455800437761,absolute,SYNTHETIC: seeded teaching dataset; not observed market data,2026-09-01T00:00:00+00:00
2026-08-24,CAD_30,0.03757405561971524,absolute,SYNTHETIC: seeded teaching dataset; not observed market data,2026-09-01T00:00:00+00:00
2026-08-25,CAD_30,0.03763019676951457,absolute,SYNTHETIC: seeded teaching dataset; not observed market data,2026-09-01T00:00:00+00:00
2026-08-26,CAD_30,0.037859744474270964,absolute,SYNTHETIC: seeded teaching dataset; not observed market data,2026-09-01T00:00:00+00:00
2026-08-27,CAD_30,0.0381321665915945,absolute,SYNTHETIC: seeded teaching dataset; not observed market data,2026-09-01T00:00:00+00:00
2026-08-28,CAD_30,0.038610286473887465,absolute,SYNTHETIC: seeded teaching dataset; not observed market data,2026-09-01T00:00:00+00:00
2026-08-31,CAD_30,0.039,absolute,SYNTHETIC: seeded teaching dataset; not observed market data,2026-09-01T00:00:00+00:00
2025-01-02,USD_1,0.01954853855115953,absolute,SYNTHETIC: seeded teaching dataset; not observed market data,2026-09-01T00:00:00+00:00
2025-01-03,USD_1,0.020299332787210557,absolute,SYNTHETIC: seeded teaching dataset; not observed market data,2026-09-01T00:00:00+00:00
2025-01-06,USD_1,0.02041518909428975,absolute,SYNTHETIC: seeded teaching dataset; not observed market data,2026-09-01T00:00:00+00:00
2025-01-07,USD_1,0.020566632783876652,absolute,SYNTHETIC: seeded teaching dataset; not observed market data,2026-09-01T00:00:00+00:00
2025-01-08,USD_1,0.02145481975503619,absolute,SYNTHETIC: seeded teaching dataset; not observed market data,2026-09-01T00:00:00+00:00
2025-01-09,USD_1,0.020756466702154638,absolute,SYNTHETIC: seeded teaching dataset; not observed market data,2026-09-01T00:00:00+00:00
2025-01-10,USD_1,0.02054593698884335,absolute,SYNTHETIC: seeded teaching dataset; not observed market data,2026-09-01T00:00:00+00:00
2025-01-13,USD_1,0.019988551728191063,absolute,SYNTHETIC: seeded teaching dataset; not observed market data,2026-09-01T00:00:00+00:00
2025-01-14,USD_1,0.01861124680801935,absolute,SYNTHETIC: seeded teaching dataset; not observed market data,2026-09-01T00:00:00+00:00
2025-01-15,USD_1,0.01767223894960982,absolute,SYNTHETIC: seeded teaching dataset; not observed market data,2026-09-01T00:00:00+00:00
2025-01-16,USD_1,0.018663757038935084,absolute,SYNTHETIC: seeded teaching dataset; not observed market data,2026-09-01T00:00:00+00:00
2025-01-17,USD_1,0.018974571494519556,absolute,SYNTHETIC: seeded teaching dataset; not observed market data,2026-09-01T00:00:00+00:00
2025-01-20,USD_1,0.01821139873106884,absolute,SYNTHETIC: seeded teaching dataset; not observed market data,2026-09-01T00:00:00+00:00
2025-01-21,USD_1,0.016786187048583458,absolute,SYNTHETIC: seeded teaching dataset; not observed market data,2026-09-01T00:00:00+00:00
2025-01-22,USD_1,0.017135458864467264,absolute,SYNTHETIC: seeded teaching dataset; not observed market data,2026-09-01T00:00:00+00:00
2025-01-23,USD_1,0.016484785741198032,absolute,SYNTHETIC: seeded teaching dataset; not observed market data,2026-09-01T00:00:00+00:00
2025-01-24,USD_1,0.01670243398779387,absolute,SYNTHETIC: seeded teaching dataset; not observed market data,2026-09-01T00:00:00+00:00
2025-01-27,USD_1,0.016183190139760627,absolute,SYNTHETIC: seeded teaching dataset; not observed market data,2026-09-01T00:00:00+00:00
2025-01-28,USD_1,0.016623131696109756,absolute,SYNTHETIC: seeded teaching dataset; not observed market data,2026-09-01T00:00:00+00:00
2025-01-29,USD_1,0.016342573580799706,absolute,SYNTHETIC: seeded teaching dataset; not observed market data,2026-09-01T00:00:00+00:00
2025-01-30,USD_1,0.01620513557629639,absolute,SYNTHETIC: seeded teaching dataset; not observed market data,2026-09-01T00:00:00+00:00
2025-01-31,USD_1,0.016672869929598638,absolute,SYNTHETIC: seeded teaching dataset; not observed market data,2026-09-01T00:00:00+00:00
2025-02-03,USD_1,0.016619424720785887,absolute,SYNTHETIC: seeded teaching dataset; not observed market data,2026-09-01T00:00:00+00:00
2025-02-04,USD_1,0.017059286999155918,absolute,SYNTHETIC: seeded teaching dataset; not observed market data,2026-09-01T00:00:00+00:00
2025-02-05,USD_1,0.01695118782520301,absolute,SYNTHETIC: seeded teaching dataset; not observed market data,2026-09-01T00:00:00+00:00
2025-02-06,USD_1,0.017072472816806787,absolute,SYNTHETIC: seeded teaching dataset; not observed market data,2026-09-01T00:00:00+00:00
2025-02-07,USD_1,0.01732011799798392,absolute,SYNTHETIC: seeded teaching dataset; not observed market data,2026-09-01T00:00:00+00:00
2025-02-10,USD_1,0.017966492115670543,absolute,SYNTHETIC: seeded teaching dataset; not observed market data,2026-09-01T00:00:00+00:00
2025-02-11,USD_1,0.017573091144864796,absolute,SYNTHETIC: seeded teaching dataset; not observed market data,2026-09-01T00:00:00+00:00
2025-02-12,USD_1,0.017870438312939392,absolute,SYNTHETIC: seeded teaching dataset; not observed market data,2026-09-01T00:00:00+00:00
2025-02-13,USD_1,0.018233873489803046,absolute,SYNTHETIC: seeded teaching dataset; not observed market data,2026-09-01T00:00:00+00:00
2025-02-14,USD_1,0.018074506536588784,absolute,SYNTHETIC: seeded teaching dataset; not observed market data,2026-09-01T00:00:00+00:00
2025-02-17,USD_1,0.019440920162287555,absolute,SYNTHETIC: seeded teaching dataset; not observed market data,2026-09-01T00:00:00+00:00
2025-02-18,USD_1,0.020185453751305118,absolute,SYNTHETIC: seeded teaching dataset; not observed market data,2026-09-01T00:00:00+00:00
2025-02-19,USD_1,0.02058919964033282,absolute,SYNTHETIC: seeded teaching dataset; not observed market data,2026-09-01T00:00:00+00:00
2025-02-20,USD_1,0.020705341408664063,absolute,SYNTHETIC: seeded teaching dataset; not observed market data,2026-09-01T00:00:00+00:00
2025-02-21,USD_1,0.02065267287968935,absolute,SYNTHETIC: seeded teaching dataset; not observed market data,2026-09-01T00:00:00+00:00
2025-02-24,USD_1,0.02033511374135016,absolute,SYNTHETIC: seeded teaching dataset; not observed market data,2026-09-01T00:00:00+00:00
2025-02-25,USD_1,0.021042718459322683,absolute,SYNTHETIC: seeded teaching dataset; not observed market data,2026-09-01T00:00:00+00:00
2025-02-26,USD_1,0.021458892698974528,absolute,SYNTHETIC: seeded teaching dataset; not observed market data,2026-09-01T00:00:00+00:00
2025-02-27,USD_1,0.021574869286966277,absolute,SYNTHETIC: seeded teaching dataset; not observed market data,2026-09-01T00:00:00+00:00
2025-02-28,USD_1,0.021391722579060187,absolute,SYNTHETIC: seeded teaching dataset; not observed market data,2026-09-01T00:00:00+00:00
2025-03-03,USD_1,0.021698620099341936,absolute,SYNTHETIC: seeded teaching dataset; not observed market data,2026-09-01T00:00:00+00:00
2025-03-04,USD_1,0.021501446319753533,absolute,SYNTHETIC: seeded teaching dataset; not observed market data,2026-09-01T00:00:00+00:00
2025-03-05,USD_1,0.02205246326323659,absolute,SYNTHETIC: seeded teaching dataset; not observed market data,2026-09-01T00:00:00+00:00
2025-03-06,USD_1,0.022089432865279684,absolute,SYNTHETIC: seeded teaching dataset; not observed market data,2026-09-01T00:00:00+00:00
2025-03-07,USD_1,0.02211093086336501,absolute,SYNTHETIC: seeded teaching dataset; not observed market data,2026-09-01T00:00:00+00:00
2025-03-10,USD_1,0.022743398441351866,absolute,SYNTHETIC: seeded teaching dataset; not observed market data,2026-09-01T00:00:00+00:00
2025-03-11,USD_1,0.023543061403620776,absolute,SYNTHETIC: seeded teaching dataset; not observed market data,2026-09-01T00:00:00+00:00
2025-03-12,USD_1,0.0234843413768127,absolute,SYNTHETIC: seeded teaching dataset; not observed market data,2026-09-01T00:00:00+00:00
2025-03-13,USD_1,0.023174030884910848,absolute,SYNTHETIC: seeded teaching dataset; not observed market data,2026-09-01T00:00:00+00:00
2025-03-14,USD_1,0.02351880889084879,absolute,SYNTHETIC: seeded teaching dataset; not observed market data,2026-09-01T00:00:00+00:00
2025-03-17,USD_1,0.02442552289363317,absolute,SYNTHETIC: seeded teaching dataset; not observed market data,2026-09-01T00:00:00+00:00
2025-03-18,USD_1,0.023211709715105795,absolute,SYNTHETIC: seeded teaching dataset; not observed market data,2026-09-01T00:00:00+00:00
2025-03-19,USD_1,0.024005656245000954,absolute,SYNTHETIC: seeded teaching dataset; not observed market data,2026-09-01T00:00:00+00:00
2025-03-20,USD_1,0.023647472112817414,absolute,SYNTHETIC: seeded teaching dataset; not observed market data,2026-09-01T00:00:00+00:00
2025-03-21,USD_1,0.023535807401885562,absolute,SYNTHETIC: seeded teaching dataset; not observed market data,2026-09-01T00:00:00+00:00
2025-03-24,USD_1,0.023270248786500424,absolute,SYNTHETIC: seeded teaching dataset; not observed market data,2026-09-01T00:00:00+00:00
2025-03-25,USD_1,0.02295884056801958,absolute,SYNTHETIC: seeded teaching dataset; not observed market data,2026-09-01T00:00:00+00:00
2025-03-26,USD_1,0.023398321356733396,absolute,SYNTHETIC: seeded teaching dataset; not observed market data,2026-09-01T00:00:00+00:00
2025-03-27,USD_1,0.023261365038226036,absolute,SYNTHETIC: seeded teaching dataset; not observed market data,2026-09-01T00:00:00+00:00
2025-03-28,USD_1,0.02314971348475706,absolute,SYNTHETIC: seeded teaching dataset; not observed market data,2026-09-01T00:00:00+00:00
2025-03-31,USD_1,0.023069057665059043,absolute,SYNTHETIC: seeded teaching dataset; not observed market data,2026-09-01T00:00:00+00:00
2025-04-01,USD_1,0.024289982169929728,absolute,SYNTHETIC: seeded teaching dataset; not observed market data,2026-09-01T00:00:00+00:00
2025-04-02,USD_1,0.02330552566963835,absolute,SYNTHETIC: seeded teaching dataset; not observed market data,2026-09-01T00:00:00+00:00
2025-04-03,USD_1,0.023456870517196377,absolute,SYNTHETIC: seeded teaching dataset; not observed market data,2026-09-01T00:00:00+00:00
2025-04-04,USD_1,0.022203928337442624,absolute,SYNTHETIC: seeded teaching dataset; not observed market data,2026-09-01T00:00:00+00:00
2025-04-07,USD_1,0.02227937828129761,absolute,SYNTHETIC: seeded teaching dataset; not observed market data,2026-09-01T00:00:00+00:00
2025-04-08,USD_1,0.02199220453843417,absolute,SYNTHETIC: seeded teaching dataset; not observed market data,2026-09-01T00:00:00+00:00
2025-04-09,USD_1,0.0220283747895712,absolute,SYNTHETIC: seeded teaching dataset; not observed market data,2026-09-01T00:00:00+00:00
2025-04-10,USD_1,0.021742628398625213,absolute,SYNTHETIC: seeded teaching dataset; not observed market data,2026-09-01T00:00:00+00:00
2025-04-11,USD_1,0.022063395182013886,absolute,SYNTHETIC: seeded teaching dataset; not observed market data,2026-09-01T00:00:00+00:00
2025-04-14,USD_1,0.021864276716703417,absolute,SYNTHETIC: seeded teaching dataset; not observed market data,2026-09-01T00:00:00+00:00
2025-04-15,USD_1,0.022760447216047686,absolute,SYNTHETIC: seeded teaching dataset; not observed market data,2026-09-01T00:00:00+00:00
2025-04-16,USD_1,0.02381182426825294,absolute,SYNTHETIC: seeded teaching dataset; not observed market data,2026-09-01T00:00:00+00:00
2025-04-17,USD_1,0.02390342959563432,absolute,SYNTHETIC: seeded teaching dataset; not observed market data,2026-09-01T00:00:00+00:00
2025-04-18,USD_1,0.02408487963354552,absolute,SYNTHETIC: seeded teaching dataset; not observed market data,2026-09-01T00:00:00+00:00
2025-04-21,USD_1,0.024540942606286625,absolute,SYNTHETIC: seeded teaching dataset; not observed market data,2026-09-01T00:00:00+00:00
2025-04-22,USD_1,0.024512252238449186,absolute,SYNTHETIC: seeded teaching dataset; not observed market data,2026-09-01T00:00:00+00:00
2025-04-23,USD_1,0.024056226291956157,absolute,SYNTHETIC: seeded teaching dataset; not observed market data,2026-09-01T00:00:00+00:00
2025-04-24,USD_1,0.023696759155983165,absolute,SYNTHETIC: seeded teaching dataset; not observed market data,2026-09-01T00:00:00+00:00
2025-04-25,USD_1,0.024151107471294838,absolute,SYNTHETIC: seeded teaching dataset; not observed market data,2026-09-01T00:00:00+00:00
2025-04-28,USD_1,0.024812884863269654,absolute,SYNTHETIC: seeded teaching dataset; not observed market data,2026-09-01T00:00:00+00:00
2025-04-29,USD_1,0.024779197929966138,absolute,SYNTHETIC: seeded teaching dataset; not observed market data,2026-09-01T00:00:00+00:00
2025-04-30,USD_1,0.02498866346987527,absolute,SYNTHETIC: seeded teaching dataset; not observed market data,2026-09-01T00:00:00+00:00
2025-05-01,USD_1,0.025431572832463934,absolute,SYNTHETIC: seeded teaching dataset; not observed market data,2026-09-01T00:00:00+00:00
2025-05-02,USD_1,0.025295444433353926,absolute,SYNTHETIC: seeded teaching dataset; not observed market data,2026-09-01T00:00:00+00:00
2025-05-05,USD_1,0.025464387109246648,absolute,SYNTHETIC: seeded teaching dataset; not observed market data,2026-09-01T00:00:00+00:00
2025-05-06,USD_1,0.025531326860088143,absolute,SYNTHETIC: seeded teaching dataset; not observed market data,2026-09-01T00:00:00+00:00
2025-05-07,USD_1,0.025451230003300306,absolute,SYNTHETIC: seeded teaching dataset; not observed market data,2026-09-01T00:00:00+00:00
2025-05-08,USD_1,0.02575264086307268,absolute,SYNTHETIC: seeded teaching dataset; not observed market data,2026-09-01T00:00:00+00:00
2025-05-09,USD_1,0.02473582084948549,absolute,SYNTHETIC: seeded teaching dataset; not observed market data,2026-09-01T00:00:00+00:00
2025-05-12,USD_1,0.025562080738699176,absolute,SYNTHETIC: seeded teaching dataset; not observed market data,2026-09-01T00:00:00+00:00
2025-05-13,USD_1,0.02577471997300208,absolute,SYNTHETIC: seeded teaching dataset; not observed market data,2026-09-01T00:00:00+00:00
2025-05-14,USD_1,0.026196566904379954,absolute,SYNTHETIC: seeded teaching dataset; not observed market data,2026-09-01T00:00:00+00:00
2025-05-15,USD_1,0.025761326409591587,absolute,SYNTHETIC: seeded teaching dataset; not observed market data,2026-09-01T00:00:00+00:00
2025-05-16,USD_1,0.02578266694316365,absolute,SYNTHETIC: seeded teaching dataset; not observed market data,2026-09-01T00:00:00+00:00
2025-05-19,USD_1,0.025730872871093432,absolute,SYNTHETIC: seeded teaching dataset; not observed market data,2026-09-01T00:00:00+00:00
2025-05-20,USD_1,0.025734650198009457,absolute,SYNTHETIC: seeded teaching dataset; not observed market data,2026-09-01T00:00:00+00:00
2025-05-21,USD_1,0.026486668379069486,absolute,SYNTHETIC: seeded teaching dataset; not observed market data,2026-09-01T00:00:00+00:00
2025-05-22,USD_1,0.026089881175859257,absolute,SYNTHETIC: seeded teaching dataset; not observed market data,2026-09-01T00:00:00+00:00
2025-05-23,USD_1,0.026581839248979135,absolute,SYNTHETIC: seeded teaching dataset; not observed market data,2026-09-01T00:00:00+00:00
2025-05-26,USD_1,0.02709277804993927,absolute,SYNTHETIC: seeded teaching dataset; not observed market data,2026-09-01T00:00:00+00:00
2025-05-27,USD_1,0.027163548980033144,absolute,SYNTHETIC: seeded teaching dataset; not observed market data,2026-09-01T00:00:00+00:00
2025-05-28,USD_1,0.026918232532028647,absolute,SYNTHETIC: seeded teaching dataset; not observed market data,2026-09-01T00:00:00+00:00
2025-05-29,USD_1,0.02635365460276839,absolute,SYNTHETIC: seeded teaching dataset; not observed market data,2026-09-01T00:00:00+00:00
2025-05-30,USD_1,0.0252996066305464,absolute,SYNTHETIC: seeded teaching dataset; not observed market data,2026-09-01T00:00:00+00:00
2025-06-02,USD_1,0.025073679943399717,absolute,SYNTHETIC: seeded teaching dataset; not observed market data,2026-09-01T00:00:00+00:00
2025-06-03,USD_1,0.02494054229808978,absolute,SYNTHETIC: seeded teaching dataset; not observed market data,2026-09-01T00:00:00+00:00
2025-06-04,USD_1,0.025845453380897904,absolute,SYNTHETIC: seeded teaching dataset; not observed market data,2026-09-01T00:00:00+00:00
2025-06-05,USD_1,0.026104538910376857,absolute,SYNTHETIC: seeded teaching dataset; not observed market data,2026-09-01T00:00:00+00:00
2025-06-06,USD_1,0.02554999064217005,absolute,SYNTHETIC: seeded teaching dataset; not observed market data,2026-09-01T00:00:00+00:00
2025-06-09,USD_1,0.02574917343275378,absolute,SYNTHETIC: seeded teaching dataset; not observed market data,2026-09-01T00:00:00+00:00
2025-06-10,USD_1,0.02534135081359284,absolute,SYNTHETIC: seeded teaching dataset; not observed market data,2026-09-01T00:00:00+00:00
2025-06-11,USD_1,0.025383403871924535,absolute,SYNTHETIC: seeded teaching dataset; not observed market data,2026-09-01T00:00:00+00:00
2025-06-12,USD_1,0.02597024358875674,absolute,SYNTHETIC: seeded teaching dataset; not observed market data,2026-09-01T00:00:00+00:00
2025-06-13,USD_1,0.026849541784204383,absolute,SYNTHETIC: seeded teaching dataset; not observed market data,2026-09-01T00:00:00+00:00
2025-06-16,USD_1,0.02714161272197572,absolute,SYNTHETIC: seeded teaching dataset; not observed market data,2026-09-01T00:00:00+00:00
2025-06-17,USD_1,0.0264553459787495,absolute,SYNTHETIC: seeded teaching dataset; not observed market data,2026-09-01T00:00:00+00:00
2025-06-18,USD_1,0.026553182699563065,absolute,SYNTHETIC: seeded teaching dataset; not observed market data,2026-09-01T00:00:00+00:00
2025-06-19,USD_1,0.027826480777905224,absolute,SYNTHETIC: seeded teaching dataset; not observed market data,2026-09-01T00:00:00+00:00
2025-06-20,USD_1,0.028302645839565887,absolute,SYNTHETIC: seeded teaching dataset; not observed market data,2026-09-01T00:00:00+00:00
2025-06-23,USD_1,0.028111895692315213,absolute,SYNTHETIC: seeded teaching dataset; not observed market data,2026-09-01T00:00:00+00:00
2025-06-24,USD_1,0.028714051014319213,absolute,SYNTHETIC: seeded teaching dataset; not observed market data,2026-09-01T00:00:00+00:00
2025-06-25,USD_1,0.02911842354028597,absolute,SYNTHETIC: seeded teaching dataset; not observed market data,2026-09-01T00:00:00+00:00
2025-06-26,USD_1,0.029628213642684465,absolute,SYNTHETIC: seeded teaching dataset; not observed market data,2026-09-01T00:00:00+00:00
2025-06-27,USD_1,0.03027288483619094,absolute,SYNTHETIC: seeded teaching dataset; not observed market data,2026-09-01T00:00:00+00:00
2025-06-30,USD_1,0.03095353008540889,absolute,SYNTHETIC: seeded teaching dataset; not observed market data,2026-09-01T00:00:00+00:00
2025-07-01,USD_1,0.030809022349111894,absolute,SYNTHETIC: seeded teaching dataset; not observed market data,2026-09-01T00:00:00+00:00
2025-07-02,USD_1,0.03126752411865745,absolute,SYNTHETIC: seeded teaching dataset; not observed market data,2026-09-01T00:00:00+00:00
2025-07-03,USD_1,0.031110189509066206,absolute,SYNTHETIC: seeded teaching dataset; not observed market data,2026-09-01T00:00:00+00:00
2025-07-04,USD_1,0.030711717427338008,absolute,SYNTHETIC: seeded teaching dataset; not observed market data,2026-09-01T00:00:00+00:00
2025-07-07,USD_1,0.03105315156070568,absolute,SYNTHETIC: seeded teaching dataset; not observed market data,2026-09-01T00:00:00+00:00
2025-07-08,USD_1,0.030855662060908593,absolute,SYNTHETIC: seeded teaching dataset; not observed market data,2026-09-01T00:00:00+00:00
2025-07-09,USD_1,0.031081760202187957,absolute,SYNTHETIC: seeded teaching dataset; not observed market data,2026-09-01T00:00:00+00:00
2025-07-10,USD_1,0.030833419504892604,absolute,SYNTHETIC: seeded teaching dataset; not observed market data,2026-09-01T00:00:00+00:00
2025-07-11,USD_1,0.03119228731340559,absolute,SYNTHETIC: seeded teaching dataset; not observed market data,2026-09-01T00:00:00+00:00
2025-07-14,USD_1,0.031251077977069,absolute,SYNTHETIC: seeded teaching dataset; not observed market data,2026-09-01T00:00:00+00:00
2025-07-15,USD_1,0.03014624686731848,absolute,SYNTHETIC: seeded teaching dataset; not observed market data,2026-09-01T00:00:00+00:00
2025-07-16,USD_1,0.029055766493100207,absolute,SYNTHETIC: seeded teaching dataset; not observed market data,2026-09-01T00:00:00+00:00
2025-07-17,USD_1,0.028698773891471418,absolute,SYNTHETIC: seeded teaching dataset; not observed market data,2026-09-01T00:00:00+00:00
2025-07-18,USD_1,0.028965593937151365,absolute,SYNTHETIC: seeded teaching dataset; not observed market data,2026-09-01T00:00:00+00:00
2025-07-21,USD_1,0.02977082158863169,absolute,SYNTHETIC: seeded teaching dataset; not observed market data,2026-09-01T00:00:00+00:00
2025-07-22,USD_1,0.028739034691267224,absolute,SYNTHETIC: seeded teaching dataset; not observed market data,2026-09-01T00:00:00+00:00
2025-07-23,USD_1,0.028310925743769384,absolute,SYNTHETIC: seeded teaching dataset; not observed market data,2026-09-01T00:00:00+00:00
2025-07-24,USD_1,0.02917188916517099,absolute,SYNTHETIC: seeded teaching dataset; not observed market data,2026-09-01T00:00:00+00:00
2025-07-25,USD_1,0.029002345142723148,absolute,SYNTHETIC: seeded teaching dataset; not observed market data,2026-09-01T00:00:00+00:00
2025-07-28,USD_1,0.028570895955636794,absolute,SYNTHETIC: seeded teaching dataset; not observed market data,2026-09-01T00:00:00+00:00
2025-07-29,USD_1,0.028685587724879166,absolute,SYNTHETIC: seeded teaching dataset; not observed market data,2026-09-01T00:00:00+00:00
2025-07-30,USD_1,0.028665870931673384,absolute,SYNTHETIC: seeded teaching dataset; not observed market data,2026-09-01T00:00:00+00:00
2025-07-31,USD_1,0.02915231462847213,absolute,SYNTHETIC: seeded teaching dataset; not observed market data,2026-09-01T00:00:00+00:00
2025-08-01,USD_1,0.029708513418645475,absolute,SYNTHETIC: seeded teaching dataset; not observed market data,2026-09-01T00:00:00+00:00
2025-08-04,USD_1,0.029454409480182808,absolute,SYNTHETIC: seeded teaching dataset; not observed market data,2026-09-01T00:00:00+00:00
2025-08-05,USD_1,0.028746137070410262,absolute,SYNTHETIC: seeded teaching dataset; not observed market data,2026-09-01T00:00:00+00:00
2025-08-06,USD_1,0.028706743797479662,absolute,SYNTHETIC: seeded teaching dataset; not observed market data,2026-09-01T00:00:00+00:00
2025-08-07,USD_1,0.02913452361137887,absolute,SYNTHETIC: seeded teaching dataset; not observed market data,2026-09-01T00:00:00+00:00
2025-08-08,USD_1,0.0288431520151079,absolute,SYNTHETIC: seeded teaching dataset; not observed market data,2026-09-01T00:00:00+00:00
2025-08-11,USD_1,0.029388571813733232,absolute,SYNTHETIC: seeded teaching dataset; not observed market data,2026-09-01T00:00:00+00:00
2025-08-12,USD_1,0.029290617990999492,absolute,SYNTHETIC: seeded teaching dataset; not observed market data,2026-09-01T00:00:00+00:00
2025-08-13,USD_1,0.029020998251966867,absolute,SYNTHETIC: seeded teaching dataset; not observed market data,2026-09-01T00:00:00+00:00
2025-08-14,USD_1,0.02940072394095151,absolute,SYNTHETIC: seeded teaching dataset; not observed market data,2026-09-01T00:00:00+00:00
2025-08-15,USD_1,0.029654020099770684,absolute,SYNTHETIC: seeded teaching dataset; not observed market data,2026-09-01T00:00:00+00:00
2025-08-18,USD_1,0.029343394807525413,absolute,SYNTHETIC: seeded teaching dataset; not observed market data,2026-09-01T00:00:00+00:00
2025-08-19,USD_1,0.028647374660252644,absolute,SYNTHETIC: seeded teaching dataset; not observed market data,2026-09-01T00:00:00+00:00
2025-08-20,USD_1,0.028361563635718196,absolute,SYNTHETIC: seeded teaching dataset; not observed market data,2026-09-01T00:00:00+00:00
2025-08-21,USD_1,0.027933314448920176,absolute,SYNTHETIC: seeded teaching dataset; not observed market data,2026-09-01T00:00:00+00:00
2025-08-22,USD_1,0.028300163520444035,absolute,SYNTHETIC: seeded teaching dataset; not observed market data,2026-09-01T00:00:00+00:00
2025-08-25,USD_1,0.02740435605385823,absolute,SYNTHETIC: seeded teaching dataset; not observed market data,2026-09-01T00:00:00+00:00
2025-08-26,USD_1,0.027128425149449516,absolute,SYNTHETIC: seeded teaching dataset; not observed market data,2026-09-01T00:00:00+00:00
2025-08-27,USD_1,0.027077558215246367,absolute,SYNTHETIC: seeded teaching dataset; not observed market data,2026-09-01T00:00:00+00:00
2025-08-28,USD_1,0.02678533811586033,absolute,SYNTHETIC: seeded teaching dataset; not observed market data,2026-09-01T00:00:00+00:00
2025-08-29,USD_1,0.026114019578636505,absolute,SYNTHETIC: seeded teaching dataset; not observed market data,2026-09-01T00:00:00+00:00
2025-09-01,USD_1,0.026581829964929925,absolute,SYNTHETIC: seeded teaching dataset; not observed market data,2026-09-01T00:00:00+00:00
2025-09-02,USD_1,0.026254918788692152,absolute,SYNTHETIC: seeded teaching dataset; not observed market data,2026-09-01T00:00:00+00:00
2025-09-03,USD_1,0.026628320067410848,absolute,SYNTHETIC: seeded teaching dataset; not observed market data,2026-09-01T00:00:00+00:00
2025-09-04,USD_1,0.026644843191414917,absolute,SYNTHETIC: seeded teaching dataset; not observed market data,2026-09-01T00:00:00+00:00
2025-09-05,USD_1,0.027317607986101586,absolute,SYNTHETIC: seeded teaching dataset; not observed market data,2026-09-01T00:00:00+00:00
2025-09-08,USD_1,0.029029072890673403,absolute,SYNTHETIC: seeded teaching dataset; not observed market data,2026-09-01T00:00:00+00:00
2025-09-09,USD_1,0.028725038581627154,absolute,SYNTHETIC: seeded teaching dataset; not observed market data,2026-09-01T00:00:00+00:00
2025-09-10,USD_1,0.02806147642526637,absolute,SYNTHETIC: seeded teaching dataset; not observed market data,2026-09-01T00:00:00+00:00
2025-09-11,USD_1,0.028417174331863148,absolute,SYNTHETIC: seeded teaching dataset; not observed market data,2026-09-01T00:00:00+00:00
2025-09-12,USD_1,0.028782614124907856,absolute,SYNTHETIC: seeded teaching dataset; not observed market data,2026-09-01T00:00:00+00:00
2025-09-15,USD_1,0.028801624171331138,absolute,SYNTHETIC: seeded teaching dataset; not observed market data,2026-09-01T00:00:00+00:00
2025-09-16,USD_1,0.028583043340377933,absolute,SYNTHETIC: seeded teaching dataset; not observed market data,2026-09-01T00:00:00+00:00
2025-09-17,USD_1,0.028320074212535584,absolute,SYNTHETIC: seeded teaching dataset; not observed market data,2026-09-01T00:00:00+00:00
2025-09-18,USD_1,0.028757864953519004,absolute,SYNTHETIC: seeded teaching dataset; not observed market data,2026-09-01T00:00:00+00:00
2025-09-19,USD_1,0.028435233121999495,absolute,SYNTHETIC: seeded teaching dataset; not observed market data,2026-09-01T00:00:00+00:00
2025-09-22,USD_1,0.028015983164779632,absolute,SYNTHETIC: seeded teaching dataset; not observed market data,2026-09-01T00:00:00+00:00
2025-09-23,USD_1,0.02837472909188341,absolute,SYNTHETIC: seeded teaching dataset; not observed market data,2026-09-01T00:00:00+00:00
2025-09-24,USD_1,0.029020761670028903,absolute,SYNTHETIC: seeded teaching dataset; not observed market data,2026-09-01T00:00:00+00:00
2025-09-25,USD_1,0.029965558776098963,absolute,SYNTHETIC: seeded teaching dataset; not observed market data,2026-09-01T00:00:00+00:00
2025-09-26,USD_1,0.02957228407795134,absolute,SYNTHETIC: seeded teaching dataset; not observed market data,2026-09-01T00:00:00+00:00
2025-09-29,USD_1,0.029034726693562805,absolute,SYNTHETIC: seeded teaching dataset; not observed market data,2026-09-01T00:00:00+00:00
2025-09-30,USD_1,0.02863305522823476,absolute,SYNTHETIC: seeded teaching dataset; not observed market data,2026-09-01T00:00:00+00:00
2025-10-01,USD_1,0.02963935872164251,absolute,SYNTHETIC: seeded teaching dataset; not observed market data,2026-09-01T00:00:00+00:00
2025-10-02,USD_1,0.030673220197781553,absolute,SYNTHETIC: seeded teaching dataset; not observed market data,2026-09-01T00:00:00+00:00
2025-10-03,USD_1,0.031177786645332075,absolute,SYNTHETIC: seeded teaching dataset; not observed market data,2026-09-01T00:00:00+00:00
2025-10-06,USD_1,0.03113236792068645,absolute,SYNTHETIC: seeded teaching dataset; not observed market data,2026-09-01T00:00:00+00:00
2025-10-07,USD_1,0.0315593776170001,absolute,SYNTHETIC: seeded teaching dataset; not observed market data,2026-09-01T00:00:00+00:00
2025-10-08,USD_1,0.031505635480109956,absolute,SYNTHETIC: seeded teaching dataset; not observed market data,2026-09-01T00:00:00+00:00
2025-10-09,USD_1,0.03195679244865132,absolute,SYNTHETIC: seeded teaching dataset; not observed market data,2026-09-01T00:00:00+00:00
2025-10-10,USD_1,0.032678678943193984,absolute,SYNTHETIC: seeded teaching dataset; not observed market data,2026-09-01T00:00:00+00:00
2025-10-13,USD_1,0.033711639397460774,absolute,SYNTHETIC: seeded teaching dataset; not observed market data,2026-09-01T00:00:00+00:00
2025-10-14,USD_1,0.034242223937329105,absolute,SYNTHETIC: seeded teaching dataset; not observed market data,2026-09-01T00:00:00+00:00
2025-10-15,USD_1,0.03504937656766895,absolute,SYNTHETIC: seeded teaching dataset; not observed market data,2026-09-01T00:00:00+00:00
2025-10-16,USD_1,0.035057552556011284,absolute,SYNTHETIC: seeded teaching dataset; not observed market data,2026-09-01T00:00:00+00:00
2025-10-17,USD_1,0.0356966201257449,absolute,SYNTHETIC: seeded teaching dataset; not observed market data,2026-09-01T00:00:00+00:00
2025-10-20,USD_1,0.0360316648678691,absolute,SYNTHETIC: seeded teaching dataset; not observed market data,2026-09-01T00:00:00+00:00
2025-10-21,USD_1,0.035971648034067244,absolute,SYNTHETIC: seeded teaching dataset; not observed market data,2026-09-01T00:00:00+00:00
2025-10-22,USD_1,0.03579915501409653,absolute,SYNTHETIC: seeded teaching dataset; not observed market data,2026-09-01T00:00:00+00:00
2025-10-23,USD_1,0.03593908206749946,absolute,SYNTHETIC: seeded teaching dataset; not observed market data,2026-09-01T00:00:00+00:00
2025-10-24,USD_1,0.036088858720449715,absolute,SYNTHETIC: seeded teaching dataset; not observed market data,2026-09-01T00:00:00+00:00
2025-10-27,USD_1,0.035609742127137495,absolute,SYNTHETIC: seeded teaching dataset; not observed market data,2026-09-01T00:00:00+00:00
2025-10-28,USD_1,0.03582980217766267,absolute,SYNTHETIC: seeded teaching dataset; not observed market data,2026-09-01T00:00:00+00:00
2025-10-29,USD_1,0.03552456288854454,absolute,SYNTHETIC: seeded teaching dataset; not observed market data,2026-09-01T00:00:00+00:00
2025-10-30,USD_1,0.035658650652359514,absolute,SYNTHETIC: seeded teaching dataset; not observed market data,2026-09-01T00:00:00+00:00
2025-10-31,USD_1,0.036071505394980524,absolute,SYNTHETIC: seeded teaching dataset; not observed market data,2026-09-01T00:00:00+00:00
2025-11-03,USD_1,0.03505194062015225,absolute,SYNTHETIC: seeded teaching dataset; not observed market data,2026-09-01T00:00:00+00:00
2025-11-04,USD_1,0.03487586790762069,absolute,SYNTHETIC: seeded teaching dataset; not observed market data,2026-09-01T00:00:00+00:00
2025-11-05,USD_1,0.03494641982520379,absolute,SYNTHETIC: seeded teaching dataset; not observed market data,2026-09-01T00:00:00+00:00
2025-11-06,USD_1,0.03491119396531275,absolute,SYNTHETIC: seeded teaching dataset; not observed market data,2026-09-01T00:00:00+00:00
2025-11-07,USD_1,0.03382015184216608,absolute,SYNTHETIC: seeded teaching dataset; not observed market data,2026-09-01T00:00:00+00:00
2025-11-10,USD_1,0.033584032666437155,absolute,SYNTHETIC: seeded teaching dataset; not observed market data,2026-09-01T00:00:00+00:00
2025-11-11,USD_1,0.03354397371841698,absolute,SYNTHETIC: seeded teaching dataset; not observed market data,2026-09-01T00:00:00+00:00
2025-11-12,USD_1,0.03406192881377207,absolute,SYNTHETIC: seeded teaching dataset; not observed market data,2026-09-01T00:00:00+00:00
2025-11-13,USD_1,0.03285800797344347,absolute,SYNTHETIC: seeded teaching dataset; not observed market data,2026-09-01T00:00:00+00:00
2025-11-14,USD_1,0.03432355695221699,absolute,SYNTHETIC: seeded teaching dataset; not observed market data,2026-09-01T00:00:00+00:00
2025-11-17,USD_1,0.03403510280499619,absolute,SYNTHETIC: seeded teaching dataset; not observed market data,2026-09-01T00:00:00+00:00
2025-11-18,USD_1,0.03402655259884066,absolute,SYNTHETIC: seeded teaching dataset; not observed market data,2026-09-01T00:00:00+00:00
2025-11-19,USD_1,0.0344377824858383,absolute,SYNTHETIC: seeded teaching dataset; not observed market data,2026-09-01T00:00:00+00:00
2025-11-20,USD_1,0.03422702681039169,absolute,SYNTHETIC: seeded teaching dataset; not observed market data,2026-09-01T00:00:00+00:00
2025-11-21,USD_1,0.03368075511067495,absolute,SYNTHETIC: seeded teaching dataset; not observed market data,2026-09-01T00:00:00+00:00
2025-11-24,USD_1,0.03329870490863998,absolute,SYNTHETIC: seeded teaching dataset; not observed market data,2026-09-01T00:00:00+00:00
2025-11-25,USD_1,0.032613811106386906,absolute,SYNTHETIC: seeded teaching dataset; not observed market data,2026-09-01T00:00:00+00:00
2025-11-26,USD_1,0.032752011532601585,absolute,SYNTHETIC: seeded teaching dataset; not observed market data,2026-09-01T00:00:00+00:00
2025-11-27,USD_1,0.032151233415759276,absolute,SYNTHETIC: seeded teaching dataset; not observed market data,2026-09-01T00:00:00+00:00
2025-11-28,USD_1,0.03196332793796955,absolute,SYNTHETIC: seeded teaching dataset; not observed market data,2026-09-01T00:00:00+00:00
2025-12-01,USD_1,0.03242019996946156,absolute,SYNTHETIC: seeded teaching dataset; not observed market data,2026-09-01T00:00:00+00:00
2025-12-02,USD_1,0.031783287349440095,absolute,SYNTHETIC: seeded teaching dataset; not observed market data,2026-09-01T00:00:00+00:00
2025-12-03,USD_1,0.03189677763039067,absolute,SYNTHETIC: seeded teaching dataset; not observed market data,2026-09-01T00:00:00+00:00
2025-12-04,USD_1,0.030659468907174105,absolute,SYNTHETIC: seeded teaching dataset; not observed market data,2026-09-01T00:00:00+00:00
2025-12-05,USD_1,0.02991418877163211,absolute,SYNTHETIC: seeded teaching dataset; not observed market data,2026-09-01T00:00:00+00:00
2025-12-08,USD_1,0.030411434619360547,absolute,SYNTHETIC: seeded teaching dataset; not observed market data,2026-09-01T00:00:00+00:00
2025-12-09,USD_1,0.030624613355383124,absolute,SYNTHETIC: seeded teaching dataset; not observed market data,2026-09-01T00:00:00+00:00
2025-12-10,USD_1,0.03126625422327328,absolute,SYNTHETIC: seeded teaching dataset; not observed market data,2026-09-01T00:00:00+00:00
2025-12-11,USD_1,0.03127124779216728,absolute,SYNTHETIC: seeded teaching dataset; not observed market data,2026-09-01T00:00:00+00:00
2025-12-12,USD_1,0.030688590588051002,absolute,SYNTHETIC: seeded teaching dataset; not observed market data,2026-09-01T00:00:00+00:00
2025-12-15,USD_1,0.03060034769437368,absolute,SYNTHETIC: seeded teaching dataset; not observed market data,2026-09-01T00:00:00+00:00
2025-12-16,USD_1,0.029759540194981452,absolute,SYNTHETIC: seeded teaching dataset; not observed market data,2026-09-01T00:00:00+00:00
2025-12-17,USD_1,0.029429945997691154,absolute,SYNTHETIC: seeded teaching dataset; not observed market data,2026-09-01T00:00:00+00:00
2025-12-18,USD_1,0.029718603540770033,absolute,SYNTHETIC: seeded teaching dataset; not observed market data,2026-09-01T00:00:00+00:00
2025-12-19,USD_1,0.030493023079732815,absolute,SYNTHETIC: seeded teaching dataset; not observed market data,2026-09-01T00:00:00+00:00
2025-12-22,USD_1,0.030796089837875653,absolute,SYNTHETIC: seeded teaching dataset; not observed market data,2026-09-01T00:00:00+00:00
2025-12-23,USD_1,0.030667696758366548,absolute,SYNTHETIC: seeded teaching dataset; not observed market data,2026-09-01T00:00:00+00:00
2025-12-24,USD_1,0.03096645312986065,absolute,SYNTHETIC: seeded teaching dataset; not observed market data,2026-09-01T00:00:00+00:00
2025-12-25,USD_1,0.03077178059022777,absolute,SYNTHETIC: seeded teaching dataset; not observed market data,2026-09-01T00:00:00+00:00
2025-12-26,USD_1,0.03151423478661318,absolute,SYNTHETIC: seeded teaching dataset; not observed market data,2026-09-01T00:00:00+00:00
2025-12-29,USD_1,0.03180500973920916,absolute,SYNTHETIC: seeded teaching dataset; not observed market data,2026-09-01T00:00:00+00:00
2025-12-30,USD_1,0.032203809371139286,absolute,SYNTHETIC: seeded teaching dataset; not observed market data,2026-09-01T00:00:00+00:00
2025-12-31,USD_1,0.03195370803559419,absolute,SYNTHETIC: seeded teaching dataset; not observed market data,2026-09-01T00:00:00+00:00
2026-01-01,USD_1,0.0319681222154522,absolute,SYNTHETIC: seeded teaching dataset; not observed market data,2026-09-01T00:00:00+00:00
2026-01-02,USD_1,0.032366881057048894,absolute,SYNTHETIC: seeded teaching dataset; not observed market data,2026-09-01T00:00:00+00:00
2026-01-05,USD_1,0.03368877739271356,absolute,SYNTHETIC: seeded teaching dataset; not observed market data,2026-09-01T00:00:00+00:00
2026-01-06,USD_1,0.03312125194383958,absolute,SYNTHETIC: seeded teaching dataset; not observed market data,2026-09-01T00:00:00+00:00
2026-01-07,USD_1,0.03271421696531564,absolute,SYNTHETIC: seeded teaching dataset; not observed market data,2026-09-01T00:00:00+00:00
2026-01-08,USD_1,0.03218733133157406,absolute,SYNTHETIC: seeded teaching dataset; not observed market data,2026-09-01T00:00:00+00:00
2026-01-09,USD_1,0.032347040035626995,absolute,SYNTHETIC: seeded teaching dataset; not observed market data,2026-09-01T00:00:00+00:00
2026-01-12,USD_1,0.03329252753367974,absolute,SYNTHETIC: seeded teaching dataset; not observed market data,2026-09-01T00:00:00+00:00
2026-01-13,USD_1,0.03327056231962884,absolute,SYNTHETIC: seeded teaching dataset; not observed market data,2026-09-01T00:00:00+00:00
2026-01-14,USD_1,0.033164419458474065,absolute,SYNTHETIC: seeded teaching dataset; not observed market data,2026-09-01T00:00:00+00:00
2026-01-15,USD_1,0.0337644083145069,absolute,SYNTHETIC: seeded teaching dataset; not observed market data,2026-09-01T00:00:00+00:00
2026-01-16,USD_1,0.03317388789727378,absolute,SYNTHETIC: seeded teaching dataset; not observed market data,2026-09-01T00:00:00+00:00
2026-01-19,USD_1,0.03312875974473983,absolute,SYNTHETIC: seeded teaching dataset; not observed market data,2026-09-01T00:00:00+00:00
2026-01-20,USD_1,0.03318809418498861,absolute,SYNTHETIC: seeded teaching dataset; not observed market data,2026-09-01T00:00:00+00:00
2026-01-21,USD_1,0.033455283681863804,absolute,SYNTHETIC: seeded teaching dataset; not observed market data,2026-09-01T00:00:00+00:00
2026-01-22,USD_1,0.03335894140359007,absolute,SYNTHETIC: seeded teaching dataset; not observed market data,2026-09-01T00:00:00+00:00
2026-01-23,USD_1,0.034313027972078455,absolute,SYNTHETIC: seeded teaching dataset; not observed market data,2026-09-01T00:00:00+00:00
2026-01-26,USD_1,0.03473880935872041,absolute,SYNTHETIC: seeded teaching dataset; not observed market data,2026-09-01T00:00:00+00:00
2026-01-27,USD_1,0.03424623868154515,absolute,SYNTHETIC: seeded teaching dataset; not observed market data,2026-09-01T00:00:00+00:00
2026-01-28,USD_1,0.03404646517186656,absolute,SYNTHETIC: seeded teaching dataset; not observed market data,2026-09-01T00:00:00+00:00
2026-01-29,USD_1,0.034061116756757895,absolute,SYNTHETIC: seeded teaching dataset; not observed market data,2026-09-01T00:00:00+00:00
2026-01-30,USD_1,0.03410399849354273,absolute,SYNTHETIC: seeded teaching dataset; not observed market data,2026-09-01T00:00:00+00:00
2026-02-02,USD_1,0.03300021821853477,absolute,SYNTHETIC: seeded teaching dataset; not observed market data,2026-09-01T00:00:00+00:00
2026-02-03,USD_1,0.0327742815592859,absolute,SYNTHETIC: seeded teaching dataset; not observed market data,2026-09-01T00:00:00+00:00
2026-02-04,USD_1,0.0334875355625556,absolute,SYNTHETIC: seeded teaching dataset; not observed market data,2026-09-01T00:00:00+00:00
2026-02-05,USD_1,0.03341478892939925,absolute,SYNTHETIC: seeded teaching dataset; not observed market data,2026-09-01T00:00:00+00:00
2026-02-06,USD_1,0.032601269773839134,absolute,SYNTHETIC: seeded teaching dataset; not observed market data,2026-09-01T00:00:00+00:00
2026-02-09,USD_1,0.032483966266180456,absolute,SYNTHETIC: seeded teaching dataset; not observed market data,2026-09-01T00:00:00+00:00
2026-02-10,USD_1,0.03210515636685675,absolute,SYNTHETIC: seeded teaching dataset; not observed market data,2026-09-01T00:00:00+00:00
2026-02-11,USD_1,0.03164647318969549,absolute,SYNTHETIC: seeded teaching dataset; not observed market data,2026-09-01T00:00:00+00:00
2026-02-12,USD_1,0.032221807446500966,absolute,SYNTHETIC: seeded teaching dataset; not observed market data,2026-09-01T00:00:00+00:00
2026-02-13,USD_1,0.03188415334164703,absolute,SYNTHETIC: seeded teaching dataset; not observed market data,2026-09-01T00:00:00+00:00
2026-02-16,USD_1,0.031310982833776216,absolute,SYNTHETIC: seeded teaching dataset; not observed market data,2026-09-01T00:00:00+00:00
2026-02-17,USD_1,0.031345494008012315,absolute,SYNTHETIC: seeded teaching dataset; not observed market data,2026-09-01T00:00:00+00:00
2026-02-18,USD_1,0.03082478762883502,absolute,SYNTHETIC: seeded teaching dataset; not observed market data,2026-09-01T00:00:00+00:00
2026-02-19,USD_1,0.029849811090656053,absolute,SYNTHETIC: seeded teaching dataset; not observed market data,2026-09-01T00:00:00+00:00
2026-02-20,USD_1,0.0299835400970057,absolute,SYNTHETIC: seeded teaching dataset; not observed market data,2026-09-01T00:00:00+00:00
2026-02-23,USD_1,0.029335484546589,absolute,SYNTHETIC: seeded teaching dataset; not observed market data,2026-09-01T00:00:00+00:00
2026-02-24,USD_1,0.030627767500242663,absolute,SYNTHETIC: seeded teaching dataset; not observed market data,2026-09-01T00:00:00+00:00
2026-02-25,USD_1,0.02997770968628687,absolute,SYNTHETIC: seeded teaching dataset; not observed market data,2026-09-01T00:00:00+00:00
2026-02-26,USD_1,0.029807294272672227,absolute,SYNTHETIC: seeded teaching dataset; not observed market data,2026-09-01T00:00:00+00:00
2026-02-27,USD_1,0.03003238988509496,absolute,SYNTHETIC: seeded teaching dataset; not observed market data,2026-09-01T00:00:00+00:00
2026-03-02,USD_1,0.0312349225601793,absolute,SYNTHETIC: seeded teaching dataset; not observed market data,2026-09-01T00:00:00+00:00
2026-03-03,USD_1,0.03124845506350307,absolute,SYNTHETIC: seeded teaching dataset; not observed market data,2026-09-01T00:00:00+00:00
2026-03-04,USD_1,0.03103458514334666,absolute,SYNTHETIC: seeded teaching dataset; not observed market data,2026-09-01T00:00:00+00:00
2026-03-05,USD_1,0.030532480025966074,absolute,SYNTHETIC: seeded teaching dataset; not observed market data,2026-09-01T00:00:00+00:00
2026-03-06,USD_1,0.030480181175468805,absolute,SYNTHETIC: seeded teaching dataset; not observed market data,2026-09-01T00:00:00+00:00
2026-03-09,USD_1,0.030969852178670283,absolute,SYNTHETIC: seeded teaching dataset; not observed market data,2026-09-01T00:00:00+00:00
2026-03-10,USD_1,0.030750908062746964,absolute,SYNTHETIC: seeded teaching dataset; not observed market data,2026-09-01T00:00:00+00:00
2026-03-11,USD_1,0.031347274308182155,absolute,SYNTHETIC: seeded teaching dataset; not observed market data,2026-09-01T00:00:00+00:00
2026-03-12,USD_1,0.030733187753073325,absolute,SYNTHETIC: seeded teaching dataset; not observed market data,2026-09-01T00:00:00+00:00
2026-03-13,USD_1,0.0308862392851157,absolute,SYNTHETIC: seeded teaching dataset; not observed market data,2026-09-01T00:00:00+00:00
2026-03-16,USD_1,0.030597235707361486,absolute,SYNTHETIC: seeded teaching dataset; not observed market data,2026-09-01T00:00:00+00:00
2026-03-17,USD_1,0.030429130603048946,absolute,SYNTHETIC: seeded teaching dataset; not observed market data,2026-09-01T00:00:00+00:00
2026-03-18,USD_1,0.030798617501415156,absolute,SYNTHETIC: seeded teaching dataset; not observed market data,2026-09-01T00:00:00+00:00
2026-03-19,USD_1,0.030544410863184285,absolute,SYNTHETIC: seeded teaching dataset; not observed market data,2026-09-01T00:00:00+00:00
2026-03-20,USD_1,0.03155528391085437,absolute,SYNTHETIC: seeded teaching dataset; not observed market data,2026-09-01T00:00:00+00:00
2026-03-23,USD_1,0.032317384065277746,absolute,SYNTHETIC: seeded teaching dataset; not observed market data,2026-09-01T00:00:00+00:00
2026-03-24,USD_1,0.03351959596032149,absolute,SYNTHETIC: seeded teaching dataset; not observed market data,2026-09-01T00:00:00+00:00
2026-03-25,USD_1,0.03490756152793162,absolute,SYNTHETIC: seeded teaching dataset; not observed market data,2026-09-01T00:00:00+00:00
2026-03-26,USD_1,0.0341712519023972,absolute,SYNTHETIC: seeded teaching dataset; not observed market data,2026-09-01T00:00:00+00:00
2026-03-27,USD_1,0.03356057333888458,absolute,SYNTHETIC: seeded teaching dataset; not observed market data,2026-09-01T00:00:00+00:00
2026-03-30,USD_1,0.03388888833030847,absolute,SYNTHETIC: seeded teaching dataset; not observed market data,2026-09-01T00:00:00+00:00
2026-03-31,USD_1,0.033553693860107606,absolute,SYNTHETIC: seeded teaching dataset; not observed market data,2026-09-01T00:00:00+00:00
2026-04-01,USD_1,0.033755780485498474,absolute,SYNTHETIC: seeded teaching dataset; not observed market data,2026-09-01T00:00:00+00:00
2026-04-02,USD_1,0.03368632706793562,absolute,SYNTHETIC: seeded teaching dataset; not observed market data,2026-09-01T00:00:00+00:00
2026-04-03,USD_1,0.03387380469309893,absolute,SYNTHETIC: seeded teaching dataset; not observed market data,2026-09-01T00:00:00+00:00
2026-04-06,USD_1,0.03404901726609179,absolute,SYNTHETIC: seeded teaching dataset; not observed market data,2026-09-01T00:00:00+00:00
2026-04-07,USD_1,0.03314877401584693,absolute,SYNTHETIC: seeded teaching dataset; not observed market data,2026-09-01T00:00:00+00:00
2026-04-08,USD_1,0.03397675182755486,absolute,SYNTHETIC: seeded teaching dataset; not observed market data,2026-09-01T00:00:00+00:00
2026-04-09,USD_1,0.03389721696908887,absolute,SYNTHETIC: seeded teaching dataset; not observed market data,2026-09-01T00:00:00+00:00
2026-04-10,USD_1,0.033688971075629334,absolute,SYNTHETIC: seeded teaching dataset; not observed market data,2026-09-01T00:00:00+00:00
2026-04-13,USD_1,0.03392598386331781,absolute,SYNTHETIC: seeded teaching dataset; not observed market data,2026-09-01T00:00:00+00:00
2026-04-14,USD_1,0.034242134668883276,absolute,SYNTHETIC: seeded teaching dataset; not observed market data,2026-09-01T00:00:00+00:00
2026-04-15,USD_1,0.03380706198254242,absolute,SYNTHETIC: seeded teaching dataset; not observed market data,2026-09-01T00:00:00+00:00
2026-04-16,USD_1,0.03443336985046398,absolute,SYNTHETIC: seeded teaching dataset; not observed market data,2026-09-01T00:00:00+00:00
2026-04-17,USD_1,0.03456369283313382,absolute,SYNTHETIC: seeded teaching dataset; not observed market data,2026-09-01T00:00:00+00:00
2026-04-20,USD_1,0.03504701174800211,absolute,SYNTHETIC: seeded teaching dataset; not observed market data,2026-09-01T00:00:00+00:00
2026-04-21,USD_1,0.03504278612929773,absolute,SYNTHETIC: seeded teaching dataset; not observed market data,2026-09-01T00:00:00+00:00
2026-04-22,USD_1,0.035175127930136815,absolute,SYNTHETIC: seeded teaching dataset; not observed market data,2026-09-01T00:00:00+00:00
2026-04-23,USD_1,0.035746790201745995,absolute,SYNTHETIC: seeded teaching dataset; not observed market data,2026-09-01T00:00:00+00:00
2026-04-24,USD_1,0.0355410034717461,absolute,SYNTHETIC: seeded teaching dataset; not observed market data,2026-09-01T00:00:00+00:00
2026-04-27,USD_1,0.03578150239015211,absolute,SYNTHETIC: seeded teaching dataset; not observed market data,2026-09-01T00:00:00+00:00
2026-04-28,USD_1,0.03618430985498908,absolute,SYNTHETIC: seeded teaching dataset; not observed market data,2026-09-01T00:00:00+00:00
2026-04-29,USD_1,0.03643704771345091,absolute,SYNTHETIC: seeded teaching dataset; not observed market data,2026-09-01T00:00:00+00:00
2026-04-30,USD_1,0.036800189751813,absolute,SYNTHETIC: seeded teaching dataset; not observed market data,2026-09-01T00:00:00+00:00
2026-05-01,USD_1,0.03662352077848487,absolute,SYNTHETIC: seeded teaching dataset; not observed market data,2026-09-01T00:00:00+00:00
2026-05-04,USD_1,0.03684035699930467,absolute,SYNTHETIC: seeded teaching dataset; not observed market data,2026-09-01T00:00:00+00:00
2026-05-05,USD_1,0.036979267128592536,absolute,SYNTHETIC: seeded teaching dataset; not observed market data,2026-09-01T00:00:00+00:00
2026-05-06,USD_1,0.03650801138000748,absolute,SYNTHETIC: seeded teaching dataset; not observed market data,2026-09-01T00:00:00+00:00
2026-05-07,USD_1,0.03644991464782914,absolute,SYNTHETIC: seeded teaching dataset; not observed market data,2026-09-01T00:00:00+00:00
2026-05-08,USD_1,0.03721095507049699,absolute,SYNTHETIC: seeded teaching dataset; not observed market data,2026-09-01T00:00:00+00:00
2026-05-11,USD_1,0.037162367348448175,absolute,SYNTHETIC: seeded teaching dataset; not observed market data,2026-09-01T00:00:00+00:00
2026-05-12,USD_1,0.03807019364127108,absolute,SYNTHETIC: seeded teaching dataset; not observed market data,2026-09-01T00:00:00+00:00
2026-05-13,USD_1,0.037739804843627225,absolute,SYNTHETIC: seeded teaching dataset; not observed market data,2026-09-01T00:00:00+00:00
2026-05-14,USD_1,0.03791839872159154,absolute,SYNTHETIC: seeded teaching dataset; not observed market data,2026-09-01T00:00:00+00:00
2026-05-15,USD_1,0.03819285674792838,absolute,SYNTHETIC: seeded teaching dataset; not observed market data,2026-09-01T00:00:00+00:00
2026-05-18,USD_1,0.037853225550997766,absolute,SYNTHETIC: seeded teaching dataset; not observed market data,2026-09-01T00:00:00+00:00
2026-05-19,USD_1,0.03822147314432063,absolute,SYNTHETIC: seeded teaching dataset; not observed market data,2026-09-01T00:00:00+00:00
2026-05-20,USD_1,0.03855701188458491,absolute,SYNTHETIC: seeded teaching dataset; not observed market data,2026-09-01T00:00:00+00:00
2026-05-21,USD_1,0.038243494422751975,absolute,SYNTHETIC: seeded teaching dataset; not observed market data,2026-09-01T00:00:00+00:00
2026-05-22,USD_1,0.038427852134272064,absolute,SYNTHETIC: seeded teaching dataset; not observed market data,2026-09-01T00:00:00+00:00
2026-05-25,USD_1,0.038695281681373705,absolute,SYNTHETIC: seeded teaching dataset; not observed market data,2026-09-01T00:00:00+00:00
2026-05-26,USD_1,0.039300768118558815,absolute,SYNTHETIC: seeded teaching dataset; not observed market data,2026-09-01T00:00:00+00:00
2026-05-27,USD_1,0.038646000344688305,absolute,SYNTHETIC: seeded teaching dataset; not observed market data,2026-09-01T00:00:00+00:00
2026-05-28,USD_1,0.03860681318983124,absolute,SYNTHETIC: seeded teaching dataset; not observed market data,2026-09-01T00:00:00+00:00
2026-05-29,USD_1,0.03838136915950216,absolute,SYNTHETIC: seeded teaching dataset; not observed market data,2026-09-01T00:00:00+00:00
2026-06-01,USD_1,0.037782293014754734,absolute,SYNTHETIC: seeded teaching dataset; not observed market data,2026-09-01T00:00:00+00:00
2026-06-02,USD_1,0.036417018680101096,absolute,SYNTHETIC: seeded teaching dataset; not observed market data,2026-09-01T00:00:00+00:00
2026-06-03,USD_1,0.036329972613200395,absolute,SYNTHETIC: seeded teaching dataset; not observed market data,2026-09-01T00:00:00+00:00
2026-06-04,USD_1,0.03749030603567517,absolute,SYNTHETIC: seeded teaching dataset; not observed market data,2026-09-01T00:00:00+00:00
2026-06-05,USD_1,0.03811709077455974,absolute,SYNTHETIC: seeded teaching dataset; not observed market data,2026-09-01T00:00:00+00:00
2026-06-08,USD_1,0.037605939913046296,absolute,SYNTHETIC: seeded teaching dataset; not observed market data,2026-09-01T00:00:00+00:00
2026-06-09,USD_1,0.03861987095857489,absolute,SYNTHETIC: seeded teaching dataset; not observed market data,2026-09-01T00:00:00+00:00
2026-06-10,USD_1,0.03830091231664633,absolute,SYNTHETIC: seeded teaching dataset; not observed market data,2026-09-01T00:00:00+00:00
2026-06-11,USD_1,0.03798202833186318,absolute,SYNTHETIC: seeded teaching dataset; not observed market data,2026-09-01T00:00:00+00:00
2026-06-12,USD_1,0.038115685097513674,absolute,SYNTHETIC: seeded teaching dataset; not observed market data,2026-09-01T00:00:00+00:00
2026-06-15,USD_1,0.03740700574105084,absolute,SYNTHETIC: seeded teaching dataset; not observed market data,2026-09-01T00:00:00+00:00
2026-06-16,USD_1,0.03718934336574739,absolute,SYNTHETIC: seeded teaching dataset; not observed market data,2026-09-01T00:00:00+00:00
2026-06-17,USD_1,0.036446713581897786,absolute,SYNTHETIC: seeded teaching dataset; not observed market data,2026-09-01T00:00:00+00:00
2026-06-18,USD_1,0.03617873503626787,absolute,SYNTHETIC: seeded teaching dataset; not observed market data,2026-09-01T00:00:00+00:00
2026-06-19,USD_1,0.036184873107157345,absolute,SYNTHETIC: seeded teaching dataset; not observed market data,2026-09-01T00:00:00+00:00
2026-06-22,USD_1,0.03775025249718944,absolute,SYNTHETIC: seeded teaching dataset; not observed market data,2026-09-01T00:00:00+00:00
2026-06-23,USD_1,0.03706379420635071,absolute,SYNTHETIC: seeded teaching dataset; not observed market data,2026-09-01T00:00:00+00:00
2026-06-24,USD_1,0.036962413549816456,absolute,SYNTHETIC: seeded teaching dataset; not observed market data,2026-09-01T00:00:00+00:00
2026-06-25,USD_1,0.0365645648155008,absolute,SYNTHETIC: seeded teaching dataset; not observed market data,2026-09-01T00:00:00+00:00
2026-06-26,USD_1,0.03627113297307462,absolute,SYNTHETIC: seeded teaching dataset; not observed market data,2026-09-01T00:00:00+00:00
2026-06-29,USD_1,0.03616026285021362,absolute,SYNTHETIC: seeded teaching dataset; not observed market data,2026-09-01T00:00:00+00:00
2026-06-30,USD_1,0.03641715951627651,absolute,SYNTHETIC: seeded teaching dataset; not observed market data,2026-09-01T00:00:00+00:00
2026-07-01,USD_1,0.03666938164334588,absolute,SYNTHETIC: seeded teaching dataset; not observed market data,2026-09-01T00:00:00+00:00
2026-07-02,USD_1,0.03590258155774512,absolute,SYNTHETIC: seeded teaching dataset; not observed market data,2026-09-01T00:00:00+00:00
2026-07-03,USD_1,0.036454717419181645,absolute,SYNTHETIC: seeded teaching dataset; not observed market data,2026-09-01T00:00:00+00:00
2026-07-06,USD_1,0.03645357231494151,absolute,SYNTHETIC: seeded teaching dataset; not observed market data,2026-09-01T00:00:00+00:00
2026-07-07,USD_1,0.03587625318526369,absolute,SYNTHETIC: seeded teaching dataset; not observed market data,2026-09-01T00:00:00+00:00
2026-07-08,USD_1,0.03551417288083519,absolute,SYNTHETIC: seeded teaching dataset; not observed market data,2026-09-01T00:00:00+00:00
2026-07-09,USD_1,0.03538144489201396,absolute,SYNTHETIC: seeded teaching dataset; not observed market data,2026-09-01T00:00:00+00:00
2026-07-10,USD_1,0.034715575803546075,absolute,SYNTHETIC: seeded teaching dataset; not observed market data,2026-09-01T00:00:00+00:00
2026-07-13,USD_1,0.03489149825074345,absolute,SYNTHETIC: seeded teaching dataset; not observed market data,2026-09-01T00:00:00+00:00
2026-07-14,USD_1,0.03497270301856069,absolute,SYNTHETIC: seeded teaching dataset; not observed market data,2026-09-01T00:00:00+00:00
2026-07-15,USD_1,0.034264070552216294,absolute,SYNTHETIC: seeded teaching dataset; not observed market data,2026-09-01T00:00:00+00:00
2026-07-16,USD_1,0.03401004744299252,absolute,SYNTHETIC: seeded teaching dataset; not observed market data,2026-09-01T00:00:00+00:00
2026-07-17,USD_1,0.03482946948931244,absolute,SYNTHETIC: seeded teaching dataset; not observed market data,2026-09-01T00:00:00+00:00
2026-07-20,USD_1,0.03545749944613945,absolute,SYNTHETIC: seeded teaching dataset; not observed market data,2026-09-01T00:00:00+00:00
2026-07-21,USD_1,0.03533984111209226,absolute,SYNTHETIC: seeded teaching dataset; not observed market data,2026-09-01T00:00:00+00:00
2026-07-22,USD_1,0.035090713178328445,absolute,SYNTHETIC: seeded teaching dataset; not observed market data,2026-09-01T00:00:00+00:00
2026-07-23,USD_1,0.03465005593140774,absolute,SYNTHETIC: seeded teaching dataset; not observed market data,2026-09-01T00:00:00+00:00
2026-07-24,USD_1,0.03511578764365256,absolute,SYNTHETIC: seeded teaching dataset; not observed market data,2026-09-01T00:00:00+00:00
2026-07-27,USD_1,0.035564601821153174,absolute,SYNTHETIC: seeded teaching dataset; not observed market data,2026-09-01T00:00:00+00:00
2026-07-28,USD_1,0.035712370085240724,absolute,SYNTHETIC: seeded teaching dataset; not observed market data,2026-09-01T00:00:00+00:00
2026-07-29,USD_1,0.03628265561822468,absolute,SYNTHETIC: seeded teaching dataset; not observed market data,2026-09-01T00:00:00+00:00
2026-07-30,USD_1,0.03574281160477916,absolute,SYNTHETIC: seeded teaching dataset; not observed market data,2026-09-01T00:00:00+00:00
2026-07-31,USD_1,0.03593444089405676,absolute,SYNTHETIC: seeded teaching dataset; not observed market data,2026-09-01T00:00:00+00:00
2026-08-03,USD_1,0.03553071635566718,absolute,SYNTHETIC: seeded teaching dataset; not observed market data,2026-09-01T00:00:00+00:00
2026-08-04,USD_1,0.03494537258295351,absolute,SYNTHETIC: seeded teaching dataset; not observed market data,2026-09-01T00:00:00+00:00
2026-08-05,USD_1,0.03479740733439869,absolute,SYNTHETIC: seeded teaching dataset; not observed market data,2026-09-01T00:00:00+00:00
2026-08-06,USD_1,0.034801826574876654,absolute,SYNTHETIC: seeded teaching dataset; not observed market data,2026-09-01T00:00:00+00:00
2026-08-07,USD_1,0.033846277103463496,absolute,SYNTHETIC: seeded teaching dataset; not observed market data,2026-09-01T00:00:00+00:00
2026-08-10,USD_1,0.032726523610103156,absolute,SYNTHETIC: seeded teaching dataset; not observed market data,2026-09-01T00:00:00+00:00
2026-08-11,USD_1,0.032924183872669766,absolute,SYNTHETIC: seeded teaching dataset; not observed market data,2026-09-01T00:00:00+00:00
2026-08-12,USD_1,0.03180158182329135,absolute,SYNTHETIC: seeded teaching dataset; not observed market data,2026-09-01T00:00:00+00:00
2026-08-13,USD_1,0.0317227446362152,absolute,SYNTHETIC: seeded teaching dataset; not observed market data,2026-09-01T00:00:00+00:00
2026-08-14,USD_1,0.03209430398871109,absolute,SYNTHETIC: seeded teaching dataset; not observed market data,2026-09-01T00:00:00+00:00
2026-08-17,USD_1,0.030969395594856144,absolute,SYNTHETIC: seeded teaching dataset; not observed market data,2026-09-01T00:00:00+00:00
2026-08-18,USD_1,0.03044625109385939,absolute,SYNTHETIC: seeded teaching dataset; not observed market data,2026-09-01T00:00:00+00:00
2026-08-19,USD_1,0.030740209877108137,absolute,SYNTHETIC: seeded teaching dataset; not observed market data,2026-09-01T00:00:00+00:00
2026-08-20,USD_1,0.03102126815656701,absolute,SYNTHETIC: seeded teaching dataset; not observed market data,2026-09-01T00:00:00+00:00
2026-08-21,USD_1,0.031707440590069955,absolute,SYNTHETIC: seeded teaching dataset; not observed market data,2026-09-01T00:00:00+00:00
2026-08-24,USD_1,0.031974480914671546,absolute,SYNTHETIC: seeded teaching dataset; not observed market data,2026-09-01T00:00:00+00:00
2026-08-25,USD_1,0.031421083652345805,absolute,SYNTHETIC: seeded teaching dataset; not observed market data,2026-09-01T00:00:00+00:00
2026-08-26,USD_1,0.030490335624701697,absolute,SYNTHETIC: seeded teaching dataset; not observed market data,2026-09-01T00:00:00+00:00
2026-08-27,USD_1,0.031002876954334718,absolute,SYNTHETIC: seeded teaching dataset; not observed market data,2026-09-01T00:00:00+00:00
2026-08-28,USD_1,0.030300558010159056,absolute,SYNTHETIC: seeded teaching dataset; not observed market data,2026-09-01T00:00:00+00:00
2026-08-31,USD_1,0.030300000000000004,absolute,SYNTHETIC: seeded teaching dataset; not observed market data,2026-09-01T00:00:00+00:00
2025-01-02,USD_2,0.02660480381827709,absolute,SYNTHETIC: seeded teaching dataset; not observed market data,2026-09-01T00:00:00+00:00
2025-01-03,USD_2,0.02635582734517146,absolute,SYNTHETIC: seeded teaching dataset; not observed market data,2026-09-01T00:00:00+00:00
2025-01-06,USD_2,0.026102480227103087,absolute,SYNTHETIC: seeded teaching dataset; not observed market data,2026-09-01T00:00:00+00:00
2025-01-07,USD_2,0.02674975898803508,absolute,SYNTHETIC: seeded teaching dataset; not observed market data,2026-09-01T00:00:00+00:00
2025-01-08,USD_2,0.026397373548110947,absolute,SYNTHETIC: seeded teaching dataset; not observed market data,2026-09-01T00:00:00+00:00
2025-01-09,USD_2,0.02625783229553148,absolute,SYNTHETIC: seeded teaching dataset; not observed market data,2026-09-01T00:00:00+00:00
2025-01-10,USD_2,0.027082046794286576,absolute,SYNTHETIC: seeded teaching dataset; not observed market data,2026-09-01T00:00:00+00:00
2025-01-13,USD_2,0.026657522382177445,absolute,SYNTHETIC: seeded teaching dataset; not observed market data,2026-09-01T00:00:00+00:00
2025-01-14,USD_2,0.02532516795509112,absolute,SYNTHETIC: seeded teaching dataset; not observed market data,2026-09-01T00:00:00+00:00
2025-01-15,USD_2,0.024546788118193802,absolute,SYNTHETIC: seeded teaching dataset; not observed market data,2026-09-01T00:00:00+00:00
2025-01-16,USD_2,0.025139058722304847,absolute,SYNTHETIC: seeded teaching dataset; not observed market data,2026-09-01T00:00:00+00:00
2025-01-17,USD_2,0.024935522629277652,absolute,SYNTHETIC: seeded teaching dataset; not observed market data,2026-09-01T00:00:00+00:00
2025-01-20,USD_2,0.024612272338364664,absolute,SYNTHETIC: seeded teaching dataset; not observed market data,2026-09-01T00:00:00+00:00
2025-01-21,USD_2,0.02324892054233563,absolute,SYNTHETIC: seeded teaching dataset; not observed market data,2026-09-01T00:00:00+00:00
2025-01-22,USD_2,0.02264295946994933,absolute,SYNTHETIC: seeded teaching dataset; not observed market data,2026-09-01T00:00:00+00:00
2025-01-23,USD_2,0.022326079540247266,absolute,SYNTHETIC: seeded teaching dataset; not observed market data,2026-09-01T00:00:00+00:00
2025-01-24,USD_2,0.022148780904892328,absolute,SYNTHETIC: seeded teaching dataset; not observed market data,2026-09-01T00:00:00+00:00
2025-01-27,USD_2,0.021656610090069476,absolute,SYNTHETIC: seeded teaching dataset; not observed market data,2026-09-01T00:00:00+00:00
2025-01-28,USD_2,0.022033469412833996,absolute,SYNTHETIC: seeded teaching dataset; not observed market data,2026-09-01T00:00:00+00:00
2025-01-29,USD_2,0.02159677217293866,absolute,SYNTHETIC: seeded teaching dataset; not observed market data,2026-09-01T00:00:00+00:00
2025-01-30,USD_2,0.021466509258171347,absolute,SYNTHETIC: seeded teaching dataset; not observed market data,2026-09-01T00:00:00+00:00
2025-01-31,USD_2,0.02175504542495534,absolute,SYNTHETIC: seeded teaching dataset; not observed market data,2026-09-01T00:00:00+00:00
2025-02-03,USD_2,0.02135758807398065,absolute,SYNTHETIC: seeded teaching dataset; not observed market data,2026-09-01T00:00:00+00:00
2025-02-04,USD_2,0.021713420877260605,absolute,SYNTHETIC: seeded teaching dataset; not observed market data,2026-09-01T00:00:00+00:00
2025-02-05,USD_2,0.02116634782605231,absolute,SYNTHETIC: seeded teaching dataset; not observed market data,2026-09-01T00:00:00+00:00
2025-02-06,USD_2,0.020787649689910356,absolute,SYNTHETIC: seeded teaching dataset; not observed market data,2026-09-01T00:00:00+00:00
2025-02-07,USD_2,0.021375779820250802,absolute,SYNTHETIC: seeded teaching dataset; not observed market data,2026-09-01T00:00:00+00:00
2025-02-10,USD_2,0.02093495806174922,absolute,SYNTHETIC: seeded teaching dataset; not observed market data,2026-09-01T00:00:00+00:00
2025-02-11,USD_2,0.021482538832584643,absolute,SYNTHETIC: seeded teaching dataset; not observed market data,2026-09-01T00:00:00+00:00
2025-02-12,USD_2,0.021697114131483966,absolute,SYNTHETIC: seeded teaching dataset; not observed market data,2026-09-01T00:00:00+00:00
2025-02-13,USD_2,0.021902185434448343,absolute,SYNTHETIC: seeded teaching dataset; not observed market data,2026-09-01T00:00:00+00:00
2025-02-14,USD_2,0.021368131068664368,absolute,SYNTHETIC: seeded teaching dataset; not observed market data,2026-09-01T00:00:00+00:00
2025-02-17,USD_2,0.022096310246929502,absolute,SYNTHETIC: seeded teaching dataset; not observed market data,2026-09-01T00:00:00+00:00
2025-02-18,USD_2,0.023206147814714122,absolute,SYNTHETIC: seeded teaching dataset; not observed market data,2026-09-01T00:00:00+00:00
2025-02-19,USD_2,0.02424062690057153,absolute,SYNTHETIC: seeded teaching dataset; not observed market data,2026-09-01T00:00:00+00:00
2025-02-20,USD_2,0.02449184192362658,absolute,SYNTHETIC: seeded teaching dataset; not observed market data,2026-09-01T00:00:00+00:00
2025-02-21,USD_2,0.024674707967284954,absolute,SYNTHETIC: seeded teaching dataset; not observed market data,2026-09-01T00:00:00+00:00
2025-02-24,USD_2,0.024271871213773596,absolute,SYNTHETIC: seeded teaching dataset; not observed market data,2026-09-01T00:00:00+00:00
2025-02-25,USD_2,0.024377474727464488,absolute,SYNTHETIC: seeded teaching dataset; not observed market data,2026-09-01T00:00:00+00:00
2025-02-26,USD_2,0.024443734337767895,absolute,SYNTHETIC: seeded teaching dataset; not observed market data,2026-09-01T00:00:00+00:00
2025-02-27,USD_2,0.024310744140410977,absolute,SYNTHETIC: seeded teaching dataset; not observed market data,2026-09-01T00:00:00+00:00
2025-02-28,USD_2,0.02447971823241984,absolute,SYNTHETIC: seeded teaching dataset; not observed market data,2026-09-01T00:00:00+00:00
2025-03-03,USD_2,0.023831281482601663,absolute,SYNTHETIC: seeded teaching dataset; not observed market data,2026-09-01T00:00:00+00:00
2025-03-04,USD_2,0.02379593729118841,absolute,SYNTHETIC: seeded teaching dataset; not observed market data,2026-09-01T00:00:00+00:00
2025-03-05,USD_2,0.023828892241842297,absolute,SYNTHETIC: seeded teaching dataset; not observed market data,2026-09-01T00:00:00+00:00
2025-03-06,USD_2,0.023958631774982805,absolute,SYNTHETIC: seeded teaching dataset; not observed market data,2026-09-01T00:00:00+00:00
2025-03-07,USD_2,0.024385420113369496,absolute,SYNTHETIC: seeded teaching dataset; not observed market data,2026-09-01T00:00:00+00:00
2025-03-10,USD_2,0.02477632442229391,absolute,SYNTHETIC: seeded teaching dataset; not observed market data,2026-09-01T00:00:00+00:00
2025-03-11,USD_2,0.02535716803246679,absolute,SYNTHETIC: seeded teaching dataset; not observed market data,2026-09-01T00:00:00+00:00
2025-03-12,USD_2,0.025272566665557005,absolute,SYNTHETIC: seeded teaching dataset; not observed market data,2026-09-01T00:00:00+00:00
2025-03-13,USD_2,0.024995298404370463,absolute,SYNTHETIC: seeded teaching dataset; not observed market data,2026-09-01T00:00:00+00:00
2025-03-14,USD_2,0.025090840793957243,absolute,SYNTHETIC: seeded teaching dataset; not observed market data,2026-09-01T00:00:00+00:00
2025-03-17,USD_2,0.025744129779598515,absolute,SYNTHETIC: seeded teaching dataset; not observed market data,2026-09-01T00:00:00+00:00
2025-03-18,USD_2,0.025135238692732084,absolute,SYNTHETIC: seeded teaching dataset; not observed market data,2026-09-01T00:00:00+00:00
2025-03-19,USD_2,0.025348906767704286,absolute,SYNTHETIC: seeded teaching dataset; not observed market data,2026-09-01T00:00:00+00:00
2025-03-20,USD_2,0.024909563922008902,absolute,SYNTHETIC: seeded teaching dataset; not observed market data,2026-09-01T00:00:00+00:00
2025-03-21,USD_2,0.025171900235518224,absolute,SYNTHETIC: seeded teaching dataset; not observed market data,2026-09-01T00:00:00+00:00
2025-03-24,USD_2,0.024983401892251487,absolute,SYNTHETIC: seeded teaching dataset; not observed market data,2026-09-01T00:00:00+00:00
2025-03-25,USD_2,0.025345324618873833,absolute,SYNTHETIC: seeded teaching dataset; not observed market data,2026-09-01T00:00:00+00:00
2025-03-26,USD_2,0.025862072727992874,absolute,SYNTHETIC: seeded teaching dataset; not observed market data,2026-09-01T00:00:00+00:00
2025-03-27,USD_2,0.025283251528616706,absolute,SYNTHETIC: seeded teaching dataset; not observed market data,2026-09-01T00:00:00+00:00
2025-03-28,USD_2,0.024937063126008872,absolute,SYNTHETIC: seeded teaching dataset; not observed market data,2026-09-01T00:00:00+00:00
2025-03-31,USD_2,0.023973708532034173,absolute,SYNTHETIC: seeded teaching dataset; not observed market data,2026-09-01T00:00:00+00:00
2025-04-01,USD_2,0.024399233088182214,absolute,SYNTHETIC: seeded teaching dataset; not observed market data,2026-09-01T00:00:00+00:00
2025-04-02,USD_2,0.024167609573038307,absolute,SYNTHETIC: seeded teaching dataset; not observed market data,2026-09-01T00:00:00+00:00
2025-04-03,USD_2,0.024550544464085125,absolute,SYNTHETIC: seeded teaching dataset; not observed market data,2026-09-01T00:00:00+00:00
2025-04-04,USD_2,0.02449121213493746,absolute,SYNTHETIC: seeded teaching dataset; not observed market data,2026-09-01T00:00:00+00:00
2025-04-07,USD_2,0.024221980863614174,absolute,SYNTHETIC: seeded teaching dataset; not observed market data,2026-09-01T00:00:00+00:00
2025-04-08,USD_2,0.0243301626383523,absolute,SYNTHETIC: seeded teaching dataset; not observed market data,2026-09-01T00:00:00+00:00
2025-04-09,USD_2,0.024307243712050248,absolute,SYNTHETIC: seeded teaching dataset; not observed market data,2026-09-01T00:00:00+00:00
2025-04-10,USD_2,0.023819391553262133,absolute,SYNTHETIC: seeded teaching dataset; not observed market data,2026-09-01T00:00:00+00:00
2025-04-11,USD_2,0.023340825199563604,absolute,SYNTHETIC: seeded teaching dataset; not observed market data,2026-09-01T00:00:00+00:00
2025-04-14,USD_2,0.023134820883351358,absolute,SYNTHETIC: seeded teaching dataset; not observed market data,2026-09-01T00:00:00+00:00
2025-04-15,USD_2,0.023472564274111613,absolute,SYNTHETIC: seeded teaching dataset; not observed market data,2026-09-01T00:00:00+00:00
2025-04-16,USD_2,0.023907846993578875,absolute,SYNTHETIC: seeded teaching dataset; not observed market data,2026-09-01T00:00:00+00:00
2025-04-17,USD_2,0.024099767055034846,absolute,SYNTHETIC: seeded teaching dataset; not observed market data,2026-09-01T00:00:00+00:00
2025-04-18,USD_2,0.02402326353670495,absolute,SYNTHETIC: seeded teaching dataset; not observed market data,2026-09-01T00:00:00+00:00
2025-04-21,USD_2,0.02410200285646904,absolute,SYNTHETIC: seeded teaching dataset; not observed market data,2026-09-01T00:00:00+00:00
2025-04-22,USD_2,0.02375032115696374,absolute,SYNTHETIC: seeded teaching dataset; not observed market data,2026-09-01T00:00:00+00:00
2025-04-23,USD_2,0.023918533244487016,absolute,SYNTHETIC: seeded teaching dataset; not observed market data,2026-09-01T00:00:00+00:00
2025-04-24,USD_2,0.02413741634751107,absolute,SYNTHETIC: seeded teaching dataset; not observed market data,2026-09-01T00:00:00+00:00
2025-04-25,USD_2,0.023712125586076653,absolute,SYNTHETIC: seeded teaching dataset; not observed market data,2026-09-01T00:00:00+00:00
2025-04-28,USD_2,0.023480648618035675,absolute,SYNTHETIC: seeded teaching dataset; not observed market data,2026-09-01T00:00:00+00:00
2025-04-29,USD_2,0.02336366722953086,absolute,SYNTHETIC: seeded teaching dataset; not observed market data,2026-09-01T00:00:00+00:00
2025-04-30,USD_2,0.022967922163321868,absolute,SYNTHETIC: seeded teaching dataset; not observed market data,2026-09-01T00:00:00+00:00
2025-05-01,USD_2,0.02295039373647958,absolute,SYNTHETIC: seeded teaching dataset; not observed market data,2026-09-01T00:00:00+00:00
2025-05-02,USD_2,0.02360090034847204,absolute,SYNTHETIC: seeded teaching dataset; not observed market data,2026-09-01T00:00:00+00:00
2025-05-05,USD_2,0.023370984290415064,absolute,SYNTHETIC: seeded teaching dataset; not observed market data,2026-09-01T00:00:00+00:00
2025-05-06,USD_2,0.023280884291608916,absolute,SYNTHETIC: seeded teaching dataset; not observed market data,2026-09-01T00:00:00+00:00
2025-05-07,USD_2,0.02340372021254906,absolute,SYNTHETIC: seeded teaching dataset; not observed market data,2026-09-01T00:00:00+00:00
2025-05-08,USD_2,0.0231857155672596,absolute,SYNTHETIC: seeded teaching dataset; not observed market data,2026-09-01T00:00:00+00:00
2025-05-09,USD_2,0.022308846279675252,absolute,SYNTHETIC: seeded teaching dataset; not observed market data,2026-09-01T00:00:00+00:00
2025-05-12,USD_2,0.022643794140422183,absolute,SYNTHETIC: seeded teaching dataset; not observed market data,2026-09-01T00:00:00+00:00
2025-05-13,USD_2,0.02273778494353052,absolute,SYNTHETIC: seeded teaching dataset; not observed market data,2026-09-01T00:00:00+00:00
2025-05-14,USD_2,0.021984330185410305,absolute,SYNTHETIC: seeded teaching dataset; not observed market data,2026-09-01T00:00:00+00:00
2025-05-15,USD_2,0.02192370989015778,absolute,SYNTHETIC: seeded teaching dataset; not observed market data,2026-09-01T00:00:00+00:00
2025-05-16,USD_2,0.02207983653709641,absolute,SYNTHETIC: seeded teaching dataset; not observed market data,2026-09-01T00:00:00+00:00
2025-05-19,USD_2,0.021322732590155512,absolute,SYNTHETIC: seeded teaching dataset; not observed market data,2026-09-01T00:00:00+00:00
2025-05-20,USD_2,0.021750951111375698,absolute,SYNTHETIC: seeded teaching dataset; not observed market data,2026-09-01T00:00:00+00:00
2025-05-21,USD_2,0.022206680717696242,absolute,SYNTHETIC: seeded teaching dataset; not observed market data,2026-09-01T00:00:00+00:00
2025-05-22,USD_2,0.022293436654754105,absolute,SYNTHETIC: seeded teaching dataset; not observed market data,2026-09-01T00:00:00+00:00
2025-05-23,USD_2,0.022784752027263086,absolute,SYNTHETIC: seeded teaching dataset; not observed market data,2026-09-01T00:00:00+00:00
2025-05-26,USD_2,0.023267702527360247,absolute,SYNTHETIC: seeded teaching dataset; not observed market data,2026-09-01T00:00:00+00:00
2025-05-27,USD_2,0.023772622000257704,absolute,SYNTHETIC: seeded teaching dataset; not observed market data,2026-09-01T00:00:00+00:00
2025-05-28,USD_2,0.023710414534289473,absolute,SYNTHETIC: seeded teaching dataset; not observed market data,2026-09-01T00:00:00+00:00
2025-05-29,USD_2,0.0230809451834418,absolute,SYNTHETIC: seeded teaching dataset; not observed market data,2026-09-01T00:00:00+00:00
2025-05-30,USD_2,0.02312262788067975,absolute,SYNTHETIC: seeded teaching dataset; not observed market data,2026-09-01T00:00:00+00:00
2025-06-02,USD_2,0.022288236844261358,absolute,SYNTHETIC: seeded teaching dataset; not observed market data,2026-09-01T00:00:00+00:00
2025-06-03,USD_2,0.021307218215572705,absolute,SYNTHETIC: seeded teaching dataset; not observed market data,2026-09-01T00:00:00+00:00
2025-06-04,USD_2,0.02189204194785392,absolute,SYNTHETIC: seeded teaching dataset; not observed market data,2026-09-01T00:00:00+00:00
2025-06-05,USD_2,0.02222053090867054,absolute,SYNTHETIC: seeded teaching dataset; not observed market data,2026-09-01T00:00:00+00:00
2025-06-06,USD_2,0.021691148487898555,absolute,SYNTHETIC: seeded teaching dataset; not observed market data,2026-09-01T00:00:00+00:00
2025-06-09,USD_2,0.022234013284424682,absolute,SYNTHETIC: seeded teaching dataset; not observed market data,2026-09-01T00:00:00+00:00
2025-06-10,USD_2,0.021692064422986435,absolute,SYNTHETIC: seeded teaching dataset; not observed market data,2026-09-01T00:00:00+00:00
2025-06-11,USD_2,0.0210853771392796,absolute,SYNTHETIC: seeded teaching dataset; not observed market data,2026-09-01T00:00:00+00:00
2025-06-12,USD_2,0.02112752460238613,absolute,SYNTHETIC: seeded teaching dataset; not observed market data,2026-09-01T00:00:00+00:00
2025-06-13,USD_2,0.021419302490176522,absolute,SYNTHETIC: seeded teaching dataset; not observed market data,2026-09-01T00:00:00+00:00
2025-06-16,USD_2,0.021943547899762682,absolute,SYNTHETIC: seeded teaching dataset; not observed market data,2026-09-01T00:00:00+00:00
2025-06-17,USD_2,0.021722183844383198,absolute,SYNTHETIC: seeded teaching dataset; not observed market data,2026-09-01T00:00:00+00:00
2025-06-18,USD_2,0.021719695438516984,absolute,SYNTHETIC: seeded teaching dataset; not observed market data,2026-09-01T00:00:00+00:00
2025-06-19,USD_2,0.02266754875834026,absolute,SYNTHETIC: seeded teaching dataset; not observed market data,2026-09-01T00:00:00+00:00
2025-06-20,USD_2,0.022236422831758352,absolute,SYNTHETIC: seeded teaching dataset; not observed market data,2026-09-01T00:00:00+00:00
2025-06-23,USD_2,0.02255052999069726,absolute,SYNTHETIC: seeded teaching dataset; not observed market data,2026-09-01T00:00:00+00:00
2025-06-24,USD_2,0.02276696976713076,absolute,SYNTHETIC: seeded teaching dataset; not observed market data,2026-09-01T00:00:00+00:00
2025-06-25,USD_2,0.023584853049776037,absolute,SYNTHETIC: seeded teaching dataset; not observed market data,2026-09-01T00:00:00+00:00
2025-06-26,USD_2,0.023612039347829045,absolute,SYNTHETIC: seeded teaching dataset; not observed market data,2026-09-01T00:00:00+00:00
2025-06-27,USD_2,0.023588796325337735,absolute,SYNTHETIC: seeded teaching dataset; not observed market data,2026-09-01T00:00:00+00:00
2025-06-30,USD_2,0.023981533548063302,absolute,SYNTHETIC: seeded teaching dataset; not observed market data,2026-09-01T00:00:00+00:00
2025-07-01,USD_2,0.023768802467636473,absolute,SYNTHETIC: seeded teaching dataset; not observed market data,2026-09-01T00:00:00+00:00
2025-07-02,USD_2,0.02414290102919844,absolute,SYNTHETIC: seeded teaching dataset; not observed market data,2026-09-01T00:00:00+00:00
2025-07-03,USD_2,0.02459810316512006,absolute,SYNTHETIC: seeded teaching dataset; not observed market data,2026-09-01T00:00:00+00:00
2025-07-04,USD_2,0.024548968003677674,absolute,SYNTHETIC: seeded teaching dataset; not observed market data,2026-09-01T00:00:00+00:00
2025-07-07,USD_2,0.02437071229936932,absolute,SYNTHETIC: seeded teaching dataset; not observed market data,2026-09-01T00:00:00+00:00
2025-07-08,USD_2,0.02404662405798591,absolute,SYNTHETIC: seeded teaching dataset; not observed market data,2026-09-01T00:00:00+00:00
2025-07-09,USD_2,0.024105295998038942,absolute,SYNTHETIC: seeded teaching dataset; not observed market data,2026-09-01T00:00:00+00:00
2025-07-10,USD_2,0.02404119766504225,absolute,SYNTHETIC: seeded teaching dataset; not observed market data,2026-09-01T00:00:00+00:00
2025-07-11,USD_2,0.02419372592776601,absolute,SYNTHETIC: seeded teaching dataset; not observed market data,2026-09-01T00:00:00+00:00
2025-07-14,USD_2,0.023820551123062226,absolute,SYNTHETIC: seeded teaching dataset; not observed market data,2026-09-01T00:00:00+00:00
2025-07-15,USD_2,0.022877343630390467,absolute,SYNTHETIC: seeded teaching dataset; not observed market data,2026-09-01T00:00:00+00:00
2025-07-16,USD_2,0.022256643961586067,absolute,SYNTHETIC: seeded teaching dataset; not observed market data,2026-09-01T00:00:00+00:00
2025-07-17,USD_2,0.022310334672618146,absolute,SYNTHETIC: seeded teaching dataset; not observed market data,2026-09-01T00:00:00+00:00
2025-07-18,USD_2,0.022355024748828112,absolute,SYNTHETIC: seeded teaching dataset; not observed market data,2026-09-01T00:00:00+00:00
2025-07-21,USD_2,0.023205121561582734,absolute,SYNTHETIC: seeded teaching dataset; not observed market data,2026-09-01T00:00:00+00:00
2025-07-22,USD_2,0.02324097626259423,absolute,SYNTHETIC: seeded teaching dataset; not observed market data,2026-09-01T00:00:00+00:00
2025-07-23,USD_2,0.02287701865564923,absolute,SYNTHETIC: seeded teaching dataset; not observed market data,2026-09-01T00:00:00+00:00
2025-07-24,USD_2,0.023098004372283265,absolute,SYNTHETIC: seeded teaching dataset; not observed market data,2026-09-01T00:00:00+00:00
2025-07-25,USD_2,0.022688522546922173,absolute,SYNTHETIC: seeded teaching dataset; not observed market data,2026-09-01T00:00:00+00:00
2025-07-28,USD_2,0.023038122776898387,absolute,SYNTHETIC: seeded teaching dataset; not observed market data,2026-09-01T00:00:00+00:00
2025-07-29,USD_2,0.023154054061459456,absolute,SYNTHETIC: seeded teaching dataset; not observed market data,2026-09-01T00:00:00+00:00
2025-07-30,USD_2,0.023277035243267467,absolute,SYNTHETIC: seeded teaching dataset; not observed market data,2026-09-01T00:00:00+00:00
2025-07-31,USD_2,0.023594979500216058,absolute,SYNTHETIC: seeded teaching dataset; not observed market data,2026-09-01T00:00:00+00:00
2025-08-01,USD_2,0.02349119615948232,absolute,SYNTHETIC: seeded teaching dataset; not observed market data,2026-09-01T00:00:00+00:00
2025-08-04,USD_2,0.023822130947232407,absolute,SYNTHETIC: seeded teaching dataset; not observed market data,2026-09-01T00:00:00+00:00
2025-08-05,USD_2,0.0230433209449233,absolute,SYNTHETIC: seeded teaching dataset; not observed market data,2026-09-01T00:00:00+00:00
2025-08-06,USD_2,0.023260958980435842,absolute,SYNTHETIC: seeded teaching dataset; not observed market data,2026-09-01T00:00:00+00:00
2025-08-07,USD_2,0.022553525188287578,absolute,SYNTHETIC: seeded teaching dataset; not observed market data,2026-09-01T00:00:00+00:00
2025-08-08,USD_2,0.022257361983577847,absolute,SYNTHETIC: seeded teaching dataset; not observed market data,2026-09-01T00:00:00+00:00
2025-08-11,USD_2,0.022623461860500686,absolute,SYNTHETIC: seeded teaching dataset; not observed market data,2026-09-01T00:00:00+00:00
2025-08-12,USD_2,0.023077221945742604,absolute,SYNTHETIC: seeded teaching dataset; not observed market data,2026-09-01T00:00:00+00:00
2025-08-13,USD_2,0.023872130990253208,absolute,SYNTHETIC: seeded teaching dataset; not observed market data,2026-09-01T00:00:00+00:00
2025-08-14,USD_2,0.024398678954102422,absolute,SYNTHETIC: seeded teaching dataset; not observed market data,2026-09-01T00:00:00+00:00
2025-08-15,USD_2,0.02437296892577027,absolute,SYNTHETIC: seeded teaching dataset; not observed market data,2026-09-01T00:00:00+00:00
2025-08-18,USD_2,0.023958990880360687,absolute,SYNTHETIC: seeded teaching dataset; not observed market data,2026-09-01T00:00:00+00:00
2025-08-19,USD_2,0.024528278640927256,absolute,SYNTHETIC: seeded teaching dataset; not observed market data,2026-09-01T00:00:00+00:00
2025-08-20,USD_2,0.02418906290787891,absolute,SYNTHETIC: seeded teaching dataset; not observed market data,2026-09-01T00:00:00+00:00
2025-08-21,USD_2,0.024559674456641686,absolute,SYNTHETIC: seeded teaching dataset; not observed market data,2026-09-01T00:00:00+00:00
2025-08-22,USD_2,0.024744743167653186,absolute,SYNTHETIC: seeded teaching dataset; not observed market data,2026-09-01T00:00:00+00:00
2025-08-25,USD_2,0.023876240723669957,absolute,SYNTHETIC: seeded teaching dataset; not observed market data,2026-09-01T00:00:00+00:00
2025-08-26,USD_2,0.023727516837538074,absolute,SYNTHETIC: seeded teaching dataset; not observed market data,2026-09-01T00:00:00+00:00
2025-08-27,USD_2,0.02348749614432689,absolute,SYNTHETIC: seeded teaching dataset; not observed market data,2026-09-01T00:00:00+00:00
2025-08-28,USD_2,0.023944751268545235,absolute,SYNTHETIC: seeded teaching dataset; not observed market data,2026-09-01T00:00:00+00:00
2025-08-29,USD_2,0.023704679193352503,absolute,SYNTHETIC: seeded teaching dataset; not observed market data,2026-09-01T00:00:00+00:00
2025-09-01,USD_2,0.024397878036512038,absolute,SYNTHETIC: seeded teaching dataset; not observed market data,2026-09-01T00:00:00+00:00
2025-09-02,USD_2,0.02457190868601921,absolute,SYNTHETIC: seeded teaching dataset; not observed market data,2026-09-01T00:00:00+00:00
2025-09-03,USD_2,0.025356875818007094,absolute,SYNTHETIC: seeded teaching dataset; not observed market data,2026-09-01T00:00:00+00:00
2025-09-04,USD_2,0.025529127196028956,absolute,SYNTHETIC: seeded teaching dataset; not observed market data,2026-09-01T00:00:00+00:00
2025-09-05,USD_2,0.02585304859715424,absolute,SYNTHETIC: seeded teaching dataset; not observed market data,2026-09-01T00:00:00+00:00
2025-09-08,USD_2,0.02621796700948415,absolute,SYNTHETIC: seeded teaching dataset; not observed market data,2026-09-01T00:00:00+00:00
2025-09-09,USD_2,0.02586544605705587,absolute,SYNTHETIC: seeded teaching dataset; not observed market data,2026-09-01T00:00:00+00:00
2025-09-10,USD_2,0.025972641879561695,absolute,SYNTHETIC: seeded teaching dataset; not observed market data,2026-09-01T00:00:00+00:00
2025-09-11,USD_2,0.026215589322340284,absolute,SYNTHETIC: seeded teaching dataset; not observed market data,2026-09-01T00:00:00+00:00
2025-09-12,USD_2,0.02637212025044155,absolute,SYNTHETIC: seeded teaching dataset; not observed market data,2026-09-01T00:00:00+00:00
2025-09-15,USD_2,0.02646010165558003,absolute,SYNTHETIC: seeded teaching dataset; not observed market data,2026-09-01T00:00:00+00:00
2025-09-16,USD_2,0.02639502802851542,absolute,SYNTHETIC: seeded teaching dataset; not observed market data,2026-09-01T00:00:00+00:00
2025-09-17,USD_2,0.02555622967038748,absolute,SYNTHETIC: seeded teaching dataset; not observed market data,2026-09-01T00:00:00+00:00
2025-09-18,USD_2,0.02575548311918626,absolute,SYNTHETIC: seeded teaching dataset; not observed market data,2026-09-01T00:00:00+00:00
2025-09-19,USD_2,0.02497570168672686,absolute,SYNTHETIC: seeded teaching dataset; not observed market data,2026-09-01T00:00:00+00:00
2025-09-22,USD_2,0.02462341955718306,absolute,SYNTHETIC: seeded teaching dataset; not observed market data,2026-09-01T00:00:00+00:00
2025-09-23,USD_2,0.02477568222338466,absolute,SYNTHETIC: seeded teaching dataset; not observed market data,2026-09-01T00:00:00+00:00
2025-09-24,USD_2,0.02488110024093247,absolute,SYNTHETIC: seeded teaching dataset; not observed market data,2026-09-01T00:00:00+00:00
2025-09-25,USD_2,0.02520280027033931,absolute,SYNTHETIC: seeded teaching dataset; not observed market data,2026-09-01T00:00:00+00:00
2025-09-26,USD_2,0.025516864732776465,absolute,SYNTHETIC: seeded teaching dataset; not observed market data,2026-09-01T00:00:00+00:00
2025-09-29,USD_2,0.025282046745758388,absolute,SYNTHETIC: seeded teaching dataset; not observed market data,2026-09-01T00:00:00+00:00
2025-09-30,USD_2,0.025041095734391602,absolute,SYNTHETIC: seeded teaching dataset; not observed market data,2026-09-01T00:00:00+00:00
2025-10-01,USD_2,0.025722145787264394,absolute,SYNTHETIC: seeded teaching dataset; not observed market data,2026-09-01T00:00:00+00:00
2025-10-02,USD_2,0.02634797265954619,absolute,SYNTHETIC: seeded teaching dataset; not observed market data,2026-09-01T00:00:00+00:00
2025-10-03,USD_2,0.026100753697828362,absolute,SYNTHETIC: seeded teaching dataset; not observed market data,2026-09-01T00:00:00+00:00
2025-10-06,USD_2,0.025363766777093785,absolute,SYNTHETIC: seeded teaching dataset; not observed market data,2026-09-01T00:00:00+00:00
2025-10-07,USD_2,0.025746707093980158,absolute,SYNTHETIC: seeded teaching dataset; not observed market data,2026-09-01T00:00:00+00:00
2025-10-08,USD_2,0.025393863346155832,absolute,SYNTHETIC: seeded teaching dataset; not observed market data,2026-09-01T00:00:00+00:00
2025-10-09,USD_2,0.02539757517482752,absolute,SYNTHETIC: seeded teaching dataset; not observed market data,2026-09-01T00:00:00+00:00
2025-10-10,USD_2,0.025946730469051105,absolute,SYNTHETIC: seeded teaching dataset; not observed market data,2026-09-01T00:00:00+00:00
2025-10-13,USD_2,0.02676546848393319,absolute,SYNTHETIC: seeded teaching dataset; not observed market data,2026-09-01T00:00:00+00:00
2025-10-14,USD_2,0.027138120682677593,absolute,SYNTHETIC: seeded teaching dataset; not observed market data,2026-09-01T00:00:00+00:00
2025-10-15,USD_2,0.02719620278387612,absolute,SYNTHETIC: seeded teaching dataset; not observed market data,2026-09-01T00:00:00+00:00
2025-10-16,USD_2,0.027576550820176245,absolute,SYNTHETIC: seeded teaching dataset; not observed market data,2026-09-01T00:00:00+00:00
2025-10-17,USD_2,0.02735568961500131,absolute,SYNTHETIC: seeded teaching dataset; not observed market data,2026-09-01T00:00:00+00:00
2025-10-20,USD_2,0.02725645310806711,absolute,SYNTHETIC: seeded teaching dataset; not observed market data,2026-09-01T00:00:00+00:00
2025-10-21,USD_2,0.027276734319583558,absolute,SYNTHETIC: seeded teaching dataset; not observed market data,2026-09-01T00:00:00+00:00
2025-10-22,USD_2,0.028298115773615032,absolute,SYNTHETIC: seeded teaching dataset; not observed market data,2026-09-01T00:00:00+00:00
2025-10-23,USD_2,0.02885932004760347,absolute,SYNTHETIC: seeded teaching dataset; not observed market data,2026-09-01T00:00:00+00:00
2025-10-24,USD_2,0.02863825252691917,absolute,SYNTHETIC: seeded teaching dataset; not observed market data,2026-09-01T00:00:00+00:00
2025-10-27,USD_2,0.027912697976546712,absolute,SYNTHETIC: seeded teaching dataset; not observed market data,2026-09-01T00:00:00+00:00
2025-10-28,USD_2,0.02863722434139282,absolute,SYNTHETIC: seeded teaching dataset; not observed market data,2026-09-01T00:00:00+00:00
2025-10-29,USD_2,0.028052067691211144,absolute,SYNTHETIC: seeded teaching dataset; not observed market data,2026-09-01T00:00:00+00:00
2025-10-30,USD_2,0.028147928844334827,absolute,SYNTHETIC: seeded teaching dataset; not observed market data,2026-09-01T00:00:00+00:00
2025-10-31,USD_2,0.028243109168064107,absolute,SYNTHETIC: seeded teaching dataset; not observed market data,2026-09-01T00:00:00+00:00
2025-11-03,USD_2,0.028236350885743007,absolute,SYNTHETIC: seeded teaching dataset; not observed market data,2026-09-01T00:00:00+00:00
2025-11-04,USD_2,0.027770044577658845,absolute,SYNTHETIC: seeded teaching dataset; not observed market data,2026-09-01T00:00:00+00:00
2025-11-05,USD_2,0.027658092757019616,absolute,SYNTHETIC: seeded teaching dataset; not observed market data,2026-09-01T00:00:00+00:00
2025-11-06,USD_2,0.02750803955453713,absolute,SYNTHETIC: seeded teaching dataset; not observed market data,2026-09-01T00:00:00+00:00
2025-11-07,USD_2,0.02685859985940747,absolute,SYNTHETIC: seeded teaching dataset; not observed market data,2026-09-01T00:00:00+00:00
2025-11-10,USD_2,0.026158838632156088,absolute,SYNTHETIC: seeded teaching dataset; not observed market data,2026-09-01T00:00:00+00:00
2025-11-11,USD_2,0.02613516060951681,absolute,SYNTHETIC: seeded teaching dataset; not observed market data,2026-09-01T00:00:00+00:00
2025-11-12,USD_2,0.025989660044522574,absolute,SYNTHETIC: seeded teaching dataset; not observed market data,2026-09-01T00:00:00+00:00
2025-11-13,USD_2,0.025666649617651766,absolute,SYNTHETIC: seeded teaching dataset; not observed market data,2026-09-01T00:00:00+00:00
2025-11-14,USD_2,0.026073347942329676,absolute,SYNTHETIC: seeded teaching dataset; not observed market data,2026-09-01T00:00:00+00:00
2025-11-17,USD_2,0.02600718049926957,absolute,SYNTHETIC: seeded teaching dataset; not observed market data,2026-09-01T00:00:00+00:00
2025-11-18,USD_2,0.025683544244577007,absolute,SYNTHETIC: seeded teaching dataset; not observed market data,2026-09-01T00:00:00+00:00
2025-11-19,USD_2,0.025760643061066946,absolute,SYNTHETIC: seeded teaching dataset; not observed market data,2026-09-01T00:00:00+00:00
2025-11-20,USD_2,0.026121391879650867,absolute,SYNTHETIC: seeded teaching dataset; not observed market data,2026-09-01T00:00:00+00:00
2025-11-21,USD_2,0.026679476644132456,absolute,SYNTHETIC: seeded teaching dataset; not observed market data,2026-09-01T00:00:00+00:00
2025-11-24,USD_2,0.026334795060276455,absolute,SYNTHETIC: seeded teaching dataset; not observed market data,2026-09-01T00:00:00+00:00
2025-11-25,USD_2,0.024552418624631978,absolute,SYNTHETIC: seeded teaching dataset; not observed market data,2026-09-01T00:00:00+00:00
2025-11-26,USD_2,0.02468910130092664,absolute,SYNTHETIC: seeded teaching dataset; not observed market data,2026-09-01T00:00:00+00:00
2025-11-27,USD_2,0.024602886913971382,absolute,SYNTHETIC: seeded teaching dataset; not observed market data,2026-09-01T00:00:00+00:00
2025-11-28,USD_2,0.02412345700946493,absolute,SYNTHETIC: seeded teaching dataset; not observed market data,2026-09-01T00:00:00+00:00
2025-12-01,USD_2,0.02417885462354175,absolute,SYNTHETIC: seeded teaching dataset; not observed market data,2026-09-01T00:00:00+00:00
2025-12-02,USD_2,0.024430859939701878,absolute,SYNTHETIC: seeded teaching dataset; not observed market data,2026-09-01T00:00:00+00:00
2025-12-03,USD_2,0.025032292148840524,absolute,SYNTHETIC: seeded teaching dataset; not observed market data,2026-09-01T00:00:00+00:00
2025-12-04,USD_2,0.02443874323854855,absolute,SYNTHETIC: seeded teaching dataset; not observed market data,2026-09-01T00:00:00+00:00
2025-12-05,USD_2,0.023987315997327226,absolute,SYNTHETIC: seeded teaching dataset; not observed market data,2026-09-01T00:00:00+00:00
2025-12-08,USD_2,0.02380803498621519,absolute,SYNTHETIC: seeded teaching dataset; not observed market data,2026-09-01T00:00:00+00:00
2025-12-09,USD_2,0.024213398889146667,absolute,SYNTHETIC: seeded teaching dataset; not observed market data,2026-09-01T00:00:00+00:00
2025-12-10,USD_2,0.024803042552923694,absolute,SYNTHETIC: seeded teaching dataset; not observed market data,2026-09-01T00:00:00+00:00
2025-12-11,USD_2,0.025181343466294144,absolute,SYNTHETIC: seeded teaching dataset; not observed market data,2026-09-01T00:00:00+00:00
2025-12-12,USD_2,0.02435718815262358,absolute,SYNTHETIC: seeded teaching dataset; not observed market data,2026-09-01T00:00:00+00:00
2025-12-15,USD_2,0.023805122755091633,absolute,SYNTHETIC: seeded teaching dataset; not observed market data,2026-09-01T00:00:00+00:00
2025-12-16,USD_2,0.023546716568446806,absolute,SYNTHETIC: seeded teaching dataset; not observed market data,2026-09-01T00:00:00+00:00
2025-12-17,USD_2,0.023933951138637506,absolute,SYNTHETIC: seeded teaching dataset; not observed market data,2026-09-01T00:00:00+00:00
2025-12-18,USD_2,0.02410846828156448,absolute,SYNTHETIC: seeded teaching dataset; not observed market data,2026-09-01T00:00:00+00:00
2025-12-19,USD_2,0.02448142411953077,absolute,SYNTHETIC: seeded teaching dataset; not observed market data,2026-09-01T00:00:00+00:00
2025-12-22,USD_2,0.025021798663063418,absolute,SYNTHETIC: seeded teaching dataset; not observed market data,2026-09-01T00:00:00+00:00
2025-12-23,USD_2,0.025442763421072104,absolute,SYNTHETIC: seeded teaching dataset; not observed market data,2026-09-01T00:00:00+00:00
2025-12-24,USD_2,0.025852550599509045,absolute,SYNTHETIC: seeded teaching dataset; not observed market data,2026-09-01T00:00:00+00:00
2025-12-25,USD_2,0.02560409377202418,absolute,SYNTHETIC: seeded teaching dataset; not observed market data,2026-09-01T00:00:00+00:00
2025-12-26,USD_2,0.026083626757580546,absolute,SYNTHETIC: seeded teaching dataset; not observed market data,2026-09-01T00:00:00+00:00
2025-12-29,USD_2,0.0256600701670422,absolute,SYNTHETIC: seeded teaching dataset; not observed market data,2026-09-01T00:00:00+00:00
2025-12-30,USD_2,0.02611598969605913,absolute,SYNTHETIC: seeded teaching dataset; not observed market data,2026-09-01T00:00:00+00:00
2025-12-31,USD_2,0.02619557525020605,absolute,SYNTHETIC: seeded teaching dataset; not observed market data,2026-09-01T00:00:00+00:00
2026-01-01,USD_2,0.02607467272787273,absolute,SYNTHETIC: seeded teaching dataset; not observed market data,2026-09-01T00:00:00+00:00
2026-01-02,USD_2,0.027067040879831628,absolute,SYNTHETIC: seeded teaching dataset; not observed market data,2026-09-01T00:00:00+00:00
2026-01-05,USD_2,0.027983195186356745,absolute,SYNTHETIC: seeded teaching dataset; not observed market data,2026-09-01T00:00:00+00:00
2026-01-06,USD_2,0.027711688025949366,absolute,SYNTHETIC: seeded teaching dataset; not observed market data,2026-09-01T00:00:00+00:00
2026-01-07,USD_2,0.02779582571947331,absolute,SYNTHETIC: seeded teaching dataset; not observed market data,2026-09-01T00:00:00+00:00
2026-01-08,USD_2,0.0283043472495811,absolute,SYNTHETIC: seeded teaching dataset; not observed market data,2026-09-01T00:00:00+00:00
2026-01-09,USD_2,0.028509078543716884,absolute,SYNTHETIC: seeded teaching dataset; not observed market data,2026-09-01T00:00:00+00:00
2026-01-12,USD_2,0.029437786956658704,absolute,SYNTHETIC: seeded teaching dataset; not observed market data,2026-09-01T00:00:00+00:00
2026-01-13,USD_2,0.029807436243687674,absolute,SYNTHETIC: seeded teaching dataset; not observed market data,2026-09-01T00:00:00+00:00
2026-01-14,USD_2,0.029581817454335524,absolute,SYNTHETIC: seeded teaching dataset; not observed market data,2026-09-01T00:00:00+00:00
2026-01-15,USD_2,0.030447564980702113,absolute,SYNTHETIC: seeded teaching dataset; not observed market data,2026-09-01T00:00:00+00:00
2026-01-16,USD_2,0.030529436144566484,absolute,SYNTHETIC: seeded teaching dataset; not observed market data,2026-09-01T00:00:00+00:00
2026-01-19,USD_2,0.030518238279758025,absolute,SYNTHETIC: seeded teaching dataset; not observed market data,2026-09-01T00:00:00+00:00
2026-01-20,USD_2,0.030598574924537582,absolute,SYNTHETIC: seeded teaching dataset; not observed market data,2026-09-01T00:00:00+00:00
2026-01-21,USD_2,0.03132990060426819,absolute,SYNTHETIC: seeded teaching dataset; not observed market data,2026-09-01T00:00:00+00:00
2026-01-22,USD_2,0.030832657374944457,absolute,SYNTHETIC: seeded teaching dataset; not observed market data,2026-09-01T00:00:00+00:00
2026-01-23,USD_2,0.03127644138588889,absolute,SYNTHETIC: seeded teaching dataset; not observed market data,2026-09-01T00:00:00+00:00
2026-01-26,USD_2,0.031109246653015073,absolute,SYNTHETIC: seeded teaching dataset; not observed market data,2026-09-01T00:00:00+00:00
2026-01-27,USD_2,0.030598148913539715,absolute,SYNTHETIC: seeded teaching dataset; not observed market data,2026-09-01T00:00:00+00:00
2026-01-28,USD_2,0.0307834494279089,absolute,SYNTHETIC: seeded teaching dataset; not observed market data,2026-09-01T00:00:00+00:00
2026-01-29,USD_2,0.030708787491848293,absolute,SYNTHETIC: seeded teaching dataset; not observed market data,2026-09-01T00:00:00+00:00
2026-01-30,USD_2,0.03129127063667136,absolute,SYNTHETIC: seeded teaching dataset; not observed market data,2026-09-01T00:00:00+00:00
2026-02-02,USD_2,0.031781581727980956,absolute,SYNTHETIC: seeded teaching dataset; not observed market data,2026-09-01T00:00:00+00:00
2026-02-03,USD_2,0.030913885369394767,absolute,SYNTHETIC: seeded teaching dataset; not observed market data,2026-09-01T00:00:00+00:00
2026-02-04,USD_2,0.030402048308956965,absolute,SYNTHETIC: seeded teaching dataset; not observed market data,2026-09-01T00:00:00+00:00
2026-02-05,USD_2,0.03019718865419621,absolute,SYNTHETIC: seeded teaching dataset; not observed market data,2026-09-01T00:00:00+00:00
2026-02-06,USD_2,0.030332526811809903,absolute,SYNTHETIC: seeded teaching dataset; not observed market data,2026-09-01T00:00:00+00:00
2026-02-09,USD_2,0.03034091776815697,absolute,SYNTHETIC: seeded teaching dataset; not observed market data,2026-09-01T00:00:00+00:00
2026-02-10,USD_2,0.03011847746014369,absolute,SYNTHETIC: seeded teaching dataset; not observed market data,2026-09-01T00:00:00+00:00
2026-02-11,USD_2,0.02980909929294711,absolute,SYNTHETIC: seeded teaching dataset; not observed market data,2026-09-01T00:00:00+00:00
2026-02-12,USD_2,0.030601681477052646,absolute,SYNTHETIC: seeded teaching dataset; not observed market data,2026-09-01T00:00:00+00:00
2026-02-13,USD_2,0.03107414991444457,absolute,SYNTHETIC: seeded teaching dataset; not observed market data,2026-09-01T00:00:00+00:00
2026-02-16,USD_2,0.03150519721556423,absolute,SYNTHETIC: seeded teaching dataset; not observed market data,2026-09-01T00:00:00+00:00
2026-02-17,USD_2,0.03148395111125018,absolute,SYNTHETIC: seeded teaching dataset; not observed market data,2026-09-01T00:00:00+00:00
2026-02-18,USD_2,0.03099492018720773,absolute,SYNTHETIC: seeded teaching dataset; not observed market data,2026-09-01T00:00:00+00:00
2026-02-19,USD_2,0.03024509735083735,absolute,SYNTHETIC: seeded teaching dataset; not observed market data,2026-09-01T00:00:00+00:00
2026-02-20,USD_2,0.030473292283981213,absolute,SYNTHETIC: seeded teaching dataset; not observed market data,2026-09-01T00:00:00+00:00
2026-02-23,USD_2,0.030255143412848344,absolute,SYNTHETIC: seeded teaching dataset; not observed market data,2026-09-01T00:00:00+00:00
2026-02-24,USD_2,0.03120201929191358,absolute,SYNTHETIC: seeded teaching dataset; not observed market data,2026-09-01T00:00:00+00:00
2026-02-25,USD_2,0.030293881732179707,absolute,SYNTHETIC: seeded teaching dataset; not observed market data,2026-09-01T00:00:00+00:00
2026-02-26,USD_2,0.030736625251277593,absolute,SYNTHETIC: seeded teaching dataset; not observed market data,2026-09-01T00:00:00+00:00
2026-02-27,USD_2,0.030016365406545613,absolute,SYNTHETIC: seeded teaching dataset; not observed market data,2026-09-01T00:00:00+00:00
2026-03-02,USD_2,0.030598313542337323,absolute,SYNTHETIC: seeded teaching dataset; not observed market data,2026-09-01T00:00:00+00:00
2026-03-03,USD_2,0.031226690490250536,absolute,SYNTHETIC: seeded teaching dataset; not observed market data,2026-09-01T00:00:00+00:00
2026-03-04,USD_2,0.030970874230314582,absolute,SYNTHETIC: seeded teaching dataset; not observed market data,2026-09-01T00:00:00+00:00
2026-03-05,USD_2,0.031568852527544385,absolute,SYNTHETIC: seeded teaching dataset; not observed market data,2026-09-01T00:00:00+00:00
2026-03-06,USD_2,0.03144895414197125,absolute,SYNTHETIC: seeded teaching dataset; not observed market data,2026-09-01T00:00:00+00:00
2026-03-09,USD_2,0.03167152648688303,absolute,SYNTHETIC: seeded teaching dataset; not observed market data,2026-09-01T00:00:00+00:00
2026-03-10,USD_2,0.03243090422457678,absolute,SYNTHETIC: seeded teaching dataset; not observed market data,2026-09-01T00:00:00+00:00
2026-03-11,USD_2,0.03319954569160239,absolute,SYNTHETIC: seeded teaching dataset; not observed market data,2026-09-01T00:00:00+00:00
2026-03-12,USD_2,0.03290680521346806,absolute,SYNTHETIC: seeded teaching dataset; not observed market data,2026-09-01T00:00:00+00:00
2026-03-13,USD_2,0.03310739430100495,absolute,SYNTHETIC: seeded teaching dataset; not observed market data,2026-09-01T00:00:00+00:00
2026-03-16,USD_2,0.03341817990714359,absolute,SYNTHETIC: seeded teaching dataset; not observed market data,2026-09-01T00:00:00+00:00
2026-03-17,USD_2,0.033323758083752014,absolute,SYNTHETIC: seeded teaching dataset; not observed market data,2026-09-01T00:00:00+00:00
2026-03-18,USD_2,0.03261227960806314,absolute,SYNTHETIC: seeded teaching dataset; not observed market data,2026-09-01T00:00:00+00:00
2026-03-19,USD_2,0.0328283940252368,absolute,SYNTHETIC: seeded teaching dataset; not observed market data,2026-09-01T00:00:00+00:00
2026-03-20,USD_2,0.03331725153273122,absolute,SYNTHETIC: seeded teaching dataset; not observed market data,2026-09-01T00:00:00+00:00
2026-03-23,USD_2,0.03414173967018589,absolute,SYNTHETIC: seeded teaching dataset; not observed market data,2026-09-01T00:00:00+00:00
2026-03-24,USD_2,0.03475470151150766,absolute,SYNTHETIC: seeded teaching dataset; not observed market data,2026-09-01T00:00:00+00:00
2026-03-25,USD_2,0.034818526492453664,absolute,SYNTHETIC: seeded teaching dataset; not observed market data,2026-09-01T00:00:00+00:00
2026-03-26,USD_2,0.03463855484308672,absolute,SYNTHETIC: seeded teaching dataset; not observed market data,2026-09-01T00:00:00+00:00
2026-03-27,USD_2,0.0345482779475759,absolute,SYNTHETIC: seeded teaching dataset; not observed market data,2026-09-01T00:00:00+00:00
2026-03-30,USD_2,0.034658132348509084,absolute,SYNTHETIC: seeded teaching dataset; not observed market data,2026-09-01T00:00:00+00:00
2026-03-31,USD_2,0.03476076043945857,absolute,SYNTHETIC: seeded teaching dataset; not observed market data,2026-09-01T00:00:00+00:00
2026-04-01,USD_2,0.033749819921108856,absolute,SYNTHETIC: seeded teaching dataset; not observed market data,2026-09-01T00:00:00+00:00
2026-04-02,USD_2,0.03309116479852081,absolute,SYNTHETIC: seeded teaching dataset; not observed market data,2026-09-01T00:00:00+00:00
2026-04-03,USD_2,0.03308496409273856,absolute,SYNTHETIC: seeded teaching dataset; not observed market data,2026-09-01T00:00:00+00:00
2026-04-06,USD_2,0.03326737809625094,absolute,SYNTHETIC: seeded teaching dataset; not observed market data,2026-09-01T00:00:00+00:00
2026-04-07,USD_2,0.03207153271088246,absolute,SYNTHETIC: seeded teaching dataset; not observed market data,2026-09-01T00:00:00+00:00
2026-04-08,USD_2,0.03213359383438236,absolute,SYNTHETIC: seeded teaching dataset; not observed market data,2026-09-01T00:00:00+00:00
2026-04-09,USD_2,0.03234053486145042,absolute,SYNTHETIC: seeded teaching dataset; not observed market data,2026-09-01T00:00:00+00:00
2026-04-10,USD_2,0.032642331395764494,absolute,SYNTHETIC: seeded teaching dataset; not observed market data,2026-09-01T00:00:00+00:00
2026-04-13,USD_2,0.03221867276673337,absolute,SYNTHETIC: seeded teaching dataset; not observed market data,2026-09-01T00:00:00+00:00
2026-04-14,USD_2,0.03205076975329543,absolute,SYNTHETIC: seeded teaching dataset; not observed market data,2026-09-01T00:00:00+00:00
2026-04-15,USD_2,0.03213410504214652,absolute,SYNTHETIC: seeded teaching dataset; not observed market data,2026-09-01T00:00:00+00:00
2026-04-16,USD_2,0.032058942979077486,absolute,SYNTHETIC: seeded teaching dataset; not observed market data,2026-09-01T00:00:00+00:00
2026-04-17,USD_2,0.03315952538876147,absolute,SYNTHETIC: seeded teaching dataset; not observed market data,2026-09-01T00:00:00+00:00
2026-04-20,USD_2,0.03321941886057422,absolute,SYNTHETIC: seeded teaching dataset; not observed market data,2026-09-01T00:00:00+00:00
2026-04-21,USD_2,0.032762797480063985,absolute,SYNTHETIC: seeded teaching dataset; not observed market data,2026-09-01T00:00:00+00:00
2026-04-22,USD_2,0.033282398302301466,absolute,SYNTHETIC: seeded teaching dataset; not observed market data,2026-09-01T00:00:00+00:00
2026-04-23,USD_2,0.03337891716446418,absolute,SYNTHETIC: seeded teaching dataset; not observed market data,2026-09-01T00:00:00+00:00
2026-04-24,USD_2,0.032726256390087846,absolute,SYNTHETIC: seeded teaching dataset; not observed market data,2026-09-01T00:00:00+00:00
2026-04-27,USD_2,0.03317682798076704,absolute,SYNTHETIC: seeded teaching dataset; not observed market data,2026-09-01T00:00:00+00:00
2026-04-28,USD_2,0.0327566410881533,absolute,SYNTHETIC: seeded teaching dataset; not observed market data,2026-09-01T00:00:00+00:00
2026-04-29,USD_2,0.03278025848462591,absolute,SYNTHETIC: seeded teaching dataset; not observed market data,2026-09-01T00:00:00+00:00
2026-04-30,USD_2,0.032697931408655914,absolute,SYNTHETIC: seeded teaching dataset; not observed market data,2026-09-01T00:00:00+00:00
2026-05-01,USD_2,0.03253070832691,absolute,SYNTHETIC: seeded teaching dataset; not observed market data,2026-09-01T00:00:00+00:00
2026-05-04,USD_2,0.03183729312507851,absolute,SYNTHETIC: seeded teaching dataset; not observed market data,2026-09-01T00:00:00+00:00
2026-05-05,USD_2,0.03184870604549417,absolute,SYNTHETIC: seeded teaching dataset; not observed market data,2026-09-01T00:00:00+00:00
2026-05-06,USD_2,0.03143344828974445,absolute,SYNTHETIC: seeded teaching dataset; not observed market data,2026-09-01T00:00:00+00:00
2026-05-07,USD_2,0.030768976516014478,absolute,SYNTHETIC: seeded teaching dataset; not observed market data,2026-09-01T00:00:00+00:00
2026-05-08,USD_2,0.030792123210437332,absolute,SYNTHETIC: seeded teaching dataset; not observed market data,2026-09-01T00:00:00+00:00
2026-05-11,USD_2,0.030744707161192007,absolute,SYNTHETIC: seeded teaching dataset; not observed market data,2026-09-01T00:00:00+00:00
2026-05-12,USD_2,0.03171799012963763,absolute,SYNTHETIC: seeded teaching dataset; not observed market data,2026-09-01T00:00:00+00:00
2026-05-13,USD_2,0.030943003467904184,absolute,SYNTHETIC: seeded teaching dataset; not observed market data,2026-09-01T00:00:00+00:00
2026-05-14,USD_2,0.031023609138258912,absolute,SYNTHETIC: seeded teaching dataset; not observed market data,2026-09-01T00:00:00+00:00
2026-05-15,USD_2,0.0309901624417383,absolute,SYNTHETIC: seeded teaching dataset; not observed market data,2026-09-01T00:00:00+00:00
2026-05-18,USD_2,0.030510577213529802,absolute,SYNTHETIC: seeded teaching dataset; not observed market data,2026-09-01T00:00:00+00:00
2026-05-19,USD_2,0.03101880716599261,absolute,SYNTHETIC: seeded teaching dataset; not observed market data,2026-09-01T00:00:00+00:00
2026-05-20,USD_2,0.03145808941444424,absolute,SYNTHETIC: seeded teaching dataset; not observed market data,2026-09-01T00:00:00+00:00
2026-05-21,USD_2,0.031205258888067473,absolute,SYNTHETIC: seeded teaching dataset; not observed market data,2026-09-01T00:00:00+00:00
2026-05-22,USD_2,0.03138193185134155,absolute,SYNTHETIC: seeded teaching dataset; not observed market data,2026-09-01T00:00:00+00:00
2026-05-25,USD_2,0.03204926584338585,absolute,SYNTHETIC: seeded teaching dataset; not observed market data,2026-09-01T00:00:00+00:00
2026-05-26,USD_2,0.03281958956251519,absolute,SYNTHETIC: seeded teaching dataset; not observed market data,2026-09-01T00:00:00+00:00
2026-05-27,USD_2,0.03258609670487771,absolute,SYNTHETIC: seeded teaching dataset; not observed market data,2026-09-01T00:00:00+00:00
2026-05-28,USD_2,0.03332842200457817,absolute,SYNTHETIC: seeded teaching dataset; not observed market data,2026-09-01T00:00:00+00:00
2026-05-29,USD_2,0.03375743554460102,absolute,SYNTHETIC: seeded teaching dataset; not observed market data,2026-09-01T00:00:00+00:00
2026-06-01,USD_2,0.03370817725073346,absolute,SYNTHETIC: seeded teaching dataset; not observed market data,2026-09-01T00:00:00+00:00
2026-06-02,USD_2,0.03278705286342525,absolute,SYNTHETIC: seeded teaching dataset; not observed market data,2026-09-01T00:00:00+00:00
2026-06-03,USD_2,0.03302020459024501,absolute,SYNTHETIC: seeded teaching dataset; not observed market data,2026-09-01T00:00:00+00:00
2026-06-04,USD_2,0.03366629564487156,absolute,SYNTHETIC: seeded teaching dataset; not observed market data,2026-09-01T00:00:00+00:00
2026-06-05,USD_2,0.034253011749014774,absolute,SYNTHETIC: seeded teaching dataset; not observed market data,2026-09-01T00:00:00+00:00
2026-06-08,USD_2,0.03422521564168066,absolute,SYNTHETIC: seeded teaching dataset; not observed market data,2026-09-01T00:00:00+00:00
2026-06-09,USD_2,0.0344171395912821,absolute,SYNTHETIC: seeded teaching dataset; not observed market data,2026-09-01T00:00:00+00:00
2026-06-10,USD_2,0.034216786653390105,absolute,SYNTHETIC: seeded teaching dataset; not observed market data,2026-09-01T00:00:00+00:00
2026-06-11,USD_2,0.03361962068738087,absolute,SYNTHETIC: seeded teaching dataset; not observed market data,2026-09-01T00:00:00+00:00
2026-06-12,USD_2,0.03377791393714632,absolute,SYNTHETIC: seeded teaching dataset; not observed market data,2026-09-01T00:00:00+00:00
2026-06-15,USD_2,0.0339074239353195,absolute,SYNTHETIC: seeded teaching dataset; not observed market data,2026-09-01T00:00:00+00:00
2026-06-16,USD_2,0.0339059048371383,absolute,SYNTHETIC: seeded teaching dataset; not observed market data,2026-09-01T00:00:00+00:00
2026-06-17,USD_2,0.03321317269931883,absolute,SYNTHETIC: seeded teaching dataset; not observed market data,2026-09-01T00:00:00+00:00
2026-06-18,USD_2,0.03279231767297141,absolute,SYNTHETIC: seeded teaching dataset; not observed market data,2026-09-01T00:00:00+00:00
2026-06-19,USD_2,0.03338840530798641,absolute,SYNTHETIC: seeded teaching dataset; not observed market data,2026-09-01T00:00:00+00:00
2026-06-22,USD_2,0.03438611194147372,absolute,SYNTHETIC: seeded teaching dataset; not observed market data,2026-09-01T00:00:00+00:00
2026-06-23,USD_2,0.03408447743321074,absolute,SYNTHETIC: seeded teaching dataset; not observed market data,2026-09-01T00:00:00+00:00
2026-06-24,USD_2,0.034411874320574944,absolute,SYNTHETIC: seeded teaching dataset; not observed market data,2026-09-01T00:00:00+00:00
2026-06-25,USD_2,0.03434852951214757,absolute,SYNTHETIC: seeded teaching dataset; not observed market data,2026-09-01T00:00:00+00:00
2026-06-26,USD_2,0.034482641586783686,absolute,SYNTHETIC: seeded teaching dataset; not observed market data,2026-09-01T00:00:00+00:00
2026-06-29,USD_2,0.033987097906991406,absolute,SYNTHETIC: seeded teaching dataset; not observed market data,2026-09-01T00:00:00+00:00
2026-06-30,USD_2,0.033997768500424116,absolute,SYNTHETIC: seeded teaching dataset; not observed market data,2026-09-01T00:00:00+00:00
2026-07-01,USD_2,0.03461223366192453,absolute,SYNTHETIC: seeded teaching dataset; not observed market data,2026-09-01T00:00:00+00:00
2026-07-02,USD_2,0.034123613725481367,absolute,SYNTHETIC: seeded teaching dataset; not observed market data,2026-09-01T00:00:00+00:00
2026-07-03,USD_2,0.03425507096037289,absolute,SYNTHETIC: seeded teaching dataset; not observed market data,2026-09-01T00:00:00+00:00
2026-07-06,USD_2,0.03490874062702207,absolute,SYNTHETIC: seeded teaching dataset; not observed market data,2026-09-01T00:00:00+00:00
2026-07-07,USD_2,0.034785071700415414,absolute,SYNTHETIC: seeded teaching dataset; not observed market data,2026-09-01T00:00:00+00:00
2026-07-08,USD_2,0.034665663337383634,absolute,SYNTHETIC: seeded teaching dataset; not observed market data,2026-09-01T00:00:00+00:00
2026-07-09,USD_2,0.03463334846881147,absolute,SYNTHETIC: seeded teaching dataset; not observed market data,2026-09-01T00:00:00+00:00
2026-07-10,USD_2,0.03564637799337161,absolute,SYNTHETIC: seeded teaching dataset; not observed market data,2026-09-01T00:00:00+00:00
2026-07-13,USD_2,0.035967325505560636,absolute,SYNTHETIC: seeded teaching dataset; not observed market data,2026-09-01T00:00:00+00:00
2026-07-14,USD_2,0.035905526161662225,absolute,SYNTHETIC: seeded teaching dataset; not observed market data,2026-09-01T00:00:00+00:00
2026-07-15,USD_2,0.035841002020161994,absolute,SYNTHETIC: seeded teaching dataset; not observed market data,2026-09-01T00:00:00+00:00
2026-07-16,USD_2,0.0357516488893652,absolute,SYNTHETIC: seeded teaching dataset; not observed market data,2026-09-01T00:00:00+00:00
2026-07-17,USD_2,0.03630638651118493,absolute,SYNTHETIC: seeded teaching dataset; not observed market data,2026-09-01T00:00:00+00:00
2026-07-20,USD_2,0.03662823420014765,absolute,SYNTHETIC: seeded teaching dataset; not observed market data,2026-09-01T00:00:00+00:00
2026-07-21,USD_2,0.036889550728764785,absolute,SYNTHETIC: seeded teaching dataset; not observed market data,2026-09-01T00:00:00+00:00
2026-07-22,USD_2,0.03676789479666064,absolute,SYNTHETIC: seeded teaching dataset; not observed market data,2026-09-01T00:00:00+00:00
2026-07-23,USD_2,0.03681228824997721,absolute,SYNTHETIC: seeded teaching dataset; not observed market data,2026-09-01T00:00:00+00:00
2026-07-24,USD_2,0.037094206468799434,absolute,SYNTHETIC: seeded teaching dataset; not observed market data,2026-09-01T00:00:00+00:00
2026-07-27,USD_2,0.037990967175945786,absolute,SYNTHETIC: seeded teaching dataset; not observed market data,2026-09-01T00:00:00+00:00
2026-07-28,USD_2,0.03843186627496468,absolute,SYNTHETIC: seeded teaching dataset; not observed market data,2026-09-01T00:00:00+00:00
2026-07-29,USD_2,0.03855250984345004,absolute,SYNTHETIC: seeded teaching dataset; not observed market data,2026-09-01T00:00:00+00:00
2026-07-30,USD_2,0.037743334528953856,absolute,SYNTHETIC: seeded teaching dataset; not observed market data,2026-09-01T00:00:00+00:00
2026-07-31,USD_2,0.03807197937382449,absolute,SYNTHETIC: seeded teaching dataset; not observed market data,2026-09-01T00:00:00+00:00
2026-08-03,USD_2,0.0374020104581358,absolute,SYNTHETIC: seeded teaching dataset; not observed market data,2026-09-01T00:00:00+00:00
2026-08-04,USD_2,0.0372103896948699,absolute,SYNTHETIC: seeded teaching dataset; not observed market data,2026-09-01T00:00:00+00:00
2026-08-05,USD_2,0.03620052015169623,absolute,SYNTHETIC: seeded teaching dataset; not observed market data,2026-09-01T00:00:00+00:00
2026-08-06,USD_2,0.03534170726091627,absolute,SYNTHETIC: seeded teaching dataset; not observed market data,2026-09-01T00:00:00+00:00
2026-08-07,USD_2,0.03482254756839497,absolute,SYNTHETIC: seeded teaching dataset; not observed market data,2026-09-01T00:00:00+00:00
2026-08-10,USD_2,0.0341142867440364,absolute,SYNTHETIC: seeded teaching dataset; not observed market data,2026-09-01T00:00:00+00:00
2026-08-11,USD_2,0.034365359872339345,absolute,SYNTHETIC: seeded teaching dataset; not observed market data,2026-09-01T00:00:00+00:00
2026-08-12,USD_2,0.03403744725260202,absolute,SYNTHETIC: seeded teaching dataset; not observed market data,2026-09-01T00:00:00+00:00
2026-08-13,USD_2,0.034211320054383154,absolute,SYNTHETIC: seeded teaching dataset; not observed market data,2026-09-01T00:00:00+00:00
2026-08-14,USD_2,0.034666693897211456,absolute,SYNTHETIC: seeded teaching dataset; not observed market data,2026-09-01T00:00:00+00:00
2026-08-17,USD_2,0.03436243929574739,absolute,SYNTHETIC: seeded teaching dataset; not observed market data,2026-09-01T00:00:00+00:00
2026-08-18,USD_2,0.0344134908782277,absolute,SYNTHETIC: seeded teaching dataset; not observed market data,2026-09-01T00:00:00+00:00
2026-08-19,USD_2,0.03447929954283166,absolute,SYNTHETIC: seeded teaching dataset; not observed market data,2026-09-01T00:00:00+00:00
2026-08-20,USD_2,0.033950820927991086,absolute,SYNTHETIC: seeded teaching dataset; not observed market data,2026-09-01T00:00:00+00:00
2026-08-21,USD_2,0.03364758757929513,absolute,SYNTHETIC: seeded teaching dataset; not observed market data,2026-09-01T00:00:00+00:00
2026-08-24,USD_2,0.03326124855790797,absolute,SYNTHETIC: seeded teaching dataset; not observed market data,2026-09-01T00:00:00+00:00
2026-08-25,USD_2,0.032708889403131526,absolute,SYNTHETIC: seeded teaching dataset; not observed market data,2026-09-01T00:00:00+00:00
2026-08-26,USD_2,0.03184725780607224,absolute,SYNTHETIC: seeded teaching dataset; not observed market data,2026-09-01T00:00:00+00:00
2026-08-27,USD_2,0.031723246309946974,absolute,SYNTHETIC: seeded teaching dataset; not observed market data,2026-09-01T00:00:00+00:00
2026-08-28,USD_2,0.03082927427151292,absolute,SYNTHETIC: seeded teaching dataset; not observed market data,2026-09-01T00:00:00+00:00
2026-08-31,USD_2,0.030600000000000002,absolute,SYNTHETIC: seeded teaching dataset; not observed market data,2026-09-01T00:00:00+00:00
2025-01-02,USD_5,0.03402595098997815,absolute,SYNTHETIC: seeded teaching dataset; not observed market data,2026-09-01T00:00:00+00:00
2025-01-03,USD_5,0.033865344632456204,absolute,SYNTHETIC: seeded teaching dataset; not observed market data,2026-09-01T00:00:00+00:00
2025-01-06,USD_5,0.03371352915583552,absolute,SYNTHETIC: seeded teaching dataset; not observed market data,2026-09-01T00:00:00+00:00
2025-01-07,USD_5,0.03389945756182108,absolute,SYNTHETIC: seeded teaching dataset; not observed market data,2026-09-01T00:00:00+00:00
2025-01-08,USD_5,0.03354942275046824,absolute,SYNTHETIC: seeded teaching dataset; not observed market data,2026-09-01T00:00:00+00:00
2025-01-09,USD_5,0.033083211954069866,absolute,SYNTHETIC: seeded teaching dataset; not observed market data,2026-09-01T00:00:00+00:00
2025-01-10,USD_5,0.033040560878544276,absolute,SYNTHETIC: seeded teaching dataset; not observed market data,2026-09-01T00:00:00+00:00
2025-01-13,USD_5,0.032176261456176004,absolute,SYNTHETIC: seeded teaching dataset; not observed market data,2026-09-01T00:00:00+00:00
2025-01-14,USD_5,0.031237145788795655,absolute,SYNTHETIC: seeded teaching dataset; not observed market data,2026-09-01T00:00:00+00:00
2025-01-15,USD_5,0.030074463103260285,absolute,SYNTHETIC: seeded teaching dataset; not observed market data,2026-09-01T00:00:00+00:00
2025-01-16,USD_5,0.03076748547233593,absolute,SYNTHETIC: seeded teaching dataset; not observed market data,2026-09-01T00:00:00+00:00
2025-01-17,USD_5,0.030822111303411795,absolute,SYNTHETIC: seeded teaching dataset; not observed market data,2026-09-01T00:00:00+00:00
2025-01-20,USD_5,0.0309126487584208,absolute,SYNTHETIC: seeded teaching dataset; not observed market data,2026-09-01T00:00:00+00:00
2025-01-21,USD_5,0.02965584478884123,absolute,SYNTHETIC: seeded teaching dataset; not observed market data,2026-09-01T00:00:00+00:00
2025-01-22,USD_5,0.03010026811093931,absolute,SYNTHETIC: seeded teaching dataset; not observed market data,2026-09-01T00:00:00+00:00
2025-01-23,USD_5,0.0291212017125789,absolute,SYNTHETIC: seeded teaching dataset; not observed market data,2026-09-01T00:00:00+00:00
2025-01-24,USD_5,0.028561195340655036,absolute,SYNTHETIC: seeded teaching dataset; not observed market data,2026-09-01T00:00:00+00:00
2025-01-27,USD_5,0.028330386348264583,absolute,SYNTHETIC: seeded teaching dataset; not observed market data,2026-09-01T00:00:00+00:00
2025-01-28,USD_5,0.028763817727976718,absolute,SYNTHETIC: seeded teaching dataset; not observed market data,2026-09-01T00:00:00+00:00
2025-01-29,USD_5,0.0281270980394799,absolute,SYNTHETIC: seeded teaching dataset; not observed market data,2026-09-01T00:00:00+00:00
2025-01-30,USD_5,0.027840215122862805,absolute,SYNTHETIC: seeded teaching dataset; not observed market data,2026-09-01T00:00:00+00:00
2025-01-31,USD_5,0.028227556423654536,absolute,SYNTHETIC: seeded teaching dataset; not observed market data,2026-09-01T00:00:00+00:00
2025-02-03,USD_5,0.028139835158664472,absolute,SYNTHETIC: seeded teaching dataset; not observed market data,2026-09-01T00:00:00+00:00
2025-02-04,USD_5,0.028820222474204342,absolute,SYNTHETIC: seeded teaching dataset; not observed market data,2026-09-01T00:00:00+00:00
2025-02-05,USD_5,0.028212841466202808,absolute,SYNTHETIC: seeded teaching dataset; not observed market data,2026-09-01T00:00:00+00:00
2025-02-06,USD_5,0.02843306183065818,absolute,SYNTHETIC: seeded teaching dataset; not observed market data,2026-09-01T00:00:00+00:00
2025-02-07,USD_5,0.029381841411044326,absolute,SYNTHETIC: seeded teaching dataset; not observed market data,2026-09-01T00:00:00+00:00
2025-02-10,USD_5,0.029466143205808867,absolute,SYNTHETIC: seeded teaching dataset; not observed market data,2026-09-01T00:00:00+00:00
2025-02-11,USD_5,0.03001768028099133,absolute,SYNTHETIC: seeded teaching dataset; not observed market data,2026-09-01T00:00:00+00:00
2025-02-12,USD_5,0.030236088093388704,absolute,SYNTHETIC: seeded teaching dataset; not observed market data,2026-09-01T00:00:00+00:00
2025-02-13,USD_5,0.03058490201240044,absolute,SYNTHETIC: seeded teaching dataset; not observed market data,2026-09-01T00:00:00+00:00
2025-02-14,USD_5,0.029807446704526154,absolute,SYNTHETIC: seeded teaching dataset; not observed market data,2026-09-01T00:00:00+00:00
2025-02-17,USD_5,0.030859350524773514,absolute,SYNTHETIC: seeded teaching dataset; not observed market data,2026-09-01T00:00:00+00:00
2025-02-18,USD_5,0.031071396790069417,absolute,SYNTHETIC: seeded teaching dataset; not observed market data,2026-09-01T00:00:00+00:00
2025-02-19,USD_5,0.03157307324405738,absolute,SYNTHETIC: seeded teaching dataset; not observed market data,2026-09-01T00:00:00+00:00
2025-02-20,USD_5,0.03186949223216155,absolute,SYNTHETIC: seeded teaching dataset; not observed market data,2026-09-01T00:00:00+00:00
2025-02-21,USD_5,0.031288708465021714,absolute,SYNTHETIC: seeded teaching dataset; not observed market data,2026-09-01T00:00:00+00:00
2025-02-24,USD_5,0.03128758867890882,absolute,SYNTHETIC: seeded teaching dataset; not observed market data,2026-09-01T00:00:00+00:00
2025-02-25,USD_5,0.031518906150235344,absolute,SYNTHETIC: seeded teaching dataset; not observed market data,2026-09-01T00:00:00+00:00
2025-02-26,USD_5,0.030933332849014394,absolute,SYNTHETIC: seeded teaching dataset; not observed market data,2026-09-01T00:00:00+00:00
2025-02-27,USD_5,0.030781364314138,absolute,SYNTHETIC: seeded teaching dataset; not observed market data,2026-09-01T00:00:00+00:00
2025-02-28,USD_5,0.030453641702182118,absolute,SYNTHETIC: seeded teaching dataset; not observed market data,2026-09-01T00:00:00+00:00
2025-03-03,USD_5,0.0308995288344862,absolute,SYNTHETIC: seeded teaching dataset; not observed market data,2026-09-01T00:00:00+00:00
2025-03-04,USD_5,0.031037629598638115,absolute,SYNTHETIC: seeded teaching dataset; not observed market data,2026-09-01T00:00:00+00:00
2025-03-05,USD_5,0.031696337713404174,absolute,SYNTHETIC: seeded teaching dataset; not observed market data,2026-09-01T00:00:00+00:00
2025-03-06,USD_5,0.03102361777418533,absolute,SYNTHETIC: seeded teaching dataset; not observed market data,2026-09-01T00:00:00+00:00
2025-03-07,USD_5,0.031005378178273122,absolute,SYNTHETIC: seeded teaching dataset; not observed market data,2026-09-01T00:00:00+00:00
2025-03-10,USD_5,0.031808158687974084,absolute,SYNTHETIC: seeded teaching dataset; not observed market data,2026-09-01T00:00:00+00:00
2025-03-11,USD_5,0.031683113259291,absolute,SYNTHETIC: seeded teaching dataset; not observed market data,2026-09-01T00:00:00+00:00
2025-03-12,USD_5,0.031547670807870715,absolute,SYNTHETIC: seeded teaching dataset; not observed market data,2026-09-01T00:00:00+00:00
2025-03-13,USD_5,0.031134166299432338,absolute,SYNTHETIC: seeded teaching dataset; not observed market data,2026-09-01T00:00:00+00:00
2025-03-14,USD_5,0.03168693141060358,absolute,SYNTHETIC: seeded teaching dataset; not observed market data,2026-09-01T00:00:00+00:00
2025-03-17,USD_5,0.032312207142761576,absolute,SYNTHETIC: seeded teaching dataset; not observed market data,2026-09-01T00:00:00+00:00
2025-03-18,USD_5,0.032204946160538386,absolute,SYNTHETIC: seeded teaching dataset; not observed market data,2026-09-01T00:00:00+00:00
2025-03-19,USD_5,0.032236975847493715,absolute,SYNTHETIC: seeded teaching dataset; not observed market data,2026-09-01T00:00:00+00:00
2025-03-20,USD_5,0.03196543157343408,absolute,SYNTHETIC: seeded teaching dataset; not observed market data,2026-09-01T00:00:00+00:00
2025-03-21,USD_5,0.03210893678121564,absolute,SYNTHETIC: seeded teaching dataset; not observed market data,2026-09-01T00:00:00+00:00
2025-03-24,USD_5,0.031367167171786,absolute,SYNTHETIC: seeded teaching dataset; not observed market data,2026-09-01T00:00:00+00:00
2025-03-25,USD_5,0.0312878100052617,absolute,SYNTHETIC: seeded teaching dataset; not observed market data,2026-09-01T00:00:00+00:00
2025-03-26,USD_5,0.031296555146994,absolute,SYNTHETIC: seeded teaching dataset; not observed market data,2026-09-01T00:00:00+00:00
2025-03-27,USD_5,0.031376280167677004,absolute,SYNTHETIC: seeded teaching dataset; not observed market data,2026-09-01T00:00:00+00:00
2025-03-28,USD_5,0.03180331756777731,absolute,SYNTHETIC: seeded teaching dataset; not observed market data,2026-09-01T00:00:00+00:00
2025-03-31,USD_5,0.031243619158606212,absolute,SYNTHETIC: seeded teaching dataset; not observed market data,2026-09-01T00:00:00+00:00
2025-04-01,USD_5,0.03250165878594807,absolute,SYNTHETIC: seeded teaching dataset; not observed market data,2026-09-01T00:00:00+00:00
2025-04-02,USD_5,0.03222205341849122,absolute,SYNTHETIC: seeded teaching dataset; not observed market data,2026-09-01T00:00:00+00:00
2025-04-03,USD_5,0.032350875765010896,absolute,SYNTHETIC: seeded teaching dataset; not observed market data,2026-09-01T00:00:00+00:00
2025-04-04,USD_5,0.03221501352612324,absolute,SYNTHETIC: seeded teaching dataset; not observed market data,2026-09-01T00:00:00+00:00
2025-04-07,USD_5,0.032056527894902,absolute,SYNTHETIC: seeded teaching dataset; not observed market data,2026-09-01T00:00:00+00:00
2025-04-08,USD_5,0.0321907358354375,absolute,SYNTHETIC: seeded teaching dataset; not observed market data,2026-09-01T00:00:00+00:00
2025-04-09,USD_5,0.03193051204879331,absolute,SYNTHETIC: seeded teaching dataset; not observed market data,2026-09-01T00:00:00+00:00
2025-04-10,USD_5,0.03180608128697063,absolute,SYNTHETIC: seeded teaching dataset; not observed market data,2026-09-01T00:00:00+00:00
2025-04-11,USD_5,0.031158099465664932,absolute,SYNTHETIC: seeded teaching dataset; not observed market data,2026-09-01T00:00:00+00:00
2025-04-14,USD_5,0.031498824646463704,absolute,SYNTHETIC: seeded teaching dataset; not observed market data,2026-09-01T00:00:00+00:00
2025-04-15,USD_5,0.03220067409642346,absolute,SYNTHETIC: seeded teaching dataset; not observed market data,2026-09-01T00:00:00+00:00
2025-04-16,USD_5,0.032382794786039434,absolute,SYNTHETIC: seeded teaching dataset; not observed market data,2026-09-01T00:00:00+00:00
2025-04-17,USD_5,0.0324396160897958,absolute,SYNTHETIC: seeded teaching dataset; not observed market data,2026-09-01T00:00:00+00:00
2025-04-18,USD_5,0.032061486645018566,absolute,SYNTHETIC: seeded teaching dataset; not observed market data,2026-09-01T00:00:00+00:00
2025-04-21,USD_5,0.03269338251880144,absolute,SYNTHETIC: seeded teaching dataset; not observed market data,2026-09-01T00:00:00+00:00
2025-04-22,USD_5,0.03324342869017443,absolute,SYNTHETIC: seeded teaching dataset; not observed market data,2026-09-01T00:00:00+00:00
2025-04-23,USD_5,0.03309008033738413,absolute,SYNTHETIC: seeded teaching dataset; not observed market data,2026-09-01T00:00:00+00:00
2025-04-24,USD_5,0.03290284452363722,absolute,SYNTHETIC: seeded teaching dataset; not observed market data,2026-09-01T00:00:00+00:00
2025-04-25,USD_5,0.03280702588209474,absolute,SYNTHETIC: seeded teaching dataset; not observed market data,2026-09-01T00:00:00+00:00
2025-04-28,USD_5,0.03320877237137693,absolute,SYNTHETIC: seeded teaching dataset; not observed market data,2026-09-01T00:00:00+00:00
2025-04-29,USD_5,0.03328084162863098,absolute,SYNTHETIC: seeded teaching dataset; not observed market data,2026-09-01T00:00:00+00:00
2025-04-30,USD_5,0.03294703306265466,absolute,SYNTHETIC: seeded teaching dataset; not observed market data,2026-09-01T00:00:00+00:00
2025-05-01,USD_5,0.03291869240260606,absolute,SYNTHETIC: seeded teaching dataset; not observed market data,2026-09-01T00:00:00+00:00
2025-05-02,USD_5,0.03257177318580049,absolute,SYNTHETIC: seeded teaching dataset; not observed market data,2026-09-01T00:00:00+00:00
2025-05-05,USD_5,0.03211990728961939,absolute,SYNTHETIC: seeded teaching dataset; not observed market data,2026-09-01T00:00:00+00:00
2025-05-06,USD_5,0.031805045371747234,absolute,SYNTHETIC: seeded teaching dataset; not observed market data,2026-09-01T00:00:00+00:00
2025-05-07,USD_5,0.03162658515439939,absolute,SYNTHETIC: seeded teaching dataset; not observed market data,2026-09-01T00:00:00+00:00
2025-05-08,USD_5,0.031164158126880625,absolute,SYNTHETIC: seeded teaching dataset; not observed market data,2026-09-01T00:00:00+00:00
2025-05-09,USD_5,0.030419817730276966,absolute,SYNTHETIC: seeded teaching dataset; not observed market data,2026-09-01T00:00:00+00:00
2025-05-12,USD_5,0.030315009138002242,absolute,SYNTHETIC: seeded teaching dataset; not observed market data,2026-09-01T00:00:00+00:00
2025-05-13,USD_5,0.030326556200811563,absolute,SYNTHETIC: seeded teaching dataset; not observed market data,2026-09-01T00:00:00+00:00
2025-05-14,USD_5,0.029979898798419946,absolute,SYNTHETIC: seeded teaching dataset; not observed market data,2026-09-01T00:00:00+00:00
2025-05-15,USD_5,0.029811306071841525,absolute,SYNTHETIC: seeded teaching dataset; not observed market data,2026-09-01T00:00:00+00:00
2025-05-16,USD_5,0.02980254124790447,absolute,SYNTHETIC: seeded teaching dataset; not observed market data,2026-09-01T00:00:00+00:00
2025-05-19,USD_5,0.029656438150070786,absolute,SYNTHETIC: seeded teaching dataset; not observed market data,2026-09-01T00:00:00+00:00
2025-05-20,USD_5,0.029950863873434784,absolute,SYNTHETIC: seeded teaching dataset; not observed market data,2026-09-01T00:00:00+00:00
2025-05-21,USD_5,0.030743149324894917,absolute,SYNTHETIC: seeded teaching dataset; not observed market data,2026-09-01T00:00:00+00:00
2025-05-22,USD_5,0.03093625344420265,absolute,SYNTHETIC: seeded teaching dataset; not observed market data,2026-09-01T00:00:00+00:00
2025-05-23,USD_5,0.03157637107564396,absolute,SYNTHETIC: seeded teaching dataset; not observed market data,2026-09-01T00:00:00+00:00
2025-05-26,USD_5,0.03210527862658263,absolute,SYNTHETIC: seeded teaching dataset; not observed market data,2026-09-01T00:00:00+00:00
2025-05-27,USD_5,0.032003355551306865,absolute,SYNTHETIC: seeded teaching dataset; not observed market data,2026-09-01T00:00:00+00:00
2025-05-28,USD_5,0.03157719165907155,absolute,SYNTHETIC: seeded teaching dataset; not observed market data,2026-09-01T00:00:00+00:00
2025-05-29,USD_5,0.030294539941283505,absolute,SYNTHETIC: seeded teaching dataset; not observed market data,2026-09-01T00:00:00+00:00
2025-05-30,USD_5,0.0294179450362262,absolute,SYNTHETIC: seeded teaching dataset; not observed market data,2026-09-01T00:00:00+00:00
2025-06-02,USD_5,0.02825131997928726,absolute,SYNTHETIC: seeded teaching dataset; not observed market data,2026-09-01T00:00:00+00:00
2025-06-03,USD_5,0.0269887946736422,absolute,SYNTHETIC: seeded teaching dataset; not observed market data,2026-09-01T00:00:00+00:00
2025-06-04,USD_5,0.027040274585442,absolute,SYNTHETIC: seeded teaching dataset; not observed market data,2026-09-01T00:00:00+00:00
2025-06-05,USD_5,0.02663999092794017,absolute,SYNTHETIC: seeded teaching dataset; not observed market data,2026-09-01T00:00:00+00:00
2025-06-06,USD_5,0.026387855444580922,absolute,SYNTHETIC: seeded teaching dataset; not observed market data,2026-09-01T00:00:00+00:00
2025-06-09,USD_5,0.026464548236905243,absolute,SYNTHETIC: seeded teaching dataset; not observed market data,2026-09-01T00:00:00+00:00
2025-06-10,USD_5,0.02629241579631688,absolute,SYNTHETIC: seeded teaching dataset; not observed market data,2026-09-01T00:00:00+00:00
2025-06-11,USD_5,0.026187069773100508,absolute,SYNTHETIC: seeded teaching dataset; not observed market data,2026-09-01T00:00:00+00:00
2025-06-12,USD_5,0.02676385604234558,absolute,SYNTHETIC: seeded teaching dataset; not observed market data,2026-09-01T00:00:00+00:00
2025-06-13,USD_5,0.02656193114077411,absolute,SYNTHETIC: seeded teaching dataset; not observed market data,2026-09-01T00:00:00+00:00
2025-06-16,USD_5,0.02668765373339747,absolute,SYNTHETIC: seeded teaching dataset; not observed market data,2026-09-01T00:00:00+00:00
2025-06-17,USD_5,0.02695035703721871,absolute,SYNTHETIC: seeded teaching dataset; not observed market data,2026-09-01T00:00:00+00:00
2025-06-18,USD_5,0.026877051527377686,absolute,SYNTHETIC: seeded teaching dataset; not observed market data,2026-09-01T00:00:00+00:00
2025-06-19,USD_5,0.028641777580737528,absolute,SYNTHETIC: seeded teaching dataset; not observed market data,2026-09-01T00:00:00+00:00
2025-06-20,USD_5,0.028927909758577543,absolute,SYNTHETIC: seeded teaching dataset; not observed market data,2026-09-01T00:00:00+00:00
2025-06-23,USD_5,0.02875015497022742,absolute,SYNTHETIC: seeded teaching dataset; not observed market data,2026-09-01T00:00:00+00:00
2025-06-24,USD_5,0.029429524193919133,absolute,SYNTHETIC: seeded teaching dataset; not observed market data,2026-09-01T00:00:00+00:00
2025-06-25,USD_5,0.029575115055314852,absolute,SYNTHETIC: seeded teaching dataset; not observed market data,2026-09-01T00:00:00+00:00
2025-06-26,USD_5,0.029967355823024008,absolute,SYNTHETIC: seeded teaching dataset; not observed market data,2026-09-01T00:00:00+00:00
2025-06-27,USD_5,0.0303553740581091,absolute,SYNTHETIC: seeded teaching dataset; not observed market data,2026-09-01T00:00:00+00:00
2025-06-30,USD_5,0.030722477556508303,absolute,SYNTHETIC: seeded teaching dataset; not observed market data,2026-09-01T00:00:00+00:00
2025-07-01,USD_5,0.030466630436704938,absolute,SYNTHETIC: seeded teaching dataset; not observed market data,2026-09-01T00:00:00+00:00
2025-07-02,USD_5,0.030970270504791474,absolute,SYNTHETIC: seeded teaching dataset; not observed market data,2026-09-01T00:00:00+00:00
2025-07-03,USD_5,0.030923751394934435,absolute,SYNTHETIC: seeded teaching dataset; not observed market data,2026-09-01T00:00:00+00:00
2025-07-04,USD_5,0.031092895992283185,absolute,SYNTHETIC: seeded teaching dataset; not observed market data,2026-09-01T00:00:00+00:00
2025-07-07,USD_5,0.03120363007537928,absolute,SYNTHETIC: seeded teaching dataset; not observed market data,2026-09-01T00:00:00+00:00
2025-07-08,USD_5,0.03126272625783323,absolute,SYNTHETIC: seeded teaching dataset; not observed market data,2026-09-01T00:00:00+00:00
2025-07-09,USD_5,0.031739860072541995,absolute,SYNTHETIC: seeded teaching dataset; not observed market data,2026-09-01T00:00:00+00:00
2025-07-10,USD_5,0.03144839138122802,absolute,SYNTHETIC: seeded teaching dataset; not observed market data,2026-09-01T00:00:00+00:00
2025-07-11,USD_5,0.03083371609280167,absolute,SYNTHETIC: seeded teaching dataset; not observed market data,2026-09-01T00:00:00+00:00
2025-07-14,USD_5,0.030736130802000217,absolute,SYNTHETIC: seeded teaching dataset; not observed market data,2026-09-01T00:00:00+00:00
2025-07-15,USD_5,0.03070676439122652,absolute,SYNTHETIC: seeded teaching dataset; not observed market data,2026-09-01T00:00:00+00:00
2025-07-16,USD_5,0.03017086311201577,absolute,SYNTHETIC: seeded teaching dataset; not observed market data,2026-09-01T00:00:00+00:00
2025-07-17,USD_5,0.029441612816599787,absolute,SYNTHETIC: seeded teaching dataset; not observed market data,2026-09-01T00:00:00+00:00
2025-07-18,USD_5,0.02929721629042683,absolute,SYNTHETIC: seeded teaching dataset; not observed market data,2026-09-01T00:00:00+00:00
2025-07-21,USD_5,0.02957573277087809,absolute,SYNTHETIC: seeded teaching dataset; not observed market data,2026-09-01T00:00:00+00:00
2025-07-22,USD_5,0.028318169309281462,absolute,SYNTHETIC: seeded teaching dataset; not observed market data,2026-09-01T00:00:00+00:00
2025-07-23,USD_5,0.02762430407409653,absolute,SYNTHETIC: seeded teaching dataset; not observed market data,2026-09-01T00:00:00+00:00
2025-07-24,USD_5,0.027889224616628176,absolute,SYNTHETIC: seeded teaching dataset; not observed market data,2026-09-01T00:00:00+00:00
2025-07-25,USD_5,0.027446340773171762,absolute,SYNTHETIC: seeded teaching dataset; not observed market data,2026-09-01T00:00:00+00:00
2025-07-28,USD_5,0.026932716577983625,absolute,SYNTHETIC: seeded teaching dataset; not observed market data,2026-09-01T00:00:00+00:00
2025-07-29,USD_5,0.02741029405874438,absolute,SYNTHETIC: seeded teaching dataset; not observed market data,2026-09-01T00:00:00+00:00
2025-07-30,USD_5,0.02772324341385373,absolute,SYNTHETIC: seeded teaching dataset; not observed market data,2026-09-01T00:00:00+00:00
2025-07-31,USD_5,0.027487802916636397,absolute,SYNTHETIC: seeded teaching dataset; not observed market data,2026-09-01T00:00:00+00:00
2025-08-01,USD_5,0.027963331780814345,absolute,SYNTHETIC: seeded teaching dataset; not observed market data,2026-09-01T00:00:00+00:00
2025-08-04,USD_5,0.0281048236149364,absolute,SYNTHETIC: seeded teaching dataset; not observed market data,2026-09-01T00:00:00+00:00
2025-08-05,USD_5,0.02760357559662652,absolute,SYNTHETIC: seeded teaching dataset; not observed market data,2026-09-01T00:00:00+00:00
2025-08-06,USD_5,0.027561844709603194,absolute,SYNTHETIC: seeded teaching dataset; not observed market data,2026-09-01T00:00:00+00:00
2025-08-07,USD_5,0.027449847655615207,absolute,SYNTHETIC: seeded teaching dataset; not observed market data,2026-09-01T00:00:00+00:00
2025-08-08,USD_5,0.027497640903045215,absolute,SYNTHETIC: seeded teaching dataset; not observed market data,2026-09-01T00:00:00+00:00
2025-08-11,USD_5,0.028028256301754068,absolute,SYNTHETIC: seeded teaching dataset; not observed market data,2026-09-01T00:00:00+00:00
2025-08-12,USD_5,0.02771337772670178,absolute,SYNTHETIC: seeded teaching dataset; not observed market data,2026-09-01T00:00:00+00:00
2025-08-13,USD_5,0.028249397138394024,absolute,SYNTHETIC: seeded teaching dataset; not observed market data,2026-09-01T00:00:00+00:00
2025-08-14,USD_5,0.028530417784363892,absolute,SYNTHETIC: seeded teaching dataset; not observed market data,2026-09-01T00:00:00+00:00
2025-08-15,USD_5,0.028065569526759218,absolute,SYNTHETIC: seeded teaching dataset; not observed market data,2026-09-01T00:00:00+00:00
2025-08-18,USD_5,0.027770535761039238,absolute,SYNTHETIC: seeded teaching dataset; not observed market data,2026-09-01T00:00:00+00:00
2025-08-19,USD_5,0.028103503528039097,absolute,SYNTHETIC: seeded teaching dataset; not observed market data,2026-09-01T00:00:00+00:00
2025-08-20,USD_5,0.027273282117827657,absolute,SYNTHETIC: seeded teaching dataset; not observed market data,2026-09-01T00:00:00+00:00
2025-08-21,USD_5,0.02694681042449808,absolute,SYNTHETIC: seeded teaching dataset; not observed market data,2026-09-01T00:00:00+00:00
2025-08-22,USD_5,0.027427402688073046,absolute,SYNTHETIC: seeded teaching dataset; not observed market data,2026-09-01T00:00:00+00:00
2025-08-25,USD_5,0.026926777054679447,absolute,SYNTHETIC: seeded teaching dataset; not observed market data,2026-09-01T00:00:00+00:00
2025-08-26,USD_5,0.026816419949559744,absolute,SYNTHETIC: seeded teaching dataset; not observed market data,2026-09-01T00:00:00+00:00
2025-08-27,USD_5,0.026307430075448848,absolute,SYNTHETIC: seeded teaching dataset; not observed market data,2026-09-01T00:00:00+00:00
2025-08-28,USD_5,0.026246210046691275,absolute,SYNTHETIC: seeded teaching dataset; not observed market data,2026-09-01T00:00:00+00:00
2025-08-29,USD_5,0.02581783481802747,absolute,SYNTHETIC: seeded teaching dataset; not observed market data,2026-09-01T00:00:00+00:00
2025-09-01,USD_5,0.026316706521785034,absolute,SYNTHETIC: seeded teaching dataset; not observed market data,2026-09-01T00:00:00+00:00
2025-09-02,USD_5,0.02574769150630809,absolute,SYNTHETIC: seeded teaching dataset; not observed market data,2026-09-01T00:00:00+00:00
2025-09-03,USD_5,0.02642268955738477,absolute,SYNTHETIC: seeded teaching dataset; not observed market data,2026-09-01T00:00:00+00:00
2025-09-04,USD_5,0.02636457202930957,absolute,SYNTHETIC: seeded teaching dataset; not observed market data,2026-09-01T00:00:00+00:00
2025-09-05,USD_5,0.027362346526832233,absolute,SYNTHETIC: seeded teaching dataset; not observed market data,2026-09-01T00:00:00+00:00
2025-09-08,USD_5,0.027699441628410714,absolute,SYNTHETIC: seeded teaching dataset; not observed market data,2026-09-01T00:00:00+00:00
2025-09-09,USD_5,0.02739345034001916,absolute,SYNTHETIC: seeded teaching dataset; not observed market data,2026-09-01T00:00:00+00:00
2025-09-10,USD_5,0.026949361168676807,absolute,SYNTHETIC: seeded teaching dataset; not observed market data,2026-09-01T00:00:00+00:00
2025-09-11,USD_5,0.027594752463508725,absolute,SYNTHETIC: seeded teaching dataset; not observed market data,2026-09-01T00:00:00+00:00
2025-09-12,USD_5,0.026583532470221792,absolute,SYNTHETIC: seeded teaching dataset; not observed market data,2026-09-01T00:00:00+00:00
2025-09-15,USD_5,0.02617984534837485,absolute,SYNTHETIC: seeded teaching dataset; not observed market data,2026-09-01T00:00:00+00:00
2025-09-16,USD_5,0.02633584501580742,absolute,SYNTHETIC: seeded teaching dataset; not observed market data,2026-09-01T00:00:00+00:00
2025-09-17,USD_5,0.02537401819658702,absolute,SYNTHETIC: seeded teaching dataset; not observed market data,2026-09-01T00:00:00+00:00
2025-09-18,USD_5,0.02555575657343891,absolute,SYNTHETIC: seeded teaching dataset; not observed market data,2026-09-01T00:00:00+00:00
2025-09-19,USD_5,0.02506269945330968,absolute,SYNTHETIC: seeded teaching dataset; not observed market data,2026-09-01T00:00:00+00:00
2025-09-22,USD_5,0.024655670838134094,absolute,SYNTHETIC: seeded teaching dataset; not observed market data,2026-09-01T00:00:00+00:00
2025-09-23,USD_5,0.024536359770576936,absolute,SYNTHETIC: seeded teaching dataset; not observed market data,2026-09-01T00:00:00+00:00
2025-09-24,USD_5,0.024340910153290835,absolute,SYNTHETIC: seeded teaching dataset; not observed market data,2026-09-01T00:00:00+00:00
2025-09-25,USD_5,0.024242175214794423,absolute,SYNTHETIC: seeded teaching dataset; not observed market data,2026-09-01T00:00:00+00:00
2025-09-26,USD_5,0.02416696344184237,absolute,SYNTHETIC: seeded teaching dataset; not observed market data,2026-09-01T00:00:00+00:00
2025-09-29,USD_5,0.02441884701658941,absolute,SYNTHETIC: seeded teaching dataset; not observed market data,2026-09-01T00:00:00+00:00
2025-09-30,USD_5,0.02409963769406636,absolute,SYNTHETIC: seeded teaching dataset; not observed market data,2026-09-01T00:00:00+00:00
2025-10-01,USD_5,0.02411519337783928,absolute,SYNTHETIC: seeded teaching dataset; not observed market data,2026-09-01T00:00:00+00:00
2025-10-02,USD_5,0.024952486837974568,absolute,SYNTHETIC: seeded teaching dataset; not observed market data,2026-09-01T00:00:00+00:00
2025-10-03,USD_5,0.02439450415968407,absolute,SYNTHETIC: seeded teaching dataset; not observed market data,2026-09-01T00:00:00+00:00
2025-10-06,USD_5,0.024264840818218825,absolute,SYNTHETIC: seeded teaching dataset; not observed market data,2026-09-01T00:00:00+00:00
2025-10-07,USD_5,0.024852906218752514,absolute,SYNTHETIC: seeded teaching dataset; not observed market data,2026-09-01T00:00:00+00:00
2025-10-08,USD_5,0.024516710366457257,absolute,SYNTHETIC: seeded teaching dataset; not observed market data,2026-09-01T00:00:00+00:00
2025-10-09,USD_5,0.02441461765447822,absolute,SYNTHETIC: seeded teaching dataset; not observed market data,2026-09-01T00:00:00+00:00
2025-10-10,USD_5,0.024848393398678295,absolute,SYNTHETIC: seeded teaching dataset; not observed market data,2026-09-01T00:00:00+00:00
2025-10-13,USD_5,0.02466631547631815,absolute,SYNTHETIC: seeded teaching dataset; not observed market data,2026-09-01T00:00:00+00:00
2025-10-14,USD_5,0.02493413530463566,absolute,SYNTHETIC: seeded teaching dataset; not observed market data,2026-09-01T00:00:00+00:00
2025-10-15,USD_5,0.02533126303604958,absolute,SYNTHETIC: seeded teaching dataset; not observed market data,2026-09-01T00:00:00+00:00
2025-10-16,USD_5,0.02567942037531394,absolute,SYNTHETIC: seeded teaching dataset; not observed market data,2026-09-01T00:00:00+00:00
2025-10-17,USD_5,0.026353560768270938,absolute,SYNTHETIC: seeded teaching dataset; not observed market data,2026-09-01T00:00:00+00:00
2025-10-20,USD_5,0.025750015132796157,absolute,SYNTHETIC: seeded teaching dataset; not observed market data,2026-09-01T00:00:00+00:00
2025-10-21,USD_5,0.026302966352676406,absolute,SYNTHETIC: seeded teaching dataset; not observed market data,2026-09-01T00:00:00+00:00
2025-10-22,USD_5,0.026273491873110205,absolute,SYNTHETIC: seeded teaching dataset; not observed market data,2026-09-01T00:00:00+00:00
2025-10-23,USD_5,0.02629061337157474,absolute,SYNTHETIC: seeded teaching dataset; not observed market data,2026-09-01T00:00:00+00:00
2025-10-24,USD_5,0.026984626017771726,absolute,SYNTHETIC: seeded teaching dataset; not observed market data,2026-09-01T00:00:00+00:00
2025-10-27,USD_5,0.02661761907543203,absolute,SYNTHETIC: seeded teaching dataset; not observed market data,2026-09-01T00:00:00+00:00
2025-10-28,USD_5,0.025937435882589364,absolute,SYNTHETIC: seeded teaching dataset; not observed market data,2026-09-01T00:00:00+00:00
2025-10-29,USD_5,0.02584132020432119,absolute,SYNTHETIC: seeded teaching dataset; not observed market data,2026-09-01T00:00:00+00:00
2025-10-30,USD_5,0.02664837053300221,absolute,SYNTHETIC: seeded teaching dataset; not observed market data,2026-09-01T00:00:00+00:00
2025-10-31,USD_5,0.02693488671550656,absolute,SYNTHETIC: seeded teaching dataset; not observed market data,2026-09-01T00:00:00+00:00
2025-11-03,USD_5,0.027446201685420585,absolute,SYNTHETIC: seeded teaching dataset; not observed market data,2026-09-01T00:00:00+00:00
2025-11-04,USD_5,0.027217121143039095,absolute,SYNTHETIC: seeded teaching dataset; not observed market data,2026-09-01T00:00:00+00:00
2025-11-05,USD_5,0.027110778518556273,absolute,SYNTHETIC: seeded teaching dataset; not observed market data,2026-09-01T00:00:00+00:00
2025-11-06,USD_5,0.02717272149267169,absolute,SYNTHETIC: seeded teaching dataset; not observed market data,2026-09-01T00:00:00+00:00
2025-11-07,USD_5,0.026021287815736475,absolute,SYNTHETIC: seeded teaching dataset; not observed market data,2026-09-01T00:00:00+00:00
2025-11-10,USD_5,0.026250934609355805,absolute,SYNTHETIC: seeded teaching dataset; not observed market data,2026-09-01T00:00:00+00:00
2025-11-11,USD_5,0.02649393395170593,absolute,SYNTHETIC: seeded teaching dataset; not observed market data,2026-09-01T00:00:00+00:00
2025-11-12,USD_5,0.0268246738743134,absolute,SYNTHETIC: seeded teaching dataset; not observed market data,2026-09-01T00:00:00+00:00
2025-11-13,USD_5,0.025975683783887225,absolute,SYNTHETIC: seeded teaching dataset; not observed market data,2026-09-01T00:00:00+00:00
2025-11-14,USD_5,0.02724837539473394,absolute,SYNTHETIC: seeded teaching dataset; not observed market data,2026-09-01T00:00:00+00:00
2025-11-17,USD_5,0.02671253469705459,absolute,SYNTHETIC: seeded teaching dataset; not observed market data,2026-09-01T00:00:00+00:00
2025-11-18,USD_5,0.026712224705991775,absolute,SYNTHETIC: seeded teaching dataset; not observed market data,2026-09-01T00:00:00+00:00
2025-11-19,USD_5,0.02720155676671477,absolute,SYNTHETIC: seeded teaching dataset; not observed market data,2026-09-01T00:00:00+00:00
2025-11-20,USD_5,0.02771008696466111,absolute,SYNTHETIC: seeded teaching dataset; not observed market data,2026-09-01T00:00:00+00:00
2025-11-21,USD_5,0.02679469894701076,absolute,SYNTHETIC: seeded teaching dataset; not observed market data,2026-09-01T00:00:00+00:00
2025-11-24,USD_5,0.026287522684226634,absolute,SYNTHETIC: seeded teaching dataset; not observed market data,2026-09-01T00:00:00+00:00
2025-11-25,USD_5,0.02554782382913651,absolute,SYNTHETIC: seeded teaching dataset; not observed market data,2026-09-01T00:00:00+00:00
2025-11-26,USD_5,0.024818271314135477,absolute,SYNTHETIC: seeded teaching dataset; not observed market data,2026-09-01T00:00:00+00:00
2025-11-27,USD_5,0.025266700280093257,absolute,SYNTHETIC: seeded teaching dataset; not observed market data,2026-09-01T00:00:00+00:00
2025-11-28,USD_5,0.0249684499687308,absolute,SYNTHETIC: seeded teaching dataset; not observed market data,2026-09-01T00:00:00+00:00
2025-12-01,USD_5,0.025009106971625596,absolute,SYNTHETIC: seeded teaching dataset; not observed market data,2026-09-01T00:00:00+00:00
2025-12-02,USD_5,0.024005424750961322,absolute,SYNTHETIC: seeded teaching dataset; not observed market data,2026-09-01T00:00:00+00:00
2025-12-03,USD_5,0.024666867306157546,absolute,SYNTHETIC: seeded teaching dataset; not observed market data,2026-09-01T00:00:00+00:00
2025-12-04,USD_5,0.02394449958603986,absolute,SYNTHETIC: seeded teaching dataset; not observed market data,2026-09-01T00:00:00+00:00
2025-12-05,USD_5,0.023724235729371546,absolute,SYNTHETIC: seeded teaching dataset; not observed market data,2026-09-01T00:00:00+00:00
2025-12-08,USD_5,0.024141992707126886,absolute,SYNTHETIC: seeded teaching dataset; not observed market data,2026-09-01T00:00:00+00:00
2025-12-09,USD_5,0.024655562246098987,absolute,SYNTHETIC: seeded teaching dataset; not observed market data,2026-09-01T00:00:00+00:00
2025-12-10,USD_5,0.025139776334466526,absolute,SYNTHETIC: seeded teaching dataset; not observed market data,2026-09-01T00:00:00+00:00
2025-12-11,USD_5,0.02487471390692223,absolute,SYNTHETIC: seeded teaching dataset; not observed market data,2026-09-01T00:00:00+00:00
2025-12-12,USD_5,0.024706198311148328,absolute,SYNTHETIC: seeded teaching dataset; not observed market data,2026-09-01T00:00:00+00:00
2025-12-15,USD_5,0.02514946888857312,absolute,SYNTHETIC: seeded teaching dataset; not observed market data,2026-09-01T00:00:00+00:00
2025-12-16,USD_5,0.02509826275532854,absolute,SYNTHETIC: seeded teaching dataset; not observed market data,2026-09-01T00:00:00+00:00
2025-12-17,USD_5,0.025034833273561086,absolute,SYNTHETIC: seeded teaching dataset; not observed market data,2026-09-01T00:00:00+00:00
2025-12-18,USD_5,0.025925214174965572,absolute,SYNTHETIC: seeded teaching dataset; not observed market data,2026-09-01T00:00:00+00:00
2025-12-19,USD_5,0.026470062931844472,absolute,SYNTHETIC: seeded teaching dataset; not observed market data,2026-09-01T00:00:00+00:00
2025-12-22,USD_5,0.026853610698808733,absolute,SYNTHETIC: seeded teaching dataset; not observed market data,2026-09-01T00:00:00+00:00
2025-12-23,USD_5,0.02664949542492835,absolute,SYNTHETIC: seeded teaching dataset; not observed market data,2026-09-01T00:00:00+00:00
2025-12-24,USD_5,0.026883865298524944,absolute,SYNTHETIC: seeded teaching dataset; not observed market data,2026-09-01T00:00:00+00:00
2025-12-25,USD_5,0.026858542761154666,absolute,SYNTHETIC: seeded teaching dataset; not observed market data,2026-09-01T00:00:00+00:00
2025-12-26,USD_5,0.02768359159172932,absolute,SYNTHETIC: seeded teaching dataset; not observed market data,2026-09-01T00:00:00+00:00
2025-12-29,USD_5,0.027235951543167696,absolute,SYNTHETIC: seeded teaching dataset; not observed market data,2026-09-01T00:00:00+00:00
2025-12-30,USD_5,0.027527512777527147,absolute,SYNTHETIC: seeded teaching dataset; not observed market data,2026-09-01T00:00:00+00:00
2025-12-31,USD_5,0.02716472270200272,absolute,SYNTHETIC: seeded teaching dataset; not observed market data,2026-09-01T00:00:00+00:00
2026-01-01,USD_5,0.02693451901121125,absolute,SYNTHETIC: seeded teaching dataset; not observed market data,2026-09-01T00:00:00+00:00
2026-01-02,USD_5,0.027722527392011937,absolute,SYNTHETIC: seeded teaching dataset; not observed market data,2026-09-01T00:00:00+00:00
2026-01-05,USD_5,0.028782920325511774,absolute,SYNTHETIC: seeded teaching dataset; not observed market data,2026-09-01T00:00:00+00:00
2026-01-06,USD_5,0.029215981539974026,absolute,SYNTHETIC: seeded teaching dataset; not observed market data,2026-09-01T00:00:00+00:00
2026-01-07,USD_5,0.027885061590845455,absolute,SYNTHETIC: seeded teaching dataset; not observed market data,2026-09-01T00:00:00+00:00
2026-01-08,USD_5,0.027310932150894977,absolute,SYNTHETIC: seeded teaching dataset; not observed market data,2026-09-01T00:00:00+00:00
2026-01-09,USD_5,0.02739738812024603,absolute,SYNTHETIC: seeded teaching dataset; not observed market data,2026-09-01T00:00:00+00:00
2026-01-12,USD_5,0.027630597801485562,absolute,SYNTHETIC: seeded teaching dataset; not observed market data,2026-09-01T00:00:00+00:00
2026-01-13,USD_5,0.027766352892311025,absolute,SYNTHETIC: seeded teaching dataset; not observed market data,2026-09-01T00:00:00+00:00
2026-01-14,USD_5,0.02826836114599076,absolute,SYNTHETIC: seeded teaching dataset; not observed market data,2026-09-01T00:00:00+00:00
2026-01-15,USD_5,0.02918245747468747,absolute,SYNTHETIC: seeded teaching dataset; not observed market data,2026-09-01T00:00:00+00:00
2026-01-16,USD_5,0.028606675190036828,absolute,SYNTHETIC: seeded teaching dataset; not observed market data,2026-09-01T00:00:00+00:00
2026-01-19,USD_5,0.028926396507860438,absolute,SYNTHETIC: seeded teaching dataset; not observed market data,2026-09-01T00:00:00+00:00
2026-01-20,USD_5,0.02991333305682263,absolute,SYNTHETIC: seeded teaching dataset; not observed market data,2026-09-01T00:00:00+00:00
2026-01-21,USD_5,0.03082956880526986,absolute,SYNTHETIC: seeded teaching dataset; not observed market data,2026-09-01T00:00:00+00:00
2026-01-22,USD_5,0.030267933533839456,absolute,SYNTHETIC: seeded teaching dataset; not observed market data,2026-09-01T00:00:00+00:00
2026-01-23,USD_5,0.03143256956547404,absolute,SYNTHETIC: seeded teaching dataset; not observed market data,2026-09-01T00:00:00+00:00
2026-01-26,USD_5,0.030847138558770436,absolute,SYNTHETIC: seeded teaching dataset; not observed market data,2026-09-01T00:00:00+00:00
2026-01-27,USD_5,0.030216503182762405,absolute,SYNTHETIC: seeded teaching dataset; not observed market data,2026-09-01T00:00:00+00:00
2026-01-28,USD_5,0.029781672922955194,absolute,SYNTHETIC: seeded teaching dataset; not observed market data,2026-09-01T00:00:00+00:00
2026-01-29,USD_5,0.029835140802093627,absolute,SYNTHETIC: seeded teaching dataset; not observed market data,2026-09-01T00:00:00+00:00
2026-01-30,USD_5,0.030584628490367076,absolute,SYNTHETIC: seeded teaching dataset; not observed market data,2026-09-01T00:00:00+00:00
2026-02-02,USD_5,0.030764376647847338,absolute,SYNTHETIC: seeded teaching dataset; not observed market data,2026-09-01T00:00:00+00:00
2026-02-03,USD_5,0.030064502821272782,absolute,SYNTHETIC: seeded teaching dataset; not observed market data,2026-09-01T00:00:00+00:00
2026-02-04,USD_5,0.030080898627226335,absolute,SYNTHETIC: seeded teaching dataset; not observed market data,2026-09-01T00:00:00+00:00
2026-02-05,USD_5,0.029642395905111488,absolute,SYNTHETIC: seeded teaching dataset; not observed market data,2026-09-01T00:00:00+00:00
2026-02-06,USD_5,0.029360974696161907,absolute,SYNTHETIC: seeded teaching dataset; not observed market data,2026-09-01T00:00:00+00:00
2026-02-09,USD_5,0.02884549717847603,absolute,SYNTHETIC: seeded teaching dataset; not observed market data,2026-09-01T00:00:00+00:00
2026-02-10,USD_5,0.028073148916720716,absolute,SYNTHETIC: seeded teaching dataset; not observed market data,2026-09-01T00:00:00+00:00
2026-02-11,USD_5,0.02788842893917507,absolute,SYNTHETIC: seeded teaching dataset; not observed market data,2026-09-01T00:00:00+00:00
2026-02-12,USD_5,0.02856492241274286,absolute,SYNTHETIC: seeded teaching dataset; not observed market data,2026-09-01T00:00:00+00:00
2026-02-13,USD_5,0.028991656799605123,absolute,SYNTHETIC: seeded teaching dataset; not observed market data,2026-09-01T00:00:00+00:00
2026-02-16,USD_5,0.028855210060075544,absolute,SYNTHETIC: seeded teaching dataset; not observed market data,2026-09-01T00:00:00+00:00
2026-02-17,USD_5,0.029034382479908437,absolute,SYNTHETIC: seeded teaching dataset; not observed market data,2026-09-01T00:00:00+00:00
2026-02-18,USD_5,0.02929745696225477,absolute,SYNTHETIC: seeded teaching dataset; not observed market data,2026-09-01T00:00:00+00:00
2026-02-19,USD_5,0.028875186472130027,absolute,SYNTHETIC: seeded teaching dataset; not observed market data,2026-09-01T00:00:00+00:00
2026-02-20,USD_5,0.028996067070846426,absolute,SYNTHETIC: seeded teaching dataset; not observed market data,2026-09-01T00:00:00+00:00
2026-02-23,USD_5,0.028910792477312236,absolute,SYNTHETIC: seeded teaching dataset; not observed market data,2026-09-01T00:00:00+00:00
2026-02-24,USD_5,0.029611296053603648,absolute,SYNTHETIC: seeded teaching dataset; not observed market data,2026-09-01T00:00:00+00:00
2026-02-25,USD_5,0.029225540483482002,absolute,SYNTHETIC: seeded teaching dataset; not observed market data,2026-09-01T00:00:00+00:00
2026-02-26,USD_5,0.028831942887386598,absolute,SYNTHETIC: seeded teaching dataset; not observed market data,2026-09-01T00:00:00+00:00
2026-02-27,USD_5,0.02861737079742778,absolute,SYNTHETIC: seeded teaching dataset; not observed market data,2026-09-01T00:00:00+00:00
2026-03-02,USD_5,0.029425356084668862,absolute,SYNTHETIC: seeded teaching dataset; not observed market data,2026-09-01T00:00:00+00:00
2026-03-03,USD_5,0.029258112139193056,absolute,SYNTHETIC: seeded teaching dataset; not observed market data,2026-09-01T00:00:00+00:00
2026-03-04,USD_5,0.028842518521787645,absolute,SYNTHETIC: seeded teaching dataset; not observed market data,2026-09-01T00:00:00+00:00
2026-03-05,USD_5,0.028406498106200946,absolute,SYNTHETIC: seeded teaching dataset; not observed market data,2026-09-01T00:00:00+00:00
2026-03-06,USD_5,0.028809990383851573,absolute,SYNTHETIC: seeded teaching dataset; not observed market data,2026-09-01T00:00:00+00:00
2026-03-09,USD_5,0.029201411956507807,absolute,SYNTHETIC: seeded teaching dataset; not observed market data,2026-09-01T00:00:00+00:00
2026-03-10,USD_5,0.029678359217977533,absolute,SYNTHETIC: seeded teaching dataset; not observed market data,2026-09-01T00:00:00+00:00
2026-03-11,USD_5,0.030446109239769887,absolute,SYNTHETIC: seeded teaching dataset; not observed market data,2026-09-01T00:00:00+00:00
2026-03-12,USD_5,0.030230247619500543,absolute,SYNTHETIC: seeded teaching dataset; not observed market data,2026-09-01T00:00:00+00:00
2026-03-13,USD_5,0.030428717260720644,absolute,SYNTHETIC: seeded teaching dataset; not observed market data,2026-09-01T00:00:00+00:00
2026-03-16,USD_5,0.03117283076838345,absolute,SYNTHETIC: seeded teaching dataset; not observed market data,2026-09-01T00:00:00+00:00
2026-03-17,USD_5,0.030436711317693405,absolute,SYNTHETIC: seeded teaching dataset; not observed market data,2026-09-01T00:00:00+00:00
2026-03-18,USD_5,0.031216060851884296,absolute,SYNTHETIC: seeded teaching dataset; not observed market data,2026-09-01T00:00:00+00:00
2026-03-19,USD_5,0.030778667340446868,absolute,SYNTHETIC: seeded teaching dataset; not observed market data,2026-09-01T00:00:00+00:00
2026-03-20,USD_5,0.031900380374050415,absolute,SYNTHETIC: seeded teaching dataset; not observed market data,2026-09-01T00:00:00+00:00
2026-03-23,USD_5,0.03251542381161124,absolute,SYNTHETIC: seeded teaching dataset; not observed market data,2026-09-01T00:00:00+00:00
2026-03-24,USD_5,0.0334952155405554,absolute,SYNTHETIC: seeded teaching dataset; not observed market data,2026-09-01T00:00:00+00:00
2026-03-25,USD_5,0.034161495059673794,absolute,SYNTHETIC: seeded teaching dataset; not observed market data,2026-09-01T00:00:00+00:00
2026-03-26,USD_5,0.033705859010324704,absolute,SYNTHETIC: seeded teaching dataset; not observed market data,2026-09-01T00:00:00+00:00
2026-03-27,USD_5,0.03365821505085958,absolute,SYNTHETIC: seeded teaching dataset; not observed market data,2026-09-01T00:00:00+00:00
2026-03-30,USD_5,0.033569779130397034,absolute,SYNTHETIC: seeded teaching dataset; not observed market data,2026-09-01T00:00:00+00:00
2026-03-31,USD_5,0.03327748159727413,absolute,SYNTHETIC: seeded teaching dataset; not observed market data,2026-09-01T00:00:00+00:00
2026-04-01,USD_5,0.03315777055832474,absolute,SYNTHETIC: seeded teaching dataset; not observed market data,2026-09-01T00:00:00+00:00
2026-04-02,USD_5,0.033078931682208254,absolute,SYNTHETIC: seeded teaching dataset; not observed market data,2026-09-01T00:00:00+00:00
2026-04-03,USD_5,0.03291928571005456,absolute,SYNTHETIC: seeded teaching dataset; not observed market data,2026-09-01T00:00:00+00:00
2026-04-06,USD_5,0.03320612917778742,absolute,SYNTHETIC: seeded teaching dataset; not observed market data,2026-09-01T00:00:00+00:00
2026-04-07,USD_5,0.03261561907478654,absolute,SYNTHETIC: seeded teaching dataset; not observed market data,2026-09-01T00:00:00+00:00
2026-04-08,USD_5,0.032174342829924533,absolute,SYNTHETIC: seeded teaching dataset; not observed market data,2026-09-01T00:00:00+00:00
2026-04-09,USD_5,0.03284261289946944,absolute,SYNTHETIC: seeded teaching dataset; not observed market data,2026-09-01T00:00:00+00:00
2026-04-10,USD_5,0.03233151457110141,absolute,SYNTHETIC: seeded teaching dataset; not observed market data,2026-09-01T00:00:00+00:00
2026-04-13,USD_5,0.032845187995075575,absolute,SYNTHETIC: seeded teaching dataset; not observed market data,2026-09-01T00:00:00+00:00
2026-04-14,USD_5,0.03287013889003579,absolute,SYNTHETIC: seeded teaching dataset; not observed market data,2026-09-01T00:00:00+00:00
2026-04-15,USD_5,0.03300989763983736,absolute,SYNTHETIC: seeded teaching dataset; not observed market data,2026-09-01T00:00:00+00:00
2026-04-16,USD_5,0.033528967450173114,absolute,SYNTHETIC: seeded teaching dataset; not observed market data,2026-09-01T00:00:00+00:00
2026-04-17,USD_5,0.0340717365750358,absolute,SYNTHETIC: seeded teaching dataset; not observed market data,2026-09-01T00:00:00+00:00
2026-04-20,USD_5,0.03440096952144607,absolute,SYNTHETIC: seeded teaching dataset; not observed market data,2026-09-01T00:00:00+00:00
2026-04-21,USD_5,0.03379978023787223,absolute,SYNTHETIC: seeded teaching dataset; not observed market data,2026-09-01T00:00:00+00:00
2026-04-22,USD_5,0.0339231341355171,absolute,SYNTHETIC: seeded teaching dataset; not observed market data,2026-09-01T00:00:00+00:00
2026-04-23,USD_5,0.03497257697694164,absolute,SYNTHETIC: seeded teaching dataset; not observed market data,2026-09-01T00:00:00+00:00
2026-04-24,USD_5,0.03433036587994731,absolute,SYNTHETIC: seeded teaching dataset; not observed market data,2026-09-01T00:00:00+00:00
2026-04-27,USD_5,0.03462637995083709,absolute,SYNTHETIC: seeded teaching dataset; not observed market data,2026-09-01T00:00:00+00:00
2026-04-28,USD_5,0.03426456526013775,absolute,SYNTHETIC: seeded teaching dataset; not observed market data,2026-09-01T00:00:00+00:00
2026-04-29,USD_5,0.03427006366456839,absolute,SYNTHETIC: seeded teaching dataset; not observed market data,2026-09-01T00:00:00+00:00
2026-04-30,USD_5,0.034530569636698046,absolute,SYNTHETIC: seeded teaching dataset; not observed market data,2026-09-01T00:00:00+00:00
2026-05-01,USD_5,0.03450665905668542,absolute,SYNTHETIC: seeded teaching dataset; not observed market data,2026-09-01T00:00:00+00:00
2026-05-04,USD_5,0.03422814832890533,absolute,SYNTHETIC: seeded teaching dataset; not observed market data,2026-09-01T00:00:00+00:00
2026-05-05,USD_5,0.034650668055230184,absolute,SYNTHETIC: seeded teaching dataset; not observed market data,2026-09-01T00:00:00+00:00
2026-05-06,USD_5,0.0345385298190725,absolute,SYNTHETIC: seeded teaching dataset; not observed market data,2026-09-01T00:00:00+00:00
2026-05-07,USD_5,0.03573463221191574,absolute,SYNTHETIC: seeded teaching dataset; not observed market data,2026-09-01T00:00:00+00:00
2026-05-08,USD_5,0.035234629475027444,absolute,SYNTHETIC: seeded teaching dataset; not observed market data,2026-09-01T00:00:00+00:00
2026-05-11,USD_5,0.03519888512468309,absolute,SYNTHETIC: seeded teaching dataset; not observed market data,2026-09-01T00:00:00+00:00
2026-05-12,USD_5,0.035651096829403726,absolute,SYNTHETIC: seeded teaching dataset; not observed market data,2026-09-01T00:00:00+00:00
2026-05-13,USD_5,0.034475865379167504,absolute,SYNTHETIC: seeded teaching dataset; not observed market data,2026-09-01T00:00:00+00:00
2026-05-14,USD_5,0.034663913704682164,absolute,SYNTHETIC: seeded teaching dataset; not observed market data,2026-09-01T00:00:00+00:00
2026-05-15,USD_5,0.03472141824088286,absolute,SYNTHETIC: seeded teaching dataset; not observed market data,2026-09-01T00:00:00+00:00
2026-05-18,USD_5,0.03538541305745939,absolute,SYNTHETIC: seeded teaching dataset; not observed market data,2026-09-01T00:00:00+00:00
2026-05-19,USD_5,0.03504671461929029,absolute,SYNTHETIC: seeded teaching dataset; not observed market data,2026-09-01T00:00:00+00:00
2026-05-20,USD_5,0.03473513592489231,absolute,SYNTHETIC: seeded teaching dataset; not observed market data,2026-09-01T00:00:00+00:00
2026-05-21,USD_5,0.034170157388653644,absolute,SYNTHETIC: seeded teaching dataset; not observed market data,2026-09-01T00:00:00+00:00
2026-05-22,USD_5,0.03463458584808678,absolute,SYNTHETIC: seeded teaching dataset; not observed market data,2026-09-01T00:00:00+00:00
2026-05-25,USD_5,0.03564234913654042,absolute,SYNTHETIC: seeded teaching dataset; not observed market data,2026-09-01T00:00:00+00:00
2026-05-26,USD_5,0.036515321804644806,absolute,SYNTHETIC: seeded teaching dataset; not observed market data,2026-09-01T00:00:00+00:00
2026-05-27,USD_5,0.03640745887286838,absolute,SYNTHETIC: seeded teaching dataset; not observed market data,2026-09-01T00:00:00+00:00
2026-05-28,USD_5,0.036859731295750944,absolute,SYNTHETIC: seeded teaching dataset; not observed market data,2026-09-01T00:00:00+00:00
2026-05-29,USD_5,0.036815141288797544,absolute,SYNTHETIC: seeded teaching dataset; not observed market data,2026-09-01T00:00:00+00:00
2026-06-01,USD_5,0.03610782013457034,absolute,SYNTHETIC: seeded teaching dataset; not observed market data,2026-09-01T00:00:00+00:00
2026-06-02,USD_5,0.034986433144195,absolute,SYNTHETIC: seeded teaching dataset; not observed market data,2026-09-01T00:00:00+00:00
2026-06-03,USD_5,0.034592271879913976,absolute,SYNTHETIC: seeded teaching dataset; not observed market data,2026-09-01T00:00:00+00:00
2026-06-04,USD_5,0.03530838725321996,absolute,SYNTHETIC: seeded teaching dataset; not observed market data,2026-09-01T00:00:00+00:00
2026-06-05,USD_5,0.03571266320725655,absolute,SYNTHETIC: seeded teaching dataset; not observed market data,2026-09-01T00:00:00+00:00
2026-06-08,USD_5,0.03475856351152736,absolute,SYNTHETIC: seeded teaching dataset; not observed market data,2026-09-01T00:00:00+00:00
2026-06-09,USD_5,0.03467378671439933,absolute,SYNTHETIC: seeded teaching dataset; not observed market data,2026-09-01T00:00:00+00:00
2026-06-10,USD_5,0.03424467470512646,absolute,SYNTHETIC: seeded teaching dataset; not observed market data,2026-09-01T00:00:00+00:00
2026-06-11,USD_5,0.034236984295572155,absolute,SYNTHETIC: seeded teaching dataset; not observed market data,2026-09-01T00:00:00+00:00
2026-06-12,USD_5,0.03399117513273041,absolute,SYNTHETIC: seeded teaching dataset; not observed market data,2026-09-01T00:00:00+00:00
2026-06-15,USD_5,0.033976267483351454,absolute,SYNTHETIC: seeded teaching dataset; not observed market data,2026-09-01T00:00:00+00:00
2026-06-16,USD_5,0.03330119085936174,absolute,SYNTHETIC: seeded teaching dataset; not observed market data,2026-09-01T00:00:00+00:00
2026-06-17,USD_5,0.03332916084102494,absolute,SYNTHETIC: seeded teaching dataset; not observed market data,2026-09-01T00:00:00+00:00
2026-06-18,USD_5,0.03290608781296252,absolute,SYNTHETIC: seeded teaching dataset; not observed market data,2026-09-01T00:00:00+00:00
2026-06-19,USD_5,0.03314391310593684,absolute,SYNTHETIC: seeded teaching dataset; not observed market data,2026-09-01T00:00:00+00:00
2026-06-22,USD_5,0.03477371301500205,absolute,SYNTHETIC: seeded teaching dataset; not observed market data,2026-09-01T00:00:00+00:00
2026-06-23,USD_5,0.03381943121854734,absolute,SYNTHETIC: seeded teaching dataset; not observed market data,2026-09-01T00:00:00+00:00
2026-06-24,USD_5,0.0340852387985121,absolute,SYNTHETIC: seeded teaching dataset; not observed market data,2026-09-01T00:00:00+00:00
2026-06-25,USD_5,0.0343706905410115,absolute,SYNTHETIC: seeded teaching dataset; not observed market data,2026-09-01T00:00:00+00:00
2026-06-26,USD_5,0.03462145242529365,absolute,SYNTHETIC: seeded teaching dataset; not observed market data,2026-09-01T00:00:00+00:00
2026-06-29,USD_5,0.03458591906019081,absolute,SYNTHETIC: seeded teaching dataset; not observed market data,2026-09-01T00:00:00+00:00
2026-06-30,USD_5,0.03481305258670484,absolute,SYNTHETIC: seeded teaching dataset; not observed market data,2026-09-01T00:00:00+00:00
2026-07-01,USD_5,0.034630449844267115,absolute,SYNTHETIC: seeded teaching dataset; not observed market data,2026-09-01T00:00:00+00:00
2026-07-02,USD_5,0.03436900988268446,absolute,SYNTHETIC: seeded teaching dataset; not observed market data,2026-09-01T00:00:00+00:00
2026-07-03,USD_5,0.03527135195508624,absolute,SYNTHETIC: seeded teaching dataset; not observed market data,2026-09-01T00:00:00+00:00
2026-07-06,USD_5,0.03589040385413618,absolute,SYNTHETIC: seeded teaching dataset; not observed market data,2026-09-01T00:00:00+00:00
2026-07-07,USD_5,0.03536441548117407,absolute,SYNTHETIC: seeded teaching dataset; not observed market data,2026-09-01T00:00:00+00:00
2026-07-08,USD_5,0.035621917153321574,absolute,SYNTHETIC: seeded teaching dataset; not observed market data,2026-09-01T00:00:00+00:00
2026-07-09,USD_5,0.035347910719233225,absolute,SYNTHETIC: seeded teaching dataset; not observed market data,2026-09-01T00:00:00+00:00
2026-07-10,USD_5,0.03545530631514227,absolute,SYNTHETIC: seeded teaching dataset; not observed market data,2026-09-01T00:00:00+00:00
2026-07-13,USD_5,0.035325508493063394,absolute,SYNTHETIC: seeded teaching dataset; not observed market data,2026-09-01T00:00:00+00:00
2026-07-14,USD_5,0.03535011072057663,absolute,SYNTHETIC: seeded teaching dataset; not observed market data,2026-09-01T00:00:00+00:00
2026-07-15,USD_5,0.03496600523001477,absolute,SYNTHETIC: seeded teaching dataset; not observed market data,2026-09-01T00:00:00+00:00
2026-07-16,USD_5,0.03486809035746601,absolute,SYNTHETIC: seeded teaching dataset; not observed market data,2026-09-01T00:00:00+00:00
2026-07-17,USD_5,0.03516633072515081,absolute,SYNTHETIC: seeded teaching dataset; not observed market data,2026-09-01T00:00:00+00:00
2026-07-20,USD_5,0.03517202022235782,absolute,SYNTHETIC: seeded teaching dataset; not observed market data,2026-09-01T00:00:00+00:00
2026-07-21,USD_5,0.03515161617778682,absolute,SYNTHETIC: seeded teaching dataset; not observed market data,2026-09-01T00:00:00+00:00
2026-07-22,USD_5,0.03483025282905877,absolute,SYNTHETIC: seeded teaching dataset; not observed market data,2026-09-01T00:00:00+00:00
2026-07-23,USD_5,0.03506366353929983,absolute,SYNTHETIC: seeded teaching dataset; not observed market data,2026-09-01T00:00:00+00:00
2026-07-24,USD_5,0.035113509394477625,absolute,SYNTHETIC: seeded teaching dataset; not observed market data,2026-09-01T00:00:00+00:00
2026-07-27,USD_5,0.03579057535276047,absolute,SYNTHETIC: seeded teaching dataset; not observed market data,2026-09-01T00:00:00+00:00
2026-07-28,USD_5,0.03526732639243349,absolute,SYNTHETIC: seeded teaching dataset; not observed market data,2026-09-01T00:00:00+00:00
2026-07-29,USD_5,0.035466778685863634,absolute,SYNTHETIC: seeded teaching dataset; not observed market data,2026-09-01T00:00:00+00:00
2026-07-30,USD_5,0.03399026352664268,absolute,SYNTHETIC: seeded teaching dataset; not observed market data,2026-09-01T00:00:00+00:00
2026-07-31,USD_5,0.034479300831340945,absolute,SYNTHETIC: seeded teaching dataset; not observed market data,2026-09-01T00:00:00+00:00
2026-08-03,USD_5,0.034326080784604814,absolute,SYNTHETIC: seeded teaching dataset; not observed market data,2026-09-01T00:00:00+00:00
2026-08-04,USD_5,0.03491309423273694,absolute,SYNTHETIC: seeded teaching dataset; not observed market data,2026-09-01T00:00:00+00:00
2026-08-05,USD_5,0.034596894175989004,absolute,SYNTHETIC: seeded teaching dataset; not observed market data,2026-09-01T00:00:00+00:00
2026-08-06,USD_5,0.03379005450248142,absolute,SYNTHETIC: seeded teaching dataset; not observed market data,2026-09-01T00:00:00+00:00
2026-08-07,USD_5,0.03312129867548371,absolute,SYNTHETIC: seeded teaching dataset; not observed market data,2026-09-01T00:00:00+00:00
2026-08-10,USD_5,0.032673475792390626,absolute,SYNTHETIC: seeded teaching dataset; not observed market data,2026-09-01T00:00:00+00:00
2026-08-11,USD_5,0.03217573347453925,absolute,SYNTHETIC: seeded teaching dataset; not observed market data,2026-09-01T00:00:00+00:00
2026-08-12,USD_5,0.03140654074401403,absolute,SYNTHETIC: seeded teaching dataset; not observed market data,2026-09-01T00:00:00+00:00
2026-08-13,USD_5,0.03204756684848932,absolute,SYNTHETIC: seeded teaching dataset; not observed market data,2026-09-01T00:00:00+00:00
2026-08-14,USD_5,0.03272565387419123,absolute,SYNTHETIC: seeded teaching dataset; not observed market data,2026-09-01T00:00:00+00:00
2026-08-17,USD_5,0.0328992284781348,absolute,SYNTHETIC: seeded teaching dataset; not observed market data,2026-09-01T00:00:00+00:00
2026-08-18,USD_5,0.03249473990433142,absolute,SYNTHETIC: seeded teaching dataset; not observed market data,2026-09-01T00:00:00+00:00
2026-08-19,USD_5,0.0321036745452008,absolute,SYNTHETIC: seeded teaching dataset; not observed market data,2026-09-01T00:00:00+00:00
2026-08-20,USD_5,0.03210036798105198,absolute,SYNTHETIC: seeded teaching dataset; not observed market data,2026-09-01T00:00:00+00:00
2026-08-21,USD_5,0.032246382530787585,absolute,SYNTHETIC: seeded teaching dataset; not observed market data,2026-09-01T00:00:00+00:00
2026-08-24,USD_5,0.03229440292076077,absolute,SYNTHETIC: seeded teaching dataset; not observed market data,2026-09-01T00:00:00+00:00
2026-08-25,USD_5,0.031000850452725444,absolute,SYNTHETIC: seeded teaching dataset; not observed market data,2026-09-01T00:00:00+00:00
2026-08-26,USD_5,0.03013557697744568,absolute,SYNTHETIC: seeded teaching dataset; not observed market data,2026-09-01T00:00:00+00:00
2026-08-27,USD_5,0.031282922238766164,absolute,SYNTHETIC: seeded teaching dataset; not observed market data,2026-09-01T00:00:00+00:00
2026-08-28,USD_5,0.03109970118916712,absolute,SYNTHETIC: seeded teaching dataset; not observed market data,2026-09-01T00:00:00+00:00
2026-08-31,USD_5,0.0315,absolute,SYNTHETIC: seeded teaching dataset; not observed market data,2026-09-01T00:00:00+00:00
2025-01-02,USD_10,0.023127128097750287,absolute,SYNTHETIC: seeded teaching dataset; not observed market data,2026-09-01T00:00:00+00:00
2025-01-03,USD_10,0.022961726719366308,absolute,SYNTHETIC: seeded teaching dataset; not observed market data,2026-09-01T00:00:00+00:00
2025-01-06,USD_10,0.022735445059306813,absolute,SYNTHETIC: seeded teaching dataset; not observed market data,2026-09-01T00:00:00+00:00
2025-01-07,USD_10,0.022910612826680363,absolute,SYNTHETIC: seeded teaching dataset; not observed market data,2026-09-01T00:00:00+00:00
2025-01-08,USD_10,0.022653796048737986,absolute,SYNTHETIC: seeded teaching dataset; not observed market data,2026-09-01T00:00:00+00:00
2025-01-09,USD_10,0.022526720393556274,absolute,SYNTHETIC: seeded teaching dataset; not observed market data,2026-09-01T00:00:00+00:00
2025-01-10,USD_10,0.02247202616001952,absolute,SYNTHETIC: seeded teaching dataset; not observed market data,2026-09-01T00:00:00+00:00
2025-01-13,USD_10,0.022047171217469918,absolute,SYNTHETIC: seeded teaching dataset; not observed market data,2026-09-01T00:00:00+00:00
2025-01-14,USD_10,0.02092502199375889,absolute,SYNTHETIC: seeded teaching dataset; not observed market data,2026-09-01T00:00:00+00:00
2025-01-15,USD_10,0.01990948766378207,absolute,SYNTHETIC: seeded teaching dataset; not observed market data,2026-09-01T00:00:00+00:00
2025-01-16,USD_10,0.020843189168642876,absolute,SYNTHETIC: seeded teaching dataset; not observed market data,2026-09-01T00:00:00+00:00
2025-01-17,USD_10,0.02122156884834288,absolute,SYNTHETIC: seeded teaching dataset; not observed market data,2026-09-01T00:00:00+00:00
2025-01-20,USD_10,0.02116503192821141,absolute,SYNTHETIC: seeded teaching dataset; not observed market data,2026-09-01T00:00:00+00:00
2025-01-21,USD_10,0.02098340469413316,absolute,SYNTHETIC: seeded teaching dataset; not observed market data,2026-09-01T00:00:00+00:00
2025-01-22,USD_10,0.02135574220133731,absolute,SYNTHETIC: seeded teaching dataset; not observed market data,2026-09-01T00:00:00+00:00
2025-01-23,USD_10,0.020618352069624948,absolute,SYNTHETIC: seeded teaching dataset; not observed market data,2026-09-01T00:00:00+00:00
2025-01-24,USD_10,0.02041872667328841,absolute,SYNTHETIC: seeded teaching dataset; not observed market data,2026-09-01T00:00:00+00:00
2025-01-27,USD_10,0.019952937108314035,absolute,SYNTHETIC: seeded teaching dataset; not observed market data,2026-09-01T00:00:00+00:00
2025-01-28,USD_10,0.020386326749628193,absolute,SYNTHETIC: seeded teaching dataset; not observed market data,2026-09-01T00:00:00+00:00
2025-01-29,USD_10,0.020097779623248088,absolute,SYNTHETIC: seeded teaching dataset; not observed market data,2026-09-01T00:00:00+00:00
2025-01-30,USD_10,0.019926514220910678,absolute,SYNTHETIC: seeded teaching dataset; not observed market data,2026-09-01T00:00:00+00:00
2025-01-31,USD_10,0.01957891037614799,absolute,SYNTHETIC: seeded teaching dataset; not observed market data,2026-09-01T00:00:00+00:00
2025-02-03,USD_10,0.018819497921278773,absolute,SYNTHETIC: seeded teaching dataset; not observed market data,2026-09-01T00:00:00+00:00
2025-02-04,USD_10,0.01965704206828467,absolute,SYNTHETIC: seeded teaching dataset; not observed market data,2026-09-01T00:00:00+00:00
2025-02-05,USD_10,0.01889717114275955,absolute,SYNTHETIC: seeded teaching dataset; not observed market data,2026-09-01T00:00:00+00:00
2025-02-06,USD_10,0.018536427313189593,absolute,SYNTHETIC: seeded teaching dataset; not observed market data,2026-09-01T00:00:00+00:00
2025-02-07,USD_10,0.019238773659387625,absolute,SYNTHETIC: seeded teaching dataset; not observed market data,2026-09-01T00:00:00+00:00
2025-02-10,USD_10,0.019675216976826414,absolute,SYNTHETIC: seeded teaching dataset; not observed market data,2026-09-01T00:00:00+00:00
2025-02-11,USD_10,0.019894891634136876,absolute,SYNTHETIC: seeded teaching dataset; not observed market data,2026-09-01T00:00:00+00:00
2025-02-12,USD_10,0.019804436738470023,absolute,SYNTHETIC: seeded teaching dataset; not observed market data,2026-09-01T00:00:00+00:00
2025-02-13,USD_10,0.019951354658369086,absolute,SYNTHETIC: seeded teaching dataset; not observed market data,2026-09-01T00:00:00+00:00
2025-02-14,USD_10,0.019504632599641553,absolute,SYNTHETIC: seeded teaching dataset; not observed market data,2026-09-01T00:00:00+00:00
2025-02-17,USD_10,0.019680737761488955,absolute,SYNTHETIC: seeded teaching dataset; not observed market data,2026-09-01T00:00:00+00:00
2025-02-18,USD_10,0.019499575436951376,absolute,SYNTHETIC: seeded teaching dataset; not observed market data,2026-09-01T00:00:00+00:00
2025-02-19,USD_10,0.019201628589950347,absolute,SYNTHETIC: seeded teaching dataset; not observed market data,2026-09-01T00:00:00+00:00
2025-02-20,USD_10,0.019892860111221065,absolute,SYNTHETIC: seeded teaching dataset; not observed market data,2026-09-01T00:00:00+00:00
2025-02-21,USD_10,0.01917680623584708,absolute,SYNTHETIC: seeded teaching dataset; not observed market data,2026-09-01T00:00:00+00:00
2025-02-24,USD_10,0.01839372587046021,absolute,SYNTHETIC: seeded teaching dataset; not observed market data,2026-09-01T00:00:00+00:00
2025-02-25,USD_10,0.018665307808798843,absolute,SYNTHETIC: seeded teaching dataset; not observed market data,2026-09-01T00:00:00+00:00
2025-02-26,USD_10,0.018624179770667777,absolute,SYNTHETIC: seeded teaching dataset; not observed market data,2026-09-01T00:00:00+00:00
2025-02-27,USD_10,0.01835080027707524,absolute,SYNTHETIC: seeded teaching dataset; not observed market data,2026-09-01T00:00:00+00:00
2025-02-28,USD_10,0.017966386081592546,absolute,SYNTHETIC: seeded teaching dataset; not observed market data,2026-09-01T00:00:00+00:00
2025-03-03,USD_10,0.01807719301602844,absolute,SYNTHETIC: seeded teaching dataset; not observed market data,2026-09-01T00:00:00+00:00
2025-03-04,USD_10,0.0180227999342679,absolute,SYNTHETIC: seeded teaching dataset; not observed market data,2026-09-01T00:00:00+00:00
2025-03-05,USD_10,0.018157814603681082,absolute,SYNTHETIC: seeded teaching dataset; not observed market data,2026-09-01T00:00:00+00:00
2025-03-06,USD_10,0.01807727183999839,absolute,SYNTHETIC: seeded teaching dataset; not observed market data,2026-09-01T00:00:00+00:00
2025-03-07,USD_10,0.018125466496330605,absolute,SYNTHETIC: seeded teaching dataset; not observed market data,2026-09-01T00:00:00+00:00
2025-03-10,USD_10,0.018724899077877073,absolute,SYNTHETIC: seeded teaching dataset; not observed market data,2026-09-01T00:00:00+00:00
2025-03-11,USD_10,0.018830876739264608,absolute,SYNTHETIC: seeded teaching dataset; not observed market data,2026-09-01T00:00:00+00:00
2025-03-12,USD_10,0.018392488357450394,absolute,SYNTHETIC: seeded teaching dataset; not observed market data,2026-09-01T00:00:00+00:00
2025-03-13,USD_10,0.018345859731136074,absolute,SYNTHETIC: seeded teaching dataset; not observed market data,2026-09-01T00:00:00+00:00
2025-03-14,USD_10,0.018647491754878214,absolute,SYNTHETIC: seeded teaching dataset; not observed market data,2026-09-01T00:00:00+00:00
2025-03-17,USD_10,0.01933419165132606,absolute,SYNTHETIC: seeded teaching dataset; not observed market data,2026-09-01T00:00:00+00:00
2025-03-18,USD_10,0.01866254778729737,absolute,SYNTHETIC: seeded teaching dataset; not observed market data,2026-09-01T00:00:00+00:00
2025-03-19,USD_10,0.018548859757786213,absolute,SYNTHETIC: seeded teaching dataset; not observed market data,2026-09-01T00:00:00+00:00
2025-03-20,USD_10,0.018526393402185485,absolute,SYNTHETIC: seeded teaching dataset; not observed market data,2026-09-01T00:00:00+00:00
2025-03-21,USD_10,0.018725760886228356,absolute,SYNTHETIC: seeded teaching dataset; not observed market data,2026-09-01T00:00:00+00:00
2025-03-24,USD_10,0.01855713281454721,absolute,SYNTHETIC: seeded teaching dataset; not observed market data,2026-09-01T00:00:00+00:00
2025-03-25,USD_10,0.017682859924907916,absolute,SYNTHETIC: seeded teaching dataset; not observed market data,2026-09-01T00:00:00+00:00
2025-03-26,USD_10,0.018222171299345915,absolute,SYNTHETIC: seeded teaching dataset; not observed market data,2026-09-01T00:00:00+00:00
2025-03-27,USD_10,0.018360044891540913,absolute,SYNTHETIC: seeded teaching dataset; not observed market data,2026-09-01T00:00:00+00:00
2025-03-28,USD_10,0.018029392822026168,absolute,SYNTHETIC: seeded teaching dataset; not observed market data,2026-09-01T00:00:00+00:00
2025-03-31,USD_10,0.018034796134671797,absolute,SYNTHETIC: seeded teaching dataset; not observed market data,2026-09-01T00:00:00+00:00
2025-04-01,USD_10,0.019112432980348523,absolute,SYNTHETIC: seeded teaching dataset; not observed market data,2026-09-01T00:00:00+00:00
2025-04-02,USD_10,0.018870288712537497,absolute,SYNTHETIC: seeded teaching dataset; not observed market data,2026-09-01T00:00:00+00:00
2025-04-03,USD_10,0.02006524967066425,absolute,SYNTHETIC: seeded teaching dataset; not observed market data,2026-09-01T00:00:00+00:00
2025-04-04,USD_10,0.01990492557261909,absolute,SYNTHETIC: seeded teaching dataset; not observed market data,2026-09-01T00:00:00+00:00
2025-04-07,USD_10,0.019280923182468768,absolute,SYNTHETIC: seeded teaching dataset; not observed market data,2026-09-01T00:00:00+00:00
2025-04-08,USD_10,0.01935498767032093,absolute,SYNTHETIC: seeded teaching dataset; not observed market data,2026-09-01T00:00:00+00:00
2025-04-09,USD_10,0.019300666614383302,absolute,SYNTHETIC: seeded teaching dataset; not observed market data,2026-09-01T00:00:00+00:00
2025-04-10,USD_10,0.019646394073689007,absolute,SYNTHETIC: seeded teaching dataset; not observed market data,2026-09-01T00:00:00+00:00
2025-04-11,USD_10,0.0197005688375264,absolute,SYNTHETIC: seeded teaching dataset; not observed market data,2026-09-01T00:00:00+00:00
2025-04-14,USD_10,0.020016169776412893,absolute,SYNTHETIC: seeded teaching dataset; not observed market data,2026-09-01T00:00:00+00:00
2025-04-15,USD_10,0.020391131971089823,absolute,SYNTHETIC: seeded teaching dataset; not observed market data,2026-09-01T00:00:00+00:00
2025-04-16,USD_10,0.020723802193468505,absolute,SYNTHETIC: seeded teaching dataset; not observed market data,2026-09-01T00:00:00+00:00
2025-04-17,USD_10,0.020441443055902543,absolute,SYNTHETIC: seeded teaching dataset; not observed market data,2026-09-01T00:00:00+00:00
2025-04-18,USD_10,0.019889824779593925,absolute,SYNTHETIC: seeded teaching dataset; not observed market data,2026-09-01T00:00:00+00:00
2025-04-21,USD_10,0.02005358638590342,absolute,SYNTHETIC: seeded teaching dataset; not observed market data,2026-09-01T00:00:00+00:00
2025-04-22,USD_10,0.01959484870841985,absolute,SYNTHETIC: seeded teaching dataset; not observed market data,2026-09-01T00:00:00+00:00
2025-04-23,USD_10,0.01929000889324095,absolute,SYNTHETIC: seeded teaching dataset; not observed market data,2026-09-01T00:00:00+00:00
2025-04-24,USD_10,0.018760698639059412,absolute,SYNTHETIC: seeded teaching dataset; not observed market data,2026-09-01T00:00:00+00:00
2025-04-25,USD_10,0.018811208204651358,absolute,SYNTHETIC: seeded teaching dataset; not observed market data,2026-09-01T00:00:00+00:00
2025-04-28,USD_10,0.019158506799640866,absolute,SYNTHETIC: seeded teaching dataset; not observed market data,2026-09-01T00:00:00+00:00
2025-04-29,USD_10,0.01893296945299387,absolute,SYNTHETIC: seeded teaching dataset; not observed market data,2026-09-01T00:00:00+00:00
2025-04-30,USD_10,0.018742980494632914,absolute,SYNTHETIC: seeded teaching dataset; not observed market data,2026-09-01T00:00:00+00:00
2025-05-01,USD_10,0.019063244744349138,absolute,SYNTHETIC: seeded teaching dataset; not observed market data,2026-09-01T00:00:00+00:00
2025-05-02,USD_10,0.01921425243053887,absolute,SYNTHETIC: seeded teaching dataset; not observed market data,2026-09-01T00:00:00+00:00
2025-05-05,USD_10,0.01894452006819196,absolute,SYNTHETIC: seeded teaching dataset; not observed market data,2026-09-01T00:00:00+00:00
2025-05-06,USD_10,0.01905300906604388,absolute,SYNTHETIC: seeded teaching dataset; not observed market data,2026-09-01T00:00:00+00:00
2025-05-07,USD_10,0.01892127473318776,absolute,SYNTHETIC: seeded teaching dataset; not observed market data,2026-09-01T00:00:00+00:00
2025-05-08,USD_10,0.018010660318807888,absolute,SYNTHETIC: seeded teaching dataset; not observed market data,2026-09-01T00:00:00+00:00
2025-05-09,USD_10,0.016759305937905877,absolute,SYNTHETIC: seeded teaching dataset; not observed market data,2026-09-01T00:00:00+00:00
2025-05-12,USD_10,0.016954171627146256,absolute,SYNTHETIC: seeded teaching dataset; not observed market data,2026-09-01T00:00:00+00:00
2025-05-13,USD_10,0.017393954098042202,absolute,SYNTHETIC: seeded teaching dataset; not observed market data,2026-09-01T00:00:00+00:00
2025-05-14,USD_10,0.017638587978524026,absolute,SYNTHETIC: seeded teaching dataset; not observed market data,2026-09-01T00:00:00+00:00
2025-05-15,USD_10,0.01729264780326489,absolute,SYNTHETIC: seeded teaching dataset; not observed market data,2026-09-01T00:00:00+00:00
2025-05-16,USD_10,0.017110114603216296,absolute,SYNTHETIC: seeded teaching dataset; not observed market data,2026-09-01T00:00:00+00:00
2025-05-19,USD_10,0.01630308360526928,absolute,SYNTHETIC: seeded teaching dataset; not observed market data,2026-09-01T00:00:00+00:00
2025-05-20,USD_10,0.016193444055868818,absolute,SYNTHETIC: seeded teaching dataset; not observed market data,2026-09-01T00:00:00+00:00
2025-05-21,USD_10,0.016685440097337603,absolute,SYNTHETIC: seeded teaching dataset; not observed market data,2026-09-01T00:00:00+00:00
2025-05-22,USD_10,0.016435600794517308,absolute,SYNTHETIC: seeded teaching dataset; not observed market data,2026-09-01T00:00:00+00:00
2025-05-23,USD_10,0.016891938981545354,absolute,SYNTHETIC: seeded teaching dataset; not observed market data,2026-09-01T00:00:00+00:00
2025-05-26,USD_10,0.017258160536048745,absolute,SYNTHETIC: seeded teaching dataset; not observed market data,2026-09-01T00:00:00+00:00
2025-05-27,USD_10,0.017917272442024824,absolute,SYNTHETIC: seeded teaching dataset; not observed market data,2026-09-01T00:00:00+00:00
2025-05-28,USD_10,0.017921855132639695,absolute,SYNTHETIC: seeded teaching dataset; not observed market data,2026-09-01T00:00:00+00:00
2025-05-29,USD_10,0.01743969940335003,absolute,SYNTHETIC: seeded teaching dataset; not observed market data,2026-09-01T00:00:00+00:00
2025-05-30,USD_10,0.01648572909663329,absolute,SYNTHETIC: seeded teaching dataset; not observed market data,2026-09-01T00:00:00+00:00
2025-06-02,USD_10,0.015622486404348258,absolute,SYNTHETIC: seeded teaching dataset; not observed market data,2026-09-01T00:00:00+00:00
2025-06-03,USD_10,0.014203337315065661,absolute,SYNTHETIC: seeded teaching dataset; not observed market data,2026-09-01T00:00:00+00:00
2025-06-04,USD_10,0.014918152535638506,absolute,SYNTHETIC: seeded teaching dataset; not observed market data,2026-09-01T00:00:00+00:00
2025-06-05,USD_10,0.015153574054058316,absolute,SYNTHETIC: seeded teaching dataset; not observed market data,2026-09-01T00:00:00+00:00
2025-06-06,USD_10,0.015310659999204765,absolute,SYNTHETIC: seeded teaching dataset; not observed market data,2026-09-01T00:00:00+00:00
2025-06-09,USD_10,0.015795426420757635,absolute,SYNTHETIC: seeded teaching dataset; not observed market data,2026-09-01T00:00:00+00:00
2025-06-10,USD_10,0.0152518176994593,absolute,SYNTHETIC: seeded teaching dataset; not observed market data,2026-09-01T00:00:00+00:00
2025-06-11,USD_10,0.01474103310921384,absolute,SYNTHETIC: seeded teaching dataset; not observed market data,2026-09-01T00:00:00+00:00
2025-06-12,USD_10,0.014564597816136542,absolute,SYNTHETIC: seeded teaching dataset; not observed market data,2026-09-01T00:00:00+00:00
2025-06-13,USD_10,0.015182565124011234,absolute,SYNTHETIC: seeded teaching dataset; not observed market data,2026-09-01T00:00:00+00:00
2025-06-16,USD_10,0.016046762544929927,absolute,SYNTHETIC: seeded teaching dataset; not observed market data,2026-09-01T00:00:00+00:00
2025-06-17,USD_10,0.01674473529043583,absolute,SYNTHETIC: seeded teaching dataset; not observed market data,2026-09-01T00:00:00+00:00
2025-06-18,USD_10,0.017191505164607306,absolute,SYNTHETIC: seeded teaching dataset; not observed market data,2026-09-01T00:00:00+00:00
2025-06-19,USD_10,0.018808735727485097,absolute,SYNTHETIC: seeded teaching dataset; not observed market data,2026-09-01T00:00:00+00:00
2025-06-20,USD_10,0.01927744302525141,absolute,SYNTHETIC: seeded teaching dataset; not observed market data,2026-09-01T00:00:00+00:00
2025-06-23,USD_10,0.019619747968208097,absolute,SYNTHETIC: seeded teaching dataset; not observed market data,2026-09-01T00:00:00+00:00
2025-06-24,USD_10,0.020111221666022232,absolute,SYNTHETIC: seeded teaching dataset; not observed market data,2026-09-01T00:00:00+00:00
2025-06-25,USD_10,0.020333211271771214,absolute,SYNTHETIC: seeded teaching dataset; not observed market data,2026-09-01T00:00:00+00:00
2025-06-26,USD_10,0.020759099730449402,absolute,SYNTHETIC: seeded teaching dataset; not observed market data,2026-09-01T00:00:00+00:00
2025-06-27,USD_10,0.02126813274917456,absolute,SYNTHETIC: seeded teaching dataset; not observed market data,2026-09-01T00:00:00+00:00
2025-06-30,USD_10,0.02201521807615703,absolute,SYNTHETIC: seeded teaching dataset; not observed market data,2026-09-01T00:00:00+00:00
2025-07-01,USD_10,0.021480449993652142,absolute,SYNTHETIC: seeded teaching dataset; not observed market data,2026-09-01T00:00:00+00:00
2025-07-02,USD_10,0.022002361012142337,absolute,SYNTHETIC: seeded teaching dataset; not observed market data,2026-09-01T00:00:00+00:00
2025-07-03,USD_10,0.021703880847798698,absolute,SYNTHETIC: seeded teaching dataset; not observed market data,2026-09-01T00:00:00+00:00
2025-07-04,USD_10,0.02104693594270474,absolute,SYNTHETIC: seeded teaching dataset; not observed market data,2026-09-01T00:00:00+00:00
2025-07-07,USD_10,0.02099633979871954,absolute,SYNTHETIC: seeded teaching dataset; not observed market data,2026-09-01T00:00:00+00:00
2025-07-08,USD_10,0.021061496303808002,absolute,SYNTHETIC: seeded teaching dataset; not observed market data,2026-09-01T00:00:00+00:00
2025-07-09,USD_10,0.02176874570775923,absolute,SYNTHETIC: seeded teaching dataset; not observed market data,2026-09-01T00:00:00+00:00
2025-07-10,USD_10,0.020947665775344678,absolute,SYNTHETIC: seeded teaching dataset; not observed market data,2026-09-01T00:00:00+00:00
2025-07-11,USD_10,0.02114492583297367,absolute,SYNTHETIC: seeded teaching dataset; not observed market data,2026-09-01T00:00:00+00:00
2025-07-14,USD_10,0.020906598889472185,absolute,SYNTHETIC: seeded teaching dataset; not observed market data,2026-09-01T00:00:00+00:00
2025-07-15,USD_10,0.019712805412221594,absolute,SYNTHETIC: seeded teaching dataset; not observed market data,2026-09-01T00:00:00+00:00
2025-07-16,USD_10,0.019353279463828994,absolute,SYNTHETIC: seeded teaching dataset; not observed market data,2026-09-01T00:00:00+00:00
2025-07-17,USD_10,0.018378848225189492,absolute,SYNTHETIC: seeded teaching dataset; not observed market data,2026-09-01T00:00:00+00:00
2025-07-18,USD_10,0.018207301490145465,absolute,SYNTHETIC: seeded teaching dataset; not observed market data,2026-09-01T00:00:00+00:00
2025-07-21,USD_10,0.01902230157391673,absolute,SYNTHETIC: seeded teaching dataset; not observed market data,2026-09-01T00:00:00+00:00
2025-07-22,USD_10,0.018467627724095232,absolute,SYNTHETIC: seeded teaching dataset; not observed market data,2026-09-01T00:00:00+00:00
2025-07-23,USD_10,0.0179470257725167,absolute,SYNTHETIC: seeded teaching dataset; not observed market data,2026-09-01T00:00:00+00:00
2025-07-24,USD_10,0.018767551301578145,absolute,SYNTHETIC: seeded teaching dataset; not observed market data,2026-09-01T00:00:00+00:00
2025-07-25,USD_10,0.019115593474052953,absolute,SYNTHETIC: seeded teaching dataset; not observed market data,2026-09-01T00:00:00+00:00
2025-07-28,USD_10,0.01922322335072844,absolute,SYNTHETIC: seeded teaching dataset; not observed market data,2026-09-01T00:00:00+00:00
2025-07-29,USD_10,0.019323635900887582,absolute,SYNTHETIC: seeded teaching dataset; not observed market data,2026-09-01T00:00:00+00:00
2025-07-30,USD_10,0.019887893271541845,absolute,SYNTHETIC: seeded teaching dataset; not observed market data,2026-09-01T00:00:00+00:00
2025-07-31,USD_10,0.020287370547910268,absolute,SYNTHETIC: seeded teaching dataset; not observed market data,2026-09-01T00:00:00+00:00
2025-08-01,USD_10,0.020809876067433095,absolute,SYNTHETIC: seeded teaching dataset; not observed market data,2026-09-01T00:00:00+00:00
2025-08-04,USD_10,0.02026093890937415,absolute,SYNTHETIC: seeded teaching dataset; not observed market data,2026-09-01T00:00:00+00:00
2025-08-05,USD_10,0.01924719794430794,absolute,SYNTHETIC: seeded teaching dataset; not observed market data,2026-09-01T00:00:00+00:00
2025-08-06,USD_10,0.01923767006608181,absolute,SYNTHETIC: seeded teaching dataset; not observed market data,2026-09-01T00:00:00+00:00
2025-08-07,USD_10,0.01932168278256337,absolute,SYNTHETIC: seeded teaching dataset; not observed market data,2026-09-01T00:00:00+00:00
2025-08-08,USD_10,0.018690307081063885,absolute,SYNTHETIC: seeded teaching dataset; not observed market data,2026-09-01T00:00:00+00:00
2025-08-11,USD_10,0.0194812483462565,absolute,SYNTHETIC: seeded teaching dataset; not observed market data,2026-09-01T00:00:00+00:00
2025-08-12,USD_10,0.018944233996862906,absolute,SYNTHETIC: seeded teaching dataset; not observed market data,2026-09-01T00:00:00+00:00
2025-08-13,USD_10,0.01904639859058768,absolute,SYNTHETIC: seeded teaching dataset; not observed market data,2026-09-01T00:00:00+00:00
2025-08-14,USD_10,0.01854299763460247,absolute,SYNTHETIC: seeded teaching dataset; not observed market data,2026-09-01T00:00:00+00:00
2025-08-15,USD_10,0.018892535083292396,absolute,SYNTHETIC: seeded teaching dataset; not observed market data,2026-09-01T00:00:00+00:00
2025-08-18,USD_10,0.018859318539718756,absolute,SYNTHETIC: seeded teaching dataset; not observed market data,2026-09-01T00:00:00+00:00
2025-08-19,USD_10,0.0196035598550622,absolute,SYNTHETIC: seeded teaching dataset; not observed market data,2026-09-01T00:00:00+00:00
2025-08-20,USD_10,0.020103355139731105,absolute,SYNTHETIC: seeded teaching dataset; not observed market data,2026-09-01T00:00:00+00:00
2025-08-21,USD_10,0.020177752829630004,absolute,SYNTHETIC: seeded teaching dataset; not observed market data,2026-09-01T00:00:00+00:00
2025-08-22,USD_10,0.020996769591032784,absolute,SYNTHETIC: seeded teaching dataset; not observed market data,2026-09-01T00:00:00+00:00
2025-08-25,USD_10,0.020632478268005235,absolute,SYNTHETIC: seeded teaching dataset; not observed market data,2026-09-01T00:00:00+00:00
2025-08-26,USD_10,0.020513425145798823,absolute,SYNTHETIC: seeded teaching dataset; not observed market data,2026-09-01T00:00:00+00:00
2025-08-27,USD_10,0.020012418011595756,absolute,SYNTHETIC: seeded teaching dataset; not observed market data,2026-09-01T00:00:00+00:00
2025-08-28,USD_10,0.020277234635521103,absolute,SYNTHETIC: seeded teaching dataset; not observed market data,2026-09-01T00:00:00+00:00
2025-08-29,USD_10,0.019333993989637154,absolute,SYNTHETIC: seeded teaching dataset; not observed market data,2026-09-01T00:00:00+00:00
2025-09-01,USD_10,0.019830843732011896,absolute,SYNTHETIC: seeded teaching dataset; not observed market data,2026-09-01T00:00:00+00:00
2025-09-02,USD_10,0.019027155182880996,absolute,SYNTHETIC: seeded teaching dataset; not observed market data,2026-09-01T00:00:00+00:00
2025-09-03,USD_10,0.019484826825072632,absolute,SYNTHETIC: seeded teaching dataset; not observed market data,2026-09-01T00:00:00+00:00
2025-09-04,USD_10,0.01952127949876623,absolute,SYNTHETIC: seeded teaching dataset; not observed market data,2026-09-01T00:00:00+00:00
2025-09-05,USD_10,0.019610762625258245,absolute,SYNTHETIC: seeded teaching dataset; not observed market data,2026-09-01T00:00:00+00:00
2025-09-08,USD_10,0.019813929458127367,absolute,SYNTHETIC: seeded teaching dataset; not observed market data,2026-09-01T00:00:00+00:00
2025-09-09,USD_10,0.019766448264978136,absolute,SYNTHETIC: seeded teaching dataset; not observed market data,2026-09-01T00:00:00+00:00
2025-09-10,USD_10,0.01862232086192352,absolute,SYNTHETIC: seeded teaching dataset; not observed market data,2026-09-01T00:00:00+00:00
2025-09-11,USD_10,0.01849174445150204,absolute,SYNTHETIC: seeded teaching dataset; not observed market data,2026-09-01T00:00:00+00:00
2025-09-12,USD_10,0.017956366879370394,absolute,SYNTHETIC: seeded teaching dataset; not observed market data,2026-09-01T00:00:00+00:00
2025-09-15,USD_10,0.017796583471987423,absolute,SYNTHETIC: seeded teaching dataset; not observed market data,2026-09-01T00:00:00+00:00
2025-09-16,USD_10,0.017486115178755857,absolute,SYNTHETIC: seeded teaching dataset; not observed market data,2026-09-01T00:00:00+00:00
2025-09-17,USD_10,0.01671424773068177,absolute,SYNTHETIC: seeded teaching dataset; not observed market data,2026-09-01T00:00:00+00:00
2025-09-18,USD_10,0.01720720618219076,absolute,SYNTHETIC: seeded teaching dataset; not observed market data,2026-09-01T00:00:00+00:00
2025-09-19,USD_10,0.017767067480236824,absolute,SYNTHETIC: seeded teaching dataset; not observed market data,2026-09-01T00:00:00+00:00
2025-09-22,USD_10,0.017474197293418186,absolute,SYNTHETIC: seeded teaching dataset; not observed market data,2026-09-01T00:00:00+00:00
2025-09-23,USD_10,0.017551105896854196,absolute,SYNTHETIC: seeded teaching dataset; not observed market data,2026-09-01T00:00:00+00:00
2025-09-24,USD_10,0.01786707980206934,absolute,SYNTHETIC: seeded teaching dataset; not observed market data,2026-09-01T00:00:00+00:00
2025-09-25,USD_10,0.018090152298539695,absolute,SYNTHETIC: seeded teaching dataset; not observed market data,2026-09-01T00:00:00+00:00
2025-09-26,USD_10,0.017689555675153734,absolute,SYNTHETIC: seeded teaching dataset; not observed market data,2026-09-01T00:00:00+00:00
2025-09-29,USD_10,0.016972642748273946,absolute,SYNTHETIC: seeded teaching dataset; not observed market data,2026-09-01T00:00:00+00:00
2025-09-30,USD_10,0.016470770629390376,absolute,SYNTHETIC: seeded teaching dataset; not observed market data,2026-09-01T00:00:00+00:00
2025-10-01,USD_10,0.016664176195978653,absolute,SYNTHETIC: seeded teaching dataset; not observed market data,2026-09-01T00:00:00+00:00
2025-10-02,USD_10,0.016918898257766973,absolute,SYNTHETIC: seeded teaching dataset; not observed market data,2026-09-01T00:00:00+00:00
2025-10-03,USD_10,0.01666014528565869,absolute,SYNTHETIC: seeded teaching dataset; not observed market data,2026-09-01T00:00:00+00:00
2025-10-06,USD_10,0.01620488876994082,absolute,SYNTHETIC: seeded teaching dataset; not observed market data,2026-09-01T00:00:00+00:00
2025-10-07,USD_10,0.01686692879442986,absolute,SYNTHETIC: seeded teaching dataset; not observed market data,2026-09-01T00:00:00+00:00
2025-10-08,USD_10,0.01702656976409889,absolute,SYNTHETIC: seeded teaching dataset; not observed market data,2026-09-01T00:00:00+00:00
2025-10-09,USD_10,0.01783496333063377,absolute,SYNTHETIC: seeded teaching dataset; not observed market data,2026-09-01T00:00:00+00:00
2025-10-10,USD_10,0.0183188544428174,absolute,SYNTHETIC: seeded teaching dataset; not observed market data,2026-09-01T00:00:00+00:00
2025-10-13,USD_10,0.019256533130540356,absolute,SYNTHETIC: seeded teaching dataset; not observed market data,2026-09-01T00:00:00+00:00
2025-10-14,USD_10,0.01892527404194355,absolute,SYNTHETIC: seeded teaching dataset; not observed market data,2026-09-01T00:00:00+00:00
2025-10-15,USD_10,0.019322068010213446,absolute,SYNTHETIC: seeded teaching dataset; not observed market data,2026-09-01T00:00:00+00:00
2025-10-16,USD_10,0.019838910871022367,absolute,SYNTHETIC: seeded teaching dataset; not observed market data,2026-09-01T00:00:00+00:00
2025-10-17,USD_10,0.020270495258605373,absolute,SYNTHETIC: seeded teaching dataset; not observed market data,2026-09-01T00:00:00+00:00
2025-10-20,USD_10,0.020454412162554395,absolute,SYNTHETIC: seeded teaching dataset; not observed market data,2026-09-01T00:00:00+00:00
2025-10-21,USD_10,0.019972914209458084,absolute,SYNTHETIC: seeded teaching dataset; not observed market data,2026-09-01T00:00:00+00:00
2025-10-22,USD_10,0.019938792756553848,absolute,SYNTHETIC: seeded teaching dataset; not observed market data,2026-09-01T00:00:00+00:00
2025-10-23,USD_10,0.019520132813580164,absolute,SYNTHETIC: seeded teaching dataset; not observed market data,2026-09-01T00:00:00+00:00
2025-10-24,USD_10,0.01982693019346828,absolute,SYNTHETIC: seeded teaching dataset; not observed market data,2026-09-01T00:00:00+00:00
2025-10-27,USD_10,0.019723227298866452,absolute,SYNTHETIC: seeded teaching dataset; not observed market data,2026-09-01T00:00:00+00:00
2025-10-28,USD_10,0.019688012505409736,absolute,SYNTHETIC: seeded teaching dataset; not observed market data,2026-09-01T00:00:00+00:00
2025-10-29,USD_10,0.019176194549233763,absolute,SYNTHETIC: seeded teaching dataset; not observed market data,2026-09-01T00:00:00+00:00
2025-10-30,USD_10,0.019652449965640733,absolute,SYNTHETIC: seeded teaching dataset; not observed market data,2026-09-01T00:00:00+00:00
2025-10-31,USD_10,0.01948166969080013,absolute,SYNTHETIC: seeded teaching dataset; not observed market data,2026-09-01T00:00:00+00:00
2025-11-03,USD_10,0.019333909788104734,absolute,SYNTHETIC: seeded teaching dataset; not observed market data,2026-09-01T00:00:00+00:00
2025-11-04,USD_10,0.01912546439096593,absolute,SYNTHETIC: seeded teaching dataset; not observed market data,2026-09-01T00:00:00+00:00
2025-11-05,USD_10,0.019260534359340352,absolute,SYNTHETIC: seeded teaching dataset; not observed market data,2026-09-01T00:00:00+00:00
2025-11-06,USD_10,0.019757991027563933,absolute,SYNTHETIC: seeded teaching dataset; not observed market data,2026-09-01T00:00:00+00:00
2025-11-07,USD_10,0.018944228119809704,absolute,SYNTHETIC: seeded teaching dataset; not observed market data,2026-09-01T00:00:00+00:00
2025-11-10,USD_10,0.01821934213657651,absolute,SYNTHETIC: seeded teaching dataset; not observed market data,2026-09-01T00:00:00+00:00
2025-11-11,USD_10,0.01875292553507629,absolute,SYNTHETIC: seeded teaching dataset; not observed market data,2026-09-01T00:00:00+00:00
2025-11-12,USD_10,0.019477704846003776,absolute,SYNTHETIC: seeded teaching dataset; not observed market data,2026-09-01T00:00:00+00:00
2025-11-13,USD_10,0.019089401951440894,absolute,SYNTHETIC: seeded teaching dataset; not observed market data,2026-09-01T00:00:00+00:00
2025-11-14,USD_10,0.020241890271623868,absolute,SYNTHETIC: seeded teaching dataset; not observed market data,2026-09-01T00:00:00+00:00
2025-11-17,USD_10,0.020947954625279607,absolute,SYNTHETIC: seeded teaching dataset; not observed market data,2026-09-01T00:00:00+00:00
2025-11-18,USD_10,0.021633463287351728,absolute,SYNTHETIC: seeded teaching dataset; not observed market data,2026-09-01T00:00:00+00:00
2025-11-19,USD_10,0.021862183035248155,absolute,SYNTHETIC: seeded teaching dataset; not observed market data,2026-09-01T00:00:00+00:00
2025-11-20,USD_10,0.02234071104345946,absolute,SYNTHETIC: seeded teaching dataset; not observed market data,2026-09-01T00:00:00+00:00
2025-11-21,USD_10,0.021578117296496568,absolute,SYNTHETIC: seeded teaching dataset; not observed market data,2026-09-01T00:00:00+00:00
2025-11-24,USD_10,0.02141308654820479,absolute,SYNTHETIC: seeded teaching dataset; not observed market data,2026-09-01T00:00:00+00:00
2025-11-25,USD_10,0.02072297031686808,absolute,SYNTHETIC: seeded teaching dataset; not observed market data,2026-09-01T00:00:00+00:00
2025-11-26,USD_10,0.020123825709450253,absolute,SYNTHETIC: seeded teaching dataset; not observed market data,2026-09-01T00:00:00+00:00
2025-11-27,USD_10,0.020438114439101086,absolute,SYNTHETIC: seeded teaching dataset; not observed market data,2026-09-01T00:00:00+00:00
2025-11-28,USD_10,0.020151248539843142,absolute,SYNTHETIC: seeded teaching dataset; not observed market data,2026-09-01T00:00:00+00:00
2025-12-01,USD_10,0.020054128455031874,absolute,SYNTHETIC: seeded teaching dataset; not observed market data,2026-09-01T00:00:00+00:00
2025-12-02,USD_10,0.019684665157901998,absolute,SYNTHETIC: seeded teaching dataset; not observed market data,2026-09-01T00:00:00+00:00
2025-12-03,USD_10,0.019882401726436277,absolute,SYNTHETIC: seeded teaching dataset; not observed market data,2026-09-01T00:00:00+00:00
2025-12-04,USD_10,0.019184349880741275,absolute,SYNTHETIC: seeded teaching dataset; not observed market data,2026-09-01T00:00:00+00:00
2025-12-05,USD_10,0.01926520149924446,absolute,SYNTHETIC: seeded teaching dataset; not observed market data,2026-09-01T00:00:00+00:00
2025-12-08,USD_10,0.01951224889072883,absolute,SYNTHETIC: seeded teaching dataset; not observed market data,2026-09-01T00:00:00+00:00
2025-12-09,USD_10,0.019893874009176207,absolute,SYNTHETIC: seeded teaching dataset; not observed market data,2026-09-01T00:00:00+00:00
2025-12-10,USD_10,0.01987396072084357,absolute,SYNTHETIC: seeded teaching dataset; not observed market data,2026-09-01T00:00:00+00:00
2025-12-11,USD_10,0.020215394800758582,absolute,SYNTHETIC: seeded teaching dataset; not observed market data,2026-09-01T00:00:00+00:00
2025-12-12,USD_10,0.019945851066931967,absolute,SYNTHETIC: seeded teaching dataset; not observed market data,2026-09-01T00:00:00+00:00
2025-12-15,USD_10,0.020456756607152907,absolute,SYNTHETIC: seeded teaching dataset; not observed market data,2026-09-01T00:00:00+00:00
2025-12-16,USD_10,0.019875935910297328,absolute,SYNTHETIC: seeded teaching dataset; not observed market data,2026-09-01T00:00:00+00:00
2025-12-17,USD_10,0.019673159279331495,absolute,SYNTHETIC: seeded teaching dataset; not observed market data,2026-09-01T00:00:00+00:00
2025-12-18,USD_10,0.020537115338219468,absolute,SYNTHETIC: seeded teaching dataset; not observed market data,2026-09-01T00:00:00+00:00
2025-12-19,USD_10,0.02070492564347164,absolute,SYNTHETIC: seeded teaching dataset; not observed market data,2026-09-01T00:00:00+00:00
2025-12-22,USD_10,0.021729800047241222,absolute,SYNTHETIC: seeded teaching dataset; not observed market data,2026-09-01T00:00:00+00:00
2025-12-23,USD_10,0.021012947920848384,absolute,SYNTHETIC: seeded teaching dataset; not observed market data,2026-09-01T00:00:00+00:00
2025-12-24,USD_10,0.021748488011927327,absolute,SYNTHETIC: seeded teaching dataset; not observed market data,2026-09-01T00:00:00+00:00
2025-12-25,USD_10,0.022082740654655025,absolute,SYNTHETIC: seeded teaching dataset; not observed market data,2026-09-01T00:00:00+00:00
2025-12-26,USD_10,0.0229619527231583,absolute,SYNTHETIC: seeded teaching dataset; not observed market data,2026-09-01T00:00:00+00:00
2025-12-29,USD_10,0.02260088164489223,absolute,SYNTHETIC: seeded teaching dataset; not observed market data,2026-09-01T00:00:00+00:00
2025-12-30,USD_10,0.02220939546186142,absolute,SYNTHETIC: seeded teaching dataset; not observed market data,2026-09-01T00:00:00+00:00
2025-12-31,USD_10,0.022280505189685083,absolute,SYNTHETIC: seeded teaching dataset; not observed market data,2026-09-01T00:00:00+00:00
2026-01-01,USD_10,0.022070840236032518,absolute,SYNTHETIC: seeded teaching dataset; not observed market data,2026-09-01T00:00:00+00:00
2026-01-02,USD_10,0.02218801938544646,absolute,SYNTHETIC: seeded teaching dataset; not observed market data,2026-09-01T00:00:00+00:00
2026-01-05,USD_10,0.023406558270839487,absolute,SYNTHETIC: seeded teaching dataset; not observed market data,2026-09-01T00:00:00+00:00
2026-01-06,USD_10,0.02305682722349157,absolute,SYNTHETIC: seeded teaching dataset; not observed market data,2026-09-01T00:00:00+00:00
2026-01-07,USD_10,0.02315318171980724,absolute,SYNTHETIC: seeded teaching dataset; not observed market data,2026-09-01T00:00:00+00:00
2026-01-08,USD_10,0.022435816091829913,absolute,SYNTHETIC: seeded teaching dataset; not observed market data,2026-09-01T00:00:00+00:00
2026-01-09,USD_10,0.022422000096830933,absolute,SYNTHETIC: seeded teaching dataset; not observed market data,2026-09-01T00:00:00+00:00
2026-01-12,USD_10,0.0228559946144828,absolute,SYNTHETIC: seeded teaching dataset; not observed market data,2026-09-01T00:00:00+00:00
2026-01-13,USD_10,0.022616661369338837,absolute,SYNTHETIC: seeded teaching dataset; not observed market data,2026-09-01T00:00:00+00:00
2026-01-14,USD_10,0.022934205101182516,absolute,SYNTHETIC: seeded teaching dataset; not observed market data,2026-09-01T00:00:00+00:00
2026-01-15,USD_10,0.023234670424549114,absolute,SYNTHETIC: seeded teaching dataset; not observed market data,2026-09-01T00:00:00+00:00
2026-01-16,USD_10,0.022924508856967663,absolute,SYNTHETIC: seeded teaching dataset; not observed market data,2026-09-01T00:00:00+00:00
2026-01-19,USD_10,0.023065566459401884,absolute,SYNTHETIC: seeded teaching dataset; not observed market data,2026-09-01T00:00:00+00:00
2026-01-20,USD_10,0.023643539484960164,absolute,SYNTHETIC: seeded teaching dataset; not observed market data,2026-09-01T00:00:00+00:00
2026-01-21,USD_10,0.024378849238763652,absolute,SYNTHETIC: seeded teaching dataset; not observed market data,2026-09-01T00:00:00+00:00
2026-01-22,USD_10,0.023830348010400352,absolute,SYNTHETIC: seeded teaching dataset; not observed market data,2026-09-01T00:00:00+00:00
2026-01-23,USD_10,0.0242896507206003,absolute,SYNTHETIC: seeded teaching dataset; not observed market data,2026-09-01T00:00:00+00:00
2026-01-26,USD_10,0.02398482188048619,absolute,SYNTHETIC: seeded teaching dataset; not observed market data,2026-09-01T00:00:00+00:00
2026-01-27,USD_10,0.023811139216171073,absolute,SYNTHETIC: seeded teaching dataset; not observed market data,2026-09-01T00:00:00+00:00
2026-01-28,USD_10,0.024036405879529908,absolute,SYNTHETIC: seeded teaching dataset; not observed market data,2026-09-01T00:00:00+00:00
2026-01-29,USD_10,0.024419205027088945,absolute,SYNTHETIC: seeded teaching dataset; not observed market data,2026-09-01T00:00:00+00:00
2026-01-30,USD_10,0.024769467591605056,absolute,SYNTHETIC: seeded teaching dataset; not observed market data,2026-09-01T00:00:00+00:00
2026-02-02,USD_10,0.024678523391197502,absolute,SYNTHETIC: seeded teaching dataset; not observed market data,2026-09-01T00:00:00+00:00
2026-02-03,USD_10,0.023946958305531892,absolute,SYNTHETIC: seeded teaching dataset; not observed market data,2026-09-01T00:00:00+00:00
2026-02-04,USD_10,0.02407914139350931,absolute,SYNTHETIC: seeded teaching dataset; not observed market data,2026-09-01T00:00:00+00:00
2026-02-05,USD_10,0.02396761773007174,absolute,SYNTHETIC: seeded teaching dataset; not observed market data,2026-09-01T00:00:00+00:00
2026-02-06,USD_10,0.023526603008164542,absolute,SYNTHETIC: seeded teaching dataset; not observed market data,2026-09-01T00:00:00+00:00
2026-02-09,USD_10,0.023490968902687804,absolute,SYNTHETIC: seeded teaching dataset; not observed market data,2026-09-01T00:00:00+00:00
2026-02-10,USD_10,0.023081556829698837,absolute,SYNTHETIC: seeded teaching dataset; not observed market data,2026-09-01T00:00:00+00:00
2026-02-11,USD_10,0.02231974872336266,absolute,SYNTHETIC: seeded teaching dataset; not observed market data,2026-09-01T00:00:00+00:00
2026-02-12,USD_10,0.02365968820552407,absolute,SYNTHETIC: seeded teaching dataset; not observed market data,2026-09-01T00:00:00+00:00
2026-02-13,USD_10,0.02368954419240878,absolute,SYNTHETIC: seeded teaching dataset; not observed market data,2026-09-01T00:00:00+00:00
2026-02-16,USD_10,0.023133672043103116,absolute,SYNTHETIC: seeded teaching dataset; not observed market data,2026-09-01T00:00:00+00:00
2026-02-17,USD_10,0.02370837109020547,absolute,SYNTHETIC: seeded teaching dataset; not observed market data,2026-09-01T00:00:00+00:00
2026-02-18,USD_10,0.02317901454786177,absolute,SYNTHETIC: seeded teaching dataset; not observed market data,2026-09-01T00:00:00+00:00
2026-02-19,USD_10,0.02303827608947955,absolute,SYNTHETIC: seeded teaching dataset; not observed market data,2026-09-01T00:00:00+00:00
2026-02-20,USD_10,0.022814986859873137,absolute,SYNTHETIC: seeded teaching dataset; not observed market data,2026-09-01T00:00:00+00:00
2026-02-23,USD_10,0.02252775034676362,absolute,SYNTHETIC: seeded teaching dataset; not observed market data,2026-09-01T00:00:00+00:00
2026-02-24,USD_10,0.023528017942223447,absolute,SYNTHETIC: seeded teaching dataset; not observed market data,2026-09-01T00:00:00+00:00
2026-02-25,USD_10,0.023046775284737555,absolute,SYNTHETIC: seeded teaching dataset; not observed market data,2026-09-01T00:00:00+00:00
2026-02-26,USD_10,0.023453200977911,absolute,SYNTHETIC: seeded teaching dataset; not observed market data,2026-09-01T00:00:00+00:00
2026-02-27,USD_10,0.023247271536121838,absolute,SYNTHETIC: seeded teaching dataset; not observed market data,2026-09-01T00:00:00+00:00
2026-03-02,USD_10,0.023827359271189414,absolute,SYNTHETIC: seeded teaching dataset; not observed market data,2026-09-01T00:00:00+00:00
2026-03-03,USD_10,0.024279391942638433,absolute,SYNTHETIC: seeded teaching dataset; not observed market data,2026-09-01T00:00:00+00:00
2026-03-04,USD_10,0.024296583679593777,absolute,SYNTHETIC: seeded teaching dataset; not observed market data,2026-09-01T00:00:00+00:00
2026-03-05,USD_10,0.024049594564432803,absolute,SYNTHETIC: seeded teaching dataset; not observed market data,2026-09-01T00:00:00+00:00
2026-03-06,USD_10,0.02458400295261386,absolute,SYNTHETIC: seeded teaching dataset; not observed market data,2026-09-01T00:00:00+00:00
2026-03-09,USD_10,0.024501078023880987,absolute,SYNTHETIC: seeded teaching dataset; not observed market data,2026-09-01T00:00:00+00:00
2026-03-10,USD_10,0.02498088416912601,absolute,SYNTHETIC: seeded teaching dataset; not observed market data,2026-09-01T00:00:00+00:00
2026-03-11,USD_10,0.025048946501094804,absolute,SYNTHETIC: seeded teaching dataset; not observed market data,2026-09-01T00:00:00+00:00
2026-03-12,USD_10,0.02444423002041855,absolute,SYNTHETIC: seeded teaching dataset; not observed market data,2026-09-01T00:00:00+00:00
2026-03-13,USD_10,0.02467418493121788,absolute,SYNTHETIC: seeded teaching dataset; not observed market data,2026-09-01T00:00:00+00:00
2026-03-16,USD_10,0.024564678667442597,absolute,SYNTHETIC: seeded teaching dataset; not observed market data,2026-09-01T00:00:00+00:00
2026-03-17,USD_10,0.024642048664573247,absolute,SYNTHETIC: seeded teaching dataset; not observed market data,2026-09-01T00:00:00+00:00
2026-03-18,USD_10,0.024474908450839227,absolute,SYNTHETIC: seeded teaching dataset; not observed market data,2026-09-01T00:00:00+00:00
2026-03-19,USD_10,0.024557533695687108,absolute,SYNTHETIC: seeded teaching dataset; not observed market data,2026-09-01T00:00:00+00:00
2026-03-20,USD_10,0.026216377520244732,absolute,SYNTHETIC: seeded teaching dataset; not observed market data,2026-09-01T00:00:00+00:00
2026-03-23,USD_10,0.026469020953277213,absolute,SYNTHETIC: seeded teaching dataset; not observed market data,2026-09-01T00:00:00+00:00
2026-03-24,USD_10,0.027041560713425738,absolute,SYNTHETIC: seeded teaching dataset; not observed market data,2026-09-01T00:00:00+00:00
2026-03-25,USD_10,0.028326515750896463,absolute,SYNTHETIC: seeded teaching dataset; not observed market data,2026-09-01T00:00:00+00:00
2026-03-26,USD_10,0.027997339811380525,absolute,SYNTHETIC: seeded teaching dataset; not observed market data,2026-09-01T00:00:00+00:00
2026-03-27,USD_10,0.027930118124545076,absolute,SYNTHETIC: seeded teaching dataset; not observed market data,2026-09-01T00:00:00+00:00
2026-03-30,USD_10,0.02801638822681157,absolute,SYNTHETIC: seeded teaching dataset; not observed market data,2026-09-01T00:00:00+00:00
2026-03-31,USD_10,0.028252378611968092,absolute,SYNTHETIC: seeded teaching dataset; not observed market data,2026-09-01T00:00:00+00:00
2026-04-01,USD_10,0.028224695391350977,absolute,SYNTHETIC: seeded teaching dataset; not observed market data,2026-09-01T00:00:00+00:00
2026-04-02,USD_10,0.02831077107025842,absolute,SYNTHETIC: seeded teaching dataset; not observed market data,2026-09-01T00:00:00+00:00
2026-04-03,USD_10,0.027679045757198113,absolute,SYNTHETIC: seeded teaching dataset; not observed market data,2026-09-01T00:00:00+00:00
2026-04-06,USD_10,0.027730844738533583,absolute,SYNTHETIC: seeded teaching dataset; not observed market data,2026-09-01T00:00:00+00:00
2026-04-07,USD_10,0.027829096599375238,absolute,SYNTHETIC: seeded teaching dataset; not observed market data,2026-09-01T00:00:00+00:00
2026-04-08,USD_10,0.027537427333656276,absolute,SYNTHETIC: seeded teaching dataset; not observed market data,2026-09-01T00:00:00+00:00
2026-04-09,USD_10,0.028037736105399388,absolute,SYNTHETIC: seeded teaching dataset; not observed market data,2026-09-01T00:00:00+00:00
2026-04-10,USD_10,0.028042577493611238,absolute,SYNTHETIC: seeded teaching dataset; not observed market data,2026-09-01T00:00:00+00:00
2026-04-13,USD_10,0.028569441996734894,absolute,SYNTHETIC: seeded teaching dataset; not observed market data,2026-09-01T00:00:00+00:00
2026-04-14,USD_10,0.028135367721042453,absolute,SYNTHETIC: seeded teaching dataset; not observed market data,2026-09-01T00:00:00+00:00
2026-04-15,USD_10,0.028155325022341793,absolute,SYNTHETIC: seeded teaching dataset; not observed market data,2026-09-01T00:00:00+00:00
2026-04-16,USD_10,0.028166268010232056,absolute,SYNTHETIC: seeded teaching dataset; not observed market data,2026-09-01T00:00:00+00:00
2026-04-17,USD_10,0.02825643176889087,absolute,SYNTHETIC: seeded teaching dataset; not observed market data,2026-09-01T00:00:00+00:00
2026-04-20,USD_10,0.027770090895717237,absolute,SYNTHETIC: seeded teaching dataset; not observed market data,2026-09-01T00:00:00+00:00
2026-04-21,USD_10,0.02748437204381893,absolute,SYNTHETIC: seeded teaching dataset; not observed market data,2026-09-01T00:00:00+00:00
2026-04-22,USD_10,0.028233920865159034,absolute,SYNTHETIC: seeded teaching dataset; not observed market data,2026-09-01T00:00:00+00:00
2026-04-23,USD_10,0.02869302946626998,absolute,SYNTHETIC: seeded teaching dataset; not observed market data,2026-09-01T00:00:00+00:00
2026-04-24,USD_10,0.028494071354557723,absolute,SYNTHETIC: seeded teaching dataset; not observed market data,2026-09-01T00:00:00+00:00
2026-04-27,USD_10,0.02856216861261571,absolute,SYNTHETIC: seeded teaching dataset; not observed market data,2026-09-01T00:00:00+00:00
2026-04-28,USD_10,0.028782697153634736,absolute,SYNTHETIC: seeded teaching dataset; not observed market data,2026-09-01T00:00:00+00:00
2026-04-29,USD_10,0.029145210062241658,absolute,SYNTHETIC: seeded teaching dataset; not observed market data,2026-09-01T00:00:00+00:00
2026-04-30,USD_10,0.0295039686292034,absolute,SYNTHETIC: seeded teaching dataset; not observed market data,2026-09-01T00:00:00+00:00
2026-05-01,USD_10,0.029209853199420845,absolute,SYNTHETIC: seeded teaching dataset; not observed market data,2026-09-01T00:00:00+00:00
2026-05-04,USD_10,0.02892547249965551,absolute,SYNTHETIC: seeded teaching dataset; not observed market data,2026-09-01T00:00:00+00:00
2026-05-05,USD_10,0.029026880460499917,absolute,SYNTHETIC: seeded teaching dataset; not observed market data,2026-09-01T00:00:00+00:00
2026-05-06,USD_10,0.02827495625477725,absolute,SYNTHETIC: seeded teaching dataset; not observed market data,2026-09-01T00:00:00+00:00
2026-05-07,USD_10,0.029422149005246066,absolute,SYNTHETIC: seeded teaching dataset; not observed market data,2026-09-01T00:00:00+00:00
2026-05-08,USD_10,0.030030308462566862,absolute,SYNTHETIC: seeded teaching dataset; not observed market data,2026-09-01T00:00:00+00:00
2026-05-11,USD_10,0.030811343298764327,absolute,SYNTHETIC: seeded teaching dataset; not observed market data,2026-09-01T00:00:00+00:00
2026-05-12,USD_10,0.031046080899831043,absolute,SYNTHETIC: seeded teaching dataset; not observed market data,2026-09-01T00:00:00+00:00
2026-05-13,USD_10,0.03075896574934735,absolute,SYNTHETIC: seeded teaching dataset; not observed market data,2026-09-01T00:00:00+00:00
2026-05-14,USD_10,0.03135720858280866,absolute,SYNTHETIC: seeded teaching dataset; not observed market data,2026-09-01T00:00:00+00:00
2026-05-15,USD_10,0.030921912289718936,absolute,SYNTHETIC: seeded teaching dataset; not observed market data,2026-09-01T00:00:00+00:00
2026-05-18,USD_10,0.03072492574178638,absolute,SYNTHETIC: seeded teaching dataset; not observed market data,2026-09-01T00:00:00+00:00
2026-05-19,USD_10,0.0305039935248906,absolute,SYNTHETIC: seeded teaching dataset; not observed market data,2026-09-01T00:00:00+00:00
2026-05-20,USD_10,0.03018324688824885,absolute,SYNTHETIC: seeded teaching dataset; not observed market data,2026-09-01T00:00:00+00:00
2026-05-21,USD_10,0.02933637649742436,absolute,SYNTHETIC: seeded teaching dataset; not observed market data,2026-09-01T00:00:00+00:00
2026-05-22,USD_10,0.03016147573360391,absolute,SYNTHETIC: seeded teaching dataset; not observed market data,2026-09-01T00:00:00+00:00
2026-05-25,USD_10,0.030416208851143444,absolute,SYNTHETIC: seeded teaching dataset; not observed market data,2026-09-01T00:00:00+00:00
2026-05-26,USD_10,0.030964194792711886,absolute,SYNTHETIC: seeded teaching dataset; not observed market data,2026-09-01T00:00:00+00:00
2026-05-27,USD_10,0.031207847412657048,absolute,SYNTHETIC: seeded teaching dataset; not observed market data,2026-09-01T00:00:00+00:00
2026-05-28,USD_10,0.031858871313317744,absolute,SYNTHETIC: seeded teaching dataset; not observed market data,2026-09-01T00:00:00+00:00
2026-05-29,USD_10,0.03209147660628277,absolute,SYNTHETIC: seeded teaching dataset; not observed market data,2026-09-01T00:00:00+00:00
2026-06-01,USD_10,0.03217577462548667,absolute,SYNTHETIC: seeded teaching dataset; not observed market data,2026-09-01T00:00:00+00:00
2026-06-02,USD_10,0.03176969820528676,absolute,SYNTHETIC: seeded teaching dataset; not observed market data,2026-09-01T00:00:00+00:00
2026-06-03,USD_10,0.03201178484455994,absolute,SYNTHETIC: seeded teaching dataset; not observed market data,2026-09-01T00:00:00+00:00
2026-06-04,USD_10,0.03216677356947863,absolute,SYNTHETIC: seeded teaching dataset; not observed market data,2026-09-01T00:00:00+00:00
2026-06-05,USD_10,0.0319358990082806,absolute,SYNTHETIC: seeded teaching dataset; not observed market data,2026-09-01T00:00:00+00:00
2026-06-08,USD_10,0.03147347146311301,absolute,SYNTHETIC: seeded teaching dataset; not observed market data,2026-09-01T00:00:00+00:00
2026-06-09,USD_10,0.03195890002332474,absolute,SYNTHETIC: seeded teaching dataset; not observed market data,2026-09-01T00:00:00+00:00
2026-06-10,USD_10,0.03150420161561367,absolute,SYNTHETIC: seeded teaching dataset; not observed market data,2026-09-01T00:00:00+00:00
2026-06-11,USD_10,0.031466667014117905,absolute,SYNTHETIC: seeded teaching dataset; not observed market data,2026-09-01T00:00:00+00:00
2026-06-12,USD_10,0.03171574117478361,absolute,SYNTHETIC: seeded teaching dataset; not observed market data,2026-09-01T00:00:00+00:00
2026-06-15,USD_10,0.03100850928468721,absolute,SYNTHETIC: seeded teaching dataset; not observed market data,2026-09-01T00:00:00+00:00
2026-06-16,USD_10,0.03082296277286573,absolute,SYNTHETIC: seeded teaching dataset; not observed market data,2026-09-01T00:00:00+00:00
2026-06-17,USD_10,0.03043759036022579,absolute,SYNTHETIC: seeded teaching dataset; not observed market data,2026-09-01T00:00:00+00:00
2026-06-18,USD_10,0.029639653323624112,absolute,SYNTHETIC: seeded teaching dataset; not observed market data,2026-09-01T00:00:00+00:00
2026-06-19,USD_10,0.030130274754431672,absolute,SYNTHETIC: seeded teaching dataset; not observed market data,2026-09-01T00:00:00+00:00
2026-06-22,USD_10,0.031048521629255445,absolute,SYNTHETIC: seeded teaching dataset; not observed market data,2026-09-01T00:00:00+00:00
2026-06-23,USD_10,0.030426876590060884,absolute,SYNTHETIC: seeded teaching dataset; not observed market data,2026-09-01T00:00:00+00:00
2026-06-24,USD_10,0.030585549912048083,absolute,SYNTHETIC: seeded teaching dataset; not observed market data,2026-09-01T00:00:00+00:00
2026-06-25,USD_10,0.03155035002393254,absolute,SYNTHETIC: seeded teaching dataset; not observed market data,2026-09-01T00:00:00+00:00
2026-06-26,USD_10,0.031819627056864,absolute,SYNTHETIC: seeded teaching dataset; not observed market data,2026-09-01T00:00:00+00:00
2026-06-29,USD_10,0.031246066371156265,absolute,SYNTHETIC: seeded teaching dataset; not observed market data,2026-09-01T00:00:00+00:00
2026-06-30,USD_10,0.03160476629390312,absolute,SYNTHETIC: seeded teaching dataset; not observed market data,2026-09-01T00:00:00+00:00
2026-07-01,USD_10,0.03184345344163074,absolute,SYNTHETIC: seeded teaching dataset; not observed market data,2026-09-01T00:00:00+00:00
2026-07-02,USD_10,0.03168263848091914,absolute,SYNTHETIC: seeded teaching dataset; not observed market data,2026-09-01T00:00:00+00:00
2026-07-03,USD_10,0.032170725595850574,absolute,SYNTHETIC: seeded teaching dataset; not observed market data,2026-09-01T00:00:00+00:00
2026-07-06,USD_10,0.03236277600236581,absolute,SYNTHETIC: seeded teaching dataset; not observed market data,2026-09-01T00:00:00+00:00
2026-07-07,USD_10,0.03204024915390777,absolute,SYNTHETIC: seeded teaching dataset; not observed market data,2026-09-01T00:00:00+00:00
2026-07-08,USD_10,0.03126461987369347,absolute,SYNTHETIC: seeded teaching dataset; not observed market data,2026-09-01T00:00:00+00:00
2026-07-09,USD_10,0.031188965900740235,absolute,SYNTHETIC: seeded teaching dataset; not observed market data,2026-09-01T00:00:00+00:00
2026-07-10,USD_10,0.03148449206056951,absolute,SYNTHETIC: seeded teaching dataset; not observed market data,2026-09-01T00:00:00+00:00
2026-07-13,USD_10,0.03131836963286834,absolute,SYNTHETIC: seeded teaching dataset; not observed market data,2026-09-01T00:00:00+00:00
2026-07-14,USD_10,0.0318079973084965,absolute,SYNTHETIC: seeded teaching dataset; not observed market data,2026-09-01T00:00:00+00:00
2026-07-15,USD_10,0.031617094008840885,absolute,SYNTHETIC: seeded teaching dataset; not observed market data,2026-09-01T00:00:00+00:00
2026-07-16,USD_10,0.03150333340528795,absolute,SYNTHETIC: seeded teaching dataset; not observed market data,2026-09-01T00:00:00+00:00
2026-07-17,USD_10,0.03191183086284402,absolute,SYNTHETIC: seeded teaching dataset; not observed market data,2026-09-01T00:00:00+00:00
2026-07-20,USD_10,0.03276595548229273,absolute,SYNTHETIC: seeded teaching dataset; not observed market data,2026-09-01T00:00:00+00:00
2026-07-21,USD_10,0.03298645889941294,absolute,SYNTHETIC: seeded teaching dataset; not observed market data,2026-09-01T00:00:00+00:00
2026-07-22,USD_10,0.032833282502739244,absolute,SYNTHETIC: seeded teaching dataset; not observed market data,2026-09-01T00:00:00+00:00
2026-07-23,USD_10,0.032454585799380584,absolute,SYNTHETIC: seeded teaching dataset; not observed market data,2026-09-01T00:00:00+00:00
2026-07-24,USD_10,0.03236392318862946,absolute,SYNTHETIC: seeded teaching dataset; not observed market data,2026-09-01T00:00:00+00:00
2026-07-27,USD_10,0.033199699638662816,absolute,SYNTHETIC: seeded teaching dataset; not observed market data,2026-09-01T00:00:00+00:00
2026-07-28,USD_10,0.033297747037090944,absolute,SYNTHETIC: seeded teaching dataset; not observed market data,2026-09-01T00:00:00+00:00
2026-07-29,USD_10,0.03383030186349999,absolute,SYNTHETIC: seeded teaching dataset; not observed market data,2026-09-01T00:00:00+00:00
2026-07-30,USD_10,0.033559670078090326,absolute,SYNTHETIC: seeded teaching dataset; not observed market data,2026-09-01T00:00:00+00:00
2026-07-31,USD_10,0.03466918399871387,absolute,SYNTHETIC: seeded teaching dataset; not observed market data,2026-09-01T00:00:00+00:00
2026-08-03,USD_10,0.0334554995716347,absolute,SYNTHETIC: seeded teaching dataset; not observed market data,2026-09-01T00:00:00+00:00
2026-08-04,USD_10,0.03409312873331885,absolute,SYNTHETIC: seeded teaching dataset; not observed market data,2026-09-01T00:00:00+00:00
2026-08-05,USD_10,0.032887712823690254,absolute,SYNTHETIC: seeded teaching dataset; not observed market data,2026-09-01T00:00:00+00:00
2026-08-06,USD_10,0.03221214047539467,absolute,SYNTHETIC: seeded teaching dataset; not observed market data,2026-09-01T00:00:00+00:00
2026-08-07,USD_10,0.0321749511124433,absolute,SYNTHETIC: seeded teaching dataset; not observed market data,2026-09-01T00:00:00+00:00
2026-08-10,USD_10,0.03209974118643977,absolute,SYNTHETIC: seeded teaching dataset; not observed market data,2026-09-01T00:00:00+00:00
2026-08-11,USD_10,0.03214552815704044,absolute,SYNTHETIC: seeded teaching dataset; not observed market data,2026-09-01T00:00:00+00:00
2026-08-12,USD_10,0.03217654281170211,absolute,SYNTHETIC: seeded teaching dataset; not observed market data,2026-09-01T00:00:00+00:00
2026-08-13,USD_10,0.03219414294866897,absolute,SYNTHETIC: seeded teaching dataset; not observed market data,2026-09-01T00:00:00+00:00
2026-08-14,USD_10,0.03277395283613188,absolute,SYNTHETIC: seeded teaching dataset; not observed market data,2026-09-01T00:00:00+00:00
2026-08-17,USD_10,0.03291273849823628,absolute,SYNTHETIC: seeded teaching dataset; not observed market data,2026-09-01T00:00:00+00:00
2026-08-18,USD_10,0.032535077186064756,absolute,SYNTHETIC: seeded teaching dataset; not observed market data,2026-09-01T00:00:00+00:00
2026-08-19,USD_10,0.032608875980486396,absolute,SYNTHETIC: seeded teaching dataset; not observed market data,2026-09-01T00:00:00+00:00
2026-08-20,USD_10,0.03303917650312403,absolute,SYNTHETIC: seeded teaching dataset; not observed market data,2026-09-01T00:00:00+00:00
2026-08-21,USD_10,0.03379915788019196,absolute,SYNTHETIC: seeded teaching dataset; not observed market data,2026-09-01T00:00:00+00:00
2026-08-24,USD_10,0.03301062753229407,absolute,SYNTHETIC: seeded teaching dataset; not observed market data,2026-09-01T00:00:00+00:00
2026-08-25,USD_10,0.032504985916022536,absolute,SYNTHETIC: seeded teaching dataset; not observed market data,2026-09-01T00:00:00+00:00
2026-08-26,USD_10,0.03199888207397421,absolute,SYNTHETIC: seeded teaching dataset; not observed market data,2026-09-01T00:00:00+00:00
2026-08-27,USD_10,0.03219969392571716,absolute,SYNTHETIC: seeded teaching dataset; not observed market data,2026-09-01T00:00:00+00:00
2026-08-28,USD_10,0.03246517523628423,absolute,SYNTHETIC: seeded teaching dataset; not observed market data,2026-09-01T00:00:00+00:00
2026-08-31,USD_10,0.033,absolute,SYNTHETIC: seeded teaching dataset; not observed market data,2026-09-01T00:00:00+00:00
2025-01-02,USD_30,0.03618895373482638,absolute,SYNTHETIC: seeded teaching dataset; not observed market data,2026-09-01T00:00:00+00:00
2025-01-03,USD_30,0.036435643865053484,absolute,SYNTHETIC: seeded teaching dataset; not observed market data,2026-09-01T00:00:00+00:00
2025-01-06,USD_30,0.03606898955138892,absolute,SYNTHETIC: seeded teaching dataset; not observed market data,2026-09-01T00:00:00+00:00
2025-01-07,USD_30,0.03658361647662424,absolute,SYNTHETIC: seeded teaching dataset; not observed market data,2026-09-01T00:00:00+00:00
2025-01-08,USD_30,0.03688585738149568,absolute,SYNTHETIC: seeded teaching dataset; not observed market data,2026-09-01T00:00:00+00:00
2025-01-09,USD_30,0.03695569394085019,absolute,SYNTHETIC: seeded teaching dataset; not observed market data,2026-09-01T00:00:00+00:00
2025-01-10,USD_30,0.037459092648021206,absolute,SYNTHETIC: seeded teaching dataset; not observed market data,2026-09-01T00:00:00+00:00
2025-01-13,USD_30,0.03719296136164006,absolute,SYNTHETIC: seeded teaching dataset; not observed market data,2026-09-01T00:00:00+00:00
2025-01-14,USD_30,0.036523420654293225,absolute,SYNTHETIC: seeded teaching dataset; not observed market data,2026-09-01T00:00:00+00:00
2025-01-15,USD_30,0.036151638416803654,absolute,SYNTHETIC: seeded teaching dataset; not observed market data,2026-09-01T00:00:00+00:00
2025-01-16,USD_30,0.03632536900523297,absolute,SYNTHETIC: seeded teaching dataset; not observed market data,2026-09-01T00:00:00+00:00
2025-01-17,USD_30,0.03706537236701585,absolute,SYNTHETIC: seeded teaching dataset; not observed market data,2026-09-01T00:00:00+00:00
2025-01-20,USD_30,0.036631063152250114,absolute,SYNTHETIC: seeded teaching dataset; not observed market data,2026-09-01T00:00:00+00:00
2025-01-21,USD_30,0.03565309895477391,absolute,SYNTHETIC: seeded teaching dataset; not observed market data,2026-09-01T00:00:00+00:00
2025-01-22,USD_30,0.035893826235402666,absolute,SYNTHETIC: seeded teaching dataset; not observed market data,2026-09-01T00:00:00+00:00
2025-01-23,USD_30,0.035518649435064324,absolute,SYNTHETIC: seeded teaching dataset; not observed market data,2026-09-01T00:00:00+00:00
2025-01-24,USD_30,0.03492292467945948,absolute,SYNTHETIC: seeded teaching dataset; not observed market data,2026-09-01T00:00:00+00:00
2025-01-27,USD_30,0.0347264688045847,absolute,SYNTHETIC: seeded teaching dataset; not observed market data,2026-09-01T00:00:00+00:00
2025-01-28,USD_30,0.034907142668521574,absolute,SYNTHETIC: seeded teaching dataset; not observed market data,2026-09-01T00:00:00+00:00
2025-01-29,USD_30,0.03448481567707202,absolute,SYNTHETIC: seeded teaching dataset; not observed market data,2026-09-01T00:00:00+00:00
2025-01-30,USD_30,0.035123342165697645,absolute,SYNTHETIC: seeded teaching dataset; not observed market data,2026-09-01T00:00:00+00:00
2025-01-31,USD_30,0.03519910978458451,absolute,SYNTHETIC: seeded teaching dataset; not observed market data,2026-09-01T00:00:00+00:00
2025-02-03,USD_30,0.03538483819102324,absolute,SYNTHETIC: seeded teaching dataset; not observed market data,2026-09-01T00:00:00+00:00
2025-02-04,USD_30,0.036010107473662956,absolute,SYNTHETIC: seeded teaching dataset; not observed market data,2026-09-01T00:00:00+00:00
2025-02-05,USD_30,0.035391636448521814,absolute,SYNTHETIC: seeded teaching dataset; not observed market data,2026-09-01T00:00:00+00:00
2025-02-06,USD_30,0.035554016490068376,absolute,SYNTHETIC: seeded teaching dataset; not observed market data,2026-09-01T00:00:00+00:00
2025-02-07,USD_30,0.03624515247599614,absolute,SYNTHETIC: seeded teaching dataset; not observed market data,2026-09-01T00:00:00+00:00
2025-02-10,USD_30,0.036727049405745386,absolute,SYNTHETIC: seeded teaching dataset; not observed market data,2026-09-01T00:00:00+00:00
2025-02-11,USD_30,0.03626771942172748,absolute,SYNTHETIC: seeded teaching dataset; not observed market data,2026-09-01T00:00:00+00:00
2025-02-12,USD_30,0.036577811868005926,absolute,SYNTHETIC: seeded teaching dataset; not observed market data,2026-09-01T00:00:00+00:00
2025-02-13,USD_30,0.03653709749915273,absolute,SYNTHETIC: seeded teaching dataset; not observed market data,2026-09-01T00:00:00+00:00
2025-02-14,USD_30,0.03634349574198021,absolute,SYNTHETIC: seeded teaching dataset; not observed market data,2026-09-01T00:00:00+00:00
2025-02-17,USD_30,0.03665997172551317,absolute,SYNTHETIC: seeded teaching dataset; not observed market data,2026-09-01T00:00:00+00:00
2025-02-18,USD_30,0.03704442273225538,absolute,SYNTHETIC: seeded teaching dataset; not observed market data,2026-09-01T00:00:00+00:00
2025-02-19,USD_30,0.037940588153195044,absolute,SYNTHETIC: seeded teaching dataset; not observed market data,2026-09-01T00:00:00+00:00
2025-02-20,USD_30,0.038411332449272154,absolute,SYNTHETIC: seeded teaching dataset; not observed market data,2026-09-01T00:00:00+00:00
2025-02-21,USD_30,0.037600407716934126,absolute,SYNTHETIC: seeded teaching dataset; not observed market data,2026-09-01T00:00:00+00:00
2025-02-24,USD_30,0.03709879373097993,absolute,SYNTHETIC: seeded teaching dataset; not observed market data,2026-09-01T00:00:00+00:00
2025-02-25,USD_30,0.03710727873774302,absolute,SYNTHETIC: seeded teaching dataset; not observed market data,2026-09-01T00:00:00+00:00
2025-02-26,USD_30,0.03671506461772397,absolute,SYNTHETIC: seeded teaching dataset; not observed market data,2026-09-01T00:00:00+00:00
2025-02-27,USD_30,0.037078587542163366,absolute,SYNTHETIC: seeded teaching dataset; not observed market data,2026-09-01T00:00:00+00:00
2025-02-28,USD_30,0.0368919329594204,absolute,SYNTHETIC: seeded teaching dataset; not observed market data,2026-09-01T00:00:00+00:00
2025-03-03,USD_30,0.03679398041118514,absolute,SYNTHETIC: seeded teaching dataset; not observed market data,2026-09-01T00:00:00+00:00
2025-03-04,USD_30,0.036328014411499444,absolute,SYNTHETIC: seeded teaching dataset; not observed market data,2026-09-01T00:00:00+00:00
2025-03-05,USD_30,0.03720339462857044,absolute,SYNTHETIC: seeded teaching dataset; not observed market data,2026-09-01T00:00:00+00:00
2025-03-06,USD_30,0.0377657337583145,absolute,SYNTHETIC: seeded teaching dataset; not observed market data,2026-09-01T00:00:00+00:00
2025-03-07,USD_30,0.03773837115040368,absolute,SYNTHETIC: seeded teaching dataset; not observed market data,2026-09-01T00:00:00+00:00
2025-03-10,USD_30,0.03855473754145903,absolute,SYNTHETIC: seeded teaching dataset; not observed market data,2026-09-01T00:00:00+00:00
2025-03-11,USD_30,0.038750409378919895,absolute,SYNTHETIC: seeded teaching dataset; not observed market data,2026-09-01T00:00:00+00:00
2025-03-12,USD_30,0.038556260742977966,absolute,SYNTHETIC: seeded teaching dataset; not observed market data,2026-09-01T00:00:00+00:00
2025-03-13,USD_30,0.03829180716503935,absolute,SYNTHETIC: seeded teaching dataset; not observed market data,2026-09-01T00:00:00+00:00
2025-03-14,USD_30,0.038474923656738456,absolute,SYNTHETIC: seeded teaching dataset; not observed market data,2026-09-01T00:00:00+00:00
2025-03-17,USD_30,0.03940764218835938,absolute,SYNTHETIC: seeded teaching dataset; not observed market data,2026-09-01T00:00:00+00:00
2025-03-18,USD_30,0.03917213322190722,absolute,SYNTHETIC: seeded teaching dataset; not observed market data,2026-09-01T00:00:00+00:00
2025-03-19,USD_30,0.03969607409768733,absolute,SYNTHETIC: seeded teaching dataset; not observed market data,2026-09-01T00:00:00+00:00
2025-03-20,USD_30,0.03971845661113697,absolute,SYNTHETIC: seeded teaching dataset; not observed market data,2026-09-01T00:00:00+00:00
2025-03-21,USD_30,0.039907594259962785,absolute,SYNTHETIC: seeded teaching dataset; not observed market data,2026-09-01T00:00:00+00:00
2025-03-24,USD_30,0.03960863313511956,absolute,SYNTHETIC: seeded teaching dataset; not observed market data,2026-09-01T00:00:00+00:00
2025-03-25,USD_30,0.03982397628244877,absolute,SYNTHETIC: seeded teaching dataset; not observed market data,2026-09-01T00:00:00+00:00
2025-03-26,USD_30,0.04084018051716312,absolute,SYNTHETIC: seeded teaching dataset; not observed market data,2026-09-01T00:00:00+00:00
2025-03-27,USD_30,0.04096494292836354,absolute,SYNTHETIC: seeded teaching dataset; not observed market data,2026-09-01T00:00:00+00:00
2025-03-28,USD_30,0.041553084909547344,absolute,SYNTHETIC: seeded teaching dataset; not observed market data,2026-09-01T00:00:00+00:00
2025-03-31,USD_30,0.04131406768553335,absolute,SYNTHETIC: seeded teaching dataset; not observed market data,2026-09-01T00:00:00+00:00
2025-04-01,USD_30,0.04265099223019137,absolute,SYNTHETIC: seeded teaching dataset; not observed market data,2026-09-01T00:00:00+00:00
2025-04-02,USD_30,0.04174288771419868,absolute,SYNTHETIC: seeded teaching dataset; not observed market data,2026-09-01T00:00:00+00:00
2025-04-03,USD_30,0.041694818060920125,absolute,SYNTHETIC: seeded teaching dataset; not observed market data,2026-09-01T00:00:00+00:00
2025-04-04,USD_30,0.0413654365083017,absolute,SYNTHETIC: seeded teaching dataset; not observed market data,2026-09-01T00:00:00+00:00
2025-04-07,USD_30,0.04092010225121676,absolute,SYNTHETIC: seeded teaching dataset; not observed market data,2026-09-01T00:00:00+00:00
2025-04-08,USD_30,0.04062919285980793,absolute,SYNTHETIC: seeded teaching dataset; not observed market data,2026-09-01T00:00:00+00:00
2025-04-09,USD_30,0.040380677792651684,absolute,SYNTHETIC: seeded teaching dataset; not observed market data,2026-09-01T00:00:00+00:00
2025-04-10,USD_30,0.04072845278844543,absolute,SYNTHETIC: seeded teaching dataset; not observed market data,2026-09-01T00:00:00+00:00
2025-04-11,USD_30,0.04137450039600654,absolute,SYNTHETIC: seeded teaching dataset; not observed market data,2026-09-01T00:00:00+00:00
2025-04-14,USD_30,0.040878038597120844,absolute,SYNTHETIC: seeded teaching dataset; not observed market data,2026-09-01T00:00:00+00:00
2025-04-15,USD_30,0.04086284078181226,absolute,SYNTHETIC: seeded teaching dataset; not observed market data,2026-09-01T00:00:00+00:00
2025-04-16,USD_30,0.04100449978147651,absolute,SYNTHETIC: seeded teaching dataset; not observed market data,2026-09-01T00:00:00+00:00
2025-04-17,USD_30,0.041288925690976995,absolute,SYNTHETIC: seeded teaching dataset; not observed market data,2026-09-01T00:00:00+00:00
2025-04-18,USD_30,0.040931524296450854,absolute,SYNTHETIC: seeded teaching dataset; not observed market data,2026-09-01T00:00:00+00:00
2025-04-21,USD_30,0.04084222338379893,absolute,SYNTHETIC: seeded teaching dataset; not observed market data,2026-09-01T00:00:00+00:00
2025-04-22,USD_30,0.04079633069476166,absolute,SYNTHETIC: seeded teaching dataset; not observed market data,2026-09-01T00:00:00+00:00
2025-04-23,USD_30,0.04048958914150359,absolute,SYNTHETIC: seeded teaching dataset; not observed market data,2026-09-01T00:00:00+00:00
2025-04-24,USD_30,0.04052851203186751,absolute,SYNTHETIC: seeded teaching dataset; not observed market data,2026-09-01T00:00:00+00:00
2025-04-25,USD_30,0.04100793961530703,absolute,SYNTHETIC: seeded teaching dataset; not observed market data,2026-09-01T00:00:00+00:00
2025-04-28,USD_30,0.0413825503642236,absolute,SYNTHETIC: seeded teaching dataset; not observed market data,2026-09-01T00:00:00+00:00
2025-04-29,USD_30,0.0411245087969936,absolute,SYNTHETIC: seeded teaching dataset; not observed market data,2026-09-01T00:00:00+00:00
2025-04-30,USD_30,0.0410411187977559,absolute,SYNTHETIC: seeded teaching dataset; not observed market data,2026-09-01T00:00:00+00:00
2025-05-01,USD_30,0.04062429116639275,absolute,SYNTHETIC: seeded teaching dataset; not observed market data,2026-09-01T00:00:00+00:00
2025-05-02,USD_30,0.04004202743295179,absolute,SYNTHETIC: seeded teaching dataset; not observed market data,2026-09-01T00:00:00+00:00
2025-05-05,USD_30,0.03984778551044716,absolute,SYNTHETIC: seeded teaching dataset; not observed market data,2026-09-01T00:00:00+00:00
2025-05-06,USD_30,0.03983026917906882,absolute,SYNTHETIC: seeded teaching dataset; not observed market data,2026-09-01T00:00:00+00:00
2025-05-07,USD_30,0.04005892438140645,absolute,SYNTHETIC: seeded teaching dataset; not observed market data,2026-09-01T00:00:00+00:00
2025-05-08,USD_30,0.03977202270703746,absolute,SYNTHETIC: seeded teaching dataset; not observed market data,2026-09-01T00:00:00+00:00
2025-05-09,USD_30,0.03856899965922192,absolute,SYNTHETIC: seeded teaching dataset; not observed market data,2026-09-01T00:00:00+00:00
2025-05-12,USD_30,0.03878875528414787,absolute,SYNTHETIC: seeded teaching dataset; not observed market data,2026-09-01T00:00:00+00:00
2025-05-13,USD_30,0.038855815777756327,absolute,SYNTHETIC: seeded teaching dataset; not observed market data,2026-09-01T00:00:00+00:00
2025-05-14,USD_30,0.03932259241497151,absolute,SYNTHETIC: seeded teaching dataset; not observed market data,2026-09-01T00:00:00+00:00
2025-05-15,USD_30,0.039372605800603575,absolute,SYNTHETIC: seeded teaching dataset; not observed market data,2026-09-01T00:00:00+00:00
2025-05-16,USD_30,0.03997282216360206,absolute,SYNTHETIC: seeded teaching dataset; not observed market data,2026-09-01T00:00:00+00:00
2025-05-19,USD_30,0.038945900990356615,absolute,SYNTHETIC: seeded teaching dataset; not observed market data,2026-09-01T00:00:00+00:00
2025-05-20,USD_30,0.039644668057316604,absolute,SYNTHETIC: seeded teaching dataset; not observed market data,2026-09-01T00:00:00+00:00
2025-05-21,USD_30,0.03991804034829867,absolute,SYNTHETIC: seeded teaching dataset; not observed market data,2026-09-01T00:00:00+00:00
2025-05-22,USD_30,0.03997157338495669,absolute,SYNTHETIC: seeded teaching dataset; not observed market data,2026-09-01T00:00:00+00:00
2025-05-23,USD_30,0.040001605094654974,absolute,SYNTHETIC: seeded teaching dataset; not observed market data,2026-09-01T00:00:00+00:00
2025-05-26,USD_30,0.040417809106101446,absolute,SYNTHETIC: seeded teaching dataset; not observed market data,2026-09-01T00:00:00+00:00
2025-05-27,USD_30,0.04050780685631481,absolute,SYNTHETIC: seeded teaching dataset; not observed market data,2026-09-01T00:00:00+00:00
2025-05-28,USD_30,0.040552767882835725,absolute,SYNTHETIC: seeded teaching dataset; not observed market data,2026-09-01T00:00:00+00:00
2025-05-29,USD_30,0.039357465873080984,absolute,SYNTHETIC: seeded teaching dataset; not observed market data,2026-09-01T00:00:00+00:00
2025-05-30,USD_30,0.03832667732062214,absolute,SYNTHETIC: seeded teaching dataset; not observed market data,2026-09-01T00:00:00+00:00
2025-06-02,USD_30,0.03779722995950446,absolute,SYNTHETIC: seeded teaching dataset; not observed market data,2026-09-01T00:00:00+00:00
2025-06-03,USD_30,0.036574497785240086,absolute,SYNTHETIC: seeded teaching dataset; not observed market data,2026-09-01T00:00:00+00:00
2025-06-04,USD_30,0.03652296390421824,absolute,SYNTHETIC: seeded teaching dataset; not observed market data,2026-09-01T00:00:00+00:00
2025-06-05,USD_30,0.035946946867341754,absolute,SYNTHETIC: seeded teaching dataset; not observed market data,2026-09-01T00:00:00+00:00
2025-06-06,USD_30,0.035249100901368555,absolute,SYNTHETIC: seeded teaching dataset; not observed market data,2026-09-01T00:00:00+00:00
2025-06-09,USD_30,0.03458964492632278,absolute,SYNTHETIC: seeded teaching dataset; not observed market data,2026-09-01T00:00:00+00:00
2025-06-10,USD_30,0.03446575641252242,absolute,SYNTHETIC: seeded teaching dataset; not observed market data,2026-09-01T00:00:00+00:00
2025-06-11,USD_30,0.034694374730438876,absolute,SYNTHETIC: seeded teaching dataset; not observed market data,2026-09-01T00:00:00+00:00
2025-06-12,USD_30,0.034253927646757325,absolute,SYNTHETIC: seeded teaching dataset; not observed market data,2026-09-01T00:00:00+00:00
2025-06-13,USD_30,0.0341847902953029,absolute,SYNTHETIC: seeded teaching dataset; not observed market data,2026-09-01T00:00:00+00:00
2025-06-16,USD_30,0.03401940748516716,absolute,SYNTHETIC: seeded teaching dataset; not observed market data,2026-09-01T00:00:00+00:00
2025-06-17,USD_30,0.03365953703529555,absolute,SYNTHETIC: seeded teaching dataset; not observed market data,2026-09-01T00:00:00+00:00
2025-06-18,USD_30,0.03333150155865201,absolute,SYNTHETIC: seeded teaching dataset; not observed market data,2026-09-01T00:00:00+00:00
2025-06-19,USD_30,0.03432081820205093,absolute,SYNTHETIC: seeded teaching dataset; not observed market data,2026-09-01T00:00:00+00:00
2025-06-20,USD_30,0.03375253285688988,absolute,SYNTHETIC: seeded teaching dataset; not observed market data,2026-09-01T00:00:00+00:00
2025-06-23,USD_30,0.03389065727232742,absolute,SYNTHETIC: seeded teaching dataset; not observed market data,2026-09-01T00:00:00+00:00
2025-06-24,USD_30,0.03332561017587984,absolute,SYNTHETIC: seeded teaching dataset; not observed market data,2026-09-01T00:00:00+00:00
2025-06-25,USD_30,0.03351616413668691,absolute,SYNTHETIC: seeded teaching dataset; not observed market data,2026-09-01T00:00:00+00:00
2025-06-26,USD_30,0.033321132518061826,absolute,SYNTHETIC: seeded teaching dataset; not observed market data,2026-09-01T00:00:00+00:00
2025-06-27,USD_30,0.03342320513817781,absolute,SYNTHETIC: seeded teaching dataset; not observed market data,2026-09-01T00:00:00+00:00
2025-06-30,USD_30,0.03369306050835255,absolute,SYNTHETIC: seeded teaching dataset; not observed market data,2026-09-01T00:00:00+00:00
2025-07-01,USD_30,0.03343702395412441,absolute,SYNTHETIC: seeded teaching dataset; not observed market data,2026-09-01T00:00:00+00:00
2025-07-02,USD_30,0.03275546184882165,absolute,SYNTHETIC: seeded teaching dataset; not observed market data,2026-09-01T00:00:00+00:00
2025-07-03,USD_30,0.032551280814787885,absolute,SYNTHETIC: seeded teaching dataset; not observed market data,2026-09-01T00:00:00+00:00
2025-07-04,USD_30,0.03223141911253516,absolute,SYNTHETIC: seeded teaching dataset; not observed market data,2026-09-01T00:00:00+00:00
2025-07-07,USD_30,0.03199885122161704,absolute,SYNTHETIC: seeded teaching dataset; not observed market data,2026-09-01T00:00:00+00:00
2025-07-08,USD_30,0.03187984544505265,absolute,SYNTHETIC: seeded teaching dataset; not observed market data,2026-09-01T00:00:00+00:00
2025-07-09,USD_30,0.03206657036966672,absolute,SYNTHETIC: seeded teaching dataset; not observed market data,2026-09-01T00:00:00+00:00
2025-07-10,USD_30,0.03190898922041212,absolute,SYNTHETIC: seeded teaching dataset; not observed market data,2026-09-01T00:00:00+00:00
2025-07-11,USD_30,0.031683692940238053,absolute,SYNTHETIC: seeded teaching dataset; not observed market data,2026-09-01T00:00:00+00:00
2025-07-14,USD_30,0.031234248751528863,absolute,SYNTHETIC: seeded teaching dataset; not observed market data,2026-09-01T00:00:00+00:00
2025-07-15,USD_30,0.03075201331419657,absolute,SYNTHETIC: seeded teaching dataset; not observed market data,2026-09-01T00:00:00+00:00
2025-07-16,USD_30,0.030201073355438316,absolute,SYNTHETIC: seeded teaching dataset; not observed market data,2026-09-01T00:00:00+00:00
2025-07-17,USD_30,0.030074618650710486,absolute,SYNTHETIC: seeded teaching dataset; not observed market data,2026-09-01T00:00:00+00:00
2025-07-18,USD_30,0.029570040763088234,absolute,SYNTHETIC: seeded teaching dataset; not observed market data,2026-09-01T00:00:00+00:00
2025-07-21,USD_30,0.029888687175460626,absolute,SYNTHETIC: seeded teaching dataset; not observed market data,2026-09-01T00:00:00+00:00
2025-07-22,USD_30,0.029493774426610855,absolute,SYNTHETIC: seeded teaching dataset; not observed market data,2026-09-01T00:00:00+00:00
2025-07-23,USD_30,0.029205456793904464,absolute,SYNTHETIC: seeded teaching dataset; not observed market data,2026-09-01T00:00:00+00:00
2025-07-24,USD_30,0.029763604633533034,absolute,SYNTHETIC: seeded teaching dataset; not observed market data,2026-09-01T00:00:00+00:00
2025-07-25,USD_30,0.029885644369429577,absolute,SYNTHETIC: seeded teaching dataset; not observed market data,2026-09-01T00:00:00+00:00
2025-07-28,USD_30,0.03019582127043748,absolute,SYNTHETIC: seeded teaching dataset; not observed market data,2026-09-01T00:00:00+00:00
2025-07-29,USD_30,0.0304550719933822,absolute,SYNTHETIC: seeded teaching dataset; not observed market data,2026-09-01T00:00:00+00:00
2025-07-30,USD_30,0.03093465896261802,absolute,SYNTHETIC: seeded teaching dataset; not observed market data,2026-09-01T00:00:00+00:00
2025-07-31,USD_30,0.030683801577895266,absolute,SYNTHETIC: seeded teaching dataset; not observed market data,2026-09-01T00:00:00+00:00
2025-08-01,USD_30,0.031756985337266466,absolute,SYNTHETIC: seeded teaching dataset; not observed market data,2026-09-01T00:00:00+00:00
2025-08-04,USD_30,0.03234889493189257,absolute,SYNTHETIC: seeded teaching dataset; not observed market data,2026-09-01T00:00:00+00:00
2025-08-05,USD_30,0.031828402356012295,absolute,SYNTHETIC: seeded teaching dataset; not observed market data,2026-09-01T00:00:00+00:00
2025-08-06,USD_30,0.03180466614933836,absolute,SYNTHETIC: seeded teaching dataset; not observed market data,2026-09-01T00:00:00+00:00
2025-08-07,USD_30,0.0316100861525466,absolute,SYNTHETIC: seeded teaching dataset; not observed market data,2026-09-01T00:00:00+00:00
2025-08-08,USD_30,0.03146886197887038,absolute,SYNTHETIC: seeded teaching dataset; not observed market data,2026-09-01T00:00:00+00:00
2025-08-11,USD_30,0.032063045876606425,absolute,SYNTHETIC: seeded teaching dataset; not observed market data,2026-09-01T00:00:00+00:00
2025-08-12,USD_30,0.03160657416964554,absolute,SYNTHETIC: seeded teaching dataset; not observed market data,2026-09-01T00:00:00+00:00
2025-08-13,USD_30,0.031160424908267207,absolute,SYNTHETIC: seeded teaching dataset; not observed market data,2026-09-01T00:00:00+00:00
2025-08-14,USD_30,0.03091044607674381,absolute,SYNTHETIC: seeded teaching dataset; not observed market data,2026-09-01T00:00:00+00:00
2025-08-15,USD_30,0.030964487121518437,absolute,SYNTHETIC: seeded teaching dataset; not observed market data,2026-09-01T00:00:00+00:00
2025-08-18,USD_30,0.030823327287083976,absolute,SYNTHETIC: seeded teaching dataset; not observed market data,2026-09-01T00:00:00+00:00
2025-08-19,USD_30,0.03108334799929899,absolute,SYNTHETIC: seeded teaching dataset; not observed market data,2026-09-01T00:00:00+00:00
2025-08-20,USD_30,0.030237249473485665,absolute,SYNTHETIC: seeded teaching dataset; not observed market data,2026-09-01T00:00:00+00:00
2025-08-21,USD_30,0.02990792779856712,absolute,SYNTHETIC: seeded teaching dataset; not observed market data,2026-09-01T00:00:00+00:00
2025-08-22,USD_30,0.029973567945305247,absolute,SYNTHETIC: seeded teaching dataset; not observed market data,2026-09-01T00:00:00+00:00
2025-08-25,USD_30,0.029296904796129206,absolute,SYNTHETIC: seeded teaching dataset; not observed market data,2026-09-01T00:00:00+00:00
2025-08-26,USD_30,0.02890904374904125,absolute,SYNTHETIC: seeded teaching dataset; not observed market data,2026-09-01T00:00:00+00:00
2025-08-27,USD_30,0.029124219440823104,absolute,SYNTHETIC: seeded teaching dataset; not observed market data,2026-09-01T00:00:00+00:00
2025-08-28,USD_30,0.028946547946437483,absolute,SYNTHETIC: seeded teaching dataset; not observed market data,2026-09-01T00:00:00+00:00
2025-08-29,USD_30,0.02877019946771795,absolute,SYNTHETIC: seeded teaching dataset; not observed market data,2026-09-01T00:00:00+00:00
2025-09-01,USD_30,0.029414872296604905,absolute,SYNTHETIC: seeded teaching dataset; not observed market data,2026-09-01T00:00:00+00:00
2025-09-02,USD_30,0.02960462826338681,absolute,SYNTHETIC: seeded teaching dataset; not observed market data,2026-09-01T00:00:00+00:00
2025-09-03,USD_30,0.029732721513985472,absolute,SYNTHETIC: seeded teaching dataset; not observed market data,2026-09-01T00:00:00+00:00
2025-09-04,USD_30,0.029604163738840967,absolute,SYNTHETIC: seeded teaching dataset; not observed market data,2026-09-01T00:00:00+00:00
2025-09-05,USD_30,0.0297444790948859,absolute,SYNTHETIC: seeded teaching dataset; not observed market data,2026-09-01T00:00:00+00:00
2025-09-08,USD_30,0.029756736501604274,absolute,SYNTHETIC: seeded teaching dataset; not observed market data,2026-09-01T00:00:00+00:00
2025-09-09,USD_30,0.029619104193852056,absolute,SYNTHETIC: seeded teaching dataset; not observed market data,2026-09-01T00:00:00+00:00
2025-09-10,USD_30,0.02927572285679309,absolute,SYNTHETIC: seeded teaching dataset; not observed market data,2026-09-01T00:00:00+00:00
2025-09-11,USD_30,0.02962606292337804,absolute,SYNTHETIC: seeded teaching dataset; not observed market data,2026-09-01T00:00:00+00:00
2025-09-12,USD_30,0.029736892731097166,absolute,SYNTHETIC: seeded teaching dataset; not observed market data,2026-09-01T00:00:00+00:00
2025-09-15,USD_30,0.029645760017301712,absolute,SYNTHETIC: seeded teaching dataset; not observed market data,2026-09-01T00:00:00+00:00
2025-09-16,USD_30,0.02941020062979789,absolute,SYNTHETIC: seeded teaching dataset; not observed market data,2026-09-01T00:00:00+00:00
2025-09-17,USD_30,0.028395307329781173,absolute,SYNTHETIC: seeded teaching dataset; not observed market data,2026-09-01T00:00:00+00:00
2025-09-18,USD_30,0.028638200005325874,absolute,SYNTHETIC: seeded teaching dataset; not observed market data,2026-09-01T00:00:00+00:00
2025-09-19,USD_30,0.02821604884320127,absolute,SYNTHETIC: seeded teaching dataset; not observed market data,2026-09-01T00:00:00+00:00
2025-09-22,USD_30,0.027383354636274667,absolute,SYNTHETIC: seeded teaching dataset; not observed market data,2026-09-01T00:00:00+00:00
2025-09-23,USD_30,0.028153314314938945,absolute,SYNTHETIC: seeded teaching dataset; not observed market data,2026-09-01T00:00:00+00:00
2025-09-24,USD_30,0.02845145460686552,absolute,SYNTHETIC: seeded teaching dataset; not observed market data,2026-09-01T00:00:00+00:00
2025-09-25,USD_30,0.0294118830918241,absolute,SYNTHETIC: seeded teaching dataset; not observed market data,2026-09-01T00:00:00+00:00
2025-09-26,USD_30,0.02924398174902171,absolute,SYNTHETIC: seeded teaching dataset; not observed market data,2026-09-01T00:00:00+00:00
2025-09-29,USD_30,0.028883157480380766,absolute,SYNTHETIC: seeded teaching dataset; not observed market data,2026-09-01T00:00:00+00:00
2025-09-30,USD_30,0.028028686982439224,absolute,SYNTHETIC: seeded teaching dataset; not observed market data,2026-09-01T00:00:00+00:00
2025-10-01,USD_30,0.028260782767852304,absolute,SYNTHETIC: seeded teaching dataset; not observed market data,2026-09-01T00:00:00+00:00
2025-10-02,USD_30,0.029187642096882616,absolute,SYNTHETIC: seeded teaching dataset; not observed market data,2026-09-01T00:00:00+00:00
2025-10-03,USD_30,0.028499180042422117,absolute,SYNTHETIC: seeded teaching dataset; not observed market data,2026-09-01T00:00:00+00:00
2025-10-06,USD_30,0.02875597313290448,absolute,SYNTHETIC: seeded teaching dataset; not observed market data,2026-09-01T00:00:00+00:00
2025-10-07,USD_30,0.028613789343741838,absolute,SYNTHETIC: seeded teaching dataset; not observed market data,2026-09-01T00:00:00+00:00
2025-10-08,USD_30,0.027792645601706762,absolute,SYNTHETIC: seeded teaching dataset; not observed market data,2026-09-01T00:00:00+00:00
2025-10-09,USD_30,0.028253486742512306,absolute,SYNTHETIC: seeded teaching dataset; not observed market data,2026-09-01T00:00:00+00:00
2025-10-10,USD_30,0.028345093555012562,absolute,SYNTHETIC: seeded teaching dataset; not observed market data,2026-09-01T00:00:00+00:00
2025-10-13,USD_30,0.028728558431740523,absolute,SYNTHETIC: seeded teaching dataset; not observed market data,2026-09-01T00:00:00+00:00
2025-10-14,USD_30,0.028233016382615803,absolute,SYNTHETIC: seeded teaching dataset; not observed market data,2026-09-01T00:00:00+00:00
2025-10-15,USD_30,0.028202656279173382,absolute,SYNTHETIC: seeded teaching dataset; not observed market data,2026-09-01T00:00:00+00:00
2025-10-16,USD_30,0.028373068685252714,absolute,SYNTHETIC: seeded teaching dataset; not observed market data,2026-09-01T00:00:00+00:00
2025-10-17,USD_30,0.02873226765697883,absolute,SYNTHETIC: seeded teaching dataset; not observed market data,2026-09-01T00:00:00+00:00
2025-10-20,USD_30,0.02921143501296986,absolute,SYNTHETIC: seeded teaching dataset; not observed market data,2026-09-01T00:00:00+00:00
2025-10-21,USD_30,0.029011467420288973,absolute,SYNTHETIC: seeded teaching dataset; not observed market data,2026-09-01T00:00:00+00:00
2025-10-22,USD_30,0.0291998270145556,absolute,SYNTHETIC: seeded teaching dataset; not observed market data,2026-09-01T00:00:00+00:00
2025-10-23,USD_30,0.02893360200518783,absolute,SYNTHETIC: seeded teaching dataset; not observed market data,2026-09-01T00:00:00+00:00
2025-10-24,USD_30,0.0289766574482796,absolute,SYNTHETIC: seeded teaching dataset; not observed market data,2026-09-01T00:00:00+00:00
2025-10-27,USD_30,0.029138346315898473,absolute,SYNTHETIC: seeded teaching dataset; not observed market data,2026-09-01T00:00:00+00:00
2025-10-28,USD_30,0.028642041700445122,absolute,SYNTHETIC: seeded teaching dataset; not observed market data,2026-09-01T00:00:00+00:00
2025-10-29,USD_30,0.0285018094353168,absolute,SYNTHETIC: seeded teaching dataset; not observed market data,2026-09-01T00:00:00+00:00
2025-10-30,USD_30,0.028216227169816237,absolute,SYNTHETIC: seeded teaching dataset; not observed market data,2026-09-01T00:00:00+00:00
2025-10-31,USD_30,0.028693122038464938,absolute,SYNTHETIC: seeded teaching dataset; not observed market data,2026-09-01T00:00:00+00:00
2025-11-03,USD_30,0.028278518057240815,absolute,SYNTHETIC: seeded teaching dataset; not observed market data,2026-09-01T00:00:00+00:00
2025-11-04,USD_30,0.02783403488722529,absolute,SYNTHETIC: seeded teaching dataset; not observed market data,2026-09-01T00:00:00+00:00
2025-11-05,USD_30,0.028147567779795386,absolute,SYNTHETIC: seeded teaching dataset; not observed market data,2026-09-01T00:00:00+00:00
2025-11-06,USD_30,0.02865096189899455,absolute,SYNTHETIC: seeded teaching dataset; not observed market data,2026-09-01T00:00:00+00:00
2025-11-07,USD_30,0.027978125462816673,absolute,SYNTHETIC: seeded teaching dataset; not observed market data,2026-09-01T00:00:00+00:00
2025-11-10,USD_30,0.028307239740321018,absolute,SYNTHETIC: seeded teaching dataset; not observed market data,2026-09-01T00:00:00+00:00
2025-11-11,USD_30,0.028535388863907152,absolute,SYNTHETIC: seeded teaching dataset; not observed market data,2026-09-01T00:00:00+00:00
2025-11-12,USD_30,0.02865587937504006,absolute,SYNTHETIC: seeded teaching dataset; not observed market data,2026-09-01T00:00:00+00:00
2025-11-13,USD_30,0.02770220971899885,absolute,SYNTHETIC: seeded teaching dataset; not observed market data,2026-09-01T00:00:00+00:00
2025-11-14,USD_30,0.028880867716176217,absolute,SYNTHETIC: seeded teaching dataset; not observed market data,2026-09-01T00:00:00+00:00
2025-11-17,USD_30,0.028506817983941373,absolute,SYNTHETIC: seeded teaching dataset; not observed market data,2026-09-01T00:00:00+00:00
2025-11-18,USD_30,0.02814603550657135,absolute,SYNTHETIC: seeded teaching dataset; not observed market data,2026-09-01T00:00:00+00:00
2025-11-19,USD_30,0.028291014035176924,absolute,SYNTHETIC: seeded teaching dataset; not observed market data,2026-09-01T00:00:00+00:00
2025-11-20,USD_30,0.028909427542458167,absolute,SYNTHETIC: seeded teaching dataset; not observed market data,2026-09-01T00:00:00+00:00
2025-11-21,USD_30,0.028401140059302093,absolute,SYNTHETIC: seeded teaching dataset; not observed market data,2026-09-01T00:00:00+00:00
2025-11-24,USD_30,0.0279203070750513,absolute,SYNTHETIC: seeded teaching dataset; not observed market data,2026-09-01T00:00:00+00:00
2025-11-25,USD_30,0.027828409314469792,absolute,SYNTHETIC: seeded teaching dataset; not observed market data,2026-09-01T00:00:00+00:00
2025-11-26,USD_30,0.027610345408756603,absolute,SYNTHETIC: seeded teaching dataset; not observed market data,2026-09-01T00:00:00+00:00
2025-11-27,USD_30,0.028521979596903623,absolute,SYNTHETIC: seeded teaching dataset; not observed market data,2026-09-01T00:00:00+00:00
2025-11-28,USD_30,0.02898518315968805,absolute,SYNTHETIC: seeded teaching dataset; not observed market data,2026-09-01T00:00:00+00:00
2025-12-01,USD_30,0.02871977383736581,absolute,SYNTHETIC: seeded teaching dataset; not observed market data,2026-09-01T00:00:00+00:00
2025-12-02,USD_30,0.02813085368948407,absolute,SYNTHETIC: seeded teaching dataset; not observed market data,2026-09-01T00:00:00+00:00
2025-12-03,USD_30,0.028371340159209665,absolute,SYNTHETIC: seeded teaching dataset; not observed market data,2026-09-01T00:00:00+00:00
2025-12-04,USD_30,0.028072200929460073,absolute,SYNTHETIC: seeded teaching dataset; not observed market data,2026-09-01T00:00:00+00:00
2025-12-05,USD_30,0.027798394994701884,absolute,SYNTHETIC: seeded teaching dataset; not observed market data,2026-09-01T00:00:00+00:00
2025-12-08,USD_30,0.02842316243091769,absolute,SYNTHETIC: seeded teaching dataset; not observed market data,2026-09-01T00:00:00+00:00
2025-12-09,USD_30,0.02864120308785267,absolute,SYNTHETIC: seeded teaching dataset; not observed market data,2026-09-01T00:00:00+00:00
2025-12-10,USD_30,0.02904189748913855,absolute,SYNTHETIC: seeded teaching dataset; not observed market data,2026-09-01T00:00:00+00:00
2025-12-11,USD_30,0.029630217143174046,absolute,SYNTHETIC: seeded teaching dataset; not observed market data,2026-09-01T00:00:00+00:00
2025-12-12,USD_30,0.029040311626976806,absolute,SYNTHETIC: seeded teaching dataset; not observed market data,2026-09-01T00:00:00+00:00
2025-12-15,USD_30,0.02839233056599976,absolute,SYNTHETIC: seeded teaching dataset; not observed market data,2026-09-01T00:00:00+00:00
2025-12-16,USD_30,0.02819114795112008,absolute,SYNTHETIC: seeded teaching dataset; not observed market data,2026-09-01T00:00:00+00:00
2025-12-17,USD_30,0.02849077515674511,absolute,SYNTHETIC: seeded teaching dataset; not observed market data,2026-09-01T00:00:00+00:00
2025-12-18,USD_30,0.028400415539815965,absolute,SYNTHETIC: seeded teaching dataset; not observed market data,2026-09-01T00:00:00+00:00
2025-12-19,USD_30,0.029574036796211862,absolute,SYNTHETIC: seeded teaching dataset; not observed market data,2026-09-01T00:00:00+00:00
2025-12-22,USD_30,0.030396800636379135,absolute,SYNTHETIC: seeded teaching dataset; not observed market data,2026-09-01T00:00:00+00:00
2025-12-23,USD_30,0.030283180446968778,absolute,SYNTHETIC: seeded teaching dataset; not observed market data,2026-09-01T00:00:00+00:00
2025-12-24,USD_30,0.030285582157395945,absolute,SYNTHETIC: seeded teaching dataset; not observed market data,2026-09-01T00:00:00+00:00
2025-12-25,USD_30,0.0302710304162345,absolute,SYNTHETIC: seeded teaching dataset; not observed market data,2026-09-01T00:00:00+00:00
2025-12-26,USD_30,0.031182309411786745,absolute,SYNTHETIC: seeded teaching dataset; not observed market data,2026-09-01T00:00:00+00:00
2025-12-29,USD_30,0.03025295569865794,absolute,SYNTHETIC: seeded teaching dataset; not observed market data,2026-09-01T00:00:00+00:00
2025-12-30,USD_30,0.03009899766794431,absolute,SYNTHETIC: seeded teaching dataset; not observed market data,2026-09-01T00:00:00+00:00
2025-12-31,USD_30,0.02931531323226003,absolute,SYNTHETIC: seeded teaching dataset; not observed market data,2026-09-01T00:00:00+00:00
2026-01-01,USD_30,0.029438755164639247,absolute,SYNTHETIC: seeded teaching dataset; not observed market data,2026-09-01T00:00:00+00:00
2026-01-02,USD_30,0.029871047321443873,absolute,SYNTHETIC: seeded teaching dataset; not observed market data,2026-09-01T00:00:00+00:00
2026-01-05,USD_30,0.030995029976649175,absolute,SYNTHETIC: seeded teaching dataset; not observed market data,2026-09-01T00:00:00+00:00
2026-01-06,USD_30,0.030552556003585574,absolute,SYNTHETIC: seeded teaching dataset; not observed market data,2026-09-01T00:00:00+00:00
2026-01-07,USD_30,0.02999292802103615,absolute,SYNTHETIC: seeded teaching dataset; not observed market data,2026-09-01T00:00:00+00:00
2026-01-08,USD_30,0.02923216050573806,absolute,SYNTHETIC: seeded teaching dataset; not observed market data,2026-09-01T00:00:00+00:00
2026-01-09,USD_30,0.03001624021302932,absolute,SYNTHETIC: seeded teaching dataset; not observed market data,2026-09-01T00:00:00+00:00
2026-01-12,USD_30,0.03062583903588974,absolute,SYNTHETIC: seeded teaching dataset; not observed market data,2026-09-01T00:00:00+00:00
2026-01-13,USD_30,0.0301194214106662,absolute,SYNTHETIC: seeded teaching dataset; not observed market data,2026-09-01T00:00:00+00:00
2026-01-14,USD_30,0.02995721193545325,absolute,SYNTHETIC: seeded teaching dataset; not observed market data,2026-09-01T00:00:00+00:00
2026-01-15,USD_30,0.029734375400339023,absolute,SYNTHETIC: seeded teaching dataset; not observed market data,2026-09-01T00:00:00+00:00
2026-01-16,USD_30,0.029444733283440636,absolute,SYNTHETIC: seeded teaching dataset; not observed market data,2026-09-01T00:00:00+00:00
2026-01-19,USD_30,0.02935012696251026,absolute,SYNTHETIC: seeded teaching dataset; not observed market data,2026-09-01T00:00:00+00:00
2026-01-20,USD_30,0.029905395616395925,absolute,SYNTHETIC: seeded teaching dataset; not observed market data,2026-09-01T00:00:00+00:00
2026-01-21,USD_30,0.03074485783737892,absolute,SYNTHETIC: seeded teaching dataset; not observed market data,2026-09-01T00:00:00+00:00
2026-01-22,USD_30,0.030354834788321964,absolute,SYNTHETIC: seeded teaching dataset; not observed market data,2026-09-01T00:00:00+00:00
2026-01-23,USD_30,0.03154837392148066,absolute,SYNTHETIC: seeded teaching dataset; not observed market data,2026-09-01T00:00:00+00:00
2026-01-26,USD_30,0.0312058931699201,absolute,SYNTHETIC: seeded teaching dataset; not observed market data,2026-09-01T00:00:00+00:00
2026-01-27,USD_30,0.0313990225683833,absolute,SYNTHETIC: seeded teaching dataset; not observed market data,2026-09-01T00:00:00+00:00
2026-01-28,USD_30,0.031098905246004633,absolute,SYNTHETIC: seeded teaching dataset; not observed market data,2026-09-01T00:00:00+00:00
2026-01-29,USD_30,0.031210243357461063,absolute,SYNTHETIC: seeded teaching dataset; not observed market data,2026-09-01T00:00:00+00:00
2026-01-30,USD_30,0.031251687444675984,absolute,SYNTHETIC: seeded teaching dataset; not observed market data,2026-09-01T00:00:00+00:00
2026-02-02,USD_30,0.031344899866481084,absolute,SYNTHETIC: seeded teaching dataset; not observed market data,2026-09-01T00:00:00+00:00
2026-02-03,USD_30,0.0310667067335646,absolute,SYNTHETIC: seeded teaching dataset; not observed market data,2026-09-01T00:00:00+00:00
2026-02-04,USD_30,0.030977247135116504,absolute,SYNTHETIC: seeded teaching dataset; not observed market data,2026-09-01T00:00:00+00:00
2026-02-05,USD_30,0.0299280954226708,absolute,SYNTHETIC: seeded teaching dataset; not observed market data,2026-09-01T00:00:00+00:00
2026-02-06,USD_30,0.029897397700444136,absolute,SYNTHETIC: seeded teaching dataset; not observed market data,2026-09-01T00:00:00+00:00
2026-02-09,USD_30,0.02957322317536479,absolute,SYNTHETIC: seeded teaching dataset; not observed market data,2026-09-01T00:00:00+00:00
2026-02-10,USD_30,0.029100996391944817,absolute,SYNTHETIC: seeded teaching dataset; not observed market data,2026-09-01T00:00:00+00:00
2026-02-11,USD_30,0.028576106730028052,absolute,SYNTHETIC: seeded teaching dataset; not observed market data,2026-09-01T00:00:00+00:00
2026-02-12,USD_30,0.029224328375423807,absolute,SYNTHETIC: seeded teaching dataset; not observed market data,2026-09-01T00:00:00+00:00
2026-02-13,USD_30,0.029224518164118102,absolute,SYNTHETIC: seeded teaching dataset; not observed market data,2026-09-01T00:00:00+00:00
2026-02-16,USD_30,0.02917013047727775,absolute,SYNTHETIC: seeded teaching dataset; not observed market data,2026-09-01T00:00:00+00:00
2026-02-17,USD_30,0.028960503534128632,absolute,SYNTHETIC: seeded teaching dataset; not observed market data,2026-09-01T00:00:00+00:00
2026-02-18,USD_30,0.028407790136034842,absolute,SYNTHETIC: seeded teaching dataset; not observed market data,2026-09-01T00:00:00+00:00
2026-02-19,USD_30,0.028166792634793245,absolute,SYNTHETIC: seeded teaching dataset; not observed market data,2026-09-01T00:00:00+00:00
2026-02-20,USD_30,0.02774305005154096,absolute,SYNTHETIC: seeded teaching dataset; not observed market data,2026-09-01T00:00:00+00:00
2026-02-23,USD_30,0.02790714928852778,absolute,SYNTHETIC: seeded teaching dataset; not observed market data,2026-09-01T00:00:00+00:00
2026-02-24,USD_30,0.028727936314303704,absolute,SYNTHETIC: seeded teaching dataset; not observed market data,2026-09-01T00:00:00+00:00
2026-02-25,USD_30,0.027463548062735,absolute,SYNTHETIC: seeded teaching dataset; not observed market data,2026-09-01T00:00:00+00:00
2026-02-26,USD_30,0.02811727626445537,absolute,SYNTHETIC: seeded teaching dataset; not observed market data,2026-09-01T00:00:00+00:00
2026-02-27,USD_30,0.028331268986821066,absolute,SYNTHETIC: seeded teaching dataset; not observed market data,2026-09-01T00:00:00+00:00
2026-03-02,USD_30,0.029791684735883697,absolute,SYNTHETIC: seeded teaching dataset; not observed market data,2026-09-01T00:00:00+00:00
2026-03-03,USD_30,0.030477068521584157,absolute,SYNTHETIC: seeded teaching dataset; not observed market data,2026-09-01T00:00:00+00:00
2026-03-04,USD_30,0.030893367800956684,absolute,SYNTHETIC: seeded teaching dataset; not observed market data,2026-09-01T00:00:00+00:00
2026-03-05,USD_30,0.031110939195027932,absolute,SYNTHETIC: seeded teaching dataset; not observed market data,2026-09-01T00:00:00+00:00
2026-03-06,USD_30,0.03158875027567844,absolute,SYNTHETIC: seeded teaching dataset; not observed market data,2026-09-01T00:00:00+00:00
2026-03-09,USD_30,0.03246111499278432,absolute,SYNTHETIC: seeded teaching dataset; not observed market data,2026-09-01T00:00:00+00:00
2026-03-10,USD_30,0.03332268228905408,absolute,SYNTHETIC: seeded teaching dataset; not observed market data,2026-09-01T00:00:00+00:00
2026-03-11,USD_30,0.033414721291365926,absolute,SYNTHETIC: seeded teaching dataset; not observed market data,2026-09-01T00:00:00+00:00
2026-03-12,USD_30,0.03326795763061538,absolute,SYNTHETIC: seeded teaching dataset; not observed market data,2026-09-01T00:00:00+00:00
2026-03-13,USD_30,0.0339532774760008,absolute,SYNTHETIC: seeded teaching dataset; not observed market data,2026-09-01T00:00:00+00:00
2026-03-16,USD_30,0.03454114379715455,absolute,SYNTHETIC: seeded teaching dataset; not observed market data,2026-09-01T00:00:00+00:00
2026-03-17,USD_30,0.03426623015338703,absolute,SYNTHETIC: seeded teaching dataset; not observed market data,2026-09-01T00:00:00+00:00
2026-03-18,USD_30,0.03419150686564578,absolute,SYNTHETIC: seeded teaching dataset; not observed market data,2026-09-01T00:00:00+00:00
2026-03-19,USD_30,0.034200463015956147,absolute,SYNTHETIC: seeded teaching dataset; not observed market data,2026-09-01T00:00:00+00:00
2026-03-20,USD_30,0.03532078613741054,absolute,SYNTHETIC: seeded teaching dataset; not observed market data,2026-09-01T00:00:00+00:00
2026-03-23,USD_30,0.03587091559956824,absolute,SYNTHETIC: seeded teaching dataset; not observed market data,2026-09-01T00:00:00+00:00
2026-03-24,USD_30,0.036644804944526585,absolute,SYNTHETIC: seeded teaching dataset; not observed market data,2026-09-01T00:00:00+00:00
2026-03-25,USD_30,0.03729482657603306,absolute,SYNTHETIC: seeded teaching dataset; not observed market data,2026-09-01T00:00:00+00:00
2026-03-26,USD_30,0.036576815078288666,absolute,SYNTHETIC: seeded teaching dataset; not observed market data,2026-09-01T00:00:00+00:00
2026-03-27,USD_30,0.0367052131030598,absolute,SYNTHETIC: seeded teaching dataset; not observed market data,2026-09-01T00:00:00+00:00
2026-03-30,USD_30,0.036850388088541436,absolute,SYNTHETIC: seeded teaching dataset; not observed market data,2026-09-01T00:00:00+00:00
2026-03-31,USD_30,0.03704764867951432,absolute,SYNTHETIC: seeded teaching dataset; not observed market data,2026-09-01T00:00:00+00:00
2026-04-01,USD_30,0.036953481088615764,absolute,SYNTHETIC: seeded teaching dataset; not observed market data,2026-09-01T00:00:00+00:00
2026-04-02,USD_30,0.03682110049984461,absolute,SYNTHETIC: seeded teaching dataset; not observed market data,2026-09-01T00:00:00+00:00
2026-04-03,USD_30,0.03742379433968835,absolute,SYNTHETIC: seeded teaching dataset; not observed market data,2026-09-01T00:00:00+00:00
2026-04-06,USD_30,0.03767236948654828,absolute,SYNTHETIC: seeded teaching dataset; not observed market data,2026-09-01T00:00:00+00:00
2026-04-07,USD_30,0.03682771106667594,absolute,SYNTHETIC: seeded teaching dataset; not observed market data,2026-09-01T00:00:00+00:00
2026-04-08,USD_30,0.03713928499616921,absolute,SYNTHETIC: seeded teaching dataset; not observed market data,2026-09-01T00:00:00+00:00
2026-04-09,USD_30,0.03733667235396458,absolute,SYNTHETIC: seeded teaching dataset; not observed market data,2026-09-01T00:00:00+00:00
2026-04-10,USD_30,0.03673766752658106,absolute,SYNTHETIC: seeded teaching dataset; not observed market data,2026-09-01T00:00:00+00:00
2026-04-13,USD_30,0.0365742181799623,absolute,SYNTHETIC: seeded teaching dataset; not observed market data,2026-09-01T00:00:00+00:00
2026-04-14,USD_30,0.03689719126282806,absolute,SYNTHETIC: seeded teaching dataset; not observed market data,2026-09-01T00:00:00+00:00
2026-04-15,USD_30,0.036478326917566,absolute,SYNTHETIC: seeded teaching dataset; not observed market data,2026-09-01T00:00:00+00:00
2026-04-16,USD_30,0.036361313472731964,absolute,SYNTHETIC: seeded teaching dataset; not observed market data,2026-09-01T00:00:00+00:00
2026-04-17,USD_30,0.036729014712029114,absolute,SYNTHETIC: seeded teaching dataset; not observed market data,2026-09-01T00:00:00+00:00
2026-04-20,USD_30,0.03740809789106191,absolute,SYNTHETIC: seeded teaching dataset; not observed market data,2026-09-01T00:00:00+00:00
2026-04-21,USD_30,0.03732074261675413,absolute,SYNTHETIC: seeded teaching dataset; not observed market data,2026-09-01T00:00:00+00:00
2026-04-22,USD_30,0.03730688380370835,absolute,SYNTHETIC: seeded teaching dataset; not observed market data,2026-09-01T00:00:00+00:00
2026-04-23,USD_30,0.03767010045579744,absolute,SYNTHETIC: seeded teaching dataset; not observed market data,2026-09-01T00:00:00+00:00
2026-04-24,USD_30,0.037567904400408414,absolute,SYNTHETIC: seeded teaching dataset; not observed market data,2026-09-01T00:00:00+00:00
2026-04-27,USD_30,0.038285195873234396,absolute,SYNTHETIC: seeded teaching dataset; not observed market data,2026-09-01T00:00:00+00:00
2026-04-28,USD_30,0.03748792483622023,absolute,SYNTHETIC: seeded teaching dataset; not observed market data,2026-09-01T00:00:00+00:00
2026-04-29,USD_30,0.03725436540927307,absolute,SYNTHETIC: seeded teaching dataset; not observed market data,2026-09-01T00:00:00+00:00
2026-04-30,USD_30,0.037821239612288414,absolute,SYNTHETIC: seeded teaching dataset; not observed market data,2026-09-01T00:00:00+00:00
2026-05-01,USD_30,0.03746338224765743,absolute,SYNTHETIC: seeded teaching dataset; not observed market data,2026-09-01T00:00:00+00:00
2026-05-04,USD_30,0.0375901555772882,absolute,SYNTHETIC: seeded teaching dataset; not observed market data,2026-09-01T00:00:00+00:00
2026-05-05,USD_30,0.038087812548531226,absolute,SYNTHETIC: seeded teaching dataset; not observed market data,2026-09-01T00:00:00+00:00
2026-05-06,USD_30,0.038049963974581553,absolute,SYNTHETIC: seeded teaching dataset; not observed market data,2026-09-01T00:00:00+00:00
2026-05-07,USD_30,0.038501286993777195,absolute,SYNTHETIC: seeded teaching dataset; not observed market data,2026-09-01T00:00:00+00:00
2026-05-08,USD_30,0.03853751676425242,absolute,SYNTHETIC: seeded teaching dataset; not observed market data,2026-09-01T00:00:00+00:00
2026-05-11,USD_30,0.03854055679950368,absolute,SYNTHETIC: seeded teaching dataset; not observed market data,2026-09-01T00:00:00+00:00
2026-05-12,USD_30,0.038606164100606515,absolute,SYNTHETIC: seeded teaching dataset; not observed market data,2026-09-01T00:00:00+00:00
2026-05-13,USD_30,0.038615368838500544,absolute,SYNTHETIC: seeded teaching dataset; not observed market data,2026-09-01T00:00:00+00:00
2026-05-14,USD_30,0.038760231128873446,absolute,SYNTHETIC: seeded teaching dataset; not observed market data,2026-09-01T00:00:00+00:00
2026-05-15,USD_30,0.0387463520911263,absolute,SYNTHETIC: seeded teaching dataset; not observed market data,2026-09-01T00:00:00+00:00
2026-05-18,USD_30,0.03855606418261644,absolute,SYNTHETIC: seeded teaching dataset; not observed market data,2026-09-01T00:00:00+00:00
2026-05-19,USD_30,0.03799770958751187,absolute,SYNTHETIC: seeded teaching dataset; not observed market data,2026-09-01T00:00:00+00:00
2026-05-20,USD_30,0.03830559331389227,absolute,SYNTHETIC: seeded teaching dataset; not observed market data,2026-09-01T00:00:00+00:00
2026-05-21,USD_30,0.03833952213506183,absolute,SYNTHETIC: seeded teaching dataset; not observed market data,2026-09-01T00:00:00+00:00
2026-05-22,USD_30,0.03929693919592748,absolute,SYNTHETIC: seeded teaching dataset; not observed market data,2026-09-01T00:00:00+00:00
2026-05-25,USD_30,0.040598511351211175,absolute,SYNTHETIC: seeded teaching dataset; not observed market data,2026-09-01T00:00:00+00:00
2026-05-26,USD_30,0.04080841907840596,absolute,SYNTHETIC: seeded teaching dataset; not observed market data,2026-09-01T00:00:00+00:00
2026-05-27,USD_30,0.04062841358236691,absolute,SYNTHETIC: seeded teaching dataset; not observed market data,2026-09-01T00:00:00+00:00
2026-05-28,USD_30,0.041243658748485956,absolute,SYNTHETIC: seeded teaching dataset; not observed market data,2026-09-01T00:00:00+00:00
2026-05-29,USD_30,0.041986192406508374,absolute,SYNTHETIC: seeded teaching dataset; not observed market data,2026-09-01T00:00:00+00:00
2026-06-01,USD_30,0.041527105674572795,absolute,SYNTHETIC: seeded teaching dataset; not observed market data,2026-09-01T00:00:00+00:00
2026-06-02,USD_30,0.04032076809441305,absolute,SYNTHETIC: seeded teaching dataset; not observed market data,2026-09-01T00:00:00+00:00
2026-06-03,USD_30,0.04030519517044054,absolute,SYNTHETIC: seeded teaching dataset; not observed market data,2026-09-01T00:00:00+00:00
2026-06-04,USD_30,0.04106658913659205,absolute,SYNTHETIC: seeded teaching dataset; not observed market data,2026-09-01T00:00:00+00:00
2026-06-05,USD_30,0.04094410172567938,absolute,SYNTHETIC: seeded teaching dataset; not observed market data,2026-09-01T00:00:00+00:00
2026-06-08,USD_30,0.04056204002477134,absolute,SYNTHETIC: seeded teaching dataset; not observed market data,2026-09-01T00:00:00+00:00
2026-06-09,USD_30,0.04098354183731231,absolute,SYNTHETIC: seeded teaching dataset; not observed market data,2026-09-01T00:00:00+00:00
2026-06-10,USD_30,0.04119942961767556,absolute,SYNTHETIC: seeded teaching dataset; not observed market data,2026-09-01T00:00:00+00:00
2026-06-11,USD_30,0.04086511958314443,absolute,SYNTHETIC: seeded teaching dataset; not observed market data,2026-09-01T00:00:00+00:00
2026-06-12,USD_30,0.04120693891804244,absolute,SYNTHETIC: seeded teaching dataset; not observed market data,2026-09-01T00:00:00+00:00
2026-06-15,USD_30,0.04021931099351595,absolute,SYNTHETIC: seeded teaching dataset; not observed market data,2026-09-01T00:00:00+00:00
2026-06-16,USD_30,0.04035062343860729,absolute,SYNTHETIC: seeded teaching dataset; not observed market data,2026-09-01T00:00:00+00:00
2026-06-17,USD_30,0.04015259532123473,absolute,SYNTHETIC: seeded teaching dataset; not observed market data,2026-09-01T00:00:00+00:00
2026-06-18,USD_30,0.039988797744989445,absolute,SYNTHETIC: seeded teaching dataset; not observed market data,2026-09-01T00:00:00+00:00
2026-06-19,USD_30,0.040668529847713616,absolute,SYNTHETIC: seeded teaching dataset; not observed market data,2026-09-01T00:00:00+00:00
2026-06-22,USD_30,0.04153368063199043,absolute,SYNTHETIC: seeded teaching dataset; not observed market data,2026-09-01T00:00:00+00:00
2026-06-23,USD_30,0.04083912374844432,absolute,SYNTHETIC: seeded teaching dataset; not observed market data,2026-09-01T00:00:00+00:00
2026-06-24,USD_30,0.041066463347620985,absolute,SYNTHETIC: seeded teaching dataset; not observed market data,2026-09-01T00:00:00+00:00
2026-06-25,USD_30,0.04156258945522706,absolute,SYNTHETIC: seeded teaching dataset; not observed market data,2026-09-01T00:00:00+00:00
2026-06-26,USD_30,0.041471648934626106,absolute,SYNTHETIC: seeded teaching dataset; not observed market data,2026-09-01T00:00:00+00:00
2026-06-29,USD_30,0.0413607318860528,absolute,SYNTHETIC: seeded teaching dataset; not observed market data,2026-09-01T00:00:00+00:00
2026-06-30,USD_30,0.04199020825570041,absolute,SYNTHETIC: seeded teaching dataset; not observed market data,2026-09-01T00:00:00+00:00
2026-07-01,USD_30,0.041937201972674365,absolute,SYNTHETIC: seeded teaching dataset; not observed market data,2026-09-01T00:00:00+00:00
2026-07-02,USD_30,0.04186700046318477,absolute,SYNTHETIC: seeded teaching dataset; not observed market data,2026-09-01T00:00:00+00:00
2026-07-03,USD_30,0.0416614785129614,absolute,SYNTHETIC: seeded teaching dataset; not observed market data,2026-09-01T00:00:00+00:00
2026-07-06,USD_30,0.04215580257601325,absolute,SYNTHETIC: seeded teaching dataset; not observed market data,2026-09-01T00:00:00+00:00
2026-07-07,USD_30,0.041972222395763537,absolute,SYNTHETIC: seeded teaching dataset; not observed market data,2026-09-01T00:00:00+00:00
2026-07-08,USD_30,0.041566483980078756,absolute,SYNTHETIC: seeded teaching dataset; not observed market data,2026-09-01T00:00:00+00:00
2026-07-09,USD_30,0.04128380905461133,absolute,SYNTHETIC: seeded teaching dataset; not observed market data,2026-09-01T00:00:00+00:00
2026-07-10,USD_30,0.04193813913589514,absolute,SYNTHETIC: seeded teaching dataset; not observed market data,2026-09-01T00:00:00+00:00
2026-07-13,USD_30,0.04192501710852811,absolute,SYNTHETIC: seeded teaching dataset; not observed market data,2026-09-01T00:00:00+00:00
2026-07-14,USD_30,0.04171694827663244,absolute,SYNTHETIC: seeded teaching dataset; not observed market data,2026-09-01T00:00:00+00:00
2026-07-15,USD_30,0.0415099125646705,absolute,SYNTHETIC: seeded teaching dataset; not observed market data,2026-09-01T00:00:00+00:00
2026-07-16,USD_30,0.041031317949633085,absolute,SYNTHETIC: seeded teaching dataset; not observed market data,2026-09-01T00:00:00+00:00
2026-07-17,USD_30,0.0412115189191367,absolute,SYNTHETIC: seeded teaching dataset; not observed market data,2026-09-01T00:00:00+00:00
2026-07-20,USD_30,0.04142565208761471,absolute,SYNTHETIC: seeded teaching dataset; not observed market data,2026-09-01T00:00:00+00:00
2026-07-21,USD_30,0.04054158888443576,absolute,SYNTHETIC: seeded teaching dataset; not observed market data,2026-09-01T00:00:00+00:00
2026-07-22,USD_30,0.04117688103934295,absolute,SYNTHETIC: seeded teaching dataset; not observed market data,2026-09-01T00:00:00+00:00
2026-07-23,USD_30,0.041633631986465865,absolute,SYNTHETIC: seeded teaching dataset; not observed market data,2026-09-01T00:00:00+00:00
2026-07-24,USD_30,0.04166129756419699,absolute,SYNTHETIC: seeded teaching dataset; not observed market data,2026-09-01T00:00:00+00:00
2026-07-27,USD_30,0.04191758899484591,absolute,SYNTHETIC: seeded teaching dataset; not observed market data,2026-09-01T00:00:00+00:00
2026-07-28,USD_30,0.04215573454734109,absolute,SYNTHETIC: seeded teaching dataset; not observed market data,2026-09-01T00:00:00+00:00
2026-07-29,USD_30,0.04291057712104284,absolute,SYNTHETIC: seeded teaching dataset; not observed market data,2026-09-01T00:00:00+00:00
2026-07-30,USD_30,0.042428506252658864,absolute,SYNTHETIC: seeded teaching dataset; not observed market data,2026-09-01T00:00:00+00:00
2026-07-31,USD_30,0.04262751037384714,absolute,SYNTHETIC: seeded teaching dataset; not observed market data,2026-09-01T00:00:00+00:00
2026-08-03,USD_30,0.04211130141681524,absolute,SYNTHETIC: seeded teaching dataset; not observed market data,2026-09-01T00:00:00+00:00
2026-08-04,USD_30,0.0427969321660305,absolute,SYNTHETIC: seeded teaching dataset; not observed market data,2026-09-01T00:00:00+00:00
2026-08-05,USD_30,0.04208695763922665,absolute,SYNTHETIC: seeded teaching dataset; not observed market data,2026-09-01T00:00:00+00:00
2026-08-06,USD_30,0.041249204321920294,absolute,SYNTHETIC: seeded teaching dataset; not observed market data,2026-09-01T00:00:00+00:00
2026-08-07,USD_30,0.04155205936059342,absolute,SYNTHETIC: seeded teaching dataset; not observed market data,2026-09-01T00:00:00+00:00
2026-08-10,USD_30,0.04113430608832302,absolute,SYNTHETIC: seeded teaching dataset; not observed market data,2026-09-01T00:00:00+00:00
2026-08-11,USD_30,0.040607428808907484,absolute,SYNTHETIC: seeded teaching dataset; not observed market data,2026-09-01T00:00:00+00:00
2026-08-12,USD_30,0.03968861919820663,absolute,SYNTHETIC: seeded teaching dataset; not observed market data,2026-09-01T00:00:00+00:00
2026-08-13,USD_30,0.0395950465142709,absolute,SYNTHETIC: seeded teaching dataset; not observed market data,2026-09-01T00:00:00+00:00
2026-08-14,USD_30,0.040319613105265835,absolute,SYNTHETIC: seeded teaching dataset; not observed market data,2026-09-01T00:00:00+00:00
2026-08-17,USD_30,0.04095683845745445,absolute,SYNTHETIC: seeded teaching dataset; not observed market data,2026-09-01T00:00:00+00:00
2026-08-18,USD_30,0.04058410876151821,absolute,SYNTHETIC: seeded teaching dataset; not observed market data,2026-09-01T00:00:00+00:00
2026-08-19,USD_30,0.04084066350635367,absolute,SYNTHETIC: seeded teaching dataset; not observed market data,2026-09-01T00:00:00+00:00
2026-08-20,USD_30,0.04042026671558457,absolute,SYNTHETIC: seeded teaching dataset; not observed market data,2026-09-01T00:00:00+00:00
2026-08-21,USD_30,0.04073007981211947,absolute,SYNTHETIC: seeded teaching dataset; not observed market data,2026-09-01T00:00:00+00:00
2026-08-24,USD_30,0.04016552610304384,absolute,SYNTHETIC: seeded teaching dataset; not observed market data,2026-09-01T00:00:00+00:00
2026-08-25,USD_30,0.03954707295977787,absolute,SYNTHETIC: seeded teaching dataset; not observed market data,2026-09-01T00:00:00+00:00
2026-08-26,USD_30,0.03935842136321181,absolute,SYNTHETIC: seeded teaching dataset; not observed market data,2026-09-01T00:00:00+00:00
2026-08-27,USD_30,0.03897120942980684,absolute,SYNTHETIC: seeded teaching dataset; not observed market data,2026-09-01T00:00:00+00:00
2026-08-28,USD_30,0.038333616076377336,absolute,SYNTHETIC: seeded teaching dataset; not observed market data,2026-09-01T00:00:00+00:00
2026-08-31,USD_30,0.039,absolute,SYNTHETIC: seeded teaching dataset; not observed market data,2026-09-01T00:00:00+00:00
