date,security_id,price,adjusted_price,source,retrieval_timestamp
2025-01-02,CA_EQ,97.85740253378844,97.85740253378844,SYNTHETIC: seeded teaching dataset; not observed market data,2026-09-01T00:00:00+00:00
2025-01-03,CA_EQ,97.94199053685189,97.94199053685189,SYNTHETIC: seeded teaching dataset; not observed market data,2026-09-01T00:00:00+00:00
2025-01-06,CA_EQ,96.33241358390123,96.33241358390123,SYNTHETIC: seeded teaching dataset; not observed market data,2026-09-01T00:00:00+00:00
2025-01-07,CA_EQ,96.3492381293612,96.3492381293612,SYNTHETIC: seeded teaching dataset; not observed market data,2026-09-01T00:00:00+00:00
2025-01-08,CA_EQ,95.35676514632881,95.35676514632881,SYNTHETIC: seeded teaching dataset; not observed market data,2026-09-01T00:00:00+00:00
2025-01-09,CA_EQ,95.95758205338416,95.95758205338416,SYNTHETIC: seeded teaching dataset; not observed market data,2026-09-01T00:00:00+00:00
2025-01-10,CA_EQ,96.25009997271904,96.25009997271904,SYNTHETIC: seeded teaching dataset; not observed market data,2026-09-01T00:00:00+00:00
2025-01-13,CA_EQ,95.8409618398431,95.8409618398431,SYNTHETIC: seeded teaching dataset; not observed market data,2026-09-01T00:00:00+00:00
2025-01-14,CA_EQ,95.66326929032303,95.66326929032303,SYNTHETIC: seeded teaching dataset; not observed market data,2026-09-01T00:00:00+00:00
2025-01-15,CA_EQ,96.44541795907573,96.44541795907573,SYNTHETIC: seeded teaching dataset; not observed market data,2026-09-01T00:00:00+00:00
2025-01-16,CA_EQ,95.6435591743454,95.6435591743454,SYNTHETIC: seeded teaching dataset; not observed market data,2026-09-01T00:00:00+00:00
2025-01-17,CA_EQ,96.20481547471556,96.20481547471556,SYNTHETIC: seeded teaching dataset; not observed market data,2026-09-01T00:00:00+00:00
2025-01-20,CA_EQ,96.92088050656852,96.92088050656852,SYNTHETIC: seeded teaching dataset; not observed market data,2026-09-01T00:00:00+00:00
2025-01-21,CA_EQ,97.39589907733249,97.39589907733249,SYNTHETIC: seeded teaching dataset; not observed market data,2026-09-01T00:00:00+00:00
2025-01-22,CA_EQ,97.57396130765015,97.57396130765015,SYNTHETIC: seeded teaching dataset; not observed market data,2026-09-01T00:00:00+00:00
2025-01-23,CA_EQ,97.39019776636864,97.39019776636864,SYNTHETIC: seeded teaching dataset; not observed market data,2026-09-01T00:00:00+00:00
2025-01-24,CA_EQ,97.54390320058306,97.54390320058306,SYNTHETIC: seeded teaching dataset; not observed market data,2026-09-01T00:00:00+00:00
2025-01-27,CA_EQ,98.99366347983187,98.99366347983187,SYNTHETIC: seeded teaching dataset; not observed market data,2026-09-01T00:00:00+00:00
2025-01-28,CA_EQ,100.43829618419116,100.43829618419116,SYNTHETIC: seeded teaching dataset; not observed market data,2026-09-01T00:00:00+00:00
2025-01-29,CA_EQ,99.01826757051366,99.01826757051366,SYNTHETIC: seeded teaching dataset; not observed market data,2026-09-01T00:00:00+00:00
2025-01-30,CA_EQ,100.50379474390247,100.50379474390247,SYNTHETIC: seeded teaching dataset; not observed market data,2026-09-01T00:00:00+00:00
2025-01-31,CA_EQ,101.50262388933986,101.50262388933986,SYNTHETIC: seeded teaching dataset; not observed market data,2026-09-01T00:00:00+00:00
2025-02-03,CA_EQ,102.19583841759199,102.19583841759199,SYNTHETIC: seeded teaching dataset; not observed market data,2026-09-01T00:00:00+00:00
2025-02-04,CA_EQ,104.1545078831197,104.1545078831197,SYNTHETIC: seeded teaching dataset; not observed market data,2026-09-01T00:00:00+00:00
2025-02-05,CA_EQ,106.09948781389478,106.09948781389478,SYNTHETIC: seeded teaching dataset; not observed market data,2026-09-01T00:00:00+00:00
2025-02-06,CA_EQ,107.38246761268087,107.38246761268087,SYNTHETIC: seeded teaching dataset; not observed market data,2026-09-01T00:00:00+00:00
2025-02-07,CA_EQ,107.52479131839718,107.52479131839718,SYNTHETIC: seeded teaching dataset; not observed market data,2026-09-01T00:00:00+00:00
2025-02-10,CA_EQ,106.65959680723284,106.65959680723284,SYNTHETIC: seeded teaching dataset; not observed market data,2026-09-01T00:00:00+00:00
2025-02-11,CA_EQ,107.27933409767402,107.27933409767402,SYNTHETIC: seeded teaching dataset; not observed market data,2026-09-01T00:00:00+00:00
2025-02-12,CA_EQ,108.0949929784809,108.0949929784809,SYNTHETIC: seeded teaching dataset; not observed market data,2026-09-01T00:00:00+00:00
2025-02-13,CA_EQ,107.69864564485852,107.69864564485852,SYNTHETIC: seeded teaching dataset; not observed market data,2026-09-01T00:00:00+00:00
2025-02-14,CA_EQ,107.27710374360653,107.27710374360653,SYNTHETIC: seeded teaching dataset; not observed market data,2026-09-01T00:00:00+00:00
2025-02-17,CA_EQ,106.31718336132077,106.31718336132077,SYNTHETIC: seeded teaching dataset; not observed market data,2026-09-01T00:00:00+00:00
2025-02-18,CA_EQ,104.79249122683163,104.79249122683163,SYNTHETIC: seeded teaching dataset; not observed market data,2026-09-01T00:00:00+00:00
2025-02-19,CA_EQ,107.30873209762031,107.30873209762031,SYNTHETIC: seeded teaching dataset; not observed market data,2026-09-01T00:00:00+00:00
2025-02-20,CA_EQ,107.86556329606223,107.86556329606223,SYNTHETIC: seeded teaching dataset; not observed market data,2026-09-01T00:00:00+00:00
2025-02-21,CA_EQ,107.25506810902881,107.25506810902881,SYNTHETIC: seeded teaching dataset; not observed market data,2026-09-01T00:00:00+00:00
2025-02-24,CA_EQ,107.12018215151386,107.12018215151386,SYNTHETIC: seeded teaching dataset; not observed market data,2026-09-01T00:00:00+00:00
2025-02-25,CA_EQ,108.44813505425887,108.44813505425887,SYNTHETIC: seeded teaching dataset; not observed market data,2026-09-01T00:00:00+00:00
2025-02-26,CA_EQ,106.0891891259264,106.0891891259264,SYNTHETIC: seeded teaching dataset; not observed market data,2026-09-01T00:00:00+00:00
2025-02-27,CA_EQ,104.53886395617585,104.53886395617585,SYNTHETIC: seeded teaching dataset; not observed market data,2026-09-01T00:00:00+00:00
2025-02-28,CA_EQ,105.19866657888525,105.19866657888525,SYNTHETIC: seeded teaching dataset; not observed market data,2026-09-01T00:00:00+00:00
2025-03-03,CA_EQ,104.03612492239705,104.03612492239705,SYNTHETIC: seeded teaching dataset; not observed market data,2026-09-01T00:00:00+00:00
2025-03-04,CA_EQ,103.00850300560363,103.00850300560363,SYNTHETIC: seeded teaching dataset; not observed market data,2026-09-01T00:00:00+00:00
2025-03-05,CA_EQ,102.17554601827715,102.17554601827715,SYNTHETIC: seeded teaching dataset; not observed market data,2026-09-01T00:00:00+00:00
2025-03-06,CA_EQ,100.79680700004458,100.79680700004458,SYNTHETIC: seeded teaching dataset; not observed market data,2026-09-01T00:00:00+00:00
2025-03-07,CA_EQ,101.22747232301059,101.22747232301059,SYNTHETIC: seeded teaching dataset; not observed market data,2026-09-01T00:00:00+00:00
2025-03-10,CA_EQ,102.58802631680956,102.58802631680956,SYNTHETIC: seeded teaching dataset; not observed market data,2026-09-01T00:00:00+00:00
2025-03-11,CA_EQ,102.66351584191938,102.66351584191938,SYNTHETIC: seeded teaching dataset; not observed market data,2026-09-01T00:00:00+00:00
2025-03-12,CA_EQ,103.37985203725127,103.37985203725127,SYNTHETIC: seeded teaching dataset; not observed market data,2026-09-01T00:00:00+00:00
2025-03-13,CA_EQ,104.68137568135955,104.68137568135955,SYNTHETIC: seeded teaching dataset; not observed market data,2026-09-01T00:00:00+00:00
2025-03-14,CA_EQ,104.39694952350268,104.39694952350268,SYNTHETIC: seeded teaching dataset; not observed market data,2026-09-01T00:00:00+00:00
2025-03-17,CA_EQ,105.26690673837382,105.26690673837382,SYNTHETIC: seeded teaching dataset; not observed market data,2026-09-01T00:00:00+00:00
2025-03-18,CA_EQ,104.17299725509923,104.17299725509923,SYNTHETIC: seeded teaching dataset; not observed market data,2026-09-01T00:00:00+00:00
2025-03-19,CA_EQ,103.66041035709772,103.66041035709772,SYNTHETIC: seeded teaching dataset; not observed market data,2026-09-01T00:00:00+00:00
2025-03-20,CA_EQ,105.43623845126243,105.43623845126243,SYNTHETIC: seeded teaching dataset; not observed market data,2026-09-01T00:00:00+00:00
2025-03-21,CA_EQ,104.10011506530203,104.10011506530203,SYNTHETIC: seeded teaching dataset; not observed market data,2026-09-01T00:00:00+00:00
2025-03-24,CA_EQ,103.60319337800048,103.60319337800048,SYNTHETIC: seeded teaching dataset; not observed market data,2026-09-01T00:00:00+00:00
2025-03-25,CA_EQ,101.34606163143982,101.34606163143982,SYNTHETIC: seeded teaching dataset; not observed market data,2026-09-01T00:00:00+00:00
2025-03-26,CA_EQ,102.30276835364862,102.30276835364862,SYNTHETIC: seeded teaching dataset; not observed market data,2026-09-01T00:00:00+00:00
2025-03-27,CA_EQ,101.78462818746468,101.78462818746468,SYNTHETIC: seeded teaching dataset; not observed market data,2026-09-01T00:00:00+00:00
2025-03-28,CA_EQ,102.80276241043327,102.80276241043327,SYNTHETIC: seeded teaching dataset; not observed market data,2026-09-01T00:00:00+00:00
2025-03-31,CA_EQ,103.30548411891036,103.30548411891036,SYNTHETIC: seeded teaching dataset; not observed market data,2026-09-01T00:00:00+00:00
2025-04-01,CA_EQ,101.4054233865692,101.4054233865692,SYNTHETIC: seeded teaching dataset; not observed market data,2026-09-01T00:00:00+00:00
2025-04-02,CA_EQ,99.29041728715366,99.29041728715366,SYNTHETIC: seeded teaching dataset; not observed market data,2026-09-01T00:00:00+00:00
2025-04-03,CA_EQ,101.1626956431274,101.1626956431274,SYNTHETIC: seeded teaching dataset; not observed market data,2026-09-01T00:00:00+00:00
2025-04-04,CA_EQ,100.64366900029091,100.64366900029091,SYNTHETIC: seeded teaching dataset; not observed market data,2026-09-01T00:00:00+00:00
2025-04-07,CA_EQ,101.19873414340393,101.19873414340393,SYNTHETIC: seeded teaching dataset; not observed market data,2026-09-01T00:00:00+00:00
2025-04-08,CA_EQ,101.47260994536866,101.47260994536866,SYNTHETIC: seeded teaching dataset; not observed market data,2026-09-01T00:00:00+00:00
2025-04-09,CA_EQ,100.21000347365892,100.21000347365892,SYNTHETIC: seeded teaching dataset; not observed market data,2026-09-01T00:00:00+00:00
2025-04-10,CA_EQ,101.84977658668492,101.84977658668492,SYNTHETIC: seeded teaching dataset; not observed market data,2026-09-01T00:00:00+00:00
2025-04-11,CA_EQ,102.56547330101861,102.56547330101861,SYNTHETIC: seeded teaching dataset; not observed market data,2026-09-01T00:00:00+00:00
2025-04-14,CA_EQ,103.13280456664957,103.13280456664957,SYNTHETIC: seeded teaching dataset; not observed market data,2026-09-01T00:00:00+00:00
2025-04-15,CA_EQ,103.11948099436788,103.11948099436788,SYNTHETIC: seeded teaching dataset; not observed market data,2026-09-01T00:00:00+00:00
2025-04-16,CA_EQ,104.13972408063128,104.13972408063128,SYNTHETIC: seeded teaching dataset; not observed market data,2026-09-01T00:00:00+00:00
2025-04-17,CA_EQ,103.83781992574956,103.83781992574956,SYNTHETIC: seeded teaching dataset; not observed market data,2026-09-01T00:00:00+00:00
2025-04-18,CA_EQ,103.70035872573979,103.70035872573979,SYNTHETIC: seeded teaching dataset; not observed market data,2026-09-01T00:00:00+00:00
2025-04-21,CA_EQ,102.49151930068933,102.49151930068933,SYNTHETIC: seeded teaching dataset; not observed market data,2026-09-01T00:00:00+00:00
2025-04-22,CA_EQ,102.10331247174047,102.10331247174047,SYNTHETIC: seeded teaching dataset; not observed market data,2026-09-01T00:00:00+00:00
2025-04-23,CA_EQ,100.10990330139178,100.10990330139178,SYNTHETIC: seeded teaching dataset; not observed market data,2026-09-01T00:00:00+00:00
2025-04-24,CA_EQ,101.13065064616418,101.13065064616418,SYNTHETIC: seeded teaching dataset; not observed market data,2026-09-01T00:00:00+00:00
2025-04-25,CA_EQ,101.60169047664145,101.60169047664145,SYNTHETIC: seeded teaching dataset; not observed market data,2026-09-01T00:00:00+00:00
2025-04-28,CA_EQ,101.66969160689364,101.66969160689364,SYNTHETIC: seeded teaching dataset; not observed market data,2026-09-01T00:00:00+00:00
2025-04-29,CA_EQ,101.16651447236022,101.16651447236022,SYNTHETIC: seeded teaching dataset; not observed market data,2026-09-01T00:00:00+00:00
2025-04-30,CA_EQ,102.33259040300571,102.33259040300571,SYNTHETIC: seeded teaching dataset; not observed market data,2026-09-01T00:00:00+00:00
2025-05-01,CA_EQ,102.58359381984157,102.58359381984157,SYNTHETIC: seeded teaching dataset; not observed market data,2026-09-01T00:00:00+00:00
2025-05-02,CA_EQ,99.74054728518168,99.74054728518168,SYNTHETIC: seeded teaching dataset; not observed market data,2026-09-01T00:00:00+00:00
2025-05-05,CA_EQ,98.43259000601579,98.43259000601579,SYNTHETIC: seeded teaching dataset; not observed market data,2026-09-01T00:00:00+00:00
2025-05-06,CA_EQ,97.27496988799507,97.27496988799507,SYNTHETIC: seeded teaching dataset; not observed market data,2026-09-01T00:00:00+00:00
2025-05-07,CA_EQ,98.04425800861128,98.04425800861128,SYNTHETIC: seeded teaching dataset; not observed market data,2026-09-01T00:00:00+00:00
2025-05-08,CA_EQ,97.85940606814341,97.85940606814341,SYNTHETIC: seeded teaching dataset; not observed market data,2026-09-01T00:00:00+00:00
2025-05-09,CA_EQ,98.81732495863747,98.81732495863747,SYNTHETIC: seeded teaching dataset; not observed market data,2026-09-01T00:00:00+00:00
2025-05-12,CA_EQ,100.74618841590606,100.74618841590606,SYNTHETIC: seeded teaching dataset; not observed market data,2026-09-01T00:00:00+00:00
2025-05-13,CA_EQ,100.13986972814213,100.13986972814213,SYNTHETIC: seeded teaching dataset; not observed market data,2026-09-01T00:00:00+00:00
2025-05-14,CA_EQ,99.59669107481233,99.59669107481233,SYNTHETIC: seeded teaching dataset; not observed market data,2026-09-01T00:00:00+00:00
2025-05-15,CA_EQ,101.44025134126392,101.44025134126392,SYNTHETIC: seeded teaching dataset; not observed market data,2026-09-01T00:00:00+00:00
2025-05-16,CA_EQ,100.89609860556644,100.89609860556644,SYNTHETIC: seeded teaching dataset; not observed market data,2026-09-01T00:00:00+00:00
2025-05-19,CA_EQ,100.7969896754235,100.7969896754235,SYNTHETIC: seeded teaching dataset; not observed market data,2026-09-01T00:00:00+00:00
2025-05-20,CA_EQ,100.8371460821991,100.8371460821991,SYNTHETIC: seeded teaching dataset; not observed market data,2026-09-01T00:00:00+00:00
2025-05-21,CA_EQ,101.5118867438017,101.5118867438017,SYNTHETIC: seeded teaching dataset; not observed market data,2026-09-01T00:00:00+00:00
2025-05-22,CA_EQ,102.03808825761467,102.03808825761467,SYNTHETIC: seeded teaching dataset; not observed market data,2026-09-01T00:00:00+00:00
2025-05-23,CA_EQ,102.71507034649241,102.71507034649241,SYNTHETIC: seeded teaching dataset; not observed market data,2026-09-01T00:00:00+00:00
2025-05-26,CA_EQ,102.91340754984905,102.91340754984905,SYNTHETIC: seeded teaching dataset; not observed market data,2026-09-01T00:00:00+00:00
2025-05-27,CA_EQ,104.3040748383816,104.3040748383816,SYNTHETIC: seeded teaching dataset; not observed market data,2026-09-01T00:00:00+00:00
2025-05-28,CA_EQ,102.26250065160957,102.26250065160957,SYNTHETIC: seeded teaching dataset; not observed market data,2026-09-01T00:00:00+00:00
2025-05-29,CA_EQ,102.16007410688637,102.16007410688637,SYNTHETIC: seeded teaching dataset; not observed market data,2026-09-01T00:00:00+00:00
2025-05-30,CA_EQ,101.75770817754008,101.75770817754008,SYNTHETIC: seeded teaching dataset; not observed market data,2026-09-01T00:00:00+00:00
2025-06-02,CA_EQ,100.6965105909635,100.6965105909635,SYNTHETIC: seeded teaching dataset; not observed market data,2026-09-01T00:00:00+00:00
2025-06-03,CA_EQ,99.76970817328167,99.76970817328167,SYNTHETIC: seeded teaching dataset; not observed market data,2026-09-01T00:00:00+00:00
2025-06-04,CA_EQ,98.78397849516472,98.78397849516472,SYNTHETIC: seeded teaching dataset; not observed market data,2026-09-01T00:00:00+00:00
2025-06-05,CA_EQ,97.82101541227938,97.82101541227938,SYNTHETIC: seeded teaching dataset; not observed market data,2026-09-01T00:00:00+00:00
2025-06-06,CA_EQ,99.05156015616096,99.05156015616096,SYNTHETIC: seeded teaching dataset; not observed market data,2026-09-01T00:00:00+00:00
2025-06-09,CA_EQ,99.1915797787725,99.1915797787725,SYNTHETIC: seeded teaching dataset; not observed market data,2026-09-01T00:00:00+00:00
2025-06-10,CA_EQ,98.19571275598726,98.19571275598726,SYNTHETIC: seeded teaching dataset; not observed market data,2026-09-01T00:00:00+00:00
2025-06-11,CA_EQ,96.28318453959396,96.28318453959396,SYNTHETIC: seeded teaching dataset; not observed market data,2026-09-01T00:00:00+00:00
2025-06-12,CA_EQ,95.68626045307589,95.68626045307589,SYNTHETIC: seeded teaching dataset; not observed market data,2026-09-01T00:00:00+00:00
2025-06-13,CA_EQ,97.15280311700457,97.15280311700457,SYNTHETIC: seeded teaching dataset; not observed market data,2026-09-01T00:00:00+00:00
2025-06-16,CA_EQ,95.66669322254391,95.66669322254391,SYNTHETIC: seeded teaching dataset; not observed market data,2026-09-01T00:00:00+00:00
2025-06-17,CA_EQ,95.82136642566607,95.82136642566607,SYNTHETIC: seeded teaching dataset; not observed market data,2026-09-01T00:00:00+00:00
2025-06-18,CA_EQ,96.89400206893441,96.89400206893441,SYNTHETIC: seeded teaching dataset; not observed market data,2026-09-01T00:00:00+00:00
2025-06-19,CA_EQ,97.61357144950382,97.61357144950382,SYNTHETIC: seeded teaching dataset; not observed market data,2026-09-01T00:00:00+00:00
2025-06-20,CA_EQ,98.95692884719773,98.95692884719773,SYNTHETIC: seeded teaching dataset; not observed market data,2026-09-01T00:00:00+00:00
2025-06-23,CA_EQ,99.1792212418674,99.1792212418674,SYNTHETIC: seeded teaching dataset; not observed market data,2026-09-01T00:00:00+00:00
2025-06-24,CA_EQ,99.51760225338879,99.51760225338879,SYNTHETIC: seeded teaching dataset; not observed market data,2026-09-01T00:00:00+00:00
2025-06-25,CA_EQ,100.05812932071588,100.05812932071588,SYNTHETIC: seeded teaching dataset; not observed market data,2026-09-01T00:00:00+00:00
2025-06-26,CA_EQ,99.9849817359403,99.9849817359403,SYNTHETIC: seeded teaching dataset; not observed market data,2026-09-01T00:00:00+00:00
2025-06-27,CA_EQ,98.34526888379601,98.34526888379601,SYNTHETIC: seeded teaching dataset; not observed market data,2026-09-01T00:00:00+00:00
2025-06-30,CA_EQ,96.80400661827665,96.80400661827665,SYNTHETIC: seeded teaching dataset; not observed market data,2026-09-01T00:00:00+00:00
2025-07-01,CA_EQ,97.420202607355,97.420202607355,SYNTHETIC: seeded teaching dataset; not observed market data,2026-09-01T00:00:00+00:00
2025-07-02,CA_EQ,97.51117254001296,97.51117254001296,SYNTHETIC: seeded teaching dataset; not observed market data,2026-09-01T00:00:00+00:00
2025-07-03,CA_EQ,96.37720440596624,96.37720440596624,SYNTHETIC: seeded teaching dataset; not observed market data,2026-09-01T00:00:00+00:00
2025-07-04,CA_EQ,96.91281847764314,96.91281847764314,SYNTHETIC: seeded teaching dataset; not observed market data,2026-09-01T00:00:00+00:00
2025-07-07,CA_EQ,95.35275497143483,95.35275497143483,SYNTHETIC: seeded teaching dataset; not observed market data,2026-09-01T00:00:00+00:00
2025-07-08,CA_EQ,96.08535485279874,96.08535485279874,SYNTHETIC: seeded teaching dataset; not observed market data,2026-09-01T00:00:00+00:00
2025-07-09,CA_EQ,95.60384933132717,95.60384933132717,SYNTHETIC: seeded teaching dataset; not observed market data,2026-09-01T00:00:00+00:00
2025-07-10,CA_EQ,96.16932061315532,96.16932061315532,SYNTHETIC: seeded teaching dataset; not observed market data,2026-09-01T00:00:00+00:00
2025-07-11,CA_EQ,95.96954804787879,95.96954804787879,SYNTHETIC: seeded teaching dataset; not observed market data,2026-09-01T00:00:00+00:00
2025-07-14,CA_EQ,95.63931405265296,95.63931405265296,SYNTHETIC: seeded teaching dataset; not observed market data,2026-09-01T00:00:00+00:00
2025-07-15,CA_EQ,95.99327033261032,95.99327033261032,SYNTHETIC: seeded teaching dataset; not observed market data,2026-09-01T00:00:00+00:00
2025-07-16,CA_EQ,95.8323346318471,95.8323346318471,SYNTHETIC: seeded teaching dataset; not observed market data,2026-09-01T00:00:00+00:00
2025-07-17,CA_EQ,94.68373196480434,94.68373196480434,SYNTHETIC: seeded teaching dataset; not observed market data,2026-09-01T00:00:00+00:00
2025-07-18,CA_EQ,94.37067709993816,94.37067709993816,SYNTHETIC: seeded teaching dataset; not observed market data,2026-09-01T00:00:00+00:00
2025-07-21,CA_EQ,93.68513834405523,93.68513834405523,SYNTHETIC: seeded teaching dataset; not observed market data,2026-09-01T00:00:00+00:00
2025-07-22,CA_EQ,93.22492822046583,93.22492822046583,SYNTHETIC: seeded teaching dataset; not observed market data,2026-09-01T00:00:00+00:00
2025-07-23,CA_EQ,95.44369797970887,95.44369797970887,SYNTHETIC: seeded teaching dataset; not observed market data,2026-09-01T00:00:00+00:00
2025-07-24,CA_EQ,94.74398655132987,94.74398655132987,SYNTHETIC: seeded teaching dataset; not observed market data,2026-09-01T00:00:00+00:00
2025-07-25,CA_EQ,95.37935936150609,95.37935936150609,SYNTHETIC: seeded teaching dataset; not observed market data,2026-09-01T00:00:00+00:00
2025-07-28,CA_EQ,94.05205946121788,94.05205946121788,SYNTHETIC: seeded teaching dataset; not observed market data,2026-09-01T00:00:00+00:00
2025-07-29,CA_EQ,93.66361658334425,93.66361658334425,SYNTHETIC: seeded teaching dataset; not observed market data,2026-09-01T00:00:00+00:00
2025-07-30,CA_EQ,94.38848685393604,94.38848685393604,SYNTHETIC: seeded teaching dataset; not observed market data,2026-09-01T00:00:00+00:00
2025-07-31,CA_EQ,94.44165121030494,94.44165121030494,SYNTHETIC: seeded teaching dataset; not observed market data,2026-09-01T00:00:00+00:00
2025-08-01,CA_EQ,94.56709842481212,94.56709842481212,SYNTHETIC: seeded teaching dataset; not observed market data,2026-09-01T00:00:00+00:00
2025-08-04,CA_EQ,94.03982178634072,94.03982178634072,SYNTHETIC: seeded teaching dataset; not observed market data,2026-09-01T00:00:00+00:00
2025-08-05,CA_EQ,95.41839350716442,95.41839350716442,SYNTHETIC: seeded teaching dataset; not observed market data,2026-09-01T00:00:00+00:00
2025-08-06,CA_EQ,95.98822074708744,95.98822074708744,SYNTHETIC: seeded teaching dataset; not observed market data,2026-09-01T00:00:00+00:00
2025-08-07,CA_EQ,96.4162968217992,96.4162968217992,SYNTHETIC: seeded teaching dataset; not observed market data,2026-09-01T00:00:00+00:00
2025-08-08,CA_EQ,96.93036771230364,96.93036771230364,SYNTHETIC: seeded teaching dataset; not observed market data,2026-09-01T00:00:00+00:00
2025-08-11,CA_EQ,97.12651458203018,97.12651458203018,SYNTHETIC: seeded teaching dataset; not observed market data,2026-09-01T00:00:00+00:00
2025-08-12,CA_EQ,96.83999740894096,96.83999740894096,SYNTHETIC: seeded teaching dataset; not observed market data,2026-09-01T00:00:00+00:00
2025-08-13,CA_EQ,95.71109331564514,95.71109331564514,SYNTHETIC: seeded teaching dataset; not observed market data,2026-09-01T00:00:00+00:00
2025-08-14,CA_EQ,96.0606107544561,96.0606107544561,SYNTHETIC: seeded teaching dataset; not observed market data,2026-09-01T00:00:00+00:00
2025-08-15,CA_EQ,96.1080338305095,96.1080338305095,SYNTHETIC: seeded teaching dataset; not observed market data,2026-09-01T00:00:00+00:00
2025-08-18,CA_EQ,97.1752359405914,97.1752359405914,SYNTHETIC: seeded teaching dataset; not observed market data,2026-09-01T00:00:00+00:00
2025-08-19,CA_EQ,97.31853363119289,97.31853363119289,SYNTHETIC: seeded teaching dataset; not observed market data,2026-09-01T00:00:00+00:00
2025-08-20,CA_EQ,97.53943392019384,97.53943392019384,SYNTHETIC: seeded teaching dataset; not observed market data,2026-09-01T00:00:00+00:00
2025-08-21,CA_EQ,98.07441958301034,98.07441958301034,SYNTHETIC: seeded teaching dataset; not observed market data,2026-09-01T00:00:00+00:00
2025-08-22,CA_EQ,99.0338122927437,99.0338122927437,SYNTHETIC: seeded teaching dataset; not observed market data,2026-09-01T00:00:00+00:00
2025-08-25,CA_EQ,101.33571715607663,101.33571715607663,SYNTHETIC: seeded teaching dataset; not observed market data,2026-09-01T00:00:00+00:00
2025-08-26,CA_EQ,102.37467947379997,102.37467947379997,SYNTHETIC: seeded teaching dataset; not observed market data,2026-09-01T00:00:00+00:00
2025-08-27,CA_EQ,100.66473997486322,100.66473997486322,SYNTHETIC: seeded teaching dataset; not observed market data,2026-09-01T00:00:00+00:00
2025-08-28,CA_EQ,100.84000183640501,100.84000183640501,SYNTHETIC: seeded teaching dataset; not observed market data,2026-09-01T00:00:00+00:00
2025-08-29,CA_EQ,102.05966228094884,102.05966228094884,SYNTHETIC: seeded teaching dataset; not observed market data,2026-09-01T00:00:00+00:00
2025-09-01,CA_EQ,101.49873328759149,101.49873328759149,SYNTHETIC: seeded teaching dataset; not observed market data,2026-09-01T00:00:00+00:00
2025-09-02,CA_EQ,101.63259499061832,101.63259499061832,SYNTHETIC: seeded teaching dataset; not observed market data,2026-09-01T00:00:00+00:00
2025-09-03,CA_EQ,100.45642949832418,100.45642949832418,SYNTHETIC: seeded teaching dataset; not observed market data,2026-09-01T00:00:00+00:00
2025-09-04,CA_EQ,100.80601871127064,100.80601871127064,SYNTHETIC: seeded teaching dataset; not observed market data,2026-09-01T00:00:00+00:00
2025-09-05,CA_EQ,99.13067532914081,99.13067532914081,SYNTHETIC: seeded teaching dataset; not observed market data,2026-09-01T00:00:00+00:00
2025-09-08,CA_EQ,99.67965282918647,99.67965282918647,SYNTHETIC: seeded teaching dataset; not observed market data,2026-09-01T00:00:00+00:00
2025-09-09,CA_EQ,97.43747677023214,97.43747677023214,SYNTHETIC: seeded teaching dataset; not observed market data,2026-09-01T00:00:00+00:00
2025-09-10,CA_EQ,97.51618854720179,97.51618854720179,SYNTHETIC: seeded teaching dataset; not observed market data,2026-09-01T00:00:00+00:00
2025-09-11,CA_EQ,99.50224326577958,99.50224326577958,SYNTHETIC: seeded teaching dataset; not observed market data,2026-09-01T00:00:00+00:00
2025-09-12,CA_EQ,98.51540481947998,98.51540481947998,SYNTHETIC: seeded teaching dataset; not observed market data,2026-09-01T00:00:00+00:00
2025-09-15,CA_EQ,98.60559304803478,98.60559304803478,SYNTHETIC: seeded teaching dataset; not observed market data,2026-09-01T00:00:00+00:00
2025-09-16,CA_EQ,97.17265386370485,97.17265386370485,SYNTHETIC: seeded teaching dataset; not observed market data,2026-09-01T00:00:00+00:00
2025-09-17,CA_EQ,98.47776742854315,98.47776742854315,SYNTHETIC: seeded teaching dataset; not observed market data,2026-09-01T00:00:00+00:00
2025-09-18,CA_EQ,97.72500615735602,97.72500615735602,SYNTHETIC: seeded teaching dataset; not observed market data,2026-09-01T00:00:00+00:00
2025-09-19,CA_EQ,97.91037792520324,97.91037792520324,SYNTHETIC: seeded teaching dataset; not observed market data,2026-09-01T00:00:00+00:00
2025-09-22,CA_EQ,96.43502103199806,96.43502103199806,SYNTHETIC: seeded teaching dataset; not observed market data,2026-09-01T00:00:00+00:00
2025-09-23,CA_EQ,96.30442946048088,96.30442946048088,SYNTHETIC: seeded teaching dataset; not observed market data,2026-09-01T00:00:00+00:00
2025-09-24,CA_EQ,96.69373147263937,96.69373147263937,SYNTHETIC: seeded teaching dataset; not observed market data,2026-09-01T00:00:00+00:00
2025-09-25,CA_EQ,97.35855931125826,97.35855931125826,SYNTHETIC: seeded teaching dataset; not observed market data,2026-09-01T00:00:00+00:00
2025-09-26,CA_EQ,97.60082203237643,97.60082203237643,SYNTHETIC: seeded teaching dataset; not observed market data,2026-09-01T00:00:00+00:00
2025-09-29,CA_EQ,96.41980161900835,96.41980161900835,SYNTHETIC: seeded teaching dataset; not observed market data,2026-09-01T00:00:00+00:00
2025-09-30,CA_EQ,96.56630779068718,96.56630779068718,SYNTHETIC: seeded teaching dataset; not observed market data,2026-09-01T00:00:00+00:00
2025-10-01,CA_EQ,95.06648634108271,95.06648634108271,SYNTHETIC: seeded teaching dataset; not observed market data,2026-09-01T00:00:00+00:00
2025-10-02,CA_EQ,95.92743902112207,95.92743902112207,SYNTHETIC: seeded teaching dataset; not observed market data,2026-09-01T00:00:00+00:00
2025-10-03,CA_EQ,94.426523673772,94.426523673772,SYNTHETIC: seeded teaching dataset; not observed market data,2026-09-01T00:00:00+00:00
2025-10-06,CA_EQ,93.35763838062164,93.35763838062164,SYNTHETIC: seeded teaching dataset; not observed market data,2026-09-01T00:00:00+00:00
2025-10-07,CA_EQ,92.11573663035752,92.11573663035752,SYNTHETIC: seeded teaching dataset; not observed market data,2026-09-01T00:00:00+00:00
2025-10-08,CA_EQ,91.67665956265527,91.67665956265527,SYNTHETIC: seeded teaching dataset; not observed market data,2026-09-01T00:00:00+00:00
2025-10-09,CA_EQ,91.21743650925602,91.21743650925602,SYNTHETIC: seeded teaching dataset; not observed market data,2026-09-01T00:00:00+00:00
2025-10-10,CA_EQ,90.24657077878295,90.24657077878295,SYNTHETIC: seeded teaching dataset; not observed market data,2026-09-01T00:00:00+00:00
2025-10-13,CA_EQ,91.18522774026708,91.18522774026708,SYNTHETIC: seeded teaching dataset; not observed market data,2026-09-01T00:00:00+00:00
2025-10-14,CA_EQ,91.00685823392242,91.00685823392242,SYNTHETIC: seeded teaching dataset; not observed market data,2026-09-01T00:00:00+00:00
2025-10-15,CA_EQ,91.3216562164111,91.3216562164111,SYNTHETIC: seeded teaching dataset; not observed market data,2026-09-01T00:00:00+00:00
2025-10-16,CA_EQ,90.54179632525918,90.54179632525918,SYNTHETIC: seeded teaching dataset; not observed market data,2026-09-01T00:00:00+00:00
2025-10-17,CA_EQ,91.11833184049677,91.11833184049677,SYNTHETIC: seeded teaching dataset; not observed market data,2026-09-01T00:00:00+00:00
2025-10-20,CA_EQ,90.31813239297935,90.31813239297935,SYNTHETIC: seeded teaching dataset; not observed market data,2026-09-01T00:00:00+00:00
2025-10-21,CA_EQ,90.55561251290084,90.55561251290084,SYNTHETIC: seeded teaching dataset; not observed market data,2026-09-01T00:00:00+00:00
2025-10-22,CA_EQ,91.92495562240211,91.92495562240211,SYNTHETIC: seeded teaching dataset; not observed market data,2026-09-01T00:00:00+00:00
2025-10-23,CA_EQ,91.09088768995319,91.09088768995319,SYNTHETIC: seeded teaching dataset; not observed market data,2026-09-01T00:00:00+00:00
2025-10-24,CA_EQ,89.78176423432946,89.78176423432946,SYNTHETIC: seeded teaching dataset; not observed market data,2026-09-01T00:00:00+00:00
2025-10-27,CA_EQ,91.97358101167737,91.97358101167737,SYNTHETIC: seeded teaching dataset; not observed market data,2026-09-01T00:00:00+00:00
2025-10-28,CA_EQ,92.09920443179743,92.09920443179743,SYNTHETIC: seeded teaching dataset; not observed market data,2026-09-01T00:00:00+00:00
2025-10-29,CA_EQ,91.50522971944271,91.50522971944271,SYNTHETIC: seeded teaching dataset; not observed market data,2026-09-01T00:00:00+00:00
2025-10-30,CA_EQ,91.6423892427466,91.6423892427466,SYNTHETIC: seeded teaching dataset; not observed market data,2026-09-01T00:00:00+00:00
2025-10-31,CA_EQ,91.8283344124941,91.8283344124941,SYNTHETIC: seeded teaching dataset; not observed market data,2026-09-01T00:00:00+00:00
2025-11-03,CA_EQ,92.23104623959613,92.23104623959613,SYNTHETIC: seeded teaching dataset; not observed market data,2026-09-01T00:00:00+00:00
2025-11-04,CA_EQ,92.10458670252983,92.10458670252983,SYNTHETIC: seeded teaching dataset; not observed market data,2026-09-01T00:00:00+00:00
2025-11-05,CA_EQ,92.18622184443595,92.18622184443595,SYNTHETIC: seeded teaching dataset; not observed market data,2026-09-01T00:00:00+00:00
2025-11-06,CA_EQ,93.01476230975115,93.01476230975115,SYNTHETIC: seeded teaching dataset; not observed market data,2026-09-01T00:00:00+00:00
2025-11-07,CA_EQ,93.78507752926687,93.78507752926687,SYNTHETIC: seeded teaching dataset; not observed market data,2026-09-01T00:00:00+00:00
2025-11-10,CA_EQ,93.98949684740123,93.98949684740123,SYNTHETIC: seeded teaching dataset; not observed market data,2026-09-01T00:00:00+00:00
2025-11-11,CA_EQ,92.34469699563628,92.34469699563628,SYNTHETIC: seeded teaching dataset; not observed market data,2026-09-01T00:00:00+00:00
2025-11-12,CA_EQ,90.57639363519785,90.57639363519785,SYNTHETIC: seeded teaching dataset; not observed market data,2026-09-01T00:00:00+00:00
2025-11-13,CA_EQ,91.03574785112632,91.03574785112632,SYNTHETIC: seeded teaching dataset; not observed market data,2026-09-01T00:00:00+00:00
2025-11-14,CA_EQ,90.5224925446637,90.5224925446637,SYNTHETIC: seeded teaching dataset; not observed market data,2026-09-01T00:00:00+00:00
2025-11-17,CA_EQ,90.32888793540361,90.32888793540361,SYNTHETIC: seeded teaching dataset; not observed market data,2026-09-01T00:00:00+00:00
2025-11-18,CA_EQ,90.34887867949634,90.34887867949634,SYNTHETIC: seeded teaching dataset; not observed market data,2026-09-01T00:00:00+00:00
2025-11-19,CA_EQ,89.94672291094595,89.94672291094595,SYNTHETIC: seeded teaching dataset; not observed market data,2026-09-01T00:00:00+00:00
2025-11-20,CA_EQ,88.06271564406188,88.06271564406188,SYNTHETIC: seeded teaching dataset; not observed market data,2026-09-01T00:00:00+00:00
2025-11-21,CA_EQ,88.52234466585922,88.52234466585922,SYNTHETIC: seeded teaching dataset; not observed market data,2026-09-01T00:00:00+00:00
2025-11-24,CA_EQ,89.88231889363071,89.88231889363071,SYNTHETIC: seeded teaching dataset; not observed market data,2026-09-01T00:00:00+00:00
2025-11-25,CA_EQ,89.8903498697482,89.8903498697482,SYNTHETIC: seeded teaching dataset; not observed market data,2026-09-01T00:00:00+00:00
2025-11-26,CA_EQ,90.80838597272111,90.80838597272111,SYNTHETIC: seeded teaching dataset; not observed market data,2026-09-01T00:00:00+00:00
2025-11-27,CA_EQ,91.15727683592037,91.15727683592037,SYNTHETIC: seeded teaching dataset; not observed market data,2026-09-01T00:00:00+00:00
2025-11-28,CA_EQ,89.43302343141977,89.43302343141977,SYNTHETIC: seeded teaching dataset; not observed market data,2026-09-01T00:00:00+00:00
2025-12-01,CA_EQ,89.16046918669961,89.16046918669961,SYNTHETIC: seeded teaching dataset; not observed market data,2026-09-01T00:00:00+00:00
2025-12-02,CA_EQ,90.55485860317842,90.55485860317842,SYNTHETIC: seeded teaching dataset; not observed market data,2026-09-01T00:00:00+00:00
2025-12-03,CA_EQ,91.53211579764312,91.53211579764312,SYNTHETIC: seeded teaching dataset; not observed market data,2026-09-01T00:00:00+00:00
2025-12-04,CA_EQ,89.84164654196961,89.84164654196961,SYNTHETIC: seeded teaching dataset; not observed market data,2026-09-01T00:00:00+00:00
2025-12-05,CA_EQ,89.58713849521936,89.58713849521936,SYNTHETIC: seeded teaching dataset; not observed market data,2026-09-01T00:00:00+00:00
2025-12-08,CA_EQ,89.74843441830713,89.74843441830713,SYNTHETIC: seeded teaching dataset; not observed market data,2026-09-01T00:00:00+00:00
2025-12-09,CA_EQ,89.04594721085408,89.04594721085408,SYNTHETIC: seeded teaching dataset; not observed market data,2026-09-01T00:00:00+00:00
2025-12-10,CA_EQ,89.49833220047799,89.49833220047799,SYNTHETIC: seeded teaching dataset; not observed market data,2026-09-01T00:00:00+00:00
2025-12-11,CA_EQ,89.64638051850932,89.64638051850932,SYNTHETIC: seeded teaching dataset; not observed market data,2026-09-01T00:00:00+00:00
2025-12-12,CA_EQ,89.39870570471446,89.39870570471446,SYNTHETIC: seeded teaching dataset; not observed market data,2026-09-01T00:00:00+00:00
2025-12-15,CA_EQ,89.37844187970458,89.37844187970458,SYNTHETIC: seeded teaching dataset; not observed market data,2026-09-01T00:00:00+00:00
2025-12-16,CA_EQ,89.49021598984136,89.49021598984136,SYNTHETIC: seeded teaching dataset; not observed market data,2026-09-01T00:00:00+00:00
2025-12-17,CA_EQ,88.27332670925348,88.27332670925348,SYNTHETIC: seeded teaching dataset; not observed market data,2026-09-01T00:00:00+00:00
2025-12-18,CA_EQ,87.2739981606528,87.2739981606528,SYNTHETIC: seeded teaching dataset; not observed market data,2026-09-01T00:00:00+00:00
2025-12-19,CA_EQ,88.47364894432668,88.47364894432668,SYNTHETIC: seeded teaching dataset; not observed market data,2026-09-01T00:00:00+00:00
2025-12-22,CA_EQ,88.3743330160671,88.3743330160671,SYNTHETIC: seeded teaching dataset; not observed market data,2026-09-01T00:00:00+00:00
2025-12-23,CA_EQ,88.89876344421279,88.89876344421279,SYNTHETIC: seeded teaching dataset; not observed market data,2026-09-01T00:00:00+00:00
2025-12-24,CA_EQ,89.66492021979273,89.66492021979273,SYNTHETIC: seeded teaching dataset; not observed market data,2026-09-01T00:00:00+00:00
2025-12-25,CA_EQ,90.70012519470444,90.70012519470444,SYNTHETIC: seeded teaching dataset; not observed market data,2026-09-01T00:00:00+00:00
2025-12-26,CA_EQ,90.50421976454463,90.50421976454463,SYNTHETIC: seeded teaching dataset; not observed market data,2026-09-01T00:00:00+00:00
2025-12-29,CA_EQ,91.4256185373592,91.4256185373592,SYNTHETIC: seeded teaching dataset; not observed market data,2026-09-01T00:00:00+00:00
2025-12-30,CA_EQ,90.5056972165618,90.5056972165618,SYNTHETIC: seeded teaching dataset; not observed market data,2026-09-01T00:00:00+00:00
2025-12-31,CA_EQ,89.60409233298662,89.60409233298662,SYNTHETIC: seeded teaching dataset; not observed market data,2026-09-01T00:00:00+00:00
2026-01-01,CA_EQ,90.53151150534788,90.53151150534788,SYNTHETIC: seeded teaching dataset; not observed market data,2026-09-01T00:00:00+00:00
2026-01-02,CA_EQ,90.54356701510686,90.54356701510686,SYNTHETIC: seeded teaching dataset; not observed market data,2026-09-01T00:00:00+00:00
2026-01-05,CA_EQ,90.65669742571039,90.65669742571039,SYNTHETIC: seeded teaching dataset; not observed market data,2026-09-01T00:00:00+00:00
2026-01-06,CA_EQ,91.13883895087689,91.13883895087689,SYNTHETIC: seeded teaching dataset; not observed market data,2026-09-01T00:00:00+00:00
2026-01-07,CA_EQ,90.59865974824606,90.59865974824606,SYNTHETIC: seeded teaching dataset; not observed market data,2026-09-01T00:00:00+00:00
2026-01-08,CA_EQ,91.58651098713742,91.58651098713742,SYNTHETIC: seeded teaching dataset; not observed market data,2026-09-01T00:00:00+00:00
2026-01-09,CA_EQ,90.88930440432306,90.88930440432306,SYNTHETIC: seeded teaching dataset; not observed market data,2026-09-01T00:00:00+00:00
2026-01-12,CA_EQ,90.2749481061733,90.2749481061733,SYNTHETIC: seeded teaching dataset; not observed market data,2026-09-01T00:00:00+00:00
2026-01-13,CA_EQ,90.18799485744556,90.18799485744556,SYNTHETIC: seeded teaching dataset; not observed market data,2026-09-01T00:00:00+00:00
2026-01-14,CA_EQ,90.82856873767167,90.82856873767167,SYNTHETIC: seeded teaching dataset; not observed market data,2026-09-01T00:00:00+00:00
2026-01-15,CA_EQ,92.09381398532635,92.09381398532635,SYNTHETIC: seeded teaching dataset; not observed market data,2026-09-01T00:00:00+00:00
2026-01-16,CA_EQ,92.03291679159157,92.03291679159157,SYNTHETIC: seeded teaching dataset; not observed market data,2026-09-01T00:00:00+00:00
2026-01-19,CA_EQ,91.89999470501954,91.89999470501954,SYNTHETIC: seeded teaching dataset; not observed market data,2026-09-01T00:00:00+00:00
2026-01-20,CA_EQ,93.37871420616491,93.37871420616491,SYNTHETIC: seeded teaching dataset; not observed market data,2026-09-01T00:00:00+00:00
2026-01-21,CA_EQ,95.71241672111363,95.71241672111363,SYNTHETIC: seeded teaching dataset; not observed market data,2026-09-01T00:00:00+00:00
2026-01-22,CA_EQ,95.45332002475392,95.45332002475392,SYNTHETIC: seeded teaching dataset; not observed market data,2026-09-01T00:00:00+00:00
2026-01-23,CA_EQ,96.20037905870457,96.20037905870457,SYNTHETIC: seeded teaching dataset; not observed market data,2026-09-01T00:00:00+00:00
2026-01-26,CA_EQ,97.54853223418787,97.54853223418787,SYNTHETIC: seeded teaching dataset; not observed market data,2026-09-01T00:00:00+00:00
2026-01-27,CA_EQ,97.23397823295757,97.23397823295757,SYNTHETIC: seeded teaching dataset; not observed market data,2026-09-01T00:00:00+00:00
2026-01-28,CA_EQ,96.32342859239522,96.32342859239522,SYNTHETIC: seeded teaching dataset; not observed market data,2026-09-01T00:00:00+00:00
2026-01-29,CA_EQ,95.81466877357197,95.81466877357197,SYNTHETIC: seeded teaching dataset; not observed market data,2026-09-01T00:00:00+00:00
2026-01-30,CA_EQ,94.98502616773432,94.98502616773432,SYNTHETIC: seeded teaching dataset; not observed market data,2026-09-01T00:00:00+00:00
2026-02-02,CA_EQ,96.00664551584103,96.00664551584103,SYNTHETIC: seeded teaching dataset; not observed market data,2026-09-01T00:00:00+00:00
2026-02-03,CA_EQ,98.27872160684102,98.27872160684102,SYNTHETIC: seeded teaching dataset; not observed market data,2026-09-01T00:00:00+00:00
2026-02-04,CA_EQ,98.3093499961593,98.3093499961593,SYNTHETIC: seeded teaching dataset; not observed market data,2026-09-01T00:00:00+00:00
2026-02-05,CA_EQ,97.61423222899364,97.61423222899364,SYNTHETIC: seeded teaching dataset; not observed market data,2026-09-01T00:00:00+00:00
2026-02-06,CA_EQ,96.22748885613578,96.22748885613578,SYNTHETIC: seeded teaching dataset; not observed market data,2026-09-01T00:00:00+00:00
2026-02-09,CA_EQ,97.59389921114426,97.59389921114426,SYNTHETIC: seeded teaching dataset; not observed market data,2026-09-01T00:00:00+00:00
2026-02-10,CA_EQ,96.80324991009694,96.80324991009694,SYNTHETIC: seeded teaching dataset; not observed market data,2026-09-01T00:00:00+00:00
2026-02-11,CA_EQ,96.0907349296376,96.0907349296376,SYNTHETIC: seeded teaching dataset; not observed market data,2026-09-01T00:00:00+00:00
2026-02-12,CA_EQ,96.05276452884719,96.05276452884719,SYNTHETIC: seeded teaching dataset; not observed market data,2026-09-01T00:00:00+00:00
2026-02-13,CA_EQ,96.515373624788,96.515373624788,SYNTHETIC: seeded teaching dataset; not observed market data,2026-09-01T00:00:00+00:00
2026-02-16,CA_EQ,97.813080950568,97.813080950568,SYNTHETIC: seeded teaching dataset; not observed market data,2026-09-01T00:00:00+00:00
2026-02-17,CA_EQ,99.89253487218366,99.89253487218366,SYNTHETIC: seeded teaching dataset; not observed market data,2026-09-01T00:00:00+00:00
2026-02-18,CA_EQ,97.667721354561,97.667721354561,SYNTHETIC: seeded teaching dataset; not observed market data,2026-09-01T00:00:00+00:00
2026-02-19,CA_EQ,98.33277625131316,98.33277625131316,SYNTHETIC: seeded teaching dataset; not observed market data,2026-09-01T00:00:00+00:00
2026-02-20,CA_EQ,98.3337067236287,98.3337067236287,SYNTHETIC: seeded teaching dataset; not observed market data,2026-09-01T00:00:00+00:00
2026-02-23,CA_EQ,98.6967855338142,98.6967855338142,SYNTHETIC: seeded teaching dataset; not observed market data,2026-09-01T00:00:00+00:00
2026-02-24,CA_EQ,99.82896398245636,99.82896398245636,SYNTHETIC: seeded teaching dataset; not observed market data,2026-09-01T00:00:00+00:00
2026-02-25,CA_EQ,99.83622452540135,99.83622452540135,SYNTHETIC: seeded teaching dataset; not observed market data,2026-09-01T00:00:00+00:00
2026-02-26,CA_EQ,99.74627244199046,99.74627244199046,SYNTHETIC: seeded teaching dataset; not observed market data,2026-09-01T00:00:00+00:00
2026-02-27,CA_EQ,98.33944349912113,98.33944349912113,SYNTHETIC: seeded teaching dataset; not observed market data,2026-09-01T00:00:00+00:00
2026-03-02,CA_EQ,97.59739541210718,97.59739541210718,SYNTHETIC: seeded teaching dataset; not observed market data,2026-09-01T00:00:00+00:00
2026-03-03,CA_EQ,98.4405132984707,98.4405132984707,SYNTHETIC: seeded teaching dataset; not observed market data,2026-09-01T00:00:00+00:00
2026-03-04,CA_EQ,99.67846534086824,99.67846534086824,SYNTHETIC: seeded teaching dataset; not observed market data,2026-09-01T00:00:00+00:00
2026-03-05,CA_EQ,99.07851076822396,99.07851076822396,SYNTHETIC: seeded teaching dataset; not observed market data,2026-09-01T00:00:00+00:00
2026-03-06,CA_EQ,96.82947166803027,96.82947166803027,SYNTHETIC: seeded teaching dataset; not observed market data,2026-09-01T00:00:00+00:00
2026-03-09,CA_EQ,97.53556932396154,97.53556932396154,SYNTHETIC: seeded teaching dataset; not observed market data,2026-09-01T00:00:00+00:00
2026-03-10,CA_EQ,98.38803163261647,98.38803163261647,SYNTHETIC: seeded teaching dataset; not observed market data,2026-09-01T00:00:00+00:00
2026-03-11,CA_EQ,98.52862264920734,98.52862264920734,SYNTHETIC: seeded teaching dataset; not observed market data,2026-09-01T00:00:00+00:00
2026-03-12,CA_EQ,99.65678494215831,99.65678494215831,SYNTHETIC: seeded teaching dataset; not observed market data,2026-09-01T00:00:00+00:00
2026-03-13,CA_EQ,99.07962638486887,99.07962638486887,SYNTHETIC: seeded teaching dataset; not observed market data,2026-09-01T00:00:00+00:00
2026-03-16,CA_EQ,98.26108067246207,98.26108067246207,SYNTHETIC: seeded teaching dataset; not observed market data,2026-09-01T00:00:00+00:00
2026-03-17,CA_EQ,98.86516179377756,98.86516179377756,SYNTHETIC: seeded teaching dataset; not observed market data,2026-09-01T00:00:00+00:00
2026-03-18,CA_EQ,98.69320016474285,98.69320016474285,SYNTHETIC: seeded teaching dataset; not observed market data,2026-09-01T00:00:00+00:00
2026-03-19,CA_EQ,99.67064765453696,99.67064765453696,SYNTHETIC: seeded teaching dataset; not observed market data,2026-09-01T00:00:00+00:00
2026-03-20,CA_EQ,99.09582286920066,99.09582286920066,SYNTHETIC: seeded teaching dataset; not observed market data,2026-09-01T00:00:00+00:00
2026-03-23,CA_EQ,98.57810614676465,98.57810614676465,SYNTHETIC: seeded teaching dataset; not observed market data,2026-09-01T00:00:00+00:00
2026-03-24,CA_EQ,100.9544450017079,100.9544450017079,SYNTHETIC: seeded teaching dataset; not observed market data,2026-09-01T00:00:00+00:00
2026-03-25,CA_EQ,103.38541837107422,103.38541837107422,SYNTHETIC: seeded teaching dataset; not observed market data,2026-09-01T00:00:00+00:00
2026-03-26,CA_EQ,103.0624689801781,103.0624689801781,SYNTHETIC: seeded teaching dataset; not observed market data,2026-09-01T00:00:00+00:00
2026-03-27,CA_EQ,103.33031020526262,103.33031020526262,SYNTHETIC: seeded teaching dataset; not observed market data,2026-09-01T00:00:00+00:00
2026-03-30,CA_EQ,102.17237054331036,102.17237054331036,SYNTHETIC: seeded teaching dataset; not observed market data,2026-09-01T00:00:00+00:00
2026-03-31,CA_EQ,101.94451064422508,101.94451064422508,SYNTHETIC: seeded teaching dataset; not observed market data,2026-09-01T00:00:00+00:00
2026-04-01,CA_EQ,100.99440058145468,100.99440058145468,SYNTHETIC: seeded teaching dataset; not observed market data,2026-09-01T00:00:00+00:00
2026-04-02,CA_EQ,103.79842692245356,103.79842692245356,SYNTHETIC: seeded teaching dataset; not observed market data,2026-09-01T00:00:00+00:00
2026-04-03,CA_EQ,102.88272228095639,102.88272228095639,SYNTHETIC: seeded teaching dataset; not observed market data,2026-09-01T00:00:00+00:00
2026-04-06,CA_EQ,102.34874483287967,102.34874483287967,SYNTHETIC: seeded teaching dataset; not observed market data,2026-09-01T00:00:00+00:00
2026-04-07,CA_EQ,102.77126099853113,102.77126099853113,SYNTHETIC: seeded teaching dataset; not observed market data,2026-09-01T00:00:00+00:00
2026-04-08,CA_EQ,102.73309645826181,102.73309645826181,SYNTHETIC: seeded teaching dataset; not observed market data,2026-09-01T00:00:00+00:00
2026-04-09,CA_EQ,102.77294187501194,102.77294187501194,SYNTHETIC: seeded teaching dataset; not observed market data,2026-09-01T00:00:00+00:00
2026-04-10,CA_EQ,103.35034943415027,103.35034943415027,SYNTHETIC: seeded teaching dataset; not observed market data,2026-09-01T00:00:00+00:00
2026-04-13,CA_EQ,104.69697030530149,104.69697030530149,SYNTHETIC: seeded teaching dataset; not observed market data,2026-09-01T00:00:00+00:00
2026-04-14,CA_EQ,106.01469571469326,106.01469571469326,SYNTHETIC: seeded teaching dataset; not observed market data,2026-09-01T00:00:00+00:00
2026-04-15,CA_EQ,107.40533601154958,107.40533601154958,SYNTHETIC: seeded teaching dataset; not observed market data,2026-09-01T00:00:00+00:00
2026-04-16,CA_EQ,107.09858197905682,107.09858197905682,SYNTHETIC: seeded teaching dataset; not observed market data,2026-09-01T00:00:00+00:00
2026-04-17,CA_EQ,108.62514106856361,108.62514106856361,SYNTHETIC: seeded teaching dataset; not observed market data,2026-09-01T00:00:00+00:00
2026-04-20,CA_EQ,110.37386891704861,110.37386891704861,SYNTHETIC: seeded teaching dataset; not observed market data,2026-09-01T00:00:00+00:00
2026-04-21,CA_EQ,110.15968652749977,110.15968652749977,SYNTHETIC: seeded teaching dataset; not observed market data,2026-09-01T00:00:00+00:00
2026-04-22,CA_EQ,110.47271082750856,110.47271082750856,SYNTHETIC: seeded teaching dataset; not observed market data,2026-09-01T00:00:00+00:00
2026-04-23,CA_EQ,109.21276391016374,109.21276391016374,SYNTHETIC: seeded teaching dataset; not observed market data,2026-09-01T00:00:00+00:00
2026-04-24,CA_EQ,111.33604940320461,111.33604940320461,SYNTHETIC: seeded teaching dataset; not observed market data,2026-09-01T00:00:00+00:00
2026-04-27,CA_EQ,110.45461215184851,110.45461215184851,SYNTHETIC: seeded teaching dataset; not observed market data,2026-09-01T00:00:00+00:00
2026-04-28,CA_EQ,108.92513705153779,108.92513705153779,SYNTHETIC: seeded teaching dataset; not observed market data,2026-09-01T00:00:00+00:00
2026-04-29,CA_EQ,106.45795481529395,106.45795481529395,SYNTHETIC: seeded teaching dataset; not observed market data,2026-09-01T00:00:00+00:00
2026-04-30,CA_EQ,105.27450971076482,105.27450971076482,SYNTHETIC: seeded teaching dataset; not observed market data,2026-09-01T00:00:00+00:00
2026-05-01,CA_EQ,103.80767902103499,103.80767902103499,SYNTHETIC: seeded teaching dataset; not observed market data,2026-09-01T00:00:00+00:00
2026-05-04,CA_EQ,102.55120855381443,102.55120855381443,SYNTHETIC: seeded teaching dataset; not observed market data,2026-09-01T00:00:00+00:00
2026-05-05,CA_EQ,101.49502903009429,101.49502903009429,SYNTHETIC: seeded teaching dataset; not observed market data,2026-09-01T00:00:00+00:00
2026-05-06,CA_EQ,99.14285494479749,99.14285494479749,SYNTHETIC: seeded teaching dataset; not observed market data,2026-09-01T00:00:00+00:00
2026-05-07,CA_EQ,100.01179601321452,100.01179601321452,SYNTHETIC: seeded teaching dataset; not observed market data,2026-09-01T00:00:00+00:00
2026-05-08,CA_EQ,100.18593218518035,100.18593218518035,SYNTHETIC: seeded teaching dataset; not observed market data,2026-09-01T00:00:00+00:00
2026-05-11,CA_EQ,101.73289895950613,101.73289895950613,SYNTHETIC: seeded teaching dataset; not observed market data,2026-09-01T00:00:00+00:00
2026-05-12,CA_EQ,101.14352671055191,101.14352671055191,SYNTHETIC: seeded teaching dataset; not observed market data,2026-09-01T00:00:00+00:00
2026-05-13,CA_EQ,102.75285254780226,102.75285254780226,SYNTHETIC: seeded teaching dataset; not observed market data,2026-09-01T00:00:00+00:00
2026-05-14,CA_EQ,103.15157192462657,103.15157192462657,SYNTHETIC: seeded teaching dataset; not observed market data,2026-09-01T00:00:00+00:00
2026-05-15,CA_EQ,102.583055591355,102.583055591355,SYNTHETIC: seeded teaching dataset; not observed market data,2026-09-01T00:00:00+00:00
2026-05-18,CA_EQ,105.00961351201087,105.00961351201087,SYNTHETIC: seeded teaching dataset; not observed market data,2026-09-01T00:00:00+00:00
2026-05-19,CA_EQ,103.15429107043698,103.15429107043698,SYNTHETIC: seeded teaching dataset; not observed market data,2026-09-01T00:00:00+00:00
2026-05-20,CA_EQ,103.71779626953226,103.71779626953226,SYNTHETIC: seeded teaching dataset; not observed market data,2026-09-01T00:00:00+00:00
2026-05-21,CA_EQ,105.94407090164538,105.94407090164538,SYNTHETIC: seeded teaching dataset; not observed market data,2026-09-01T00:00:00+00:00
2026-05-22,CA_EQ,105.0022644006704,105.0022644006704,SYNTHETIC: seeded teaching dataset; not observed market data,2026-09-01T00:00:00+00:00
2026-05-25,CA_EQ,103.24459380702311,103.24459380702311,SYNTHETIC: seeded teaching dataset; not observed market data,2026-09-01T00:00:00+00:00
2026-05-26,CA_EQ,104.81093933601322,104.81093933601322,SYNTHETIC: seeded teaching dataset; not observed market data,2026-09-01T00:00:00+00:00
2026-05-27,CA_EQ,104.8450074647555,104.8450074647555,SYNTHETIC: seeded teaching dataset; not observed market data,2026-09-01T00:00:00+00:00
2026-05-28,CA_EQ,106.40280082114863,106.40280082114863,SYNTHETIC: seeded teaching dataset; not observed market data,2026-09-01T00:00:00+00:00
2026-05-29,CA_EQ,106.21226687905707,106.21226687905707,SYNTHETIC: seeded teaching dataset; not observed market data,2026-09-01T00:00:00+00:00
2026-06-01,CA_EQ,104.2638151792843,104.2638151792843,SYNTHETIC: seeded teaching dataset; not observed market data,2026-09-01T00:00:00+00:00
2026-06-02,CA_EQ,104.45279032511266,104.45279032511266,SYNTHETIC: seeded teaching dataset; not observed market data,2026-09-01T00:00:00+00:00
2026-06-03,CA_EQ,105.51359527699478,105.51359527699478,SYNTHETIC: seeded teaching dataset; not observed market data,2026-09-01T00:00:00+00:00
2026-06-04,CA_EQ,106.37422880297498,106.37422880297498,SYNTHETIC: seeded teaching dataset; not observed market data,2026-09-01T00:00:00+00:00
2026-06-05,CA_EQ,105.98976624595231,105.98976624595231,SYNTHETIC: seeded teaching dataset; not observed market data,2026-09-01T00:00:00+00:00
2026-06-08,CA_EQ,103.66156711967878,103.66156711967878,SYNTHETIC: seeded teaching dataset; not observed market data,2026-09-01T00:00:00+00:00
2026-06-09,CA_EQ,102.63159999710416,102.63159999710416,SYNTHETIC: seeded teaching dataset; not observed market data,2026-09-01T00:00:00+00:00
2026-06-10,CA_EQ,100.78732470765814,100.78732470765814,SYNTHETIC: seeded teaching dataset; not observed market data,2026-09-01T00:00:00+00:00
2026-06-11,CA_EQ,100.31242411857002,100.31242411857002,SYNTHETIC: seeded teaching dataset; not observed market data,2026-09-01T00:00:00+00:00
2026-06-12,CA_EQ,99.84881426486993,99.84881426486993,SYNTHETIC: seeded teaching dataset; not observed market data,2026-09-01T00:00:00+00:00
2026-06-15,CA_EQ,97.9224015888941,97.9224015888941,SYNTHETIC: seeded teaching dataset; not observed market data,2026-09-01T00:00:00+00:00
2026-06-16,CA_EQ,98.47073611314374,98.47073611314374,SYNTHETIC: seeded teaching dataset; not observed market data,2026-09-01T00:00:00+00:00
2026-06-17,CA_EQ,97.78682934609371,97.78682934609371,SYNTHETIC: seeded teaching dataset; not observed market data,2026-09-01T00:00:00+00:00
2026-06-18,CA_EQ,95.92346493050535,95.92346493050535,SYNTHETIC: seeded teaching dataset; not observed market data,2026-09-01T00:00:00+00:00
2026-06-19,CA_EQ,95.77588621487051,95.77588621487051,SYNTHETIC: seeded teaching dataset; not observed market data,2026-09-01T00:00:00+00:00
2026-06-22,CA_EQ,95.60911961228956,95.60911961228956,SYNTHETIC: seeded teaching dataset; not observed market data,2026-09-01T00:00:00+00:00
2026-06-23,CA_EQ,96.43273392802608,96.43273392802608,SYNTHETIC: seeded teaching dataset; not observed market data,2026-09-01T00:00:00+00:00
2026-06-24,CA_EQ,95.25732696056319,95.25732696056319,SYNTHETIC: seeded teaching dataset; not observed market data,2026-09-01T00:00:00+00:00
2026-06-25,CA_EQ,94.2271470207712,94.2271470207712,SYNTHETIC: seeded teaching dataset; not observed market data,2026-09-01T00:00:00+00:00
2026-06-26,CA_EQ,95.02516482936211,95.02516482936211,SYNTHETIC: seeded teaching dataset; not observed market data,2026-09-01T00:00:00+00:00
2026-06-29,CA_EQ,94.42473079679814,94.42473079679814,SYNTHETIC: seeded teaching dataset; not observed market data,2026-09-01T00:00:00+00:00
2026-06-30,CA_EQ,94.48489111053475,94.48489111053475,SYNTHETIC: seeded teaching dataset; not observed market data,2026-09-01T00:00:00+00:00
2026-07-01,CA_EQ,94.20410615729833,94.20410615729833,SYNTHETIC: seeded teaching dataset; not observed market data,2026-09-01T00:00:00+00:00
2026-07-02,CA_EQ,93.56101708343037,93.56101708343037,SYNTHETIC: seeded teaching dataset; not observed market data,2026-09-01T00:00:00+00:00
2026-07-03,CA_EQ,94.37032203540646,94.37032203540646,SYNTHETIC: seeded teaching dataset; not observed market data,2026-09-01T00:00:00+00:00
2026-07-06,CA_EQ,93.53590031996919,93.53590031996919,SYNTHETIC: seeded teaching dataset; not observed market data,2026-09-01T00:00:00+00:00
2026-07-07,CA_EQ,93.33206590240111,93.33206590240111,SYNTHETIC: seeded teaching dataset; not observed market data,2026-09-01T00:00:00+00:00
2026-07-08,CA_EQ,94.26302050018829,94.26302050018829,SYNTHETIC: seeded teaching dataset; not observed market data,2026-09-01T00:00:00+00:00
2026-07-09,CA_EQ,94.48251556459859,94.48251556459859,SYNTHETIC: seeded teaching dataset; not observed market data,2026-09-01T00:00:00+00:00
2026-07-10,CA_EQ,92.25403470131113,92.25403470131113,SYNTHETIC: seeded teaching dataset; not observed market data,2026-09-01T00:00:00+00:00
2026-07-13,CA_EQ,92.739789222833,92.739789222833,SYNTHETIC: seeded teaching dataset; not observed market data,2026-09-01T00:00:00+00:00
2026-07-14,CA_EQ,93.24671128452212,93.24671128452212,SYNTHETIC: seeded teaching dataset; not observed market data,2026-09-01T00:00:00+00:00
2026-07-15,CA_EQ,91.70679980010516,91.70679980010516,SYNTHETIC: seeded teaching dataset; not observed market data,2026-09-01T00:00:00+00:00
2026-07-16,CA_EQ,90.6052902869294,90.6052902869294,SYNTHETIC: seeded teaching dataset; not observed market data,2026-09-01T00:00:00+00:00
2026-07-17,CA_EQ,90.31982466321718,90.31982466321718,SYNTHETIC: seeded teaching dataset; not observed market data,2026-09-01T00:00:00+00:00
2026-07-20,CA_EQ,90.8676241682071,90.8676241682071,SYNTHETIC: seeded teaching dataset; not observed market data,2026-09-01T00:00:00+00:00
2026-07-21,CA_EQ,89.95773781628155,89.95773781628155,SYNTHETIC: seeded teaching dataset; not observed market data,2026-09-01T00:00:00+00:00
2026-07-22,CA_EQ,90.68838070480282,90.68838070480282,SYNTHETIC: seeded teaching dataset; not observed market data,2026-09-01T00:00:00+00:00
2026-07-23,CA_EQ,90.7854695578314,90.7854695578314,SYNTHETIC: seeded teaching dataset; not observed market data,2026-09-01T00:00:00+00:00
2026-07-24,CA_EQ,90.52195519047133,90.52195519047133,SYNTHETIC: seeded teaching dataset; not observed market data,2026-09-01T00:00:00+00:00
2026-07-27,CA_EQ,91.80643471968263,91.80643471968263,SYNTHETIC: seeded teaching dataset; not observed market data,2026-09-01T00:00:00+00:00
2026-07-28,CA_EQ,90.00078985733924,90.00078985733924,SYNTHETIC: seeded teaching dataset; not observed market data,2026-09-01T00:00:00+00:00
2026-07-29,CA_EQ,89.24338972673756,89.24338972673756,SYNTHETIC: seeded teaching dataset; not observed market data,2026-09-01T00:00:00+00:00
2026-07-30,CA_EQ,92.45238313238197,92.45238313238197,SYNTHETIC: seeded teaching dataset; not observed market data,2026-09-01T00:00:00+00:00
2026-07-31,CA_EQ,92.19377470857285,92.19377470857285,SYNTHETIC: seeded teaching dataset; not observed market data,2026-09-01T00:00:00+00:00
2026-08-03,CA_EQ,94.1697536616027,94.1697536616027,SYNTHETIC: seeded teaching dataset; not observed market data,2026-09-01T00:00:00+00:00
2026-08-04,CA_EQ,93.63606541804018,93.63606541804018,SYNTHETIC: seeded teaching dataset; not observed market data,2026-09-01T00:00:00+00:00
2026-08-05,CA_EQ,95.957558932983,95.957558932983,SYNTHETIC: seeded teaching dataset; not observed market data,2026-09-01T00:00:00+00:00
2026-08-06,CA_EQ,95.57324984941175,95.57324984941175,SYNTHETIC: seeded teaching dataset; not observed market data,2026-09-01T00:00:00+00:00
2026-08-07,CA_EQ,94.67613191182528,94.67613191182528,SYNTHETIC: seeded teaching dataset; not observed market data,2026-09-01T00:00:00+00:00
2026-08-10,CA_EQ,94.52343457541036,94.52343457541036,SYNTHETIC: seeded teaching dataset; not observed market data,2026-09-01T00:00:00+00:00
2026-08-11,CA_EQ,95.41411563832618,95.41411563832618,SYNTHETIC: seeded teaching dataset; not observed market data,2026-09-01T00:00:00+00:00
2026-08-12,CA_EQ,96.81139583885594,96.81139583885594,SYNTHETIC: seeded teaching dataset; not observed market data,2026-09-01T00:00:00+00:00
2026-08-13,CA_EQ,97.36632512355742,97.36632512355742,SYNTHETIC: seeded teaching dataset; not observed market data,2026-09-01T00:00:00+00:00
2026-08-14,CA_EQ,97.59371590150315,97.59371590150315,SYNTHETIC: seeded teaching dataset; not observed market data,2026-09-01T00:00:00+00:00
2026-08-17,CA_EQ,97.7859067910176,97.7859067910176,SYNTHETIC: seeded teaching dataset; not observed market data,2026-09-01T00:00:00+00:00
2026-08-18,CA_EQ,98.75467041204547,98.75467041204547,SYNTHETIC: seeded teaching dataset; not observed market data,2026-09-01T00:00:00+00:00
2026-08-19,CA_EQ,99.6094291220133,99.6094291220133,SYNTHETIC: seeded teaching dataset; not observed market data,2026-09-01T00:00:00+00:00
2026-08-20,CA_EQ,100.63063302316242,100.63063302316242,SYNTHETIC: seeded teaching dataset; not observed market data,2026-09-01T00:00:00+00:00
2026-08-21,CA_EQ,101.20621190615469,101.20621190615469,SYNTHETIC: seeded teaching dataset; not observed market data,2026-09-01T00:00:00+00:00
2026-08-24,CA_EQ,101.72140862900537,101.72140862900537,SYNTHETIC: seeded teaching dataset; not observed market data,2026-09-01T00:00:00+00:00
2026-08-25,CA_EQ,100.86345592983265,100.86345592983265,SYNTHETIC: seeded teaching dataset; not observed market data,2026-09-01T00:00:00+00:00
2026-08-26,CA_EQ,100.17161137416464,100.17161137416464,SYNTHETIC: seeded teaching dataset; not observed market data,2026-09-01T00:00:00+00:00
2026-08-27,CA_EQ,100.36231641848039,100.36231641848039,SYNTHETIC: seeded teaching dataset; not observed market data,2026-09-01T00:00:00+00:00
2026-08-28,CA_EQ,100.63889740298504,100.63889740298504,SYNTHETIC: seeded teaching dataset; not observed market data,2026-09-01T00:00:00+00:00
2026-08-31,CA_EQ,100.0,100.0,SYNTHETIC: seeded teaching dataset; not observed market data,2026-09-01T00:00:00+00:00
2025-01-02,US_EQ,266.09459337671217,266.09459337671217,SYNTHETIC: seeded teaching dataset; not observed market data,2026-09-01T00:00:00+00:00
2025-01-03,US_EQ,261.7481809740675,261.7481809740675,SYNTHETIC: seeded teaching dataset; not observed market data,2026-09-01T00:00:00+00:00
2025-01-06,US_EQ,262.89722455683193,262.89722455683193,SYNTHETIC: seeded teaching dataset; not observed market data,2026-09-01T00:00:00+00:00
2025-01-07,US_EQ,259.0836130111878,259.0836130111878,SYNTHETIC: seeded teaching dataset; not observed market data,2026-09-01T00:00:00+00:00
2025-01-08,US_EQ,249.98887680040517,249.98887680040517,SYNTHETIC: seeded teaching dataset; not observed market data,2026-09-01T00:00:00+00:00
2025-01-09,US_EQ,247.0244163081369,247.0244163081369,SYNTHETIC: seeded teaching dataset; not observed market data,2026-09-01T00:00:00+00:00
2025-01-10,US_EQ,246.40148463069482,246.40148463069482,SYNTHETIC: seeded teaching dataset; not observed market data,2026-09-01T00:00:00+00:00
2025-01-13,US_EQ,251.29919262167445,251.29919262167445,SYNTHETIC: seeded teaching dataset; not observed market data,2026-09-01T00:00:00+00:00
2025-01-14,US_EQ,252.74665379693528,252.74665379693528,SYNTHETIC: seeded teaching dataset; not observed market data,2026-09-01T00:00:00+00:00
2025-01-15,US_EQ,259.4266819425611,259.4266819425611,SYNTHETIC: seeded teaching dataset; not observed market data,2026-09-01T00:00:00+00:00
2025-01-16,US_EQ,255.24207935803122,255.24207935803122,SYNTHETIC: seeded teaching dataset; not observed market data,2026-09-01T00:00:00+00:00
2025-01-17,US_EQ,256.5257209862664,256.5257209862664,SYNTHETIC: seeded teaching dataset; not observed market data,2026-09-01T00:00:00+00:00
2025-01-20,US_EQ,255.1882517822639,255.1882517822639,SYNTHETIC: seeded teaching dataset; not observed market data,2026-09-01T00:00:00+00:00
2025-01-21,US_EQ,253.7521237740505,253.7521237740505,SYNTHETIC: seeded teaching dataset; not observed market data,2026-09-01T00:00:00+00:00
2025-01-22,US_EQ,251.30913860106818,251.30913860106818,SYNTHETIC: seeded teaching dataset; not observed market data,2026-09-01T00:00:00+00:00
2025-01-23,US_EQ,250.80732233704322,250.80732233704322,SYNTHETIC: seeded teaching dataset; not observed market data,2026-09-01T00:00:00+00:00
2025-01-24,US_EQ,253.48856546843479,253.48856546843479,SYNTHETIC: seeded teaching dataset; not observed market data,2026-09-01T00:00:00+00:00
2025-01-27,US_EQ,254.71218266084904,254.71218266084904,SYNTHETIC: seeded teaching dataset; not observed market data,2026-09-01T00:00:00+00:00
2025-01-28,US_EQ,256.9479060265609,256.9479060265609,SYNTHETIC: seeded teaching dataset; not observed market data,2026-09-01T00:00:00+00:00
2025-01-29,US_EQ,255.87737943497723,255.87737943497723,SYNTHETIC: seeded teaching dataset; not observed market data,2026-09-01T00:00:00+00:00
2025-01-30,US_EQ,256.6211119745987,256.6211119745987,SYNTHETIC: seeded teaching dataset; not observed market data,2026-09-01T00:00:00+00:00
2025-01-31,US_EQ,254.27669924442108,254.27669924442108,SYNTHETIC: seeded teaching dataset; not observed market data,2026-09-01T00:00:00+00:00
2025-02-03,US_EQ,257.1718259527048,257.1718259527048,SYNTHETIC: seeded teaching dataset; not observed market data,2026-09-01T00:00:00+00:00
2025-02-04,US_EQ,260.9491018161256,260.9491018161256,SYNTHETIC: seeded teaching dataset; not observed market data,2026-09-01T00:00:00+00:00
2025-02-05,US_EQ,259.74447271314716,259.74447271314716,SYNTHETIC: seeded teaching dataset; not observed market data,2026-09-01T00:00:00+00:00
2025-02-06,US_EQ,261.4774941245066,261.4774941245066,SYNTHETIC: seeded teaching dataset; not observed market data,2026-09-01T00:00:00+00:00
2025-02-07,US_EQ,262.0182818340562,262.0182818340562,SYNTHETIC: seeded teaching dataset; not observed market data,2026-09-01T00:00:00+00:00
2025-02-10,US_EQ,264.5585434714705,264.5585434714705,SYNTHETIC: seeded teaching dataset; not observed market data,2026-09-01T00:00:00+00:00
2025-02-11,US_EQ,266.9757395271697,266.9757395271697,SYNTHETIC: seeded teaching dataset; not observed market data,2026-09-01T00:00:00+00:00
2025-02-12,US_EQ,267.1031039391063,267.1031039391063,SYNTHETIC: seeded teaching dataset; not observed market data,2026-09-01T00:00:00+00:00
2025-02-13,US_EQ,263.88953593206924,263.88953593206924,SYNTHETIC: seeded teaching dataset; not observed market data,2026-09-01T00:00:00+00:00
2025-02-14,US_EQ,268.06274979407965,268.06274979407965,SYNTHETIC: seeded teaching dataset; not observed market data,2026-09-01T00:00:00+00:00
2025-02-17,US_EQ,268.83569462449486,268.83569462449486,SYNTHETIC: seeded teaching dataset; not observed market data,2026-09-01T00:00:00+00:00
2025-02-18,US_EQ,266.0627298321978,266.0627298321978,SYNTHETIC: seeded teaching dataset; not observed market data,2026-09-01T00:00:00+00:00
2025-02-19,US_EQ,262.62251431691607,262.62251431691607,SYNTHETIC: seeded teaching dataset; not observed market data,2026-09-01T00:00:00+00:00
2025-02-20,US_EQ,265.96189866124064,265.96189866124064,SYNTHETIC: seeded teaching dataset; not observed market data,2026-09-01T00:00:00+00:00
2025-02-21,US_EQ,264.19981732671755,264.19981732671755,SYNTHETIC: seeded teaching dataset; not observed market data,2026-09-01T00:00:00+00:00
2025-02-24,US_EQ,263.14617765136666,263.14617765136666,SYNTHETIC: seeded teaching dataset; not observed market data,2026-09-01T00:00:00+00:00
2025-02-25,US_EQ,265.6895904358701,265.6895904358701,SYNTHETIC: seeded teaching dataset; not observed market data,2026-09-01T00:00:00+00:00
2025-02-26,US_EQ,264.6826918534404,264.6826918534404,SYNTHETIC: seeded teaching dataset; not observed market data,2026-09-01T00:00:00+00:00
2025-02-27,US_EQ,261.70967203588077,261.70967203588077,SYNTHETIC: seeded teaching dataset; not observed market data,2026-09-01T00:00:00+00:00
2025-02-28,US_EQ,267.16515073460135,267.16515073460135,SYNTHETIC: seeded teaching dataset; not observed market data,2026-09-01T00:00:00+00:00
2025-03-03,US_EQ,266.88353499480496,266.88353499480496,SYNTHETIC: seeded teaching dataset; not observed market data,2026-09-01T00:00:00+00:00
2025-03-04,US_EQ,261.24284463675804,261.24284463675804,SYNTHETIC: seeded teaching dataset; not observed market data,2026-09-01T00:00:00+00:00
2025-03-05,US_EQ,263.8788240782211,263.8788240782211,SYNTHETIC: seeded teaching dataset; not observed market data,2026-09-01T00:00:00+00:00
2025-03-06,US_EQ,267.4928252840138,267.4928252840138,SYNTHETIC: seeded teaching dataset; not observed market data,2026-09-01T00:00:00+00:00
2025-03-07,US_EQ,266.3915552357968,266.3915552357968,SYNTHETIC: seeded teaching dataset; not observed market data,2026-09-01T00:00:00+00:00
2025-03-10,US_EQ,272.16051928425634,272.16051928425634,SYNTHETIC: seeded teaching dataset; not observed market data,2026-09-01T00:00:00+00:00
2025-03-11,US_EQ,277.13046606359944,277.13046606359944,SYNTHETIC: seeded teaching dataset; not observed market data,2026-09-01T00:00:00+00:00
2025-03-12,US_EQ,284.9433703897901,284.9433703897901,SYNTHETIC: seeded teaching dataset; not observed market data,2026-09-01T00:00:00+00:00
2025-03-13,US_EQ,285.4027309525349,285.4027309525349,SYNTHETIC: seeded teaching dataset; not observed market data,2026-09-01T00:00:00+00:00
2025-03-14,US_EQ,283.2929729689427,283.2929729689427,SYNTHETIC: seeded teaching dataset; not observed market data,2026-09-01T00:00:00+00:00
2025-03-17,US_EQ,283.86870715439034,283.86870715439034,SYNTHETIC: seeded teaching dataset; not observed market data,2026-09-01T00:00:00+00:00
2025-03-18,US_EQ,283.2706719368538,283.2706719368538,SYNTHETIC: seeded teaching dataset; not observed market data,2026-09-01T00:00:00+00:00
2025-03-19,US_EQ,282.4954892618434,282.4954892618434,SYNTHETIC: seeded teaching dataset; not observed market data,2026-09-01T00:00:00+00:00
2025-03-20,US_EQ,285.1906357099899,285.1906357099899,SYNTHETIC: seeded teaching dataset; not observed market data,2026-09-01T00:00:00+00:00
2025-03-21,US_EQ,279.77629307369324,279.77629307369324,SYNTHETIC: seeded teaching dataset; not observed market data,2026-09-01T00:00:00+00:00
2025-03-24,US_EQ,277.59040847155177,277.59040847155177,SYNTHETIC: seeded teaching dataset; not observed market data,2026-09-01T00:00:00+00:00
2025-03-25,US_EQ,274.7724477755823,274.7724477755823,SYNTHETIC: seeded teaching dataset; not observed market data,2026-09-01T00:00:00+00:00
2025-03-26,US_EQ,274.55393792929397,274.55393792929397,SYNTHETIC: seeded teaching dataset; not observed market data,2026-09-01T00:00:00+00:00
2025-03-27,US_EQ,276.03040155376505,276.03040155376505,SYNTHETIC: seeded teaching dataset; not observed market data,2026-09-01T00:00:00+00:00
2025-03-28,US_EQ,284.7746890239306,284.7746890239306,SYNTHETIC: seeded teaching dataset; not observed market data,2026-09-01T00:00:00+00:00
2025-03-31,US_EQ,286.9287086096317,286.9287086096317,SYNTHETIC: seeded teaching dataset; not observed market data,2026-09-01T00:00:00+00:00
2025-04-01,US_EQ,279.5587646317013,279.5587646317013,SYNTHETIC: seeded teaching dataset; not observed market data,2026-09-01T00:00:00+00:00
2025-04-02,US_EQ,271.9234224511615,271.9234224511615,SYNTHETIC: seeded teaching dataset; not observed market data,2026-09-01T00:00:00+00:00
2025-04-03,US_EQ,268.919905946793,268.919905946793,SYNTHETIC: seeded teaching dataset; not observed market data,2026-09-01T00:00:00+00:00
2025-04-04,US_EQ,268.9337079526539,268.9337079526539,SYNTHETIC: seeded teaching dataset; not observed market data,2026-09-01T00:00:00+00:00
2025-04-07,US_EQ,269.73638062854843,269.73638062854843,SYNTHETIC: seeded teaching dataset; not observed market data,2026-09-01T00:00:00+00:00
2025-04-08,US_EQ,271.6979671623971,271.6979671623971,SYNTHETIC: seeded teaching dataset; not observed market data,2026-09-01T00:00:00+00:00
2025-04-09,US_EQ,267.190485702284,267.190485702284,SYNTHETIC: seeded teaching dataset; not observed market data,2026-09-01T00:00:00+00:00
2025-04-10,US_EQ,267.2495007884404,267.2495007884404,SYNTHETIC: seeded teaching dataset; not observed market data,2026-09-01T00:00:00+00:00
2025-04-11,US_EQ,272.2128829823157,272.2128829823157,SYNTHETIC: seeded teaching dataset; not observed market data,2026-09-01T00:00:00+00:00
2025-04-14,US_EQ,272.5366290369977,272.5366290369977,SYNTHETIC: seeded teaching dataset; not observed market data,2026-09-01T00:00:00+00:00
2025-04-15,US_EQ,268.95472420250513,268.95472420250513,SYNTHETIC: seeded teaching dataset; not observed market data,2026-09-01T00:00:00+00:00
2025-04-16,US_EQ,267.16331086735914,267.16331086735914,SYNTHETIC: seeded teaching dataset; not observed market data,2026-09-01T00:00:00+00:00
2025-04-17,US_EQ,256.2973843971014,256.2973843971014,SYNTHETIC: seeded teaching dataset; not observed market data,2026-09-01T00:00:00+00:00
2025-04-18,US_EQ,256.25938684988154,256.25938684988154,SYNTHETIC: seeded teaching dataset; not observed market data,2026-09-01T00:00:00+00:00
2025-04-21,US_EQ,249.5768272600863,249.5768272600863,SYNTHETIC: seeded teaching dataset; not observed market data,2026-09-01T00:00:00+00:00
2025-04-22,US_EQ,245.58999963923918,245.58999963923918,SYNTHETIC: seeded teaching dataset; not observed market data,2026-09-01T00:00:00+00:00
2025-04-23,US_EQ,242.1466243438891,242.1466243438891,SYNTHETIC: seeded teaching dataset; not observed market data,2026-09-01T00:00:00+00:00
2025-04-24,US_EQ,243.99794821803764,243.99794821803764,SYNTHETIC: seeded teaching dataset; not observed market data,2026-09-01T00:00:00+00:00
2025-04-25,US_EQ,245.2968537833336,245.2968537833336,SYNTHETIC: seeded teaching dataset; not observed market data,2026-09-01T00:00:00+00:00
2025-04-28,US_EQ,244.37007521622309,244.37007521622309,SYNTHETIC: seeded teaching dataset; not observed market data,2026-09-01T00:00:00+00:00
2025-04-29,US_EQ,244.73316434085694,244.73316434085694,SYNTHETIC: seeded teaching dataset; not observed market data,2026-09-01T00:00:00+00:00
2025-04-30,US_EQ,239.05327763187378,239.05327763187378,SYNTHETIC: seeded teaching dataset; not observed market data,2026-09-01T00:00:00+00:00
2025-05-01,US_EQ,238.0078215670597,238.0078215670597,SYNTHETIC: seeded teaching dataset; not observed market data,2026-09-01T00:00:00+00:00
2025-05-02,US_EQ,233.49645627631517,233.49645627631517,SYNTHETIC: seeded teaching dataset; not observed market data,2026-09-01T00:00:00+00:00
2025-05-05,US_EQ,230.39716915239754,230.39716915239754,SYNTHETIC: seeded teaching dataset; not observed market data,2026-09-01T00:00:00+00:00
2025-05-06,US_EQ,227.87163715518693,227.87163715518693,SYNTHETIC: seeded teaching dataset; not observed market data,2026-09-01T00:00:00+00:00
2025-05-07,US_EQ,221.72454799051832,221.72454799051832,SYNTHETIC: seeded teaching dataset; not observed market data,2026-09-01T00:00:00+00:00
2025-05-08,US_EQ,223.73435369434716,223.73435369434716,SYNTHETIC: seeded teaching dataset; not observed market data,2026-09-01T00:00:00+00:00
2025-05-09,US_EQ,225.43871449691463,225.43871449691463,SYNTHETIC: seeded teaching dataset; not observed market data,2026-09-01T00:00:00+00:00
2025-05-12,US_EQ,226.66591153194446,226.66591153194446,SYNTHETIC: seeded teaching dataset; not observed market data,2026-09-01T00:00:00+00:00
2025-05-13,US_EQ,225.06931866388624,225.06931866388624,SYNTHETIC: seeded teaching dataset; not observed market data,2026-09-01T00:00:00+00:00
2025-05-14,US_EQ,223.39823058609934,223.39823058609934,SYNTHETIC: seeded teaching dataset; not observed market data,2026-09-01T00:00:00+00:00
2025-05-15,US_EQ,222.5741206936881,222.5741206936881,SYNTHETIC: seeded teaching dataset; not observed market data,2026-09-01T00:00:00+00:00
2025-05-16,US_EQ,225.91495521010054,225.91495521010054,SYNTHETIC: seeded teaching dataset; not observed market data,2026-09-01T00:00:00+00:00
2025-05-19,US_EQ,225.9164857750114,225.9164857750114,SYNTHETIC: seeded teaching dataset; not observed market data,2026-09-01T00:00:00+00:00
2025-05-20,US_EQ,223.05994963684273,223.05994963684273,SYNTHETIC: seeded teaching dataset; not observed market data,2026-09-01T00:00:00+00:00
2025-05-21,US_EQ,218.8359858705488,218.8359858705488,SYNTHETIC: seeded teaching dataset; not observed market data,2026-09-01T00:00:00+00:00
2025-05-22,US_EQ,221.91558349904574,221.91558349904574,SYNTHETIC: seeded teaching dataset; not observed market data,2026-09-01T00:00:00+00:00
2025-05-23,US_EQ,223.96715612363354,223.96715612363354,SYNTHETIC: seeded teaching dataset; not observed market data,2026-09-01T00:00:00+00:00
2025-05-26,US_EQ,221.37885758132813,221.37885758132813,SYNTHETIC: seeded teaching dataset; not observed market data,2026-09-01T00:00:00+00:00
2025-05-27,US_EQ,219.62560543756936,219.62560543756936,SYNTHETIC: seeded teaching dataset; not observed market data,2026-09-01T00:00:00+00:00
2025-05-28,US_EQ,216.1384457212458,216.1384457212458,SYNTHETIC: seeded teaching dataset; not observed market data,2026-09-01T00:00:00+00:00
2025-05-29,US_EQ,215.48580115418594,215.48580115418594,SYNTHETIC: seeded teaching dataset; not observed market data,2026-09-01T00:00:00+00:00
2025-05-30,US_EQ,215.78502612689311,215.78502612689311,SYNTHETIC: seeded teaching dataset; not observed market data,2026-09-01T00:00:00+00:00
2025-06-02,US_EQ,214.84661903493244,214.84661903493244,SYNTHETIC: seeded teaching dataset; not observed market data,2026-09-01T00:00:00+00:00
2025-06-03,US_EQ,215.83968989114362,215.83968989114362,SYNTHETIC: seeded teaching dataset; not observed market data,2026-09-01T00:00:00+00:00
2025-06-04,US_EQ,215.72991859541267,215.72991859541267,SYNTHETIC: seeded teaching dataset; not observed market data,2026-09-01T00:00:00+00:00
2025-06-05,US_EQ,218.7900617696021,218.7900617696021,SYNTHETIC: seeded teaching dataset; not observed market data,2026-09-01T00:00:00+00:00
2025-06-06,US_EQ,223.73127420689653,223.73127420689653,SYNTHETIC: seeded teaching dataset; not observed market data,2026-09-01T00:00:00+00:00
2025-06-09,US_EQ,220.82104933640963,220.82104933640963,SYNTHETIC: seeded teaching dataset; not observed market data,2026-09-01T00:00:00+00:00
2025-06-10,US_EQ,220.20562544150332,220.20562544150332,SYNTHETIC: seeded teaching dataset; not observed market data,2026-09-01T00:00:00+00:00
2025-06-11,US_EQ,217.6025012557938,217.6025012557938,SYNTHETIC: seeded teaching dataset; not observed market data,2026-09-01T00:00:00+00:00
2025-06-12,US_EQ,218.28272562664938,218.28272562664938,SYNTHETIC: seeded teaching dataset; not observed market data,2026-09-01T00:00:00+00:00
2025-06-13,US_EQ,219.09615930141123,219.09615930141123,SYNTHETIC: seeded teaching dataset; not observed market data,2026-09-01T00:00:00+00:00
2025-06-16,US_EQ,218.39037962514658,218.39037962514658,SYNTHETIC: seeded teaching dataset; not observed market data,2026-09-01T00:00:00+00:00
2025-06-17,US_EQ,219.32705918259495,219.32705918259495,SYNTHETIC: seeded teaching dataset; not observed market data,2026-09-01T00:00:00+00:00
2025-06-18,US_EQ,218.71402565165437,218.71402565165437,SYNTHETIC: seeded teaching dataset; not observed market data,2026-09-01T00:00:00+00:00
2025-06-19,US_EQ,222.67244875018446,222.67244875018446,SYNTHETIC: seeded teaching dataset; not observed market data,2026-09-01T00:00:00+00:00
2025-06-20,US_EQ,224.27427353416783,224.27427353416783,SYNTHETIC: seeded teaching dataset; not observed market data,2026-09-01T00:00:00+00:00
2025-06-23,US_EQ,218.67650672320224,218.67650672320224,SYNTHETIC: seeded teaching dataset; not observed market data,2026-09-01T00:00:00+00:00
2025-06-24,US_EQ,216.47339505586044,216.47339505586044,SYNTHETIC: seeded teaching dataset; not observed market data,2026-09-01T00:00:00+00:00
2025-06-25,US_EQ,216.77617319489457,216.77617319489457,SYNTHETIC: seeded teaching dataset; not observed market data,2026-09-01T00:00:00+00:00
2025-06-26,US_EQ,216.42422282467152,216.42422282467152,SYNTHETIC: seeded teaching dataset; not observed market data,2026-09-01T00:00:00+00:00
2025-06-27,US_EQ,215.10437364503213,215.10437364503213,SYNTHETIC: seeded teaching dataset; not observed market data,2026-09-01T00:00:00+00:00
2025-06-30,US_EQ,211.4110813856701,211.4110813856701,SYNTHETIC: seeded teaching dataset; not observed market data,2026-09-01T00:00:00+00:00
2025-07-01,US_EQ,212.09502178215703,212.09502178215703,SYNTHETIC: seeded teaching dataset; not observed market data,2026-09-01T00:00:00+00:00
2025-07-02,US_EQ,212.17202904704342,212.17202904704342,SYNTHETIC: seeded teaching dataset; not observed market data,2026-09-01T00:00:00+00:00
2025-07-03,US_EQ,209.2426651724781,209.2426651724781,SYNTHETIC: seeded teaching dataset; not observed market data,2026-09-01T00:00:00+00:00
2025-07-04,US_EQ,209.21554239443708,209.21554239443708,SYNTHETIC: seeded teaching dataset; not observed market data,2026-09-01T00:00:00+00:00
2025-07-07,US_EQ,204.2355274640424,204.2355274640424,SYNTHETIC: seeded teaching dataset; not observed market data,2026-09-01T00:00:00+00:00
2025-07-08,US_EQ,204.5076614530247,204.5076614530247,SYNTHETIC: seeded teaching dataset; not observed market data,2026-09-01T00:00:00+00:00
2025-07-09,US_EQ,202.45375940748917,202.45375940748917,SYNTHETIC: seeded teaching dataset; not observed market data,2026-09-01T00:00:00+00:00
2025-07-10,US_EQ,203.82918523945128,203.82918523945128,SYNTHETIC: seeded teaching dataset; not observed market data,2026-09-01T00:00:00+00:00
2025-07-11,US_EQ,196.63856092395906,196.63856092395906,SYNTHETIC: seeded teaching dataset; not observed market data,2026-09-01T00:00:00+00:00
2025-07-14,US_EQ,193.7616854945758,193.7616854945758,SYNTHETIC: seeded teaching dataset; not observed market data,2026-09-01T00:00:00+00:00
2025-07-15,US_EQ,190.4714319509935,190.4714319509935,SYNTHETIC: seeded teaching dataset; not observed market data,2026-09-01T00:00:00+00:00
2025-07-16,US_EQ,190.90676872266997,190.90676872266997,SYNTHETIC: seeded teaching dataset; not observed market data,2026-09-01T00:00:00+00:00
2025-07-17,US_EQ,189.6030948787494,189.6030948787494,SYNTHETIC: seeded teaching dataset; not observed market data,2026-09-01T00:00:00+00:00
2025-07-18,US_EQ,190.56280275025023,190.56280275025023,SYNTHETIC: seeded teaching dataset; not observed market data,2026-09-01T00:00:00+00:00
2025-07-21,US_EQ,191.41144239608963,191.41144239608963,SYNTHETIC: seeded teaching dataset; not observed market data,2026-09-01T00:00:00+00:00
2025-07-22,US_EQ,193.63632870118093,193.63632870118093,SYNTHETIC: seeded teaching dataset; not observed market data,2026-09-01T00:00:00+00:00
2025-07-23,US_EQ,196.3839508888391,196.3839508888391,SYNTHETIC: seeded teaching dataset; not observed market data,2026-09-01T00:00:00+00:00
2025-07-24,US_EQ,196.84880861156012,196.84880861156012,SYNTHETIC: seeded teaching dataset; not observed market data,2026-09-01T00:00:00+00:00
2025-07-25,US_EQ,200.48307102615277,200.48307102615277,SYNTHETIC: seeded teaching dataset; not observed market data,2026-09-01T00:00:00+00:00
2025-07-28,US_EQ,197.91288692731766,197.91288692731766,SYNTHETIC: seeded teaching dataset; not observed market data,2026-09-01T00:00:00+00:00
2025-07-29,US_EQ,198.17385286025595,198.17385286025595,SYNTHETIC: seeded teaching dataset; not observed market data,2026-09-01T00:00:00+00:00
2025-07-30,US_EQ,199.06983597628064,199.06983597628064,SYNTHETIC: seeded teaching dataset; not observed market data,2026-09-01T00:00:00+00:00
2025-07-31,US_EQ,198.85531011527203,198.85531011527203,SYNTHETIC: seeded teaching dataset; not observed market data,2026-09-01T00:00:00+00:00
2025-08-01,US_EQ,200.09441330260694,200.09441330260694,SYNTHETIC: seeded teaching dataset; not observed market data,2026-09-01T00:00:00+00:00
2025-08-04,US_EQ,198.95558773849987,198.95558773849987,SYNTHETIC: seeded teaching dataset; not observed market data,2026-09-01T00:00:00+00:00
2025-08-05,US_EQ,200.42709895501358,200.42709895501358,SYNTHETIC: seeded teaching dataset; not observed market data,2026-09-01T00:00:00+00:00
2025-08-06,US_EQ,202.80959988092243,202.80959988092243,SYNTHETIC: seeded teaching dataset; not observed market data,2026-09-01T00:00:00+00:00
2025-08-07,US_EQ,205.8381547185588,205.8381547185588,SYNTHETIC: seeded teaching dataset; not observed market data,2026-09-01T00:00:00+00:00
2025-08-08,US_EQ,206.70172962649912,206.70172962649912,SYNTHETIC: seeded teaching dataset; not observed market data,2026-09-01T00:00:00+00:00
2025-08-11,US_EQ,205.35888346405605,205.35888346405605,SYNTHETIC: seeded teaching dataset; not observed market data,2026-09-01T00:00:00+00:00
2025-08-12,US_EQ,207.1405951733028,207.1405951733028,SYNTHETIC: seeded teaching dataset; not observed market data,2026-09-01T00:00:00+00:00
2025-08-13,US_EQ,206.8945443135965,206.8945443135965,SYNTHETIC: seeded teaching dataset; not observed market data,2026-09-01T00:00:00+00:00
2025-08-14,US_EQ,209.10692068998503,209.10692068998503,SYNTHETIC: seeded teaching dataset; not observed market data,2026-09-01T00:00:00+00:00
2025-08-15,US_EQ,209.61164310658128,209.61164310658128,SYNTHETIC: seeded teaching dataset; not observed market data,2026-09-01T00:00:00+00:00
2025-08-18,US_EQ,210.58521862349932,210.58521862349932,SYNTHETIC: seeded teaching dataset; not observed market data,2026-09-01T00:00:00+00:00
2025-08-19,US_EQ,209.78590863854367,209.78590863854367,SYNTHETIC: seeded teaching dataset; not observed market data,2026-09-01T00:00:00+00:00
2025-08-20,US_EQ,211.67876153742307,211.67876153742307,SYNTHETIC: seeded teaching dataset; not observed market data,2026-09-01T00:00:00+00:00
2025-08-21,US_EQ,210.5309769418052,210.5309769418052,SYNTHETIC: seeded teaching dataset; not observed market data,2026-09-01T00:00:00+00:00
2025-08-22,US_EQ,212.59433387777366,212.59433387777366,SYNTHETIC: seeded teaching dataset; not observed market data,2026-09-01T00:00:00+00:00
2025-08-25,US_EQ,212.66154303544167,212.66154303544167,SYNTHETIC: seeded teaching dataset; not observed market data,2026-09-01T00:00:00+00:00
2025-08-26,US_EQ,211.79613380282947,211.79613380282947,SYNTHETIC: seeded teaching dataset; not observed market data,2026-09-01T00:00:00+00:00
2025-08-27,US_EQ,208.71210562406537,208.71210562406537,SYNTHETIC: seeded teaching dataset; not observed market data,2026-09-01T00:00:00+00:00
2025-08-28,US_EQ,207.16473150353352,207.16473150353352,SYNTHETIC: seeded teaching dataset; not observed market data,2026-09-01T00:00:00+00:00
2025-08-29,US_EQ,208.82354747032335,208.82354747032335,SYNTHETIC: seeded teaching dataset; not observed market data,2026-09-01T00:00:00+00:00
2025-09-01,US_EQ,211.90128469057018,211.90128469057018,SYNTHETIC: seeded teaching dataset; not observed market data,2026-09-01T00:00:00+00:00
2025-09-02,US_EQ,214.59747549600837,214.59747549600837,SYNTHETIC: seeded teaching dataset; not observed market data,2026-09-01T00:00:00+00:00
2025-09-03,US_EQ,213.13816630678394,213.13816630678394,SYNTHETIC: seeded teaching dataset; not observed market data,2026-09-01T00:00:00+00:00
2025-09-04,US_EQ,210.64087304204352,210.64087304204352,SYNTHETIC: seeded teaching dataset; not observed market data,2026-09-01T00:00:00+00:00
2025-09-05,US_EQ,205.47745831958346,205.47745831958346,SYNTHETIC: seeded teaching dataset; not observed market data,2026-09-01T00:00:00+00:00
2025-09-08,US_EQ,204.39582730724175,204.39582730724175,SYNTHETIC: seeded teaching dataset; not observed market data,2026-09-01T00:00:00+00:00
2025-09-09,US_EQ,205.82026349345242,205.82026349345242,SYNTHETIC: seeded teaching dataset; not observed market data,2026-09-01T00:00:00+00:00
2025-09-10,US_EQ,203.87782503604723,203.87782503604723,SYNTHETIC: seeded teaching dataset; not observed market data,2026-09-01T00:00:00+00:00
2025-09-11,US_EQ,207.3333264781508,207.3333264781508,SYNTHETIC: seeded teaching dataset; not observed market data,2026-09-01T00:00:00+00:00
2025-09-12,US_EQ,201.48291444153892,201.48291444153892,SYNTHETIC: seeded teaching dataset; not observed market data,2026-09-01T00:00:00+00:00
2025-09-15,US_EQ,202.86171195040316,202.86171195040316,SYNTHETIC: seeded teaching dataset; not observed market data,2026-09-01T00:00:00+00:00
2025-09-16,US_EQ,199.2446086485741,199.2446086485741,SYNTHETIC: seeded teaching dataset; not observed market data,2026-09-01T00:00:00+00:00
2025-09-17,US_EQ,199.6152243563976,199.6152243563976,SYNTHETIC: seeded teaching dataset; not observed market data,2026-09-01T00:00:00+00:00
2025-09-18,US_EQ,203.05008151033948,203.05008151033948,SYNTHETIC: seeded teaching dataset; not observed market data,2026-09-01T00:00:00+00:00
2025-09-19,US_EQ,201.8076580329602,201.8076580329602,SYNTHETIC: seeded teaching dataset; not observed market data,2026-09-01T00:00:00+00:00
2025-09-22,US_EQ,199.3124498395246,199.3124498395246,SYNTHETIC: seeded teaching dataset; not observed market data,2026-09-01T00:00:00+00:00
2025-09-23,US_EQ,198.59453920541276,198.59453920541276,SYNTHETIC: seeded teaching dataset; not observed market data,2026-09-01T00:00:00+00:00
2025-09-24,US_EQ,200.68925685194665,200.68925685194665,SYNTHETIC: seeded teaching dataset; not observed market data,2026-09-01T00:00:00+00:00
2025-09-25,US_EQ,199.95595350174355,199.95595350174355,SYNTHETIC: seeded teaching dataset; not observed market data,2026-09-01T00:00:00+00:00
2025-09-26,US_EQ,202.5907243632815,202.5907243632815,SYNTHETIC: seeded teaching dataset; not observed market data,2026-09-01T00:00:00+00:00
2025-09-29,US_EQ,199.75811717011075,199.75811717011075,SYNTHETIC: seeded teaching dataset; not observed market data,2026-09-01T00:00:00+00:00
2025-09-30,US_EQ,198.74242460749807,198.74242460749807,SYNTHETIC: seeded teaching dataset; not observed market data,2026-09-01T00:00:00+00:00
2025-10-01,US_EQ,198.49390536770554,198.49390536770554,SYNTHETIC: seeded teaching dataset; not observed market data,2026-09-01T00:00:00+00:00
2025-10-02,US_EQ,202.98269582637116,202.98269582637116,SYNTHETIC: seeded teaching dataset; not observed market data,2026-09-01T00:00:00+00:00
2025-10-03,US_EQ,202.10685716366882,202.10685716366882,SYNTHETIC: seeded teaching dataset; not observed market data,2026-09-01T00:00:00+00:00
2025-10-06,US_EQ,199.83313764688245,199.83313764688245,SYNTHETIC: seeded teaching dataset; not observed market data,2026-09-01T00:00:00+00:00
2025-10-07,US_EQ,198.3119897242664,198.3119897242664,SYNTHETIC: seeded teaching dataset; not observed market data,2026-09-01T00:00:00+00:00
2025-10-08,US_EQ,196.1206151157237,196.1206151157237,SYNTHETIC: seeded teaching dataset; not observed market data,2026-09-01T00:00:00+00:00
2025-10-09,US_EQ,193.62481874754107,193.62481874754107,SYNTHETIC: seeded teaching dataset; not observed market data,2026-09-01T00:00:00+00:00
2025-10-10,US_EQ,190.69831196718602,190.69831196718602,SYNTHETIC: seeded teaching dataset; not observed market data,2026-09-01T00:00:00+00:00
2025-10-13,US_EQ,190.72446042477281,190.72446042477281,SYNTHETIC: seeded teaching dataset; not observed market data,2026-09-01T00:00:00+00:00
2025-10-14,US_EQ,189.61580614191482,189.61580614191482,SYNTHETIC: seeded teaching dataset; not observed market data,2026-09-01T00:00:00+00:00
2025-10-15,US_EQ,193.84749451716198,193.84749451716198,SYNTHETIC: seeded teaching dataset; not observed market data,2026-09-01T00:00:00+00:00
2025-10-16,US_EQ,194.2490994277502,194.2490994277502,SYNTHETIC: seeded teaching dataset; not observed market data,2026-09-01T00:00:00+00:00
2025-10-17,US_EQ,194.51018112694885,194.51018112694885,SYNTHETIC: seeded teaching dataset; not observed market data,2026-09-01T00:00:00+00:00
2025-10-20,US_EQ,195.12115209390674,195.12115209390674,SYNTHETIC: seeded teaching dataset; not observed market data,2026-09-01T00:00:00+00:00
2025-10-21,US_EQ,193.92398350633167,193.92398350633167,SYNTHETIC: seeded teaching dataset; not observed market data,2026-09-01T00:00:00+00:00
2025-10-22,US_EQ,193.81711157351725,193.81711157351725,SYNTHETIC: seeded teaching dataset; not observed market data,2026-09-01T00:00:00+00:00
2025-10-23,US_EQ,195.44299442030345,195.44299442030345,SYNTHETIC: seeded teaching dataset; not observed market data,2026-09-01T00:00:00+00:00
2025-10-24,US_EQ,196.30839302052348,196.30839302052348,SYNTHETIC: seeded teaching dataset; not observed market data,2026-09-01T00:00:00+00:00
2025-10-27,US_EQ,198.70010475713516,198.70010475713516,SYNTHETIC: seeded teaching dataset; not observed market data,2026-09-01T00:00:00+00:00
2025-10-28,US_EQ,197.06848581714502,197.06848581714502,SYNTHETIC: seeded teaching dataset; not observed market data,2026-09-01T00:00:00+00:00
2025-10-29,US_EQ,198.16820956286162,198.16820956286162,SYNTHETIC: seeded teaching dataset; not observed market data,2026-09-01T00:00:00+00:00
2025-10-30,US_EQ,196.65841065967948,196.65841065967948,SYNTHETIC: seeded teaching dataset; not observed market data,2026-09-01T00:00:00+00:00
2025-10-31,US_EQ,196.00412975037293,196.00412975037293,SYNTHETIC: seeded teaching dataset; not observed market data,2026-09-01T00:00:00+00:00
2025-11-03,US_EQ,197.82617683694107,197.82617683694107,SYNTHETIC: seeded teaching dataset; not observed market data,2026-09-01T00:00:00+00:00
2025-11-04,US_EQ,201.00743569430614,201.00743569430614,SYNTHETIC: seeded teaching dataset; not observed market data,2026-09-01T00:00:00+00:00
2025-11-05,US_EQ,201.42753765931155,201.42753765931155,SYNTHETIC: seeded teaching dataset; not observed market data,2026-09-01T00:00:00+00:00
2025-11-06,US_EQ,200.05846492241497,200.05846492241497,SYNTHETIC: seeded teaching dataset; not observed market data,2026-09-01T00:00:00+00:00
2025-11-07,US_EQ,201.37017123807428,201.37017123807428,SYNTHETIC: seeded teaching dataset; not observed market data,2026-09-01T00:00:00+00:00
2025-11-10,US_EQ,206.62187647806468,206.62187647806468,SYNTHETIC: seeded teaching dataset; not observed market data,2026-09-01T00:00:00+00:00
2025-11-11,US_EQ,203.90192915412044,203.90192915412044,SYNTHETIC: seeded teaching dataset; not observed market data,2026-09-01T00:00:00+00:00
2025-11-12,US_EQ,201.35434294054255,201.35434294054255,SYNTHETIC: seeded teaching dataset; not observed market data,2026-09-01T00:00:00+00:00
2025-11-13,US_EQ,200.34276460746713,200.34276460746713,SYNTHETIC: seeded teaching dataset; not observed market data,2026-09-01T00:00:00+00:00
2025-11-14,US_EQ,202.69949925652162,202.69949925652162,SYNTHETIC: seeded teaching dataset; not observed market data,2026-09-01T00:00:00+00:00
2025-11-17,US_EQ,203.69599652422485,203.69599652422485,SYNTHETIC: seeded teaching dataset; not observed market data,2026-09-01T00:00:00+00:00
2025-11-18,US_EQ,202.61032508661663,202.61032508661663,SYNTHETIC: seeded teaching dataset; not observed market data,2026-09-01T00:00:00+00:00
2025-11-19,US_EQ,201.73749923491062,201.73749923491062,SYNTHETIC: seeded teaching dataset; not observed market data,2026-09-01T00:00:00+00:00
2025-11-20,US_EQ,199.7665895326049,199.7665895326049,SYNTHETIC: seeded teaching dataset; not observed market data,2026-09-01T00:00:00+00:00
2025-11-21,US_EQ,203.85993300515952,203.85993300515952,SYNTHETIC: seeded teaching dataset; not observed market data,2026-09-01T00:00:00+00:00
2025-11-24,US_EQ,208.50488683983858,208.50488683983858,SYNTHETIC: seeded teaching dataset; not observed market data,2026-09-01T00:00:00+00:00
2025-11-25,US_EQ,206.8134009242077,206.8134009242077,SYNTHETIC: seeded teaching dataset; not observed market data,2026-09-01T00:00:00+00:00
2025-11-26,US_EQ,204.80938098826556,204.80938098826556,SYNTHETIC: seeded teaching dataset; not observed market data,2026-09-01T00:00:00+00:00
2025-11-27,US_EQ,207.43683297172115,207.43683297172115,SYNTHETIC: seeded teaching dataset; not observed market data,2026-09-01T00:00:00+00:00
2025-11-28,US_EQ,201.35742118759723,201.35742118759723,SYNTHETIC: seeded teaching dataset; not observed market data,2026-09-01T00:00:00+00:00
2025-12-01,US_EQ,199.62326008070406,199.62326008070406,SYNTHETIC: seeded teaching dataset; not observed market data,2026-09-01T00:00:00+00:00
2025-12-02,US_EQ,202.89324258101843,202.89324258101843,SYNTHETIC: seeded teaching dataset; not observed market data,2026-09-01T00:00:00+00:00
2025-12-03,US_EQ,198.87097625428245,198.87097625428245,SYNTHETIC: seeded teaching dataset; not observed market data,2026-09-01T00:00:00+00:00
2025-12-04,US_EQ,198.92785571690914,198.92785571690914,SYNTHETIC: seeded teaching dataset; not observed market data,2026-09-01T00:00:00+00:00
2025-12-05,US_EQ,196.78134828932525,196.78134828932525,SYNTHETIC: seeded teaching dataset; not observed market data,2026-09-01T00:00:00+00:00
2025-12-08,US_EQ,193.17971304517522,193.17971304517522,SYNTHETIC: seeded teaching dataset; not observed market data,2026-09-01T00:00:00+00:00
2025-12-09,US_EQ,194.51670096454095,194.51670096454095,SYNTHETIC: seeded teaching dataset; not observed market data,2026-09-01T00:00:00+00:00
2025-12-10,US_EQ,196.42111573555914,196.42111573555914,SYNTHETIC: seeded teaching dataset; not observed market data,2026-09-01T00:00:00+00:00
2025-12-11,US_EQ,198.23607501647948,198.23607501647948,SYNTHETIC: seeded teaching dataset; not observed market data,2026-09-01T00:00:00+00:00
2025-12-12,US_EQ,199.66425908637638,199.66425908637638,SYNTHETIC: seeded teaching dataset; not observed market data,2026-09-01T00:00:00+00:00
2025-12-15,US_EQ,198.21792671571768,198.21792671571768,SYNTHETIC: seeded teaching dataset; not observed market data,2026-09-01T00:00:00+00:00
2025-12-16,US_EQ,196.82463835563075,196.82463835563075,SYNTHETIC: seeded teaching dataset; not observed market data,2026-09-01T00:00:00+00:00
2025-12-17,US_EQ,197.66586516400685,197.66586516400685,SYNTHETIC: seeded teaching dataset; not observed market data,2026-09-01T00:00:00+00:00
2025-12-18,US_EQ,194.9898027856758,194.9898027856758,SYNTHETIC: seeded teaching dataset; not observed market data,2026-09-01T00:00:00+00:00
2025-12-19,US_EQ,197.44338002080536,197.44338002080536,SYNTHETIC: seeded teaching dataset; not observed market data,2026-09-01T00:00:00+00:00
2025-12-22,US_EQ,193.2870900052696,193.2870900052696,SYNTHETIC: seeded teaching dataset; not observed market data,2026-09-01T00:00:00+00:00
2025-12-23,US_EQ,193.15680728761293,193.15680728761293,SYNTHETIC: seeded teaching dataset; not observed market data,2026-09-01T00:00:00+00:00
2025-12-24,US_EQ,190.50495853233184,190.50495853233184,SYNTHETIC: seeded teaching dataset; not observed market data,2026-09-01T00:00:00+00:00
2025-12-25,US_EQ,193.84534115725847,193.84534115725847,SYNTHETIC: seeded teaching dataset; not observed market data,2026-09-01T00:00:00+00:00
2025-12-26,US_EQ,191.035146975111,191.035146975111,SYNTHETIC: seeded teaching dataset; not observed market data,2026-09-01T00:00:00+00:00
2025-12-29,US_EQ,188.80722245850123,188.80722245850123,SYNTHETIC: seeded teaching dataset; not observed market data,2026-09-01T00:00:00+00:00
2025-12-30,US_EQ,191.2999901961459,191.2999901961459,SYNTHETIC: seeded teaching dataset; not observed market data,2026-09-01T00:00:00+00:00
2025-12-31,US_EQ,190.10550144051706,190.10550144051706,SYNTHETIC: seeded teaching dataset; not observed market data,2026-09-01T00:00:00+00:00
2026-01-01,US_EQ,189.42917985204087,189.42917985204087,SYNTHETIC: seeded teaching dataset; not observed market data,2026-09-01T00:00:00+00:00
2026-01-02,US_EQ,191.13071504518632,191.13071504518632,SYNTHETIC: seeded teaching dataset; not observed market data,2026-09-01T00:00:00+00:00
2026-01-05,US_EQ,193.37618466426088,193.37618466426088,SYNTHETIC: seeded teaching dataset; not observed market data,2026-09-01T00:00:00+00:00
2026-01-06,US_EQ,192.47016514829613,192.47016514829613,SYNTHETIC: seeded teaching dataset; not observed market data,2026-09-01T00:00:00+00:00
2026-01-07,US_EQ,189.55589592238366,189.55589592238366,SYNTHETIC: seeded teaching dataset; not observed market data,2026-09-01T00:00:00+00:00
2026-01-08,US_EQ,192.6962362556566,192.6962362556566,SYNTHETIC: seeded teaching dataset; not observed market data,2026-09-01T00:00:00+00:00
2026-01-09,US_EQ,192.49563137226806,192.49563137226806,SYNTHETIC: seeded teaching dataset; not observed market data,2026-09-01T00:00:00+00:00
2026-01-12,US_EQ,187.550989922992,187.550989922992,SYNTHETIC: seeded teaching dataset; not observed market data,2026-09-01T00:00:00+00:00
2026-01-13,US_EQ,184.87782756458358,184.87782756458358,SYNTHETIC: seeded teaching dataset; not observed market data,2026-09-01T00:00:00+00:00
2026-01-14,US_EQ,187.07807493550814,187.07807493550814,SYNTHETIC: seeded teaching dataset; not observed market data,2026-09-01T00:00:00+00:00
2026-01-15,US_EQ,189.30985122839002,189.30985122839002,SYNTHETIC: seeded teaching dataset; not observed market data,2026-09-01T00:00:00+00:00
2026-01-16,US_EQ,188.43601933464748,188.43601933464748,SYNTHETIC: seeded teaching dataset; not observed market data,2026-09-01T00:00:00+00:00
2026-01-19,US_EQ,188.29505790911466,188.29505790911466,SYNTHETIC: seeded teaching dataset; not observed market data,2026-09-01T00:00:00+00:00
2026-01-20,US_EQ,185.9339429244384,185.9339429244384,SYNTHETIC: seeded teaching dataset; not observed market data,2026-09-01T00:00:00+00:00
2026-01-21,US_EQ,183.3075101594562,183.3075101594562,SYNTHETIC: seeded teaching dataset; not observed market data,2026-09-01T00:00:00+00:00
2026-01-22,US_EQ,185.30294285167793,185.30294285167793,SYNTHETIC: seeded teaching dataset; not observed market data,2026-09-01T00:00:00+00:00
2026-01-23,US_EQ,185.39569632944304,185.39569632944304,SYNTHETIC: seeded teaching dataset; not observed market data,2026-09-01T00:00:00+00:00
2026-01-26,US_EQ,190.19268953986472,190.19268953986472,SYNTHETIC: seeded teaching dataset; not observed market data,2026-09-01T00:00:00+00:00
2026-01-27,US_EQ,188.50879498790513,188.50879498790513,SYNTHETIC: seeded teaching dataset; not observed market data,2026-09-01T00:00:00+00:00
2026-01-28,US_EQ,187.16586094885028,187.16586094885028,SYNTHETIC: seeded teaching dataset; not observed market data,2026-09-01T00:00:00+00:00
2026-01-29,US_EQ,185.43340088683533,185.43340088683533,SYNTHETIC: seeded teaching dataset; not observed market data,2026-09-01T00:00:00+00:00
2026-01-30,US_EQ,185.3379537758278,185.3379537758278,SYNTHETIC: seeded teaching dataset; not observed market data,2026-09-01T00:00:00+00:00
2026-02-02,US_EQ,184.2029861727834,184.2029861727834,SYNTHETIC: seeded teaching dataset; not observed market data,2026-09-01T00:00:00+00:00
2026-02-03,US_EQ,189.03538926562786,189.03538926562786,SYNTHETIC: seeded teaching dataset; not observed market data,2026-09-01T00:00:00+00:00
2026-02-04,US_EQ,193.0640895404344,193.0640895404344,SYNTHETIC: seeded teaching dataset; not observed market data,2026-09-01T00:00:00+00:00
2026-02-05,US_EQ,194.65398364813592,194.65398364813592,SYNTHETIC: seeded teaching dataset; not observed market data,2026-09-01T00:00:00+00:00
2026-02-06,US_EQ,192.43835812917794,192.43835812917794,SYNTHETIC: seeded teaching dataset; not observed market data,2026-09-01T00:00:00+00:00
2026-02-09,US_EQ,193.0764726493417,193.0764726493417,SYNTHETIC: seeded teaching dataset; not observed market data,2026-09-01T00:00:00+00:00
2026-02-10,US_EQ,188.93343562593122,188.93343562593122,SYNTHETIC: seeded teaching dataset; not observed market data,2026-09-01T00:00:00+00:00
2026-02-11,US_EQ,194.2250734871247,194.2250734871247,SYNTHETIC: seeded teaching dataset; not observed market data,2026-09-01T00:00:00+00:00
2026-02-12,US_EQ,193.84103861042135,193.84103861042135,SYNTHETIC: seeded teaching dataset; not observed market data,2026-09-01T00:00:00+00:00
2026-02-13,US_EQ,193.4931097611373,193.4931097611373,SYNTHETIC: seeded teaching dataset; not observed market data,2026-09-01T00:00:00+00:00
2026-02-16,US_EQ,194.395985626091,194.395985626091,SYNTHETIC: seeded teaching dataset; not observed market data,2026-09-01T00:00:00+00:00
2026-02-17,US_EQ,198.52367066531968,198.52367066531968,SYNTHETIC: seeded teaching dataset; not observed market data,2026-09-01T00:00:00+00:00
2026-02-18,US_EQ,198.98806695190692,198.98806695190692,SYNTHETIC: seeded teaching dataset; not observed market data,2026-09-01T00:00:00+00:00
2026-02-19,US_EQ,198.12519856685304,198.12519856685304,SYNTHETIC: seeded teaching dataset; not observed market data,2026-09-01T00:00:00+00:00
2026-02-20,US_EQ,198.42762118582664,198.42762118582664,SYNTHETIC: seeded teaching dataset; not observed market data,2026-09-01T00:00:00+00:00
2026-02-23,US_EQ,196.9881142658894,196.9881142658894,SYNTHETIC: seeded teaching dataset; not observed market data,2026-09-01T00:00:00+00:00
2026-02-24,US_EQ,198.2086356829318,198.2086356829318,SYNTHETIC: seeded teaching dataset; not observed market data,2026-09-01T00:00:00+00:00
2026-02-25,US_EQ,199.0225598013841,199.0225598013841,SYNTHETIC: seeded teaching dataset; not observed market data,2026-09-01T00:00:00+00:00
2026-02-26,US_EQ,197.73963830995555,197.73963830995555,SYNTHETIC: seeded teaching dataset; not observed market data,2026-09-01T00:00:00+00:00
2026-02-27,US_EQ,197.64004055104328,197.64004055104328,SYNTHETIC: seeded teaching dataset; not observed market data,2026-09-01T00:00:00+00:00
2026-03-02,US_EQ,197.7193497723902,197.7193497723902,SYNTHETIC: seeded teaching dataset; not observed market data,2026-09-01T00:00:00+00:00
2026-03-03,US_EQ,196.88253887959627,196.88253887959627,SYNTHETIC: seeded teaching dataset; not observed market data,2026-09-01T00:00:00+00:00
2026-03-04,US_EQ,202.71187758786925,202.71187758786925,SYNTHETIC: seeded teaching dataset; not observed market data,2026-09-01T00:00:00+00:00
2026-03-05,US_EQ,200.63989902500086,200.63989902500086,SYNTHETIC: seeded teaching dataset; not observed market data,2026-09-01T00:00:00+00:00
2026-03-06,US_EQ,200.28424529513532,200.28424529513532,SYNTHETIC: seeded teaching dataset; not observed market data,2026-09-01T00:00:00+00:00
2026-03-09,US_EQ,200.33129662345178,200.33129662345178,SYNTHETIC: seeded teaching dataset; not observed market data,2026-09-01T00:00:00+00:00
2026-03-10,US_EQ,199.3417640864164,199.3417640864164,SYNTHETIC: seeded teaching dataset; not observed market data,2026-09-01T00:00:00+00:00
2026-03-11,US_EQ,204.349530983791,204.349530983791,SYNTHETIC: seeded teaching dataset; not observed market data,2026-09-01T00:00:00+00:00
2026-03-12,US_EQ,209.36616268184312,209.36616268184312,SYNTHETIC: seeded teaching dataset; not observed market data,2026-09-01T00:00:00+00:00
2026-03-13,US_EQ,209.38681374683108,209.38681374683108,SYNTHETIC: seeded teaching dataset; not observed market data,2026-09-01T00:00:00+00:00
2026-03-16,US_EQ,210.26819353387592,210.26819353387592,SYNTHETIC: seeded teaching dataset; not observed market data,2026-09-01T00:00:00+00:00
2026-03-17,US_EQ,210.797349082407,210.797349082407,SYNTHETIC: seeded teaching dataset; not observed market data,2026-09-01T00:00:00+00:00
2026-03-18,US_EQ,208.9254253553423,208.9254253553423,SYNTHETIC: seeded teaching dataset; not observed market data,2026-09-01T00:00:00+00:00
2026-03-19,US_EQ,212.18637124715093,212.18637124715093,SYNTHETIC: seeded teaching dataset; not observed market data,2026-09-01T00:00:00+00:00
2026-03-20,US_EQ,207.25623263970726,207.25623263970726,SYNTHETIC: seeded teaching dataset; not observed market data,2026-09-01T00:00:00+00:00
2026-03-23,US_EQ,206.1900635684645,206.1900635684645,SYNTHETIC: seeded teaching dataset; not observed market data,2026-09-01T00:00:00+00:00
2026-03-24,US_EQ,210.69284508702214,210.69284508702214,SYNTHETIC: seeded teaching dataset; not observed market data,2026-09-01T00:00:00+00:00
2026-03-25,US_EQ,211.31171665274132,211.31171665274132,SYNTHETIC: seeded teaching dataset; not observed market data,2026-09-01T00:00:00+00:00
2026-03-26,US_EQ,206.44850493140913,206.44850493140913,SYNTHETIC: seeded teaching dataset; not observed market data,2026-09-01T00:00:00+00:00
2026-03-27,US_EQ,206.21853181056508,206.21853181056508,SYNTHETIC: seeded teaching dataset; not observed market data,2026-09-01T00:00:00+00:00
2026-03-30,US_EQ,206.44634017962593,206.44634017962593,SYNTHETIC: seeded teaching dataset; not observed market data,2026-09-01T00:00:00+00:00
2026-03-31,US_EQ,210.08606133887486,210.08606133887486,SYNTHETIC: seeded teaching dataset; not observed market data,2026-09-01T00:00:00+00:00
2026-04-01,US_EQ,207.58921597948552,207.58921597948552,SYNTHETIC: seeded teaching dataset; not observed market data,2026-09-01T00:00:00+00:00
2026-04-02,US_EQ,206.9030684496379,206.9030684496379,SYNTHETIC: seeded teaching dataset; not observed market data,2026-09-01T00:00:00+00:00
2026-04-03,US_EQ,208.7707822538309,208.7707822538309,SYNTHETIC: seeded teaching dataset; not observed market data,2026-09-01T00:00:00+00:00
2026-04-06,US_EQ,203.3962198993536,203.3962198993536,SYNTHETIC: seeded teaching dataset; not observed market data,2026-09-01T00:00:00+00:00
2026-04-07,US_EQ,204.82391604764723,204.82391604764723,SYNTHETIC: seeded teaching dataset; not observed market data,2026-09-01T00:00:00+00:00
2026-04-08,US_EQ,208.4937373736106,208.4937373736106,SYNTHETIC: seeded teaching dataset; not observed market data,2026-09-01T00:00:00+00:00
2026-04-09,US_EQ,210.21399319318706,210.21399319318706,SYNTHETIC: seeded teaching dataset; not observed market data,2026-09-01T00:00:00+00:00
2026-04-10,US_EQ,214.39152282312745,214.39152282312745,SYNTHETIC: seeded teaching dataset; not observed market data,2026-09-01T00:00:00+00:00
2026-04-13,US_EQ,211.538787192694,211.538787192694,SYNTHETIC: seeded teaching dataset; not observed market data,2026-09-01T00:00:00+00:00
2026-04-14,US_EQ,215.33524994206988,215.33524994206988,SYNTHETIC: seeded teaching dataset; not observed market data,2026-09-01T00:00:00+00:00
2026-04-15,US_EQ,216.72662015514362,216.72662015514362,SYNTHETIC: seeded teaching dataset; not observed market data,2026-09-01T00:00:00+00:00
2026-04-16,US_EQ,213.86566358454823,213.86566358454823,SYNTHETIC: seeded teaching dataset; not observed market data,2026-09-01T00:00:00+00:00
2026-04-17,US_EQ,217.90298261500865,217.90298261500865,SYNTHETIC: seeded teaching dataset; not observed market data,2026-09-01T00:00:00+00:00
2026-04-20,US_EQ,224.9358984360974,224.9358984360974,SYNTHETIC: seeded teaching dataset; not observed market data,2026-09-01T00:00:00+00:00
2026-04-21,US_EQ,222.75037589993724,222.75037589993724,SYNTHETIC: seeded teaching dataset; not observed market data,2026-09-01T00:00:00+00:00
2026-04-22,US_EQ,224.40092393477602,224.40092393477602,SYNTHETIC: seeded teaching dataset; not observed market data,2026-09-01T00:00:00+00:00
2026-04-23,US_EQ,222.6193378017634,222.6193378017634,SYNTHETIC: seeded teaching dataset; not observed market data,2026-09-01T00:00:00+00:00
2026-04-24,US_EQ,223.39669397704978,223.39669397704978,SYNTHETIC: seeded teaching dataset; not observed market data,2026-09-01T00:00:00+00:00
2026-04-27,US_EQ,220.80111115656368,220.80111115656368,SYNTHETIC: seeded teaching dataset; not observed market data,2026-09-01T00:00:00+00:00
2026-04-28,US_EQ,216.49767235921985,216.49767235921985,SYNTHETIC: seeded teaching dataset; not observed market data,2026-09-01T00:00:00+00:00
2026-04-29,US_EQ,212.97785819965998,212.97785819965998,SYNTHETIC: seeded teaching dataset; not observed market data,2026-09-01T00:00:00+00:00
2026-04-30,US_EQ,213.17440867608715,213.17440867608715,SYNTHETIC: seeded teaching dataset; not observed market data,2026-09-01T00:00:00+00:00
2026-05-01,US_EQ,209.04139590856167,209.04139590856167,SYNTHETIC: seeded teaching dataset; not observed market data,2026-09-01T00:00:00+00:00
2026-05-04,US_EQ,205.0966391269322,205.0966391269322,SYNTHETIC: seeded teaching dataset; not observed market data,2026-09-01T00:00:00+00:00
2026-05-05,US_EQ,204.42507725120632,204.42507725120632,SYNTHETIC: seeded teaching dataset; not observed market data,2026-09-01T00:00:00+00:00
2026-05-06,US_EQ,200.83504362486795,200.83504362486795,SYNTHETIC: seeded teaching dataset; not observed market data,2026-09-01T00:00:00+00:00
2026-05-07,US_EQ,205.4265497990894,205.4265497990894,SYNTHETIC: seeded teaching dataset; not observed market data,2026-09-01T00:00:00+00:00
2026-05-08,US_EQ,202.4189713178583,202.4189713178583,SYNTHETIC: seeded teaching dataset; not observed market data,2026-09-01T00:00:00+00:00
2026-05-11,US_EQ,198.56994347930754,198.56994347930754,SYNTHETIC: seeded teaching dataset; not observed market data,2026-09-01T00:00:00+00:00
2026-05-12,US_EQ,197.9839253591314,197.9839253591314,SYNTHETIC: seeded teaching dataset; not observed market data,2026-09-01T00:00:00+00:00
2026-05-13,US_EQ,198.02263339315988,198.02263339315988,SYNTHETIC: seeded teaching dataset; not observed market data,2026-09-01T00:00:00+00:00
2026-05-14,US_EQ,198.07110512556284,198.07110512556284,SYNTHETIC: seeded teaching dataset; not observed market data,2026-09-01T00:00:00+00:00
2026-05-15,US_EQ,200.91075214873052,200.91075214873052,SYNTHETIC: seeded teaching dataset; not observed market data,2026-09-01T00:00:00+00:00
2026-05-18,US_EQ,208.28818980957124,208.28818980957124,SYNTHETIC: seeded teaching dataset; not observed market data,2026-09-01T00:00:00+00:00
2026-05-19,US_EQ,205.16543348934368,205.16543348934368,SYNTHETIC: seeded teaching dataset; not observed market data,2026-09-01T00:00:00+00:00
2026-05-20,US_EQ,210.78191826228374,210.78191826228374,SYNTHETIC: seeded teaching dataset; not observed market data,2026-09-01T00:00:00+00:00
2026-05-21,US_EQ,220.06790176458162,220.06790176458162,SYNTHETIC: seeded teaching dataset; not observed market data,2026-09-01T00:00:00+00:00
2026-05-22,US_EQ,221.08690101827662,221.08690101827662,SYNTHETIC: seeded teaching dataset; not observed market data,2026-09-01T00:00:00+00:00
2026-05-25,US_EQ,214.71603373440897,214.71603373440897,SYNTHETIC: seeded teaching dataset; not observed market data,2026-09-01T00:00:00+00:00
2026-05-26,US_EQ,217.32656721319796,217.32656721319796,SYNTHETIC: seeded teaching dataset; not observed market data,2026-09-01T00:00:00+00:00
2026-05-27,US_EQ,219.57354530445483,219.57354530445483,SYNTHETIC: seeded teaching dataset; not observed market data,2026-09-01T00:00:00+00:00
2026-05-28,US_EQ,223.3896526522852,223.3896526522852,SYNTHETIC: seeded teaching dataset; not observed market data,2026-09-01T00:00:00+00:00
2026-05-29,US_EQ,224.4341915719452,224.4341915719452,SYNTHETIC: seeded teaching dataset; not observed market data,2026-09-01T00:00:00+00:00
2026-06-01,US_EQ,220.78563049992363,220.78563049992363,SYNTHETIC: seeded teaching dataset; not observed market data,2026-09-01T00:00:00+00:00
2026-06-02,US_EQ,222.10175379297104,222.10175379297104,SYNTHETIC: seeded teaching dataset; not observed market data,2026-09-01T00:00:00+00:00
2026-06-03,US_EQ,226.4197074170507,226.4197074170507,SYNTHETIC: seeded teaching dataset; not observed market data,2026-09-01T00:00:00+00:00
2026-06-04,US_EQ,232.58067444942532,232.58067444942532,SYNTHETIC: seeded teaching dataset; not observed market data,2026-09-01T00:00:00+00:00
2026-06-05,US_EQ,234.47338328337625,234.47338328337625,SYNTHETIC: seeded teaching dataset; not observed market data,2026-09-01T00:00:00+00:00
2026-06-08,US_EQ,232.50012324386364,232.50012324386364,SYNTHETIC: seeded teaching dataset; not observed market data,2026-09-01T00:00:00+00:00
2026-06-09,US_EQ,234.91314780055637,234.91314780055637,SYNTHETIC: seeded teaching dataset; not observed market data,2026-09-01T00:00:00+00:00
2026-06-10,US_EQ,235.4768475795681,235.4768475795681,SYNTHETIC: seeded teaching dataset; not observed market data,2026-09-01T00:00:00+00:00
2026-06-11,US_EQ,231.54709603825393,231.54709603825393,SYNTHETIC: seeded teaching dataset; not observed market data,2026-09-01T00:00:00+00:00
2026-06-12,US_EQ,230.6521888533387,230.6521888533387,SYNTHETIC: seeded teaching dataset; not observed market data,2026-09-01T00:00:00+00:00
2026-06-15,US_EQ,224.90525278497452,224.90525278497452,SYNTHETIC: seeded teaching dataset; not observed market data,2026-09-01T00:00:00+00:00
2026-06-16,US_EQ,227.7775788946729,227.7775788946729,SYNTHETIC: seeded teaching dataset; not observed market data,2026-09-01T00:00:00+00:00
2026-06-17,US_EQ,222.96461074582544,222.96461074582544,SYNTHETIC: seeded teaching dataset; not observed market data,2026-09-01T00:00:00+00:00
2026-06-18,US_EQ,222.70857144261848,222.70857144261848,SYNTHETIC: seeded teaching dataset; not observed market data,2026-09-01T00:00:00+00:00
2026-06-19,US_EQ,222.8848713322402,222.8848713322402,SYNTHETIC: seeded teaching dataset; not observed market data,2026-09-01T00:00:00+00:00
2026-06-22,US_EQ,218.99124839347326,218.99124839347326,SYNTHETIC: seeded teaching dataset; not observed market data,2026-09-01T00:00:00+00:00
2026-06-23,US_EQ,220.07082997712985,220.07082997712985,SYNTHETIC: seeded teaching dataset; not observed market data,2026-09-01T00:00:00+00:00
2026-06-24,US_EQ,215.08884376873982,215.08884376873982,SYNTHETIC: seeded teaching dataset; not observed market data,2026-09-01T00:00:00+00:00
2026-06-25,US_EQ,215.38272627068062,215.38272627068062,SYNTHETIC: seeded teaching dataset; not observed market data,2026-09-01T00:00:00+00:00
2026-06-26,US_EQ,221.23486144405868,221.23486144405868,SYNTHETIC: seeded teaching dataset; not observed market data,2026-09-01T00:00:00+00:00
2026-06-29,US_EQ,217.70143539058492,217.70143539058492,SYNTHETIC: seeded teaching dataset; not observed market data,2026-09-01T00:00:00+00:00
2026-06-30,US_EQ,223.2002871091947,223.2002871091947,SYNTHETIC: seeded teaching dataset; not observed market data,2026-09-01T00:00:00+00:00
2026-07-01,US_EQ,220.10183168655706,220.10183168655706,SYNTHETIC: seeded teaching dataset; not observed market data,2026-09-01T00:00:00+00:00
2026-07-02,US_EQ,219.99131858307615,219.99131858307615,SYNTHETIC: seeded teaching dataset; not observed market data,2026-09-01T00:00:00+00:00
2026-07-03,US_EQ,222.83610662260577,222.83610662260577,SYNTHETIC: seeded teaching dataset; not observed market data,2026-09-01T00:00:00+00:00
2026-07-06,US_EQ,224.49433486028963,224.49433486028963,SYNTHETIC: seeded teaching dataset; not observed market data,2026-09-01T00:00:00+00:00
2026-07-07,US_EQ,226.9487303908547,226.9487303908547,SYNTHETIC: seeded teaching dataset; not observed market data,2026-09-01T00:00:00+00:00
2026-07-08,US_EQ,226.40137442850704,226.40137442850704,SYNTHETIC: seeded teaching dataset; not observed market data,2026-09-01T00:00:00+00:00
2026-07-09,US_EQ,225.134208299207,225.134208299207,SYNTHETIC: seeded teaching dataset; not observed market data,2026-09-01T00:00:00+00:00
2026-07-10,US_EQ,224.59363665887935,224.59363665887935,SYNTHETIC: seeded teaching dataset; not observed market data,2026-09-01T00:00:00+00:00
2026-07-13,US_EQ,227.33415079675277,227.33415079675277,SYNTHETIC: seeded teaching dataset; not observed market data,2026-09-01T00:00:00+00:00
2026-07-14,US_EQ,230.83114517121496,230.83114517121496,SYNTHETIC: seeded teaching dataset; not observed market data,2026-09-01T00:00:00+00:00
2026-07-15,US_EQ,227.2780411983978,227.2780411983978,SYNTHETIC: seeded teaching dataset; not observed market data,2026-09-01T00:00:00+00:00
2026-07-16,US_EQ,228.67444625469088,228.67444625469088,SYNTHETIC: seeded teaching dataset; not observed market data,2026-09-01T00:00:00+00:00
2026-07-17,US_EQ,226.4216936188201,226.4216936188201,SYNTHETIC: seeded teaching dataset; not observed market data,2026-09-01T00:00:00+00:00
2026-07-20,US_EQ,226.09238533212888,226.09238533212888,SYNTHETIC: seeded teaching dataset; not observed market data,2026-09-01T00:00:00+00:00
2026-07-21,US_EQ,227.04614087326988,227.04614087326988,SYNTHETIC: seeded teaching dataset; not observed market data,2026-09-01T00:00:00+00:00
2026-07-22,US_EQ,226.24206798055013,226.24206798055013,SYNTHETIC: seeded teaching dataset; not observed market data,2026-09-01T00:00:00+00:00
2026-07-23,US_EQ,229.92307561768487,229.92307561768487,SYNTHETIC: seeded teaching dataset; not observed market data,2026-09-01T00:00:00+00:00
2026-07-24,US_EQ,233.73996868190636,233.73996868190636,SYNTHETIC: seeded teaching dataset; not observed market data,2026-09-01T00:00:00+00:00
2026-07-27,US_EQ,233.35621831859257,233.35621831859257,SYNTHETIC: seeded teaching dataset; not observed market data,2026-09-01T00:00:00+00:00
2026-07-28,US_EQ,231.54967276182512,231.54967276182512,SYNTHETIC: seeded teaching dataset; not observed market data,2026-09-01T00:00:00+00:00
2026-07-29,US_EQ,227.75484117960906,227.75484117960906,SYNTHETIC: seeded teaching dataset; not observed market data,2026-09-01T00:00:00+00:00
2026-07-30,US_EQ,231.7226347864347,231.7226347864347,SYNTHETIC: seeded teaching dataset; not observed market data,2026-09-01T00:00:00+00:00
2026-07-31,US_EQ,235.4783011856683,235.4783011856683,SYNTHETIC: seeded teaching dataset; not observed market data,2026-09-01T00:00:00+00:00
2026-08-03,US_EQ,245.79972260666455,245.79972260666455,SYNTHETIC: seeded teaching dataset; not observed market data,2026-09-01T00:00:00+00:00
2026-08-04,US_EQ,244.73116976369502,244.73116976369502,SYNTHETIC: seeded teaching dataset; not observed market data,2026-09-01T00:00:00+00:00
2026-08-05,US_EQ,249.17524627546624,249.17524627546624,SYNTHETIC: seeded teaching dataset; not observed market data,2026-09-01T00:00:00+00:00
2026-08-06,US_EQ,248.62677336997112,248.62677336997112,SYNTHETIC: seeded teaching dataset; not observed market data,2026-09-01T00:00:00+00:00
2026-08-07,US_EQ,247.37333465803766,247.37333465803766,SYNTHETIC: seeded teaching dataset; not observed market data,2026-09-01T00:00:00+00:00
2026-08-10,US_EQ,248.20193938850477,248.20193938850477,SYNTHETIC: seeded teaching dataset; not observed market data,2026-09-01T00:00:00+00:00
2026-08-11,US_EQ,254.34159248723182,254.34159248723182,SYNTHETIC: seeded teaching dataset; not observed market data,2026-09-01T00:00:00+00:00
2026-08-12,US_EQ,257.79319781736433,257.79319781736433,SYNTHETIC: seeded teaching dataset; not observed market data,2026-09-01T00:00:00+00:00
2026-08-13,US_EQ,255.30586250589343,255.30586250589343,SYNTHETIC: seeded teaching dataset; not observed market data,2026-09-01T00:00:00+00:00
2026-08-14,US_EQ,257.0924615313684,257.0924615313684,SYNTHETIC: seeded teaching dataset; not observed market data,2026-09-01T00:00:00+00:00
2026-08-17,US_EQ,253.7132772100031,253.7132772100031,SYNTHETIC: seeded teaching dataset; not observed market data,2026-09-01T00:00:00+00:00
2026-08-18,US_EQ,255.9953930975713,255.9953930975713,SYNTHETIC: seeded teaching dataset; not observed market data,2026-09-01T00:00:00+00:00
2026-08-19,US_EQ,258.08676736005305,258.08676736005305,SYNTHETIC: seeded teaching dataset; not observed market data,2026-09-01T00:00:00+00:00
2026-08-20,US_EQ,262.2552040680464,262.2552040680464,SYNTHETIC: seeded teaching dataset; not observed market data,2026-09-01T00:00:00+00:00
2026-08-21,US_EQ,263.03442711806713,263.03442711806713,SYNTHETIC: seeded teaching dataset; not observed market data,2026-09-01T00:00:00+00:00
2026-08-24,US_EQ,264.46512661987634,264.46512661987634,SYNTHETIC: seeded teaching dataset; not observed market data,2026-09-01T00:00:00+00:00
2026-08-25,US_EQ,256.2377769070262,256.2377769070262,SYNTHETIC: seeded teaching dataset; not observed market data,2026-09-01T00:00:00+00:00
2026-08-26,US_EQ,257.47125336710303,257.47125336710303,SYNTHETIC: seeded teaching dataset; not observed market data,2026-09-01T00:00:00+00:00
2026-08-27,US_EQ,256.46390601356876,256.46390601356876,SYNTHETIC: seeded teaching dataset; not observed market data,2026-09-01T00:00:00+00:00
2026-08-28,US_EQ,252.18731441343644,252.18731441343644,SYNTHETIC: seeded teaching dataset; not observed market data,2026-09-01T00:00:00+00:00
2026-08-31,US_EQ,250.0,250.0,SYNTHETIC: seeded teaching dataset; not observed market data,2026-09-01T00:00:00+00:00
2025-01-02,US_ETF,98.80738070468578,98.80738070468578,SYNTHETIC: seeded teaching dataset; not observed market data,2026-09-01T00:00:00+00:00
2025-01-03,US_ETF,98.18626867216972,98.18626867216972,SYNTHETIC: seeded teaching dataset; not observed market data,2026-09-01T00:00:00+00:00
2025-01-06,US_ETF,98.46398284256291,98.46398284256291,SYNTHETIC: seeded teaching dataset; not observed market data,2026-09-01T00:00:00+00:00
2025-01-07,US_ETF,98.06243921401058,98.06243921401058,SYNTHETIC: seeded teaching dataset; not observed market data,2026-09-01T00:00:00+00:00
2025-01-08,US_ETF,98.01136736730741,98.01136736730741,SYNTHETIC: seeded teaching dataset; not observed market data,2026-09-01T00:00:00+00:00
2025-01-09,US_ETF,98.233116664873,98.233116664873,SYNTHETIC: seeded teaching dataset; not observed market data,2026-09-01T00:00:00+00:00
2025-01-10,US_ETF,97.9659357938005,97.9659357938005,SYNTHETIC: seeded teaching dataset; not observed market data,2026-09-01T00:00:00+00:00
2025-01-13,US_ETF,97.54117244111535,97.54117244111535,SYNTHETIC: seeded teaching dataset; not observed market data,2026-09-01T00:00:00+00:00
2025-01-14,US_ETF,97.97620888110812,97.97620888110812,SYNTHETIC: seeded teaching dataset; not observed market data,2026-09-01T00:00:00+00:00
2025-01-15,US_ETF,97.39283789378533,97.39283789378533,SYNTHETIC: seeded teaching dataset; not observed market data,2026-09-01T00:00:00+00:00
2025-01-16,US_ETF,97.79573445887299,97.79573445887299,SYNTHETIC: seeded teaching dataset; not observed market data,2026-09-01T00:00:00+00:00
2025-01-17,US_ETF,97.87234738878627,97.87234738878627,SYNTHETIC: seeded teaching dataset; not observed market data,2026-09-01T00:00:00+00:00
2025-01-20,US_ETF,97.54014780943167,97.54014780943167,SYNTHETIC: seeded teaching dataset; not observed market data,2026-09-01T00:00:00+00:00
2025-01-21,US_ETF,97.34138261788836,97.34138261788836,SYNTHETIC: seeded teaching dataset; not observed market data,2026-09-01T00:00:00+00:00
2025-01-22,US_ETF,97.32120261908636,97.32120261908636,SYNTHETIC: seeded teaching dataset; not observed market data,2026-09-01T00:00:00+00:00
2025-01-23,US_ETF,97.0331175364917,97.0331175364917,SYNTHETIC: seeded teaching dataset; not observed market data,2026-09-01T00:00:00+00:00
2025-01-24,US_ETF,96.57723235231926,96.57723235231926,SYNTHETIC: seeded teaching dataset; not observed market data,2026-09-01T00:00:00+00:00
2025-01-27,US_ETF,96.47778490995321,96.47778490995321,SYNTHETIC: seeded teaching dataset; not observed market data,2026-09-01T00:00:00+00:00
2025-01-28,US_ETF,96.54278046719915,96.54278046719915,SYNTHETIC: seeded teaching dataset; not observed market data,2026-09-01T00:00:00+00:00
2025-01-29,US_ETF,96.20662829359325,96.20662829359325,SYNTHETIC: seeded teaching dataset; not observed market data,2026-09-01T00:00:00+00:00
2025-01-30,US_ETF,96.15960853176298,96.15960853176298,SYNTHETIC: seeded teaching dataset; not observed market data,2026-09-01T00:00:00+00:00
2025-01-31,US_ETF,96.40023032698092,96.40023032698092,SYNTHETIC: seeded teaching dataset; not observed market data,2026-09-01T00:00:00+00:00
2025-02-03,US_ETF,96.69703370251308,96.69703370251308,SYNTHETIC: seeded teaching dataset; not observed market data,2026-09-01T00:00:00+00:00
2025-02-04,US_ETF,96.28295145825038,96.28295145825038,SYNTHETIC: seeded teaching dataset; not observed market data,2026-09-01T00:00:00+00:00
2025-02-05,US_ETF,97.1056653797443,97.1056653797443,SYNTHETIC: seeded teaching dataset; not observed market data,2026-09-01T00:00:00+00:00
2025-02-06,US_ETF,96.3054778373324,96.3054778373324,SYNTHETIC: seeded teaching dataset; not observed market data,2026-09-01T00:00:00+00:00
2025-02-07,US_ETF,96.08751913869854,96.08751913869854,SYNTHETIC: seeded teaching dataset; not observed market data,2026-09-01T00:00:00+00:00
2025-02-10,US_ETF,95.96888462096564,95.96888462096564,SYNTHETIC: seeded teaching dataset; not observed market data,2026-09-01T00:00:00+00:00
2025-02-11,US_ETF,95.21908993385004,95.21908993385004,SYNTHETIC: seeded teaching dataset; not observed market data,2026-09-01T00:00:00+00:00
2025-02-12,US_ETF,95.18998832569683,95.18998832569683,SYNTHETIC: seeded teaching dataset; not observed market data,2026-09-01T00:00:00+00:00
2025-02-13,US_ETF,95.24769645781517,95.24769645781517,SYNTHETIC: seeded teaching dataset; not observed market data,2026-09-01T00:00:00+00:00
2025-02-14,US_ETF,94.64550523205408,94.64550523205408,SYNTHETIC: seeded teaching dataset; not observed market data,2026-09-01T00:00:00+00:00
2025-02-17,US_ETF,94.73960653882969,94.73960653882969,SYNTHETIC: seeded teaching dataset; not observed market data,2026-09-01T00:00:00+00:00
2025-02-18,US_ETF,95.36413801979927,95.36413801979927,SYNTHETIC: seeded teaching dataset; not observed market data,2026-09-01T00:00:00+00:00
2025-02-19,US_ETF,95.78241508399807,95.78241508399807,SYNTHETIC: seeded teaching dataset; not observed market data,2026-09-01T00:00:00+00:00
2025-02-20,US_ETF,95.45478625786261,95.45478625786261,SYNTHETIC: seeded teaching dataset; not observed market data,2026-09-01T00:00:00+00:00
2025-02-21,US_ETF,95.23465999705351,95.23465999705351,SYNTHETIC: seeded teaching dataset; not observed market data,2026-09-01T00:00:00+00:00
2025-02-24,US_ETF,95.67658825562225,95.67658825562225,SYNTHETIC: seeded teaching dataset; not observed market data,2026-09-01T00:00:00+00:00
2025-02-25,US_ETF,95.66700937184302,95.66700937184302,SYNTHETIC: seeded teaching dataset; not observed market data,2026-09-01T00:00:00+00:00
2025-02-26,US_ETF,95.68614442953591,95.68614442953591,SYNTHETIC: seeded teaching dataset; not observed market data,2026-09-01T00:00:00+00:00
2025-02-27,US_ETF,95.7772363284061,95.7772363284061,SYNTHETIC: seeded teaching dataset; not observed market data,2026-09-01T00:00:00+00:00
2025-02-28,US_ETF,95.09800719497065,95.09800719497065,SYNTHETIC: seeded teaching dataset; not observed market data,2026-09-01T00:00:00+00:00
2025-03-03,US_ETF,95.56998525932458,95.56998525932458,SYNTHETIC: seeded teaching dataset; not observed market data,2026-09-01T00:00:00+00:00
2025-03-04,US_ETF,95.8620912302322,95.8620912302322,SYNTHETIC: seeded teaching dataset; not observed market data,2026-09-01T00:00:00+00:00
2025-03-05,US_ETF,95.90168760628467,95.90168760628467,SYNTHETIC: seeded teaching dataset; not observed market data,2026-09-01T00:00:00+00:00
2025-03-06,US_ETF,95.83260097178736,95.83260097178736,SYNTHETIC: seeded teaching dataset; not observed market data,2026-09-01T00:00:00+00:00
2025-03-07,US_ETF,95.90717934707075,95.90717934707075,SYNTHETIC: seeded teaching dataset; not observed market data,2026-09-01T00:00:00+00:00
2025-03-10,US_ETF,96.04522511990993,96.04522511990993,SYNTHETIC: seeded teaching dataset; not observed market data,2026-09-01T00:00:00+00:00
2025-03-11,US_ETF,95.87559130973698,95.87559130973698,SYNTHETIC: seeded teaching dataset; not observed market data,2026-09-01T00:00:00+00:00
2025-03-12,US_ETF,95.87434032727086,95.87434032727086,SYNTHETIC: seeded teaching dataset; not observed market data,2026-09-01T00:00:00+00:00
2025-03-13,US_ETF,95.37352745202577,95.37352745202577,SYNTHETIC: seeded teaching dataset; not observed market data,2026-09-01T00:00:00+00:00
2025-03-14,US_ETF,95.7110262372689,95.7110262372689,SYNTHETIC: seeded teaching dataset; not observed market data,2026-09-01T00:00:00+00:00
2025-03-17,US_ETF,94.87562561287612,94.87562561287612,SYNTHETIC: seeded teaching dataset; not observed market data,2026-09-01T00:00:00+00:00
2025-03-18,US_ETF,94.63416356408787,94.63416356408787,SYNTHETIC: seeded teaching dataset; not observed market data,2026-09-01T00:00:00+00:00
2025-03-19,US_ETF,94.94824717928181,94.94824717928181,SYNTHETIC: seeded teaching dataset; not observed market data,2026-09-01T00:00:00+00:00
2025-03-20,US_ETF,94.69096041793081,94.69096041793081,SYNTHETIC: seeded teaching dataset; not observed market data,2026-09-01T00:00:00+00:00
2025-03-21,US_ETF,95.11124636287786,95.11124636287786,SYNTHETIC: seeded teaching dataset; not observed market data,2026-09-01T00:00:00+00:00
2025-03-24,US_ETF,95.07527117605807,95.07527117605807,SYNTHETIC: seeded teaching dataset; not observed market data,2026-09-01T00:00:00+00:00
2025-03-25,US_ETF,94.7714565963152,94.7714565963152,SYNTHETIC: seeded teaching dataset; not observed market data,2026-09-01T00:00:00+00:00
2025-03-26,US_ETF,95.00339120052936,95.00339120052936,SYNTHETIC: seeded teaching dataset; not observed market data,2026-09-01T00:00:00+00:00
2025-03-27,US_ETF,94.95601211560165,94.95601211560165,SYNTHETIC: seeded teaching dataset; not observed market data,2026-09-01T00:00:00+00:00
2025-03-28,US_ETF,95.2802417231845,95.2802417231845,SYNTHETIC: seeded teaching dataset; not observed market data,2026-09-01T00:00:00+00:00
2025-03-31,US_ETF,95.82931580013496,95.82931580013496,SYNTHETIC: seeded teaching dataset; not observed market data,2026-09-01T00:00:00+00:00
2025-04-01,US_ETF,96.14523253495888,96.14523253495888,SYNTHETIC: seeded teaching dataset; not observed market data,2026-09-01T00:00:00+00:00
2025-04-02,US_ETF,96.1896004443902,96.1896004443902,SYNTHETIC: seeded teaching dataset; not observed market data,2026-09-01T00:00:00+00:00
2025-04-03,US_ETF,95.48946015431392,95.48946015431392,SYNTHETIC: seeded teaching dataset; not observed market data,2026-09-01T00:00:00+00:00
2025-04-04,US_ETF,95.3236875866635,95.3236875866635,SYNTHETIC: seeded teaching dataset; not observed market data,2026-09-01T00:00:00+00:00
2025-04-07,US_ETF,95.59013349317249,95.59013349317249,SYNTHETIC: seeded teaching dataset; not observed market data,2026-09-01T00:00:00+00:00
2025-04-08,US_ETF,95.48394291119983,95.48394291119983,SYNTHETIC: seeded teaching dataset; not observed market data,2026-09-01T00:00:00+00:00
2025-04-09,US_ETF,95.58396865207064,95.58396865207064,SYNTHETIC: seeded teaching dataset; not observed market data,2026-09-01T00:00:00+00:00
2025-04-10,US_ETF,95.570998920716,95.570998920716,SYNTHETIC: seeded teaching dataset; not observed market data,2026-09-01T00:00:00+00:00
2025-04-11,US_ETF,95.83134710153523,95.83134710153523,SYNTHETIC: seeded teaching dataset; not observed market data,2026-09-01T00:00:00+00:00
2025-04-14,US_ETF,95.79872818280495,95.79872818280495,SYNTHETIC: seeded teaching dataset; not observed market data,2026-09-01T00:00:00+00:00
2025-04-15,US_ETF,95.06149141229832,95.06149141229832,SYNTHETIC: seeded teaching dataset; not observed market data,2026-09-01T00:00:00+00:00
2025-04-16,US_ETF,95.03908263724128,95.03908263724128,SYNTHETIC: seeded teaching dataset; not observed market data,2026-09-01T00:00:00+00:00
2025-04-17,US_ETF,95.14623037884479,95.14623037884479,SYNTHETIC: seeded teaching dataset; not observed market data,2026-09-01T00:00:00+00:00
2025-04-18,US_ETF,94.82188156205105,94.82188156205105,SYNTHETIC: seeded teaching dataset; not observed market data,2026-09-01T00:00:00+00:00
2025-04-21,US_ETF,95.08610473124125,95.08610473124125,SYNTHETIC: seeded teaching dataset; not observed market data,2026-09-01T00:00:00+00:00
2025-04-22,US_ETF,94.92055341960086,94.92055341960086,SYNTHETIC: seeded teaching dataset; not observed market data,2026-09-01T00:00:00+00:00
2025-04-23,US_ETF,95.00286364256031,95.00286364256031,SYNTHETIC: seeded teaching dataset; not observed market data,2026-09-01T00:00:00+00:00
2025-04-24,US_ETF,95.29685200468788,95.29685200468788,SYNTHETIC: seeded teaching dataset; not observed market data,2026-09-01T00:00:00+00:00
2025-04-25,US_ETF,95.23036263709147,95.23036263709147,SYNTHETIC: seeded teaching dataset; not observed market data,2026-09-01T00:00:00+00:00
2025-04-28,US_ETF,94.99389690266142,94.99389690266142,SYNTHETIC: seeded teaching dataset; not observed market data,2026-09-01T00:00:00+00:00
2025-04-29,US_ETF,95.37476950713855,95.37476950713855,SYNTHETIC: seeded teaching dataset; not observed market data,2026-09-01T00:00:00+00:00
2025-04-30,US_ETF,95.27332753424552,95.27332753424552,SYNTHETIC: seeded teaching dataset; not observed market data,2026-09-01T00:00:00+00:00
2025-05-01,US_ETF,95.54037343674379,95.54037343674379,SYNTHETIC: seeded teaching dataset; not observed market data,2026-09-01T00:00:00+00:00
2025-05-02,US_ETF,95.63917502350374,95.63917502350374,SYNTHETIC: seeded teaching dataset; not observed market data,2026-09-01T00:00:00+00:00
2025-05-05,US_ETF,95.25759578047482,95.25759578047482,SYNTHETIC: seeded teaching dataset; not observed market data,2026-09-01T00:00:00+00:00
2025-05-06,US_ETF,95.18755457445181,95.18755457445181,SYNTHETIC: seeded teaching dataset; not observed market data,2026-09-01T00:00:00+00:00
2025-05-07,US_ETF,95.44293448128394,95.44293448128394,SYNTHETIC: seeded teaching dataset; not observed market data,2026-09-01T00:00:00+00:00
2025-05-08,US_ETF,94.98391141404201,94.98391141404201,SYNTHETIC: seeded teaching dataset; not observed market data,2026-09-01T00:00:00+00:00
2025-05-09,US_ETF,94.96156468434663,94.96156468434663,SYNTHETIC: seeded teaching dataset; not observed market data,2026-09-01T00:00:00+00:00
2025-05-12,US_ETF,94.80938711746451,94.80938711746451,SYNTHETIC: seeded teaching dataset; not observed market data,2026-09-01T00:00:00+00:00
2025-05-13,US_ETF,94.85374220370402,94.85374220370402,SYNTHETIC: seeded teaching dataset; not observed market data,2026-09-01T00:00:00+00:00
2025-05-14,US_ETF,94.71831946831212,94.71831946831212,SYNTHETIC: seeded teaching dataset; not observed market data,2026-09-01T00:00:00+00:00
2025-05-15,US_ETF,94.30972941343298,94.30972941343298,SYNTHETIC: seeded teaching dataset; not observed market data,2026-09-01T00:00:00+00:00
2025-05-16,US_ETF,93.67164393072616,93.67164393072616,SYNTHETIC: seeded teaching dataset; not observed market data,2026-09-01T00:00:00+00:00
2025-05-19,US_ETF,92.99032465793532,92.99032465793532,SYNTHETIC: seeded teaching dataset; not observed market data,2026-09-01T00:00:00+00:00
2025-05-20,US_ETF,92.57382630954913,92.57382630954913,SYNTHETIC: seeded teaching dataset; not observed market data,2026-09-01T00:00:00+00:00
2025-05-21,US_ETF,92.30542747800122,92.30542747800122,SYNTHETIC: seeded teaching dataset; not observed market data,2026-09-01T00:00:00+00:00
2025-05-22,US_ETF,92.52207846519504,92.52207846519504,SYNTHETIC: seeded teaching dataset; not observed market data,2026-09-01T00:00:00+00:00
2025-05-23,US_ETF,92.83303677028498,92.83303677028498,SYNTHETIC: seeded teaching dataset; not observed market data,2026-09-01T00:00:00+00:00
2025-05-26,US_ETF,93.19212798835602,93.19212798835602,SYNTHETIC: seeded teaching dataset; not observed market data,2026-09-01T00:00:00+00:00
2025-05-27,US_ETF,92.88904132012767,92.88904132012767,SYNTHETIC: seeded teaching dataset; not observed market data,2026-09-01T00:00:00+00:00
2025-05-28,US_ETF,92.23871506647673,92.23871506647673,SYNTHETIC: seeded teaching dataset; not observed market data,2026-09-01T00:00:00+00:00
2025-05-29,US_ETF,92.31150809955773,92.31150809955773,SYNTHETIC: seeded teaching dataset; not observed market data,2026-09-01T00:00:00+00:00
2025-05-30,US_ETF,92.85446081649282,92.85446081649282,SYNTHETIC: seeded teaching dataset; not observed market data,2026-09-01T00:00:00+00:00
2025-06-02,US_ETF,92.48274032606315,92.48274032606315,SYNTHETIC: seeded teaching dataset; not observed market data,2026-09-01T00:00:00+00:00
2025-06-03,US_ETF,92.39482263593337,92.39482263593337,SYNTHETIC: seeded teaching dataset; not observed market data,2026-09-01T00:00:00+00:00
2025-06-04,US_ETF,91.71552801488758,91.71552801488758,SYNTHETIC: seeded teaching dataset; not observed market data,2026-09-01T00:00:00+00:00
2025-06-05,US_ETF,91.48924052568121,91.48924052568121,SYNTHETIC: seeded teaching dataset; not observed market data,2026-09-01T00:00:00+00:00
2025-06-06,US_ETF,91.23267512346729,91.23267512346729,SYNTHETIC: seeded teaching dataset; not observed market data,2026-09-01T00:00:00+00:00
2025-06-09,US_ETF,91.53881552011919,91.53881552011919,SYNTHETIC: seeded teaching dataset; not observed market data,2026-09-01T00:00:00+00:00
2025-06-10,US_ETF,91.7072814288618,91.7072814288618,SYNTHETIC: seeded teaching dataset; not observed market data,2026-09-01T00:00:00+00:00
2025-06-11,US_ETF,92.17762482000899,92.17762482000899,SYNTHETIC: seeded teaching dataset; not observed market data,2026-09-01T00:00:00+00:00
2025-06-12,US_ETF,92.15195485112551,92.15195485112551,SYNTHETIC: seeded teaching dataset; not observed market data,2026-09-01T00:00:00+00:00
2025-06-13,US_ETF,92.133348473942,92.133348473942,SYNTHETIC: seeded teaching dataset; not observed market data,2026-09-01T00:00:00+00:00
2025-06-16,US_ETF,92.33336693993701,92.33336693993701,SYNTHETIC: seeded teaching dataset; not observed market data,2026-09-01T00:00:00+00:00
2025-06-17,US_ETF,92.64174611409682,92.64174611409682,SYNTHETIC: seeded teaching dataset; not observed market data,2026-09-01T00:00:00+00:00
2025-06-18,US_ETF,92.47223868732375,92.47223868732375,SYNTHETIC: seeded teaching dataset; not observed market data,2026-09-01T00:00:00+00:00
2025-06-19,US_ETF,92.66978697459794,92.66978697459794,SYNTHETIC: seeded teaching dataset; not observed market data,2026-09-01T00:00:00+00:00
2025-06-20,US_ETF,92.53826081576743,92.53826081576743,SYNTHETIC: seeded teaching dataset; not observed market data,2026-09-01T00:00:00+00:00
2025-06-23,US_ETF,92.27931455117798,92.27931455117798,SYNTHETIC: seeded teaching dataset; not observed market data,2026-09-01T00:00:00+00:00
2025-06-24,US_ETF,91.95656753678858,91.95656753678858,SYNTHETIC: seeded teaching dataset; not observed market data,2026-09-01T00:00:00+00:00
2025-06-25,US_ETF,91.80118903033204,91.80118903033204,SYNTHETIC: seeded teaching dataset; not observed market data,2026-09-01T00:00:00+00:00
2025-06-26,US_ETF,92.33437455212105,92.33437455212105,SYNTHETIC: seeded teaching dataset; not observed market data,2026-09-01T00:00:00+00:00
2025-06-27,US_ETF,92.28755742626161,92.28755742626161,SYNTHETIC: seeded teaching dataset; not observed market data,2026-09-01T00:00:00+00:00
2025-06-30,US_ETF,92.35146570480978,92.35146570480978,SYNTHETIC: seeded teaching dataset; not observed market data,2026-09-01T00:00:00+00:00
2025-07-01,US_ETF,92.71876200432385,92.71876200432385,SYNTHETIC: seeded teaching dataset; not observed market data,2026-09-01T00:00:00+00:00
2025-07-02,US_ETF,92.0539268719682,92.0539268719682,SYNTHETIC: seeded teaching dataset; not observed market data,2026-09-01T00:00:00+00:00
2025-07-03,US_ETF,92.20738662404752,92.20738662404752,SYNTHETIC: seeded teaching dataset; not observed market data,2026-09-01T00:00:00+00:00
2025-07-04,US_ETF,92.20770919914558,92.20770919914558,SYNTHETIC: seeded teaching dataset; not observed market data,2026-09-01T00:00:00+00:00
2025-07-07,US_ETF,92.62260786663194,92.62260786663194,SYNTHETIC: seeded teaching dataset; not observed market data,2026-09-01T00:00:00+00:00
2025-07-08,US_ETF,92.76466062531071,92.76466062531071,SYNTHETIC: seeded teaching dataset; not observed market data,2026-09-01T00:00:00+00:00
2025-07-09,US_ETF,93.12584825917267,93.12584825917267,SYNTHETIC: seeded teaching dataset; not observed market data,2026-09-01T00:00:00+00:00
2025-07-10,US_ETF,93.33492411841529,93.33492411841529,SYNTHETIC: seeded teaching dataset; not observed market data,2026-09-01T00:00:00+00:00
2025-07-11,US_ETF,94.01036430786503,94.01036430786503,SYNTHETIC: seeded teaching dataset; not observed market data,2026-09-01T00:00:00+00:00
2025-07-14,US_ETF,93.36453080234912,93.36453080234912,SYNTHETIC: seeded teaching dataset; not observed market data,2026-09-01T00:00:00+00:00
2025-07-15,US_ETF,93.36158719922591,93.36158719922591,SYNTHETIC: seeded teaching dataset; not observed market data,2026-09-01T00:00:00+00:00
2025-07-16,US_ETF,93.6481852684783,93.6481852684783,SYNTHETIC: seeded teaching dataset; not observed market data,2026-09-01T00:00:00+00:00
2025-07-17,US_ETF,93.89147920505052,93.89147920505052,SYNTHETIC: seeded teaching dataset; not observed market data,2026-09-01T00:00:00+00:00
2025-07-18,US_ETF,93.90898966454523,93.90898966454523,SYNTHETIC: seeded teaching dataset; not observed market data,2026-09-01T00:00:00+00:00
2025-07-21,US_ETF,94.39636648436088,94.39636648436088,SYNTHETIC: seeded teaching dataset; not observed market data,2026-09-01T00:00:00+00:00
2025-07-22,US_ETF,94.83751439303185,94.83751439303185,SYNTHETIC: seeded teaching dataset; not observed market data,2026-09-01T00:00:00+00:00
2025-07-23,US_ETF,94.5002233357458,94.5002233357458,SYNTHETIC: seeded teaching dataset; not observed market data,2026-09-01T00:00:00+00:00
2025-07-24,US_ETF,94.28477819178539,94.28477819178539,SYNTHETIC: seeded teaching dataset; not observed market data,2026-09-01T00:00:00+00:00
2025-07-25,US_ETF,94.52508112055924,94.52508112055924,SYNTHETIC: seeded teaching dataset; not observed market data,2026-09-01T00:00:00+00:00
2025-07-28,US_ETF,94.19900793775038,94.19900793775038,SYNTHETIC: seeded teaching dataset; not observed market data,2026-09-01T00:00:00+00:00
2025-07-29,US_ETF,94.10780302682839,94.10780302682839,SYNTHETIC: seeded teaching dataset; not observed market data,2026-09-01T00:00:00+00:00
2025-07-30,US_ETF,93.32870405306082,93.32870405306082,SYNTHETIC: seeded teaching dataset; not observed market data,2026-09-01T00:00:00+00:00
2025-07-31,US_ETF,93.37290354922592,93.37290354922592,SYNTHETIC: seeded teaching dataset; not observed market data,2026-09-01T00:00:00+00:00
2025-08-01,US_ETF,93.45015085493772,93.45015085493772,SYNTHETIC: seeded teaching dataset; not observed market data,2026-09-01T00:00:00+00:00
2025-08-04,US_ETF,93.94110312684424,93.94110312684424,SYNTHETIC: seeded teaching dataset; not observed market data,2026-09-01T00:00:00+00:00
2025-08-05,US_ETF,93.92736179818297,93.92736179818297,SYNTHETIC: seeded teaching dataset; not observed market data,2026-09-01T00:00:00+00:00
2025-08-06,US_ETF,93.9104097435794,93.9104097435794,SYNTHETIC: seeded teaching dataset; not observed market data,2026-09-01T00:00:00+00:00
2025-08-07,US_ETF,93.30295797264463,93.30295797264463,SYNTHETIC: seeded teaching dataset; not observed market data,2026-09-01T00:00:00+00:00
2025-08-08,US_ETF,94.1019005569662,94.1019005569662,SYNTHETIC: seeded teaching dataset; not observed market data,2026-09-01T00:00:00+00:00
2025-08-11,US_ETF,94.25426603152079,94.25426603152079,SYNTHETIC: seeded teaching dataset; not observed market data,2026-09-01T00:00:00+00:00
2025-08-12,US_ETF,93.70699072001764,93.70699072001764,SYNTHETIC: seeded teaching dataset; not observed market data,2026-09-01T00:00:00+00:00
2025-08-13,US_ETF,93.45846421444307,93.45846421444307,SYNTHETIC: seeded teaching dataset; not observed market data,2026-09-01T00:00:00+00:00
2025-08-14,US_ETF,94.07645592839032,94.07645592839032,SYNTHETIC: seeded teaching dataset; not observed market data,2026-09-01T00:00:00+00:00
2025-08-15,US_ETF,93.46364801925472,93.46364801925472,SYNTHETIC: seeded teaching dataset; not observed market data,2026-09-01T00:00:00+00:00
2025-08-18,US_ETF,93.85675509323362,93.85675509323362,SYNTHETIC: seeded teaching dataset; not observed market data,2026-09-01T00:00:00+00:00
2025-08-19,US_ETF,93.67190856807247,93.67190856807247,SYNTHETIC: seeded teaching dataset; not observed market data,2026-09-01T00:00:00+00:00
2025-08-20,US_ETF,93.45069555609551,93.45069555609551,SYNTHETIC: seeded teaching dataset; not observed market data,2026-09-01T00:00:00+00:00
2025-08-21,US_ETF,93.39051224781748,93.39051224781748,SYNTHETIC: seeded teaching dataset; not observed market data,2026-09-01T00:00:00+00:00
2025-08-22,US_ETF,94.07010866700477,94.07010866700477,SYNTHETIC: seeded teaching dataset; not observed market data,2026-09-01T00:00:00+00:00
2025-08-25,US_ETF,93.70763709458835,93.70763709458835,SYNTHETIC: seeded teaching dataset; not observed market data,2026-09-01T00:00:00+00:00
2025-08-26,US_ETF,93.24977942293555,93.24977942293555,SYNTHETIC: seeded teaching dataset; not observed market data,2026-09-01T00:00:00+00:00
2025-08-27,US_ETF,92.63666523931428,92.63666523931428,SYNTHETIC: seeded teaching dataset; not observed market data,2026-09-01T00:00:00+00:00
2025-08-28,US_ETF,92.35187681567699,92.35187681567699,SYNTHETIC: seeded teaching dataset; not observed market data,2026-09-01T00:00:00+00:00
2025-08-29,US_ETF,91.83886175036498,91.83886175036498,SYNTHETIC: seeded teaching dataset; not observed market data,2026-09-01T00:00:00+00:00
2025-09-01,US_ETF,91.7313330953228,91.7313330953228,SYNTHETIC: seeded teaching dataset; not observed market data,2026-09-01T00:00:00+00:00
2025-09-02,US_ETF,91.9646229479022,91.9646229479022,SYNTHETIC: seeded teaching dataset; not observed market data,2026-09-01T00:00:00+00:00
2025-09-03,US_ETF,91.6219220568953,91.6219220568953,SYNTHETIC: seeded teaching dataset; not observed market data,2026-09-01T00:00:00+00:00
2025-09-04,US_ETF,91.58432783568972,91.58432783568972,SYNTHETIC: seeded teaching dataset; not observed market data,2026-09-01T00:00:00+00:00
2025-09-05,US_ETF,91.5191394592939,91.5191394592939,SYNTHETIC: seeded teaching dataset; not observed market data,2026-09-01T00:00:00+00:00
2025-09-08,US_ETF,90.76301694332483,90.76301694332483,SYNTHETIC: seeded teaching dataset; not observed market data,2026-09-01T00:00:00+00:00
2025-09-09,US_ETF,91.06822350198837,91.06822350198837,SYNTHETIC: seeded teaching dataset; not observed market data,2026-09-01T00:00:00+00:00
2025-09-10,US_ETF,90.92163157303575,90.92163157303575,SYNTHETIC: seeded teaching dataset; not observed market data,2026-09-01T00:00:00+00:00
2025-09-11,US_ETF,90.55661793215782,90.55661793215782,SYNTHETIC: seeded teaching dataset; not observed market data,2026-09-01T00:00:00+00:00
2025-09-12,US_ETF,91.09151354923134,91.09151354923134,SYNTHETIC: seeded teaching dataset; not observed market data,2026-09-01T00:00:00+00:00
2025-09-15,US_ETF,90.63223515706737,90.63223515706737,SYNTHETIC: seeded teaching dataset; not observed market data,2026-09-01T00:00:00+00:00
2025-09-16,US_ETF,90.64803477962732,90.64803477962732,SYNTHETIC: seeded teaching dataset; not observed market data,2026-09-01T00:00:00+00:00
2025-09-17,US_ETF,91.47907444660923,91.47907444660923,SYNTHETIC: seeded teaching dataset; not observed market data,2026-09-01T00:00:00+00:00
2025-09-18,US_ETF,91.48233131247271,91.48233131247271,SYNTHETIC: seeded teaching dataset; not observed market data,2026-09-01T00:00:00+00:00
2025-09-19,US_ETF,91.57261250637981,91.57261250637981,SYNTHETIC: seeded teaching dataset; not observed market data,2026-09-01T00:00:00+00:00
2025-09-22,US_ETF,91.13192045922352,91.13192045922352,SYNTHETIC: seeded teaching dataset; not observed market data,2026-09-01T00:00:00+00:00
2025-09-23,US_ETF,91.40944962241714,91.40944962241714,SYNTHETIC: seeded teaching dataset; not observed market data,2026-09-01T00:00:00+00:00
2025-09-24,US_ETF,91.06253369757513,91.06253369757513,SYNTHETIC: seeded teaching dataset; not observed market data,2026-09-01T00:00:00+00:00
2025-09-25,US_ETF,90.72424303850926,90.72424303850926,SYNTHETIC: seeded teaching dataset; not observed market data,2026-09-01T00:00:00+00:00
2025-09-26,US_ETF,90.22176026806041,90.22176026806041,SYNTHETIC: seeded teaching dataset; not observed market data,2026-09-01T00:00:00+00:00
2025-09-29,US_ETF,90.49081201054312,90.49081201054312,SYNTHETIC: seeded teaching dataset; not observed market data,2026-09-01T00:00:00+00:00
2025-09-30,US_ETF,91.12134868244769,91.12134868244769,SYNTHETIC: seeded teaching dataset; not observed market data,2026-09-01T00:00:00+00:00
2025-10-01,US_ETF,91.59872733820285,91.59872733820285,SYNTHETIC: seeded teaching dataset; not observed market data,2026-09-01T00:00:00+00:00
2025-10-02,US_ETF,91.58452294975534,91.58452294975534,SYNTHETIC: seeded teaching dataset; not observed market data,2026-09-01T00:00:00+00:00
2025-10-03,US_ETF,91.04607989842474,91.04607989842474,SYNTHETIC: seeded teaching dataset; not observed market data,2026-09-01T00:00:00+00:00
2025-10-06,US_ETF,91.31629710699251,91.31629710699251,SYNTHETIC: seeded teaching dataset; not observed market data,2026-09-01T00:00:00+00:00
2025-10-07,US_ETF,91.69590809464206,91.69590809464206,SYNTHETIC: seeded teaching dataset; not observed market data,2026-09-01T00:00:00+00:00
2025-10-08,US_ETF,91.52886731766343,91.52886731766343,SYNTHETIC: seeded teaching dataset; not observed market data,2026-09-01T00:00:00+00:00
2025-10-09,US_ETF,91.44898674220777,91.44898674220777,SYNTHETIC: seeded teaching dataset; not observed market data,2026-09-01T00:00:00+00:00
2025-10-10,US_ETF,91.13613648905121,91.13613648905121,SYNTHETIC: seeded teaching dataset; not observed market data,2026-09-01T00:00:00+00:00
2025-10-13,US_ETF,91.18936813534025,91.18936813534025,SYNTHETIC: seeded teaching dataset; not observed market data,2026-09-01T00:00:00+00:00
2025-10-14,US_ETF,90.93637722123589,90.93637722123589,SYNTHETIC: seeded teaching dataset; not observed market data,2026-09-01T00:00:00+00:00
2025-10-15,US_ETF,90.96301088952494,90.96301088952494,SYNTHETIC: seeded teaching dataset; not observed market data,2026-09-01T00:00:00+00:00
2025-10-16,US_ETF,90.92130097342361,90.92130097342361,SYNTHETIC: seeded teaching dataset; not observed market data,2026-09-01T00:00:00+00:00
2025-10-17,US_ETF,90.66945601846113,90.66945601846113,SYNTHETIC: seeded teaching dataset; not observed market data,2026-09-01T00:00:00+00:00
2025-10-20,US_ETF,90.49863999626768,90.49863999626768,SYNTHETIC: seeded teaching dataset; not observed market data,2026-09-01T00:00:00+00:00
2025-10-21,US_ETF,90.58122052836094,90.58122052836094,SYNTHETIC: seeded teaching dataset; not observed market data,2026-09-01T00:00:00+00:00
2025-10-22,US_ETF,90.16631774855983,90.16631774855983,SYNTHETIC: seeded teaching dataset; not observed market data,2026-09-01T00:00:00+00:00
2025-10-23,US_ETF,89.27830796429848,89.27830796429848,SYNTHETIC: seeded teaching dataset; not observed market data,2026-09-01T00:00:00+00:00
2025-10-24,US_ETF,89.63680650583387,89.63680650583387,SYNTHETIC: seeded teaching dataset; not observed market data,2026-09-01T00:00:00+00:00
2025-10-27,US_ETF,89.26342138609776,89.26342138609776,SYNTHETIC: seeded teaching dataset; not observed market data,2026-09-01T00:00:00+00:00
2025-10-28,US_ETF,89.18612780479411,89.18612780479411,SYNTHETIC: seeded teaching dataset; not observed market data,2026-09-01T00:00:00+00:00
2025-10-29,US_ETF,89.40641385339188,89.40641385339188,SYNTHETIC: seeded teaching dataset; not observed market data,2026-09-01T00:00:00+00:00
2025-10-30,US_ETF,89.60772571641168,89.60772571641168,SYNTHETIC: seeded teaching dataset; not observed market data,2026-09-01T00:00:00+00:00
2025-10-31,US_ETF,89.64226251134657,89.64226251134657,SYNTHETIC: seeded teaching dataset; not observed market data,2026-09-01T00:00:00+00:00
2025-11-03,US_ETF,89.85175779630478,89.85175779630478,SYNTHETIC: seeded teaching dataset; not observed market data,2026-09-01T00:00:00+00:00
2025-11-04,US_ETF,89.74453744941215,89.74453744941215,SYNTHETIC: seeded teaching dataset; not observed market data,2026-09-01T00:00:00+00:00
2025-11-05,US_ETF,90.09290320229812,90.09290320229812,SYNTHETIC: seeded teaching dataset; not observed market data,2026-09-01T00:00:00+00:00
2025-11-06,US_ETF,90.28533206620841,90.28533206620841,SYNTHETIC: seeded teaching dataset; not observed market data,2026-09-01T00:00:00+00:00
2025-11-07,US_ETF,90.16390054315724,90.16390054315724,SYNTHETIC: seeded teaching dataset; not observed market data,2026-09-01T00:00:00+00:00
2025-11-10,US_ETF,90.19624333973861,90.19624333973861,SYNTHETIC: seeded teaching dataset; not observed market data,2026-09-01T00:00:00+00:00
2025-11-11,US_ETF,89.81485296744506,89.81485296744506,SYNTHETIC: seeded teaching dataset; not observed market data,2026-09-01T00:00:00+00:00
2025-11-12,US_ETF,89.32230593609276,89.32230593609276,SYNTHETIC: seeded teaching dataset; not observed market data,2026-09-01T00:00:00+00:00
2025-11-13,US_ETF,89.0108897359847,89.0108897359847,SYNTHETIC: seeded teaching dataset; not observed market data,2026-09-01T00:00:00+00:00
2025-11-14,US_ETF,88.81824892551165,88.81824892551165,SYNTHETIC: seeded teaching dataset; not observed market data,2026-09-01T00:00:00+00:00
2025-11-17,US_ETF,89.17062756915684,89.17062756915684,SYNTHETIC: seeded teaching dataset; not observed market data,2026-09-01T00:00:00+00:00
2025-11-18,US_ETF,88.99966112346257,88.99966112346257,SYNTHETIC: seeded teaching dataset; not observed market data,2026-09-01T00:00:00+00:00
2025-11-19,US_ETF,88.94934287321466,88.94934287321466,SYNTHETIC: seeded teaching dataset; not observed market data,2026-09-01T00:00:00+00:00
2025-11-20,US_ETF,89.44897136735275,89.44897136735275,SYNTHETIC: seeded teaching dataset; not observed market data,2026-09-01T00:00:00+00:00
2025-11-21,US_ETF,89.87944382187472,89.87944382187472,SYNTHETIC: seeded teaching dataset; not observed market data,2026-09-01T00:00:00+00:00
2025-11-24,US_ETF,90.06685542152262,90.06685542152262,SYNTHETIC: seeded teaching dataset; not observed market data,2026-09-01T00:00:00+00:00
2025-11-25,US_ETF,89.76485257134394,89.76485257134394,SYNTHETIC: seeded teaching dataset; not observed market data,2026-09-01T00:00:00+00:00
2025-11-26,US_ETF,89.59664242299537,89.59664242299537,SYNTHETIC: seeded teaching dataset; not observed market data,2026-09-01T00:00:00+00:00
2025-11-27,US_ETF,89.3950217207969,89.3950217207969,SYNTHETIC: seeded teaching dataset; not observed market data,2026-09-01T00:00:00+00:00
2025-11-28,US_ETF,89.26176744419804,89.26176744419804,SYNTHETIC: seeded teaching dataset; not observed market data,2026-09-01T00:00:00+00:00
2025-12-01,US_ETF,89.20994185002948,89.20994185002948,SYNTHETIC: seeded teaching dataset; not observed market data,2026-09-01T00:00:00+00:00
2025-12-02,US_ETF,89.42009717089172,89.42009717089172,SYNTHETIC: seeded teaching dataset; not observed market data,2026-09-01T00:00:00+00:00
2025-12-03,US_ETF,89.91711392985233,89.91711392985233,SYNTHETIC: seeded teaching dataset; not observed market data,2026-09-01T00:00:00+00:00
2025-12-04,US_ETF,90.20606075859605,90.20606075859605,SYNTHETIC: seeded teaching dataset; not observed market data,2026-09-01T00:00:00+00:00
2025-12-05,US_ETF,89.75026124193663,89.75026124193663,SYNTHETIC: seeded teaching dataset; not observed market data,2026-09-01T00:00:00+00:00
2025-12-08,US_ETF,89.81981655235538,89.81981655235538,SYNTHETIC: seeded teaching dataset; not observed market data,2026-09-01T00:00:00+00:00
2025-12-09,US_ETF,89.37098870707968,89.37098870707968,SYNTHETIC: seeded teaching dataset; not observed market data,2026-09-01T00:00:00+00:00
2025-12-10,US_ETF,89.84437386675795,89.84437386675795,SYNTHETIC: seeded teaching dataset; not observed market data,2026-09-01T00:00:00+00:00
2025-12-11,US_ETF,89.74353749690339,89.74353749690339,SYNTHETIC: seeded teaching dataset; not observed market data,2026-09-01T00:00:00+00:00
2025-12-12,US_ETF,89.46104898955215,89.46104898955215,SYNTHETIC: seeded teaching dataset; not observed market data,2026-09-01T00:00:00+00:00
2025-12-15,US_ETF,89.73839799251994,89.73839799251994,SYNTHETIC: seeded teaching dataset; not observed market data,2026-09-01T00:00:00+00:00
2025-12-16,US_ETF,89.11902456960392,89.11902456960392,SYNTHETIC: seeded teaching dataset; not observed market data,2026-09-01T00:00:00+00:00
2025-12-17,US_ETF,89.46839933550382,89.46839933550382,SYNTHETIC: seeded teaching dataset; not observed market data,2026-09-01T00:00:00+00:00
2025-12-18,US_ETF,88.90681710520725,88.90681710520725,SYNTHETIC: seeded teaching dataset; not observed market data,2026-09-01T00:00:00+00:00
2025-12-19,US_ETF,88.56654650400311,88.56654650400311,SYNTHETIC: seeded teaching dataset; not observed market data,2026-09-01T00:00:00+00:00
2025-12-22,US_ETF,88.89240970452308,88.89240970452308,SYNTHETIC: seeded teaching dataset; not observed market data,2026-09-01T00:00:00+00:00
2025-12-23,US_ETF,88.20033821274839,88.20033821274839,SYNTHETIC: seeded teaching dataset; not observed market data,2026-09-01T00:00:00+00:00
2025-12-24,US_ETF,88.22247811708183,88.22247811708183,SYNTHETIC: seeded teaching dataset; not observed market data,2026-09-01T00:00:00+00:00
2025-12-25,US_ETF,88.26919169869073,88.26919169869073,SYNTHETIC: seeded teaching dataset; not observed market data,2026-09-01T00:00:00+00:00
2025-12-26,US_ETF,88.63646360867268,88.63646360867268,SYNTHETIC: seeded teaching dataset; not observed market data,2026-09-01T00:00:00+00:00
2025-12-29,US_ETF,88.24777102992834,88.24777102992834,SYNTHETIC: seeded teaching dataset; not observed market data,2026-09-01T00:00:00+00:00
2025-12-30,US_ETF,88.46932854394758,88.46932854394758,SYNTHETIC: seeded teaching dataset; not observed market data,2026-09-01T00:00:00+00:00
2025-12-31,US_ETF,88.76492366684688,88.76492366684688,SYNTHETIC: seeded teaching dataset; not observed market data,2026-09-01T00:00:00+00:00
2026-01-01,US_ETF,88.35684248303176,88.35684248303176,SYNTHETIC: seeded teaching dataset; not observed market data,2026-09-01T00:00:00+00:00
2026-01-02,US_ETF,88.36632268495072,88.36632268495072,SYNTHETIC: seeded teaching dataset; not observed market data,2026-09-01T00:00:00+00:00
2026-01-05,US_ETF,88.75582492982988,88.75582492982988,SYNTHETIC: seeded teaching dataset; not observed market data,2026-09-01T00:00:00+00:00
2026-01-06,US_ETF,87.88116285208078,87.88116285208078,SYNTHETIC: seeded teaching dataset; not observed market data,2026-09-01T00:00:00+00:00
2026-01-07,US_ETF,87.93368284351158,87.93368284351158,SYNTHETIC: seeded teaching dataset; not observed market data,2026-09-01T00:00:00+00:00
2026-01-08,US_ETF,88.3146749839795,88.3146749839795,SYNTHETIC: seeded teaching dataset; not observed market data,2026-09-01T00:00:00+00:00
2026-01-09,US_ETF,88.46321092657845,88.46321092657845,SYNTHETIC: seeded teaching dataset; not observed market data,2026-09-01T00:00:00+00:00
2026-01-12,US_ETF,88.29187366048427,88.29187366048427,SYNTHETIC: seeded teaching dataset; not observed market data,2026-09-01T00:00:00+00:00
2026-01-13,US_ETF,88.96651593367926,88.96651593367926,SYNTHETIC: seeded teaching dataset; not observed market data,2026-09-01T00:00:00+00:00
2026-01-14,US_ETF,88.99604253036391,88.99604253036391,SYNTHETIC: seeded teaching dataset; not observed market data,2026-09-01T00:00:00+00:00
2026-01-15,US_ETF,89.17770851882213,89.17770851882213,SYNTHETIC: seeded teaching dataset; not observed market data,2026-09-01T00:00:00+00:00
2026-01-16,US_ETF,89.25335766015225,89.25335766015225,SYNTHETIC: seeded teaching dataset; not observed market data,2026-09-01T00:00:00+00:00
2026-01-19,US_ETF,89.35036665958602,89.35036665958602,SYNTHETIC: seeded teaching dataset; not observed market data,2026-09-01T00:00:00+00:00
2026-01-20,US_ETF,89.5677122240874,89.5677122240874,SYNTHETIC: seeded teaching dataset; not observed market data,2026-09-01T00:00:00+00:00
2026-01-21,US_ETF,89.91520042134532,89.91520042134532,SYNTHETIC: seeded teaching dataset; not observed market data,2026-09-01T00:00:00+00:00
2026-01-22,US_ETF,89.93653243834927,89.93653243834927,SYNTHETIC: seeded teaching dataset; not observed market data,2026-09-01T00:00:00+00:00
2026-01-23,US_ETF,89.62091086361887,89.62091086361887,SYNTHETIC: seeded teaching dataset; not observed market data,2026-09-01T00:00:00+00:00
2026-01-26,US_ETF,89.86225070602543,89.86225070602543,SYNTHETIC: seeded teaching dataset; not observed market data,2026-09-01T00:00:00+00:00
2026-01-27,US_ETF,90.40519524450467,90.40519524450467,SYNTHETIC: seeded teaching dataset; not observed market data,2026-09-01T00:00:00+00:00
2026-01-28,US_ETF,90.68144629646167,90.68144629646167,SYNTHETIC: seeded teaching dataset; not observed market data,2026-09-01T00:00:00+00:00
2026-01-29,US_ETF,91.19213309494711,91.19213309494711,SYNTHETIC: seeded teaching dataset; not observed market data,2026-09-01T00:00:00+00:00
2026-01-30,US_ETF,90.63039418360702,90.63039418360702,SYNTHETIC: seeded teaching dataset; not observed market data,2026-09-01T00:00:00+00:00
2026-02-02,US_ETF,90.20215286211483,90.20215286211483,SYNTHETIC: seeded teaching dataset; not observed market data,2026-09-01T00:00:00+00:00
2026-02-03,US_ETF,89.7944641837962,89.7944641837962,SYNTHETIC: seeded teaching dataset; not observed market data,2026-09-01T00:00:00+00:00
2026-02-04,US_ETF,89.94031464282384,89.94031464282384,SYNTHETIC: seeded teaching dataset; not observed market data,2026-09-01T00:00:00+00:00
2026-02-05,US_ETF,90.13269743051353,90.13269743051353,SYNTHETIC: seeded teaching dataset; not observed market data,2026-09-01T00:00:00+00:00
2026-02-06,US_ETF,89.8511575911155,89.8511575911155,SYNTHETIC: seeded teaching dataset; not observed market data,2026-09-01T00:00:00+00:00
2026-02-09,US_ETF,89.74765516304527,89.74765516304527,SYNTHETIC: seeded teaching dataset; not observed market data,2026-09-01T00:00:00+00:00
2026-02-10,US_ETF,90.09927870359206,90.09927870359206,SYNTHETIC: seeded teaching dataset; not observed market data,2026-09-01T00:00:00+00:00
2026-02-11,US_ETF,89.58089158147028,89.58089158147028,SYNTHETIC: seeded teaching dataset; not observed market data,2026-09-01T00:00:00+00:00
2026-02-12,US_ETF,89.82942701295818,89.82942701295818,SYNTHETIC: seeded teaching dataset; not observed market data,2026-09-01T00:00:00+00:00
2026-02-13,US_ETF,89.45491369218942,89.45491369218942,SYNTHETIC: seeded teaching dataset; not observed market data,2026-09-01T00:00:00+00:00
2026-02-16,US_ETF,88.82986715468783,88.82986715468783,SYNTHETIC: seeded teaching dataset; not observed market data,2026-09-01T00:00:00+00:00
2026-02-17,US_ETF,88.44818798578845,88.44818798578845,SYNTHETIC: seeded teaching dataset; not observed market data,2026-09-01T00:00:00+00:00
2026-02-18,US_ETF,88.09797386821121,88.09797386821121,SYNTHETIC: seeded teaching dataset; not observed market data,2026-09-01T00:00:00+00:00
2026-02-19,US_ETF,87.70043215018003,87.70043215018003,SYNTHETIC: seeded teaching dataset; not observed market data,2026-09-01T00:00:00+00:00
2026-02-20,US_ETF,88.3649457186582,88.3649457186582,SYNTHETIC: seeded teaching dataset; not observed market data,2026-09-01T00:00:00+00:00
2026-02-23,US_ETF,88.2317647329371,88.2317647329371,SYNTHETIC: seeded teaching dataset; not observed market data,2026-09-01T00:00:00+00:00
2026-02-24,US_ETF,88.15580879448657,88.15580879448657,SYNTHETIC: seeded teaching dataset; not observed market data,2026-09-01T00:00:00+00:00
2026-02-25,US_ETF,87.68002767619444,87.68002767619444,SYNTHETIC: seeded teaching dataset; not observed market data,2026-09-01T00:00:00+00:00
2026-02-26,US_ETF,87.7740138207165,87.7740138207165,SYNTHETIC: seeded teaching dataset; not observed market data,2026-09-01T00:00:00+00:00
2026-02-27,US_ETF,87.7889372918158,87.7889372918158,SYNTHETIC: seeded teaching dataset; not observed market data,2026-09-01T00:00:00+00:00
2026-03-02,US_ETF,87.4166352446895,87.4166352446895,SYNTHETIC: seeded teaching dataset; not observed market data,2026-09-01T00:00:00+00:00
2026-03-03,US_ETF,87.48301959106237,87.48301959106237,SYNTHETIC: seeded teaching dataset; not observed market data,2026-09-01T00:00:00+00:00
2026-03-04,US_ETF,87.60177912804568,87.60177912804568,SYNTHETIC: seeded teaching dataset; not observed market data,2026-09-01T00:00:00+00:00
2026-03-05,US_ETF,87.50713044173881,87.50713044173881,SYNTHETIC: seeded teaching dataset; not observed market data,2026-09-01T00:00:00+00:00
2026-03-06,US_ETF,87.62569763512532,87.62569763512532,SYNTHETIC: seeded teaching dataset; not observed market data,2026-09-01T00:00:00+00:00
2026-03-09,US_ETF,86.97018286939138,86.97018286939138,SYNTHETIC: seeded teaching dataset; not observed market data,2026-09-01T00:00:00+00:00
2026-03-10,US_ETF,86.40272169850232,86.40272169850232,SYNTHETIC: seeded teaching dataset; not observed market data,2026-09-01T00:00:00+00:00
2026-03-11,US_ETF,86.94529627305008,86.94529627305008,SYNTHETIC: seeded teaching dataset; not observed market data,2026-09-01T00:00:00+00:00
2026-03-12,US_ETF,87.18588334965877,87.18588334965877,SYNTHETIC: seeded teaching dataset; not observed market data,2026-09-01T00:00:00+00:00
2026-03-13,US_ETF,87.13432193399679,87.13432193399679,SYNTHETIC: seeded teaching dataset; not observed market data,2026-09-01T00:00:00+00:00
2026-03-16,US_ETF,86.92679356083292,86.92679356083292,SYNTHETIC: seeded teaching dataset; not observed market data,2026-09-01T00:00:00+00:00
2026-03-17,US_ETF,87.11704972212253,87.11704972212253,SYNTHETIC: seeded teaching dataset; not observed market data,2026-09-01T00:00:00+00:00
2026-03-18,US_ETF,87.07522233903504,87.07522233903504,SYNTHETIC: seeded teaching dataset; not observed market data,2026-09-01T00:00:00+00:00
2026-03-19,US_ETF,87.5183973530363,87.5183973530363,SYNTHETIC: seeded teaching dataset; not observed market data,2026-09-01T00:00:00+00:00
2026-03-20,US_ETF,87.8966704561213,87.8966704561213,SYNTHETIC: seeded teaching dataset; not observed market data,2026-09-01T00:00:00+00:00
2026-03-23,US_ETF,87.51095930893717,87.51095930893717,SYNTHETIC: seeded teaching dataset; not observed market data,2026-09-01T00:00:00+00:00
2026-03-24,US_ETF,87.56361577163175,87.56361577163175,SYNTHETIC: seeded teaching dataset; not observed market data,2026-09-01T00:00:00+00:00
2026-03-25,US_ETF,87.81435749999011,87.81435749999011,SYNTHETIC: seeded teaching dataset; not observed market data,2026-09-01T00:00:00+00:00
2026-03-26,US_ETF,88.08001971073422,88.08001971073422,SYNTHETIC: seeded teaching dataset; not observed market data,2026-09-01T00:00:00+00:00
2026-03-27,US_ETF,88.59765715160182,88.59765715160182,SYNTHETIC: seeded teaching dataset; not observed market data,2026-09-01T00:00:00+00:00
2026-03-30,US_ETF,89.02631648162182,89.02631648162182,SYNTHETIC: seeded teaching dataset; not observed market data,2026-09-01T00:00:00+00:00
2026-03-31,US_ETF,88.83918765639349,88.83918765639349,SYNTHETIC: seeded teaching dataset; not observed market data,2026-09-01T00:00:00+00:00
2026-04-01,US_ETF,89.53841737159885,89.53841737159885,SYNTHETIC: seeded teaching dataset; not observed market data,2026-09-01T00:00:00+00:00
2026-04-02,US_ETF,89.39198455939848,89.39198455939848,SYNTHETIC: seeded teaching dataset; not observed market data,2026-09-01T00:00:00+00:00
2026-04-03,US_ETF,89.73045780781493,89.73045780781493,SYNTHETIC: seeded teaching dataset; not observed market data,2026-09-01T00:00:00+00:00
2026-04-06,US_ETF,89.40146422121981,89.40146422121981,SYNTHETIC: seeded teaching dataset; not observed market data,2026-09-01T00:00:00+00:00
2026-04-07,US_ETF,89.68197661528878,89.68197661528878,SYNTHETIC: seeded teaching dataset; not observed market data,2026-09-01T00:00:00+00:00
2026-04-08,US_ETF,90.15278800783078,90.15278800783078,SYNTHETIC: seeded teaching dataset; not observed market data,2026-09-01T00:00:00+00:00
2026-04-09,US_ETF,90.204427378474,90.204427378474,SYNTHETIC: seeded teaching dataset; not observed market data,2026-09-01T00:00:00+00:00
2026-04-10,US_ETF,90.28892414348854,90.28892414348854,SYNTHETIC: seeded teaching dataset; not observed market data,2026-09-01T00:00:00+00:00
2026-04-13,US_ETF,90.61866353415017,90.61866353415017,SYNTHETIC: seeded teaching dataset; not observed market data,2026-09-01T00:00:00+00:00
2026-04-14,US_ETF,90.72340567804143,90.72340567804143,SYNTHETIC: seeded teaching dataset; not observed market data,2026-09-01T00:00:00+00:00
2026-04-15,US_ETF,91.20888207718072,91.20888207718072,SYNTHETIC: seeded teaching dataset; not observed market data,2026-09-01T00:00:00+00:00
2026-04-16,US_ETF,91.38264930196041,91.38264930196041,SYNTHETIC: seeded teaching dataset; not observed market data,2026-09-01T00:00:00+00:00
2026-04-17,US_ETF,91.1665251414027,91.1665251414027,SYNTHETIC: seeded teaching dataset; not observed market data,2026-09-01T00:00:00+00:00
2026-04-20,US_ETF,91.38090169591067,91.38090169591067,SYNTHETIC: seeded teaching dataset; not observed market data,2026-09-01T00:00:00+00:00
2026-04-21,US_ETF,91.30040061011843,91.30040061011843,SYNTHETIC: seeded teaching dataset; not observed market data,2026-09-01T00:00:00+00:00
2026-04-22,US_ETF,91.13374027558692,91.13374027558692,SYNTHETIC: seeded teaching dataset; not observed market data,2026-09-01T00:00:00+00:00
2026-04-23,US_ETF,91.13958511657025,91.13958511657025,SYNTHETIC: seeded teaching dataset; not observed market data,2026-09-01T00:00:00+00:00
2026-04-24,US_ETF,91.29082548962522,91.29082548962522,SYNTHETIC: seeded teaching dataset; not observed market data,2026-09-01T00:00:00+00:00
2026-04-27,US_ETF,91.25886169573836,91.25886169573836,SYNTHETIC: seeded teaching dataset; not observed market data,2026-09-01T00:00:00+00:00
2026-04-28,US_ETF,91.48363693978229,91.48363693978229,SYNTHETIC: seeded teaching dataset; not observed market data,2026-09-01T00:00:00+00:00
2026-04-29,US_ETF,91.41211559898439,91.41211559898439,SYNTHETIC: seeded teaching dataset; not observed market data,2026-09-01T00:00:00+00:00
2026-04-30,US_ETF,91.21448739031054,91.21448739031054,SYNTHETIC: seeded teaching dataset; not observed market data,2026-09-01T00:00:00+00:00
2026-05-01,US_ETF,90.5289609139846,90.5289609139846,SYNTHETIC: seeded teaching dataset; not observed market data,2026-09-01T00:00:00+00:00
2026-05-04,US_ETF,90.47338165896078,90.47338165896078,SYNTHETIC: seeded teaching dataset; not observed market data,2026-09-01T00:00:00+00:00
2026-05-05,US_ETF,90.65046319247688,90.65046319247688,SYNTHETIC: seeded teaching dataset; not observed market data,2026-09-01T00:00:00+00:00
2026-05-06,US_ETF,90.5398872913305,90.5398872913305,SYNTHETIC: seeded teaching dataset; not observed market data,2026-09-01T00:00:00+00:00
2026-05-07,US_ETF,90.32993163777327,90.32993163777327,SYNTHETIC: seeded teaching dataset; not observed market data,2026-09-01T00:00:00+00:00
2026-05-08,US_ETF,90.07198875297095,90.07198875297095,SYNTHETIC: seeded teaching dataset; not observed market data,2026-09-01T00:00:00+00:00
2026-05-11,US_ETF,90.4535177393881,90.4535177393881,SYNTHETIC: seeded teaching dataset; not observed market data,2026-09-01T00:00:00+00:00
2026-05-12,US_ETF,89.5715873044345,89.5715873044345,SYNTHETIC: seeded teaching dataset; not observed market data,2026-09-01T00:00:00+00:00
2026-05-13,US_ETF,89.4492483969786,89.4492483969786,SYNTHETIC: seeded teaching dataset; not observed market data,2026-09-01T00:00:00+00:00
2026-05-14,US_ETF,89.19440108976077,89.19440108976077,SYNTHETIC: seeded teaching dataset; not observed market data,2026-09-01T00:00:00+00:00
2026-05-15,US_ETF,89.25288133945834,89.25288133945834,SYNTHETIC: seeded teaching dataset; not observed market data,2026-09-01T00:00:00+00:00
2026-05-18,US_ETF,89.25027555917221,89.25027555917221,SYNTHETIC: seeded teaching dataset; not observed market data,2026-09-01T00:00:00+00:00
2026-05-19,US_ETF,89.47224876123653,89.47224876123653,SYNTHETIC: seeded teaching dataset; not observed market data,2026-09-01T00:00:00+00:00
2026-05-20,US_ETF,90.12080349922964,90.12080349922964,SYNTHETIC: seeded teaching dataset; not observed market data,2026-09-01T00:00:00+00:00
2026-05-21,US_ETF,90.14168223147705,90.14168223147705,SYNTHETIC: seeded teaching dataset; not observed market data,2026-09-01T00:00:00+00:00
2026-05-22,US_ETF,89.92583050961802,89.92583050961802,SYNTHETIC: seeded teaching dataset; not observed market data,2026-09-01T00:00:00+00:00
2026-05-25,US_ETF,90.25012378134376,90.25012378134376,SYNTHETIC: seeded teaching dataset; not observed market data,2026-09-01T00:00:00+00:00
2026-05-26,US_ETF,90.38398604706046,90.38398604706046,SYNTHETIC: seeded teaching dataset; not observed market data,2026-09-01T00:00:00+00:00
2026-05-27,US_ETF,90.60436319948724,90.60436319948724,SYNTHETIC: seeded teaching dataset; not observed market data,2026-09-01T00:00:00+00:00
2026-05-28,US_ETF,91.14228226288944,91.14228226288944,SYNTHETIC: seeded teaching dataset; not observed market data,2026-09-01T00:00:00+00:00
2026-05-29,US_ETF,90.9126638576883,90.9126638576883,SYNTHETIC: seeded teaching dataset; not observed market data,2026-09-01T00:00:00+00:00
2026-06-01,US_ETF,90.589756500019,90.589756500019,SYNTHETIC: seeded teaching dataset; not observed market data,2026-09-01T00:00:00+00:00
2026-06-02,US_ETF,90.8552842097617,90.8552842097617,SYNTHETIC: seeded teaching dataset; not observed market data,2026-09-01T00:00:00+00:00
2026-06-03,US_ETF,90.65712755698713,90.65712755698713,SYNTHETIC: seeded teaching dataset; not observed market data,2026-09-01T00:00:00+00:00
2026-06-04,US_ETF,90.67374413292052,90.67374413292052,SYNTHETIC: seeded teaching dataset; not observed market data,2026-09-01T00:00:00+00:00
2026-06-05,US_ETF,90.50316880224999,90.50316880224999,SYNTHETIC: seeded teaching dataset; not observed market data,2026-09-01T00:00:00+00:00
2026-06-08,US_ETF,90.9549096225084,90.9549096225084,SYNTHETIC: seeded teaching dataset; not observed market data,2026-09-01T00:00:00+00:00
2026-06-09,US_ETF,90.48426723081559,90.48426723081559,SYNTHETIC: seeded teaching dataset; not observed market data,2026-09-01T00:00:00+00:00
2026-06-10,US_ETF,91.06348303724161,91.06348303724161,SYNTHETIC: seeded teaching dataset; not observed market data,2026-09-01T00:00:00+00:00
2026-06-11,US_ETF,90.82684588126034,90.82684588126034,SYNTHETIC: seeded teaching dataset; not observed market data,2026-09-01T00:00:00+00:00
2026-06-12,US_ETF,90.81721461662151,90.81721461662151,SYNTHETIC: seeded teaching dataset; not observed market data,2026-09-01T00:00:00+00:00
2026-06-15,US_ETF,90.9324379774895,90.9324379774895,SYNTHETIC: seeded teaching dataset; not observed market data,2026-09-01T00:00:00+00:00
2026-06-16,US_ETF,91.51398426035148,91.51398426035148,SYNTHETIC: seeded teaching dataset; not observed market data,2026-09-01T00:00:00+00:00
2026-06-17,US_ETF,91.45873478529911,91.45873478529911,SYNTHETIC: seeded teaching dataset; not observed market data,2026-09-01T00:00:00+00:00
2026-06-18,US_ETF,92.25559279750506,92.25559279750506,SYNTHETIC: seeded teaching dataset; not observed market data,2026-09-01T00:00:00+00:00
2026-06-19,US_ETF,92.16138760298105,92.16138760298105,SYNTHETIC: seeded teaching dataset; not observed market data,2026-09-01T00:00:00+00:00
2026-06-22,US_ETF,91.70342716062646,91.70342716062646,SYNTHETIC: seeded teaching dataset; not observed market data,2026-09-01T00:00:00+00:00
2026-06-23,US_ETF,91.26476114020444,91.26476114020444,SYNTHETIC: seeded teaching dataset; not observed market data,2026-09-01T00:00:00+00:00
2026-06-24,US_ETF,92.01211870391455,92.01211870391455,SYNTHETIC: seeded teaching dataset; not observed market data,2026-09-01T00:00:00+00:00
2026-06-25,US_ETF,91.67026058968757,91.67026058968757,SYNTHETIC: seeded teaching dataset; not observed market data,2026-09-01T00:00:00+00:00
2026-06-26,US_ETF,91.38050692841142,91.38050692841142,SYNTHETIC: seeded teaching dataset; not observed market data,2026-09-01T00:00:00+00:00
2026-06-29,US_ETF,90.96290906513,90.96290906513,SYNTHETIC: seeded teaching dataset; not observed market data,2026-09-01T00:00:00+00:00
2026-06-30,US_ETF,92.44722416138082,92.44722416138082,SYNTHETIC: seeded teaching dataset; not observed market data,2026-09-01T00:00:00+00:00
2026-07-01,US_ETF,92.15730341398609,92.15730341398609,SYNTHETIC: seeded teaching dataset; not observed market data,2026-09-01T00:00:00+00:00
2026-07-02,US_ETF,92.2775769400741,92.2775769400741,SYNTHETIC: seeded teaching dataset; not observed market data,2026-09-01T00:00:00+00:00
2026-07-03,US_ETF,92.66943506564999,92.66943506564999,SYNTHETIC: seeded teaching dataset; not observed market data,2026-09-01T00:00:00+00:00
2026-07-06,US_ETF,92.4924765968093,92.4924765968093,SYNTHETIC: seeded teaching dataset; not observed market data,2026-09-01T00:00:00+00:00
2026-07-07,US_ETF,93.04190409363291,93.04190409363291,SYNTHETIC: seeded teaching dataset; not observed market data,2026-09-01T00:00:00+00:00
2026-07-08,US_ETF,93.07486062481159,93.07486062481159,SYNTHETIC: seeded teaching dataset; not observed market data,2026-09-01T00:00:00+00:00
2026-07-09,US_ETF,93.25460976274935,93.25460976274935,SYNTHETIC: seeded teaching dataset; not observed market data,2026-09-01T00:00:00+00:00
2026-07-10,US_ETF,92.79761041611233,92.79761041611233,SYNTHETIC: seeded teaching dataset; not observed market data,2026-09-01T00:00:00+00:00
2026-07-13,US_ETF,93.16118056305135,93.16118056305135,SYNTHETIC: seeded teaching dataset; not observed market data,2026-09-01T00:00:00+00:00
2026-07-14,US_ETF,93.52543747842591,93.52543747842591,SYNTHETIC: seeded teaching dataset; not observed market data,2026-09-01T00:00:00+00:00
2026-07-15,US_ETF,93.29779204647949,93.29779204647949,SYNTHETIC: seeded teaching dataset; not observed market data,2026-09-01T00:00:00+00:00
2026-07-16,US_ETF,93.88626939882364,93.88626939882364,SYNTHETIC: seeded teaching dataset; not observed market data,2026-09-01T00:00:00+00:00
2026-07-17,US_ETF,94.10405846971864,94.10405846971864,SYNTHETIC: seeded teaching dataset; not observed market data,2026-09-01T00:00:00+00:00
2026-07-20,US_ETF,94.09157525389682,94.09157525389682,SYNTHETIC: seeded teaching dataset; not observed market data,2026-09-01T00:00:00+00:00
2026-07-21,US_ETF,94.13393257695755,94.13393257695755,SYNTHETIC: seeded teaching dataset; not observed market data,2026-09-01T00:00:00+00:00
2026-07-22,US_ETF,93.59817209853898,93.59817209853898,SYNTHETIC: seeded teaching dataset; not observed market data,2026-09-01T00:00:00+00:00
2026-07-23,US_ETF,93.24397437503059,93.24397437503059,SYNTHETIC: seeded teaching dataset; not observed market data,2026-09-01T00:00:00+00:00
2026-07-24,US_ETF,93.16467533117589,93.16467533117589,SYNTHETIC: seeded teaching dataset; not observed market data,2026-09-01T00:00:00+00:00
2026-07-27,US_ETF,92.97005205269545,92.97005205269545,SYNTHETIC: seeded teaching dataset; not observed market data,2026-09-01T00:00:00+00:00
2026-07-28,US_ETF,92.79321129727552,92.79321129727552,SYNTHETIC: seeded teaching dataset; not observed market data,2026-09-01T00:00:00+00:00
2026-07-29,US_ETF,93.03668243673899,93.03668243673899,SYNTHETIC: seeded teaching dataset; not observed market data,2026-09-01T00:00:00+00:00
2026-07-30,US_ETF,93.79592558087502,93.79592558087502,SYNTHETIC: seeded teaching dataset; not observed market data,2026-09-01T00:00:00+00:00
2026-07-31,US_ETF,93.22497127704409,93.22497127704409,SYNTHETIC: seeded teaching dataset; not observed market data,2026-09-01T00:00:00+00:00
2026-08-03,US_ETF,93.29508244577701,93.29508244577701,SYNTHETIC: seeded teaching dataset; not observed market data,2026-09-01T00:00:00+00:00
2026-08-04,US_ETF,93.6550416836835,93.6550416836835,SYNTHETIC: seeded teaching dataset; not observed market data,2026-09-01T00:00:00+00:00
2026-08-05,US_ETF,93.68040325687225,93.68040325687225,SYNTHETIC: seeded teaching dataset; not observed market data,2026-09-01T00:00:00+00:00
2026-08-06,US_ETF,93.24414653657146,93.24414653657146,SYNTHETIC: seeded teaching dataset; not observed market data,2026-09-01T00:00:00+00:00
2026-08-07,US_ETF,93.0743940749018,93.0743940749018,SYNTHETIC: seeded teaching dataset; not observed market data,2026-09-01T00:00:00+00:00
2026-08-10,US_ETF,93.68965266719846,93.68965266719846,SYNTHETIC: seeded teaching dataset; not observed market data,2026-09-01T00:00:00+00:00
2026-08-11,US_ETF,93.73188077683804,93.73188077683804,SYNTHETIC: seeded teaching dataset; not observed market data,2026-09-01T00:00:00+00:00
2026-08-12,US_ETF,93.09824119646174,93.09824119646174,SYNTHETIC: seeded teaching dataset; not observed market data,2026-09-01T00:00:00+00:00
2026-08-13,US_ETF,93.1109236961678,93.1109236961678,SYNTHETIC: seeded teaching dataset; not observed market data,2026-09-01T00:00:00+00:00
2026-08-14,US_ETF,93.35985489807506,93.35985489807506,SYNTHETIC: seeded teaching dataset; not observed market data,2026-09-01T00:00:00+00:00
2026-08-17,US_ETF,93.25239202222531,93.25239202222531,SYNTHETIC: seeded teaching dataset; not observed market data,2026-09-01T00:00:00+00:00
2026-08-18,US_ETF,93.66415169095607,93.66415169095607,SYNTHETIC: seeded teaching dataset; not observed market data,2026-09-01T00:00:00+00:00
2026-08-19,US_ETF,93.8623689020068,93.8623689020068,SYNTHETIC: seeded teaching dataset; not observed market data,2026-09-01T00:00:00+00:00
2026-08-20,US_ETF,94.34950965373069,94.34950965373069,SYNTHETIC: seeded teaching dataset; not observed market data,2026-09-01T00:00:00+00:00
2026-08-21,US_ETF,94.42462439100447,94.42462439100447,SYNTHETIC: seeded teaching dataset; not observed market data,2026-09-01T00:00:00+00:00
2026-08-24,US_ETF,94.82106716466846,94.82106716466846,SYNTHETIC: seeded teaching dataset; not observed market data,2026-09-01T00:00:00+00:00
2026-08-25,US_ETF,94.75091049681672,94.75091049681672,SYNTHETIC: seeded teaching dataset; not observed market data,2026-09-01T00:00:00+00:00
2026-08-26,US_ETF,94.87460022466624,94.87460022466624,SYNTHETIC: seeded teaching dataset; not observed market data,2026-09-01T00:00:00+00:00
2026-08-27,US_ETF,94.71292561891549,94.71292561891549,SYNTHETIC: seeded teaching dataset; not observed market data,2026-09-01T00:00:00+00:00
2026-08-28,US_ETF,94.45279793251358,94.45279793251358,SYNTHETIC: seeded teaching dataset; not observed market data,2026-09-01T00:00:00+00:00
2026-08-31,US_ETF,95.0,95.0,SYNTHETIC: seeded teaching dataset; not observed market data,2026-09-01T00:00:00+00:00
