date,curve_name,tenor,rate,source,retrieval_timestamp
2025-01-02,CAD,1,0.005394384055542937,SYNTHETIC: seeded teaching dataset; not observed market data,2026-09-01T00:00:00+00:00
2025-01-02,CAD,2,0.017536690491919617,SYNTHETIC: seeded teaching dataset; not observed market data,2026-09-01T00:00:00+00:00
2025-01-02,CAD,5,0.011634918986295113,SYNTHETIC: seeded teaching dataset; not observed market data,2026-09-01T00:00:00+00:00
2025-01-02,CAD,10,0.01968102471200396,SYNTHETIC: seeded teaching dataset; not observed market data,2026-09-01T00:00:00+00:00
2025-01-02,CAD,30,0.04620060478527024,SYNTHETIC: seeded teaching dataset; not observed market data,2026-09-01T00:00:00+00:00
2025-01-02,USD,1,0.01954853855115953,SYNTHETIC: seeded teaching dataset; not observed market data,2026-09-01T00:00:00+00:00
2025-01-02,USD,2,0.02660480381827709,SYNTHETIC: seeded teaching dataset; not observed market data,2026-09-01T00:00:00+00:00
2025-01-02,USD,5,0.03402595098997815,SYNTHETIC: seeded teaching dataset; not observed market data,2026-09-01T00:00:00+00:00
2025-01-02,USD,10,0.023127128097750287,SYNTHETIC: seeded teaching dataset; not observed market data,2026-09-01T00:00:00+00:00
2025-01-02,USD,30,0.03618895373482638,SYNTHETIC: seeded teaching dataset; not observed market data,2026-09-01T00:00:00+00:00
2025-01-03,CAD,1,0.005456881875656072,SYNTHETIC: seeded teaching dataset; not observed market data,2026-09-01T00:00:00+00:00
2025-01-03,CAD,2,0.017749211955278912,SYNTHETIC: seeded teaching dataset; not observed market data,2026-09-01T00:00:00+00:00
2025-01-03,CAD,5,0.011718779781874512,SYNTHETIC: seeded teaching dataset; not observed market data,2026-09-01T00:00:00+00:00
2025-01-03,CAD,10,0.02015719651965086,SYNTHETIC: seeded teaching dataset; not observed market data,2026-09-01T00:00:00+00:00
2025-01-03,CAD,30,0.045961754325877534,SYNTHETIC: seeded teaching dataset; not observed market data,2026-09-01T00:00:00+00:00
2025-01-03,USD,1,0.020299332787210557,SYNTHETIC: seeded teaching dataset; not observed market data,2026-09-01T00:00:00+00:00
2025-01-03,USD,2,0.02635582734517146,SYNTHETIC: seeded teaching dataset; not observed market data,2026-09-01T00:00:00+00:00
2025-01-03,USD,5,0.033865344632456204,SYNTHETIC: seeded teaching dataset; not observed market data,2026-09-01T00:00:00+00:00
2025-01-03,USD,10,0.022961726719366308,SYNTHETIC: seeded teaching dataset; not observed market data,2026-09-01T00:00:00+00:00
2025-01-03,USD,30,0.036435643865053484,SYNTHETIC: seeded teaching dataset; not observed market data,2026-09-01T00:00:00+00:00
2025-01-06,CAD,1,0.005053597403595577,SYNTHETIC: seeded teaching dataset; not observed market data,2026-09-01T00:00:00+00:00
2025-01-06,CAD,2,0.017346482452469343,SYNTHETIC: seeded teaching dataset; not observed market data,2026-09-01T00:00:00+00:00
2025-01-06,CAD,5,0.011305606632076005,SYNTHETIC: seeded teaching dataset; not observed market data,2026-09-01T00:00:00+00:00
2025-01-06,CAD,10,0.02040364097670365,SYNTHETIC: seeded teaching dataset; not observed market data,2026-09-01T00:00:00+00:00
2025-01-06,CAD,30,0.04561813316843791,SYNTHETIC: seeded teaching dataset; not observed market data,2026-09-01T00:00:00+00:00
2025-01-06,USD,1,0.02041518909428975,SYNTHETIC: seeded teaching dataset; not observed market data,2026-09-01T00:00:00+00:00
2025-01-06,USD,2,0.026102480227103087,SYNTHETIC: seeded teaching dataset; not observed market data,2026-09-01T00:00:00+00:00
2025-01-06,USD,5,0.03371352915583552,SYNTHETIC: seeded teaching dataset; not observed market data,2026-09-01T00:00:00+00:00
2025-01-06,USD,10,0.022735445059306813,SYNTHETIC: seeded teaching dataset; not observed market data,2026-09-01T00:00:00+00:00
2025-01-06,USD,30,0.03606898955138892,SYNTHETIC: seeded teaching dataset; not observed market data,2026-09-01T00:00:00+00:00
2025-01-07,CAD,1,0.005321665756299637,SYNTHETIC: seeded teaching dataset; not observed market data,2026-09-01T00:00:00+00:00
2025-01-07,CAD,2,0.01734937298526512,SYNTHETIC: seeded teaching dataset; not observed market data,2026-09-01T00:00:00+00:00
2025-01-07,CAD,5,0.012075591383781958,SYNTHETIC: seeded teaching dataset; not observed market data,2026-09-01T00:00:00+00:00
2025-01-07,CAD,10,0.02076784195408924,SYNTHETIC: seeded teaching dataset; not observed market data,2026-09-01T00:00:00+00:00
2025-01-07,CAD,30,0.045445947019429465,SYNTHETIC: seeded teaching dataset; not observed market data,2026-09-01T00:00:00+00:00
2025-01-07,USD,1,0.020566632783876652,SYNTHETIC: seeded teaching dataset; not observed market data,2026-09-01T00:00:00+00:00
2025-01-07,USD,2,0.02674975898803508,SYNTHETIC: seeded teaching dataset; not observed market data,2026-09-01T00:00:00+00:00
2025-01-07,USD,5,0.03389945756182108,SYNTHETIC: seeded teaching dataset; not observed market data,2026-09-01T00:00:00+00:00
2025-01-07,USD,10,0.022910612826680363,SYNTHETIC: seeded teaching dataset; not observed market data,2026-09-01T00:00:00+00:00
2025-01-07,USD,30,0.03658361647662424,SYNTHETIC: seeded teaching dataset; not observed market data,2026-09-01T00:00:00+00:00
2025-01-08,CAD,1,0.005512064641798747,SYNTHETIC: seeded teaching dataset; not observed market data,2026-09-01T00:00:00+00:00
2025-01-08,CAD,2,0.017901024110527665,SYNTHETIC: seeded teaching dataset; not observed market data,2026-09-01T00:00:00+00:00
2025-01-08,CAD,5,0.012904106951342458,SYNTHETIC: seeded teaching dataset; not observed market data,2026-09-01T00:00:00+00:00
2025-01-08,CAD,10,0.02132047947934946,SYNTHETIC: seeded teaching dataset; not observed market data,2026-09-01T00:00:00+00:00
2025-01-08,CAD,30,0.045809304676907275,SYNTHETIC: seeded teaching dataset; not observed market data,2026-09-01T00:00:00+00:00
2025-01-08,USD,1,0.02145481975503619,SYNTHETIC: seeded teaching dataset; not observed market data,2026-09-01T00:00:00+00:00
2025-01-08,USD,2,0.026397373548110947,SYNTHETIC: seeded teaching dataset; not observed market data,2026-09-01T00:00:00+00:00
2025-01-08,USD,5,0.03354942275046824,SYNTHETIC: seeded teaching dataset; not observed market data,2026-09-01T00:00:00+00:00
2025-01-08,USD,10,0.022653796048737986,SYNTHETIC: seeded teaching dataset; not observed market data,2026-09-01T00:00:00+00:00
2025-01-08,USD,30,0.03688585738149568,SYNTHETIC: seeded teaching dataset; not observed market data,2026-09-01T00:00:00+00:00
2025-01-09,CAD,1,0.005749002592680116,SYNTHETIC: seeded teaching dataset; not observed market data,2026-09-01T00:00:00+00:00
2025-01-09,CAD,2,0.017466010937250177,SYNTHETIC: seeded teaching dataset; not observed market data,2026-09-01T00:00:00+00:00
2025-01-09,CAD,5,0.013609872164365041,SYNTHETIC: seeded teaching dataset; not observed market data,2026-09-01T00:00:00+00:00
2025-01-09,CAD,10,0.021369183465049325,SYNTHETIC: seeded teaching dataset; not observed market data,2026-09-01T00:00:00+00:00
2025-01-09,CAD,30,0.04532741102875062,SYNTHETIC: seeded teaching dataset; not observed market data,2026-09-01T00:00:00+00:00
2025-01-09,USD,1,0.020756466702154638,SYNTHETIC: seeded teaching dataset; not observed market data,2026-09-01T00:00:00+00:00
2025-01-09,USD,2,0.02625783229553148,SYNTHETIC: seeded teaching dataset; not observed market data,2026-09-01T00:00:00+00:00
2025-01-09,USD,5,0.033083211954069866,SYNTHETIC: seeded teaching dataset; not observed market data,2026-09-01T00:00:00+00:00
2025-01-09,USD,10,0.022526720393556274,SYNTHETIC: seeded teaching dataset; not observed market data,2026-09-01T00:00:00+00:00
2025-01-09,USD,30,0.03695569394085019,SYNTHETIC: seeded teaching dataset; not observed market data,2026-09-01T00:00:00+00:00
2025-01-10,CAD,1,0.0062720728910635425,SYNTHETIC: seeded teaching dataset; not observed market data,2026-09-01T00:00:00+00:00
2025-01-10,CAD,2,0.018220207484163392,SYNTHETIC: seeded teaching dataset; not observed market data,2026-09-01T00:00:00+00:00
2025-01-10,CAD,5,0.01404020499094712,SYNTHETIC: seeded teaching dataset; not observed market data,2026-09-01T00:00:00+00:00
2025-01-10,CAD,10,0.021852472774936682,SYNTHETIC: seeded teaching dataset; not observed market data,2026-09-01T00:00:00+00:00
2025-01-10,CAD,30,0.04561062762829934,SYNTHETIC: seeded teaching dataset; not observed market data,2026-09-01T00:00:00+00:00
2025-01-10,USD,1,0.02054593698884335,SYNTHETIC: seeded teaching dataset; not observed market data,2026-09-01T00:00:00+00:00
2025-01-10,USD,2,0.027082046794286576,SYNTHETIC: seeded teaching dataset; not observed market data,2026-09-01T00:00:00+00:00
2025-01-10,USD,5,0.033040560878544276,SYNTHETIC: seeded teaching dataset; not observed market data,2026-09-01T00:00:00+00:00
2025-01-10,USD,10,0.02247202616001952,SYNTHETIC: seeded teaching dataset; not observed market data,2026-09-01T00:00:00+00:00
2025-01-10,USD,30,0.037459092648021206,SYNTHETIC: seeded teaching dataset; not observed market data,2026-09-01T00:00:00+00:00
2025-01-13,CAD,1,0.005504218148928864,SYNTHETIC: seeded teaching dataset; not observed market data,2026-09-01T00:00:00+00:00
2025-01-13,CAD,2,0.018380163085461587,SYNTHETIC: seeded teaching dataset; not observed market data,2026-09-01T00:00:00+00:00
2025-01-13,CAD,5,0.01376269849152419,SYNTHETIC: seeded teaching dataset; not observed market data,2026-09-01T00:00:00+00:00
2025-01-13,CAD,10,0.021959529891363294,SYNTHETIC: seeded teaching dataset; not observed market data,2026-09-01T00:00:00+00:00
2025-01-13,CAD,30,0.04520195653143144,SYNTHETIC: seeded teaching dataset; not observed market data,2026-09-01T00:00:00+00:00
2025-01-13,USD,1,0.019988551728191063,SYNTHETIC: seeded teaching dataset; not observed market data,2026-09-01T00:00:00+00:00
2025-01-13,USD,2,0.026657522382177445,SYNTHETIC: seeded teaching dataset; not observed market data,2026-09-01T00:00:00+00:00
2025-01-13,USD,5,0.032176261456176004,SYNTHETIC: seeded teaching dataset; not observed market data,2026-09-01T00:00:00+00:00
2025-01-13,USD,10,0.022047171217469918,SYNTHETIC: seeded teaching dataset; not observed market data,2026-09-01T00:00:00+00:00
2025-01-13,USD,30,0.03719296136164006,SYNTHETIC: seeded teaching dataset; not observed market data,2026-09-01T00:00:00+00:00
2025-01-14,CAD,1,0.0042914216497799175,SYNTHETIC: seeded teaching dataset; not observed market data,2026-09-01T00:00:00+00:00
2025-01-14,CAD,2,0.017939907628748995,SYNTHETIC: seeded teaching dataset; not observed market data,2026-09-01T00:00:00+00:00
2025-01-14,CAD,5,0.012930967663919293,SYNTHETIC: seeded teaching dataset; not observed market data,2026-09-01T00:00:00+00:00
2025-01-14,CAD,10,0.021103083773186038,SYNTHETIC: seeded teaching dataset; not observed market data,2026-09-01T00:00:00+00:00
2025-01-14,CAD,30,0.04406623702682584,SYNTHETIC: seeded teaching dataset; not observed market data,2026-09-01T00:00:00+00:00
2025-01-14,USD,1,0.01861124680801935,SYNTHETIC: seeded teaching dataset; not observed market data,2026-09-01T00:00:00+00:00
2025-01-14,USD,2,0.02532516795509112,SYNTHETIC: seeded teaching dataset; not observed market data,2026-09-01T00:00:00+00:00
2025-01-14,USD,5,0.031237145788795655,SYNTHETIC: seeded teaching dataset; not observed market data,2026-09-01T00:00:00+00:00
2025-01-14,USD,10,0.02092502199375889,SYNTHETIC: seeded teaching dataset; not observed market data,2026-09-01T00:00:00+00:00
2025-01-14,USD,30,0.036523420654293225,SYNTHETIC: seeded teaching dataset; not observed market data,2026-09-01T00:00:00+00:00
2025-01-15,CAD,1,0.0039236114644534345,SYNTHETIC: seeded teaching dataset; not observed market data,2026-09-01T00:00:00+00:00
2025-01-15,CAD,2,0.016802050338938668,SYNTHETIC: seeded teaching dataset; not observed market data,2026-09-01T00:00:00+00:00
2025-01-15,CAD,5,0.01197233652952626,SYNTHETIC: seeded teaching dataset; not observed market data,2026-09-01T00:00:00+00:00
2025-01-15,CAD,10,0.020233439603403673,SYNTHETIC: seeded teaching dataset; not observed market data,2026-09-01T00:00:00+00:00
2025-01-15,CAD,30,0.04282971612651094,SYNTHETIC: seeded teaching dataset; not observed market data,2026-09-01T00:00:00+00:00
2025-01-15,USD,1,0.01767223894960982,SYNTHETIC: seeded teaching dataset; not observed market data,2026-09-01T00:00:00+00:00
2025-01-15,USD,2,0.024546788118193802,SYNTHETIC: seeded teaching dataset; not observed market data,2026-09-01T00:00:00+00:00
2025-01-15,USD,5,0.030074463103260285,SYNTHETIC: seeded teaching dataset; not observed market data,2026-09-01T00:00:00+00:00
2025-01-15,USD,10,0.01990948766378207,SYNTHETIC: seeded teaching dataset; not observed market data,2026-09-01T00:00:00+00:00
2025-01-15,USD,30,0.036151638416803654,SYNTHETIC: seeded teaching dataset; not observed market data,2026-09-01T00:00:00+00:00
2025-01-16,CAD,1,0.004529014723305545,SYNTHETIC: seeded teaching dataset; not observed market data,2026-09-01T00:00:00+00:00
2025-01-16,CAD,2,0.01771988566575114,SYNTHETIC: seeded teaching dataset; not observed market data,2026-09-01T00:00:00+00:00
2025-01-16,CAD,5,0.012321130659010308,SYNTHETIC: seeded teaching dataset; not observed market data,2026-09-01T00:00:00+00:00
2025-01-16,CAD,10,0.021067404475947578,SYNTHETIC: seeded teaching dataset; not observed market data,2026-09-01T00:00:00+00:00
2025-01-16,CAD,30,0.04351165409336007,SYNTHETIC: seeded teaching dataset; not observed market data,2026-09-01T00:00:00+00:00
2025-01-16,USD,1,0.018663757038935084,SYNTHETIC: seeded teaching dataset; not observed market data,2026-09-01T00:00:00+00:00
2025-01-16,USD,2,0.025139058722304847,SYNTHETIC: seeded teaching dataset; not observed market data,2026-09-01T00:00:00+00:00
2025-01-16,USD,5,0.03076748547233593,SYNTHETIC: seeded teaching dataset; not observed market data,2026-09-01T00:00:00+00:00
2025-01-16,USD,10,0.020843189168642876,SYNTHETIC: seeded teaching dataset; not observed market data,2026-09-01T00:00:00+00:00
2025-01-16,USD,30,0.03632536900523297,SYNTHETIC: seeded teaching dataset; not observed market data,2026-09-01T00:00:00+00:00
2025-01-17,CAD,1,0.004492831252711448,SYNTHETIC: seeded teaching dataset; not observed market data,2026-09-01T00:00:00+00:00
2025-01-17,CAD,2,0.01815666353526088,SYNTHETIC: seeded teaching dataset; not observed market data,2026-09-01T00:00:00+00:00
2025-01-17,CAD,5,0.012512371507226502,SYNTHETIC: seeded teaching dataset; not observed market data,2026-09-01T00:00:00+00:00
2025-01-17,CAD,10,0.02086295964711106,SYNTHETIC: seeded teaching dataset; not observed market data,2026-09-01T00:00:00+00:00
2025-01-17,CAD,30,0.04416584502862766,SYNTHETIC: seeded teaching dataset; not observed market data,2026-09-01T00:00:00+00:00
2025-01-17,USD,1,0.018974571494519556,SYNTHETIC: seeded teaching dataset; not observed market data,2026-09-01T00:00:00+00:00
2025-01-17,USD,2,0.024935522629277652,SYNTHETIC: seeded teaching dataset; not observed market data,2026-09-01T00:00:00+00:00
2025-01-17,USD,5,0.030822111303411795,SYNTHETIC: seeded teaching dataset; not observed market data,2026-09-01T00:00:00+00:00
2025-01-17,USD,10,0.02122156884834288,SYNTHETIC: seeded teaching dataset; not observed market data,2026-09-01T00:00:00+00:00
2025-01-17,USD,30,0.03706537236701585,SYNTHETIC: seeded teaching dataset; not observed market data,2026-09-01T00:00:00+00:00
2025-01-20,CAD,1,0.004478974932974559,SYNTHETIC: seeded teaching dataset; not observed market data,2026-09-01T00:00:00+00:00
2025-01-20,CAD,2,0.018038187313733613,SYNTHETIC: seeded teaching dataset; not observed market data,2026-09-01T00:00:00+00:00
2025-01-20,CAD,5,0.01227898306580558,SYNTHETIC: seeded teaching dataset; not observed market data,2026-09-01T00:00:00+00:00
2025-01-20,CAD,10,0.020641321744667263,SYNTHETIC: seeded teaching dataset; not observed market data,2026-09-01T00:00:00+00:00
2025-01-20,CAD,30,0.04329436753204726,SYNTHETIC: seeded teaching dataset; not observed market data,2026-09-01T00:00:00+00:00
2025-01-20,USD,1,0.01821139873106884,SYNTHETIC: seeded teaching dataset; not observed market data,2026-09-01T00:00:00+00:00
2025-01-20,USD,2,0.024612272338364664,SYNTHETIC: seeded teaching dataset; not observed market data,2026-09-01T00:00:00+00:00
2025-01-20,USD,5,0.0309126487584208,SYNTHETIC: seeded teaching dataset; not observed market data,2026-09-01T00:00:00+00:00
2025-01-20,USD,10,0.02116503192821141,SYNTHETIC: seeded teaching dataset; not observed market data,2026-09-01T00:00:00+00:00
2025-01-20,USD,30,0.036631063152250114,SYNTHETIC: seeded teaching dataset; not observed market data,2026-09-01T00:00:00+00:00
2025-01-21,CAD,1,0.003928411917286306,SYNTHETIC: seeded teaching dataset; not observed market data,2026-09-01T00:00:00+00:00
2025-01-21,CAD,2,0.016964973758276207,SYNTHETIC: seeded teaching dataset; not observed market data,2026-09-01T00:00:00+00:00
2025-01-21,CAD,5,0.011056515001877647,SYNTHETIC: seeded teaching dataset; not observed market data,2026-09-01T00:00:00+00:00
2025-01-21,CAD,10,0.020177686927123212,SYNTHETIC: seeded teaching dataset; not observed market data,2026-09-01T00:00:00+00:00
2025-01-21,CAD,30,0.04239163301957304,SYNTHETIC: seeded teaching dataset; not observed market data,2026-09-01T00:00:00+00:00
2025-01-21,USD,1,0.016786187048583458,SYNTHETIC: seeded teaching dataset; not observed market data,2026-09-01T00:00:00+00:00
2025-01-21,USD,2,0.02324892054233563,SYNTHETIC: seeded teaching dataset; not observed market data,2026-09-01T00:00:00+00:00
2025-01-21,USD,5,0.02965584478884123,SYNTHETIC: seeded teaching dataset; not observed market data,2026-09-01T00:00:00+00:00
2025-01-21,USD,10,0.02098340469413316,SYNTHETIC: seeded teaching dataset; not observed market data,2026-09-01T00:00:00+00:00
2025-01-21,USD,30,0.03565309895477391,SYNTHETIC: seeded teaching dataset; not observed market data,2026-09-01T00:00:00+00:00
2025-01-22,CAD,1,0.004326364509929938,SYNTHETIC: seeded teaching dataset; not observed market data,2026-09-01T00:00:00+00:00
2025-01-22,CAD,2,0.01751415448568496,SYNTHETIC: seeded teaching dataset; not observed market data,2026-09-01T00:00:00+00:00
2025-01-22,CAD,5,0.011428757096390452,SYNTHETIC: seeded teaching dataset; not observed market data,2026-09-01T00:00:00+00:00
2025-01-22,CAD,10,0.019806440132152756,SYNTHETIC: seeded teaching dataset; not observed market data,2026-09-01T00:00:00+00:00
2025-01-22,CAD,30,0.04227819690476131,SYNTHETIC: seeded teaching dataset; not observed market data,2026-09-01T00:00:00+00:00
2025-01-22,USD,1,0.017135458864467264,SYNTHETIC: seeded teaching dataset; not observed market data,2026-09-01T00:00:00+00:00
2025-01-22,USD,2,0.02264295946994933,SYNTHETIC: seeded teaching dataset; not observed market data,2026-09-01T00:00:00+00:00
2025-01-22,USD,5,0.03010026811093931,SYNTHETIC: seeded teaching dataset; not observed market data,2026-09-01T00:00:00+00:00
2025-01-22,USD,10,0.02135574220133731,SYNTHETIC: seeded teaching dataset; not observed market data,2026-09-01T00:00:00+00:00
2025-01-22,USD,30,0.035893826235402666,SYNTHETIC: seeded teaching dataset; not observed market data,2026-09-01T00:00:00+00:00
2025-01-23,CAD,1,0.0033712460997515417,SYNTHETIC: seeded teaching dataset; not observed market data,2026-09-01T00:00:00+00:00
2025-01-23,CAD,2,0.016655270966869223,SYNTHETIC: seeded teaching dataset; not observed market data,2026-09-01T00:00:00+00:00
2025-01-23,CAD,5,0.011011106245672666,SYNTHETIC: seeded teaching dataset; not observed market data,2026-09-01T00:00:00+00:00
2025-01-23,CAD,10,0.02011874750505724,SYNTHETIC: seeded teaching dataset; not observed market data,2026-09-01T00:00:00+00:00
2025-01-23,CAD,30,0.04181700881556838,SYNTHETIC: seeded teaching dataset; not observed market data,2026-09-01T00:00:00+00:00
2025-01-23,USD,1,0.016484785741198032,SYNTHETIC: seeded teaching dataset; not observed market data,2026-09-01T00:00:00+00:00
2025-01-23,USD,2,0.022326079540247266,SYNTHETIC: seeded teaching dataset; not observed market data,2026-09-01T00:00:00+00:00
2025-01-23,USD,5,0.0291212017125789,SYNTHETIC: seeded teaching dataset; not observed market data,2026-09-01T00:00:00+00:00
2025-01-23,USD,10,0.020618352069624948,SYNTHETIC: seeded teaching dataset; not observed market data,2026-09-01T00:00:00+00:00
2025-01-23,USD,30,0.035518649435064324,SYNTHETIC: seeded teaching dataset; not observed market data,2026-09-01T00:00:00+00:00
2025-01-24,CAD,1,0.0026369902211453855,SYNTHETIC: seeded teaching dataset; not observed market data,2026-09-01T00:00:00+00:00
2025-01-24,CAD,2,0.016340014943422035,SYNTHETIC: seeded teaching dataset; not observed market data,2026-09-01T00:00:00+00:00
2025-01-24,CAD,5,0.011048759459981853,SYNTHETIC: seeded teaching dataset; not observed market data,2026-09-01T00:00:00+00:00
2025-01-24,CAD,10,0.019745789497276782,SYNTHETIC: seeded teaching dataset; not observed market data,2026-09-01T00:00:00+00:00
2025-01-24,CAD,30,0.04166994618085998,SYNTHETIC: seeded teaching dataset; not observed market data,2026-09-01T00:00:00+00:00
2025-01-24,USD,1,0.01670243398779387,SYNTHETIC: seeded teaching dataset; not observed market data,2026-09-01T00:00:00+00:00
2025-01-24,USD,2,0.022148780904892328,SYNTHETIC: seeded teaching dataset; not observed market data,2026-09-01T00:00:00+00:00
2025-01-24,USD,5,0.028561195340655036,SYNTHETIC: seeded teaching dataset; not observed market data,2026-09-01T00:00:00+00:00
2025-01-24,USD,10,0.02041872667328841,SYNTHETIC: seeded teaching dataset; not observed market data,2026-09-01T00:00:00+00:00
2025-01-24,USD,30,0.03492292467945948,SYNTHETIC: seeded teaching dataset; not observed market data,2026-09-01T00:00:00+00:00
2025-01-27,CAD,1,0.00236228446816434,SYNTHETIC: seeded teaching dataset; not observed market data,2026-09-01T00:00:00+00:00
2025-01-27,CAD,2,0.015827457371745547,SYNTHETIC: seeded teaching dataset; not observed market data,2026-09-01T00:00:00+00:00
2025-01-27,CAD,5,0.010477183221710536,SYNTHETIC: seeded teaching dataset; not observed market data,2026-09-01T00:00:00+00:00
2025-01-27,CAD,10,0.019479237564320948,SYNTHETIC: seeded teaching dataset; not observed market data,2026-09-01T00:00:00+00:00
2025-01-27,CAD,30,0.04092289497457577,SYNTHETIC: seeded teaching dataset; not observed market data,2026-09-01T00:00:00+00:00
2025-01-27,USD,1,0.016183190139760627,SYNTHETIC: seeded teaching dataset; not observed market data,2026-09-01T00:00:00+00:00
2025-01-27,USD,2,0.021656610090069476,SYNTHETIC: seeded teaching dataset; not observed market data,2026-09-01T00:00:00+00:00
2025-01-27,USD,5,0.028330386348264583,SYNTHETIC: seeded teaching dataset; not observed market data,2026-09-01T00:00:00+00:00
2025-01-27,USD,10,0.019952937108314035,SYNTHETIC: seeded teaching dataset; not observed market data,2026-09-01T00:00:00+00:00
2025-01-27,USD,30,0.0347264688045847,SYNTHETIC: seeded teaching dataset; not observed market data,2026-09-01T00:00:00+00:00
2025-01-28,CAD,1,0.0029419455455808007,SYNTHETIC: seeded teaching dataset; not observed market data,2026-09-01T00:00:00+00:00
2025-01-28,CAD,2,0.01671065980608758,SYNTHETIC: seeded teaching dataset; not observed market data,2026-09-01T00:00:00+00:00
2025-01-28,CAD,5,0.011094941601408087,SYNTHETIC: seeded teaching dataset; not observed market data,2026-09-01T00:00:00+00:00
2025-01-28,CAD,10,0.019953623270636413,SYNTHETIC: seeded teaching dataset; not observed market data,2026-09-01T00:00:00+00:00
2025-01-28,CAD,30,0.04078893551060391,SYNTHETIC: seeded teaching dataset; not observed market data,2026-09-01T00:00:00+00:00
2025-01-28,USD,1,0.016623131696109756,SYNTHETIC: seeded teaching dataset; not observed market data,2026-09-01T00:00:00+00:00
2025-01-28,USD,2,0.022033469412833996,SYNTHETIC: seeded teaching dataset; not observed market data,2026-09-01T00:00:00+00:00
2025-01-28,USD,5,0.028763817727976718,SYNTHETIC: seeded teaching dataset; not observed market data,2026-09-01T00:00:00+00:00
2025-01-28,USD,10,0.020386326749628193,SYNTHETIC: seeded teaching dataset; not observed market data,2026-09-01T00:00:00+00:00
2025-01-28,USD,30,0.034907142668521574,SYNTHETIC: seeded teaching dataset; not observed market data,2026-09-01T00:00:00+00:00
2025-01-29,CAD,1,0.003166163970945341,SYNTHETIC: seeded teaching dataset; not observed market data,2026-09-01T00:00:00+00:00
2025-01-29,CAD,2,0.016562729026214563,SYNTHETIC: seeded teaching dataset; not observed market data,2026-09-01T00:00:00+00:00
2025-01-29,CAD,5,0.011060022022345288,SYNTHETIC: seeded teaching dataset; not observed market data,2026-09-01T00:00:00+00:00
2025-01-29,CAD,10,0.019889098464823972,SYNTHETIC: seeded teaching dataset; not observed market data,2026-09-01T00:00:00+00:00
2025-01-29,CAD,30,0.041119637784559106,SYNTHETIC: seeded teaching dataset; not observed market data,2026-09-01T00:00:00+00:00
2025-01-29,USD,1,0.016342573580799706,SYNTHETIC: seeded teaching dataset; not observed market data,2026-09-01T00:00:00+00:00
2025-01-29,USD,2,0.02159677217293866,SYNTHETIC: seeded teaching dataset; not observed market data,2026-09-01T00:00:00+00:00
2025-01-29,USD,5,0.0281270980394799,SYNTHETIC: seeded teaching dataset; not observed market data,2026-09-01T00:00:00+00:00
2025-01-29,USD,10,0.020097779623248088,SYNTHETIC: seeded teaching dataset; not observed market data,2026-09-01T00:00:00+00:00
2025-01-29,USD,30,0.03448481567707202,SYNTHETIC: seeded teaching dataset; not observed market data,2026-09-01T00:00:00+00:00
2025-01-30,CAD,1,0.0027890303077685343,SYNTHETIC: seeded teaching dataset; not observed market data,2026-09-01T00:00:00+00:00
2025-01-30,CAD,2,0.0161561150986234,SYNTHETIC: seeded teaching dataset; not observed market data,2026-09-01T00:00:00+00:00
2025-01-30,CAD,5,0.010369863769925314,SYNTHETIC: seeded teaching dataset; not observed market data,2026-09-01T00:00:00+00:00
2025-01-30,CAD,10,0.01948224344904733,SYNTHETIC: seeded teaching dataset; not observed market data,2026-09-01T00:00:00+00:00
2025-01-30,CAD,30,0.040626972705436463,SYNTHETIC: seeded teaching dataset; not observed market data,2026-09-01T00:00:00+00:00
2025-01-30,USD,1,0.01620513557629639,SYNTHETIC: seeded teaching dataset; not observed market data,2026-09-01T00:00:00+00:00
2025-01-30,USD,2,0.021466509258171347,SYNTHETIC: seeded teaching dataset; not observed market data,2026-09-01T00:00:00+00:00
2025-01-30,USD,5,0.027840215122862805,SYNTHETIC: seeded teaching dataset; not observed market data,2026-09-01T00:00:00+00:00
2025-01-30,USD,10,0.019926514220910678,SYNTHETIC: seeded teaching dataset; not observed market data,2026-09-01T00:00:00+00:00
2025-01-30,USD,30,0.035123342165697645,SYNTHETIC: seeded teaching dataset; not observed market data,2026-09-01T00:00:00+00:00
2025-01-31,CAD,1,0.0031925423103699863,SYNTHETIC: seeded teaching dataset; not observed market data,2026-09-01T00:00:00+00:00
2025-01-31,CAD,2,0.016386967558973793,SYNTHETIC: seeded teaching dataset; not observed market data,2026-09-01T00:00:00+00:00
2025-01-31,CAD,5,0.01025504518365615,SYNTHETIC: seeded teaching dataset; not observed market data,2026-09-01T00:00:00+00:00
2025-01-31,CAD,10,0.01918696287214084,SYNTHETIC: seeded teaching dataset; not observed market data,2026-09-01T00:00:00+00:00
2025-01-31,CAD,30,0.04089368894204513,SYNTHETIC: seeded teaching dataset; not observed market data,2026-09-01T00:00:00+00:00
2025-01-31,USD,1,0.016672869929598638,SYNTHETIC: seeded teaching dataset; not observed market data,2026-09-01T00:00:00+00:00
2025-01-31,USD,2,0.02175504542495534,SYNTHETIC: seeded teaching dataset; not observed market data,2026-09-01T00:00:00+00:00
2025-01-31,USD,5,0.028227556423654536,SYNTHETIC: seeded teaching dataset; not observed market data,2026-09-01T00:00:00+00:00
2025-01-31,USD,10,0.01957891037614799,SYNTHETIC: seeded teaching dataset; not observed market data,2026-09-01T00:00:00+00:00
2025-01-31,USD,30,0.03519910978458451,SYNTHETIC: seeded teaching dataset; not observed market data,2026-09-01T00:00:00+00:00
2025-02-03,CAD,1,0.0028025072773303697,SYNTHETIC: seeded teaching dataset; not observed market data,2026-09-01T00:00:00+00:00
2025-02-03,CAD,2,0.015551002239715691,SYNTHETIC: seeded teaching dataset; not observed market data,2026-09-01T00:00:00+00:00
2025-02-03,CAD,5,0.00930355406451372,SYNTHETIC: seeded teaching dataset; not observed market data,2026-09-01T00:00:00+00:00
2025-02-03,CAD,10,0.019054207721233625,SYNTHETIC: seeded teaching dataset; not observed market data,2026-09-01T00:00:00+00:00
2025-02-03,CAD,30,0.04060282358488062,SYNTHETIC: seeded teaching dataset; not observed market data,2026-09-01T00:00:00+00:00
2025-02-03,USD,1,0.016619424720785887,SYNTHETIC: seeded teaching dataset; not observed market data,2026-09-01T00:00:00+00:00
2025-02-03,USD,2,0.02135758807398065,SYNTHETIC: seeded teaching dataset; not observed market data,2026-09-01T00:00:00+00:00
2025-02-03,USD,5,0.028139835158664472,SYNTHETIC: seeded teaching dataset; not observed market data,2026-09-01T00:00:00+00:00
2025-02-03,USD,10,0.018819497921278773,SYNTHETIC: seeded teaching dataset; not observed market data,2026-09-01T00:00:00+00:00
2025-02-03,USD,30,0.03538483819102324,SYNTHETIC: seeded teaching dataset; not observed market data,2026-09-01T00:00:00+00:00
2025-02-04,CAD,1,0.0033695029119754395,SYNTHETIC: seeded teaching dataset; not observed market data,2026-09-01T00:00:00+00:00
2025-02-04,CAD,2,0.01574796980017828,SYNTHETIC: seeded teaching dataset; not observed market data,2026-09-01T00:00:00+00:00
2025-02-04,CAD,5,0.009879441523995322,SYNTHETIC: seeded teaching dataset; not observed market data,2026-09-01T00:00:00+00:00
2025-02-04,CAD,10,0.019471404296089803,SYNTHETIC: seeded teaching dataset; not observed market data,2026-09-01T00:00:00+00:00
2025-02-04,CAD,30,0.04097211000596311,SYNTHETIC: seeded teaching dataset; not observed market data,2026-09-01T00:00:00+00:00
2025-02-04,USD,1,0.017059286999155918,SYNTHETIC: seeded teaching dataset; not observed market data,2026-09-01T00:00:00+00:00
2025-02-04,USD,2,0.021713420877260605,SYNTHETIC: seeded teaching dataset; not observed market data,2026-09-01T00:00:00+00:00
2025-02-04,USD,5,0.028820222474204342,SYNTHETIC: seeded teaching dataset; not observed market data,2026-09-01T00:00:00+00:00
2025-02-04,USD,10,0.01965704206828467,SYNTHETIC: seeded teaching dataset; not observed market data,2026-09-01T00:00:00+00:00
2025-02-04,USD,30,0.036010107473662956,SYNTHETIC: seeded teaching dataset; not observed market data,2026-09-01T00:00:00+00:00
2025-02-05,CAD,1,0.002731001841645323,SYNTHETIC: seeded teaching dataset; not observed market data,2026-09-01T00:00:00+00:00
2025-02-05,CAD,2,0.01460559217671739,SYNTHETIC: seeded teaching dataset; not observed market data,2026-09-01T00:00:00+00:00
2025-02-05,CAD,5,0.009216079069096796,SYNTHETIC: seeded teaching dataset; not observed market data,2026-09-01T00:00:00+00:00
2025-02-05,CAD,10,0.01883391534767289,SYNTHETIC: seeded teaching dataset; not observed market data,2026-09-01T00:00:00+00:00
2025-02-05,CAD,30,0.040711675425622616,SYNTHETIC: seeded teaching dataset; not observed market data,2026-09-01T00:00:00+00:00
2025-02-05,USD,1,0.01695118782520301,SYNTHETIC: seeded teaching dataset; not observed market data,2026-09-01T00:00:00+00:00
2025-02-05,USD,2,0.02116634782605231,SYNTHETIC: seeded teaching dataset; not observed market data,2026-09-01T00:00:00+00:00
2025-02-05,USD,5,0.028212841466202808,SYNTHETIC: seeded teaching dataset; not observed market data,2026-09-01T00:00:00+00:00
2025-02-05,USD,10,0.01889717114275955,SYNTHETIC: seeded teaching dataset; not observed market data,2026-09-01T00:00:00+00:00
2025-02-05,USD,30,0.035391636448521814,SYNTHETIC: seeded teaching dataset; not observed market data,2026-09-01T00:00:00+00:00
2025-02-06,CAD,1,0.0021371703470425656,SYNTHETIC: seeded teaching dataset; not observed market data,2026-09-01T00:00:00+00:00
2025-02-06,CAD,2,0.014641063352721717,SYNTHETIC: seeded teaching dataset; not observed market data,2026-09-01T00:00:00+00:00
2025-02-06,CAD,5,0.008662203353482518,SYNTHETIC: seeded teaching dataset; not observed market data,2026-09-01T00:00:00+00:00
2025-02-06,CAD,10,0.0187706782584904,SYNTHETIC: seeded teaching dataset; not observed market data,2026-09-01T00:00:00+00:00
2025-02-06,CAD,30,0.04018425680648422,SYNTHETIC: seeded teaching dataset; not observed market data,2026-09-01T00:00:00+00:00
2025-02-06,USD,1,0.017072472816806787,SYNTHETIC: seeded teaching dataset; not observed market data,2026-09-01T00:00:00+00:00
2025-02-06,USD,2,0.020787649689910356,SYNTHETIC: seeded teaching dataset; not observed market data,2026-09-01T00:00:00+00:00
2025-02-06,USD,5,0.02843306183065818,SYNTHETIC: seeded teaching dataset; not observed market data,2026-09-01T00:00:00+00:00
2025-02-06,USD,10,0.018536427313189593,SYNTHETIC: seeded teaching dataset; not observed market data,2026-09-01T00:00:00+00:00
2025-02-06,USD,30,0.035554016490068376,SYNTHETIC: seeded teaching dataset; not observed market data,2026-09-01T00:00:00+00:00
2025-02-07,CAD,1,0.0029707050061427744,SYNTHETIC: seeded teaching dataset; not observed market data,2026-09-01T00:00:00+00:00
2025-02-07,CAD,2,0.014980352557005706,SYNTHETIC: seeded teaching dataset; not observed market data,2026-09-01T00:00:00+00:00
2025-02-07,CAD,5,0.00911849440222642,SYNTHETIC: seeded teaching dataset; not observed market data,2026-09-01T00:00:00+00:00
2025-02-07,CAD,10,0.019600138178850354,SYNTHETIC: seeded teaching dataset; not observed market data,2026-09-01T00:00:00+00:00
2025-02-07,CAD,30,0.04125664299657064,SYNTHETIC: seeded teaching dataset; not observed market data,2026-09-01T00:00:00+00:00
2025-02-07,USD,1,0.01732011799798392,SYNTHETIC: seeded teaching dataset; not observed market data,2026-09-01T00:00:00+00:00
2025-02-07,USD,2,0.021375779820250802,SYNTHETIC: seeded teaching dataset; not observed market data,2026-09-01T00:00:00+00:00
2025-02-07,USD,5,0.029381841411044326,SYNTHETIC: seeded teaching dataset; not observed market data,2026-09-01T00:00:00+00:00
2025-02-07,USD,10,0.019238773659387625,SYNTHETIC: seeded teaching dataset; not observed market data,2026-09-01T00:00:00+00:00
2025-02-07,USD,30,0.03624515247599614,SYNTHETIC: seeded teaching dataset; not observed market data,2026-09-01T00:00:00+00:00
2025-02-10,CAD,1,0.0033017472512541467,SYNTHETIC: seeded teaching dataset; not observed market data,2026-09-01T00:00:00+00:00
2025-02-10,CAD,2,0.014825840127744941,SYNTHETIC: seeded teaching dataset; not observed market data,2026-09-01T00:00:00+00:00
2025-02-10,CAD,5,0.008663205070321721,SYNTHETIC: seeded teaching dataset; not observed market data,2026-09-01T00:00:00+00:00
2025-02-10,CAD,10,0.019540144743643538,SYNTHETIC: seeded teaching dataset; not observed market data,2026-09-01T00:00:00+00:00
2025-02-10,CAD,30,0.04128969686525925,SYNTHETIC: seeded teaching dataset; not observed market data,2026-09-01T00:00:00+00:00
2025-02-10,USD,1,0.017966492115670543,SYNTHETIC: seeded teaching dataset; not observed market data,2026-09-01T00:00:00+00:00
2025-02-10,USD,2,0.02093495806174922,SYNTHETIC: seeded teaching dataset; not observed market data,2026-09-01T00:00:00+00:00
2025-02-10,USD,5,0.029466143205808867,SYNTHETIC: seeded teaching dataset; not observed market data,2026-09-01T00:00:00+00:00
2025-02-10,USD,10,0.019675216976826414,SYNTHETIC: seeded teaching dataset; not observed market data,2026-09-01T00:00:00+00:00
2025-02-10,USD,30,0.036727049405745386,SYNTHETIC: seeded teaching dataset; not observed market data,2026-09-01T00:00:00+00:00
2025-02-11,CAD,1,0.0034376115668355717,SYNTHETIC: seeded teaching dataset; not observed market data,2026-09-01T00:00:00+00:00
2025-02-11,CAD,2,0.01488714889551864,SYNTHETIC: seeded teaching dataset; not observed market data,2026-09-01T00:00:00+00:00
2025-02-11,CAD,5,0.00901094397165332,SYNTHETIC: seeded teaching dataset; not observed market data,2026-09-01T00:00:00+00:00
2025-02-11,CAD,10,0.01930026642565235,SYNTHETIC: seeded teaching dataset; not observed market data,2026-09-01T00:00:00+00:00
2025-02-11,CAD,30,0.04099948898831914,SYNTHETIC: seeded teaching dataset; not observed market data,2026-09-01T00:00:00+00:00
2025-02-11,USD,1,0.017573091144864796,SYNTHETIC: seeded teaching dataset; not observed market data,2026-09-01T00:00:00+00:00
2025-02-11,USD,2,0.021482538832584643,SYNTHETIC: seeded teaching dataset; not observed market data,2026-09-01T00:00:00+00:00
2025-02-11,USD,5,0.03001768028099133,SYNTHETIC: seeded teaching dataset; not observed market data,2026-09-01T00:00:00+00:00
2025-02-11,USD,10,0.019894891634136876,SYNTHETIC: seeded teaching dataset; not observed market data,2026-09-01T00:00:00+00:00
2025-02-11,USD,30,0.03626771942172748,SYNTHETIC: seeded teaching dataset; not observed market data,2026-09-01T00:00:00+00:00
2025-02-12,CAD,1,0.003227739773940884,SYNTHETIC: seeded teaching dataset; not observed market data,2026-09-01T00:00:00+00:00
2025-02-12,CAD,2,0.014866178795747116,SYNTHETIC: seeded teaching dataset; not observed market data,2026-09-01T00:00:00+00:00
2025-02-12,CAD,5,0.009676942694038154,SYNTHETIC: seeded teaching dataset; not observed market data,2026-09-01T00:00:00+00:00
2025-02-12,CAD,10,0.019184979210711335,SYNTHETIC: seeded teaching dataset; not observed market data,2026-09-01T00:00:00+00:00
2025-02-12,CAD,30,0.04252869259113704,SYNTHETIC: seeded teaching dataset; not observed market data,2026-09-01T00:00:00+00:00
2025-02-12,USD,1,0.017870438312939392,SYNTHETIC: seeded teaching dataset; not observed market data,2026-09-01T00:00:00+00:00
2025-02-12,USD,2,0.021697114131483966,SYNTHETIC: seeded teaching dataset; not observed market data,2026-09-01T00:00:00+00:00
2025-02-12,USD,5,0.030236088093388704,SYNTHETIC: seeded teaching dataset; not observed market data,2026-09-01T00:00:00+00:00
2025-02-12,USD,10,0.019804436738470023,SYNTHETIC: seeded teaching dataset; not observed market data,2026-09-01T00:00:00+00:00
2025-02-12,USD,30,0.036577811868005926,SYNTHETIC: seeded teaching dataset; not observed market data,2026-09-01T00:00:00+00:00
2025-02-13,CAD,1,0.003604956676927326,SYNTHETIC: seeded teaching dataset; not observed market data,2026-09-01T00:00:00+00:00
2025-02-13,CAD,2,0.015455243333612383,SYNTHETIC: seeded teaching dataset; not observed market data,2026-09-01T00:00:00+00:00
2025-02-13,CAD,5,0.010262581758615098,SYNTHETIC: seeded teaching dataset; not observed market data,2026-09-01T00:00:00+00:00
2025-02-13,CAD,10,0.019862748323269543,SYNTHETIC: seeded teaching dataset; not observed market data,2026-09-01T00:00:00+00:00
2025-02-13,CAD,30,0.04369820007219189,SYNTHETIC: seeded teaching dataset; not observed market data,2026-09-01T00:00:00+00:00
2025-02-13,USD,1,0.018233873489803046,SYNTHETIC: seeded teaching dataset; not observed market data,2026-09-01T00:00:00+00:00
2025-02-13,USD,2,0.021902185434448343,SYNTHETIC: seeded teaching dataset; not observed market data,2026-09-01T00:00:00+00:00
2025-02-13,USD,5,0.03058490201240044,SYNTHETIC: seeded teaching dataset; not observed market data,2026-09-01T00:00:00+00:00
2025-02-13,USD,10,0.019951354658369086,SYNTHETIC: seeded teaching dataset; not observed market data,2026-09-01T00:00:00+00:00
2025-02-13,USD,30,0.03653709749915273,SYNTHETIC: seeded teaching dataset; not observed market data,2026-09-01T00:00:00+00:00
2025-02-14,CAD,1,0.0035561999004516467,SYNTHETIC: seeded teaching dataset; not observed market data,2026-09-01T00:00:00+00:00
2025-02-14,CAD,2,0.01587655786640115,SYNTHETIC: seeded teaching dataset; not observed market data,2026-09-01T00:00:00+00:00
2025-02-14,CAD,5,0.01038094399812673,SYNTHETIC: seeded teaching dataset; not observed market data,2026-09-01T00:00:00+00:00
2025-02-14,CAD,10,0.019462596227499858,SYNTHETIC: seeded teaching dataset; not observed market data,2026-09-01T00:00:00+00:00
2025-02-14,CAD,30,0.04417414916914242,SYNTHETIC: seeded teaching dataset; not observed market data,2026-09-01T00:00:00+00:00
2025-02-14,USD,1,0.018074506536588784,SYNTHETIC: seeded teaching dataset; not observed market data,2026-09-01T00:00:00+00:00
2025-02-14,USD,2,0.021368131068664368,SYNTHETIC: seeded teaching dataset; not observed market data,2026-09-01T00:00:00+00:00
2025-02-14,USD,5,0.029807446704526154,SYNTHETIC: seeded teaching dataset; not observed market data,2026-09-01T00:00:00+00:00
2025-02-14,USD,10,0.019504632599641553,SYNTHETIC: seeded teaching dataset; not observed market data,2026-09-01T00:00:00+00:00
2025-02-14,USD,30,0.03634349574198021,SYNTHETIC: seeded teaching dataset; not observed market data,2026-09-01T00:00:00+00:00
2025-02-17,CAD,1,0.004938609101799579,SYNTHETIC: seeded teaching dataset; not observed market data,2026-09-01T00:00:00+00:00
2025-02-17,CAD,2,0.017015686275790788,SYNTHETIC: seeded teaching dataset; not observed market data,2026-09-01T00:00:00+00:00
2025-02-17,CAD,5,0.011501172810506229,SYNTHETIC: seeded teaching dataset; not observed market data,2026-09-01T00:00:00+00:00
2025-02-17,CAD,10,0.019179916233889482,SYNTHETIC: seeded teaching dataset; not observed market data,2026-09-01T00:00:00+00:00
2025-02-17,CAD,30,0.04562142553484998,SYNTHETIC: seeded teaching dataset; not observed market data,2026-09-01T00:00:00+00:00
2025-02-17,USD,1,0.019440920162287555,SYNTHETIC: seeded teaching dataset; not observed market data,2026-09-01T00:00:00+00:00
2025-02-17,USD,2,0.022096310246929502,SYNTHETIC: seeded teaching dataset; not observed market data,2026-09-01T00:00:00+00:00
2025-02-17,USD,5,0.030859350524773514,SYNTHETIC: seeded teaching dataset; not observed market data,2026-09-01T00:00:00+00:00
2025-02-17,USD,10,0.019680737761488955,SYNTHETIC: seeded teaching dataset; not observed market data,2026-09-01T00:00:00+00:00
2025-02-17,USD,30,0.03665997172551317,SYNTHETIC: seeded teaching dataset; not observed market data,2026-09-01T00:00:00+00:00
2025-02-18,CAD,1,0.005365627995519432,SYNTHETIC: seeded teaching dataset; not observed market data,2026-09-01T00:00:00+00:00
2025-02-18,CAD,2,0.017999622291277627,SYNTHETIC: seeded teaching dataset; not observed market data,2026-09-01T00:00:00+00:00
2025-02-18,CAD,5,0.012104667842463595,SYNTHETIC: seeded teaching dataset; not observed market data,2026-09-01T00:00:00+00:00
2025-02-18,CAD,10,0.019712252192970348,SYNTHETIC: seeded teaching dataset; not observed market data,2026-09-01T00:00:00+00:00
2025-02-18,CAD,30,0.04583634240323258,SYNTHETIC: seeded teaching dataset; not observed market data,2026-09-01T00:00:00+00:00
2025-02-18,USD,1,0.020185453751305118,SYNTHETIC: seeded teaching dataset; not observed market data,2026-09-01T00:00:00+00:00
2025-02-18,USD,2,0.023206147814714122,SYNTHETIC: seeded teaching dataset; not observed market data,2026-09-01T00:00:00+00:00
2025-02-18,USD,5,0.031071396790069417,SYNTHETIC: seeded teaching dataset; not observed market data,2026-09-01T00:00:00+00:00
2025-02-18,USD,10,0.019499575436951376,SYNTHETIC: seeded teaching dataset; not observed market data,2026-09-01T00:00:00+00:00
2025-02-18,USD,30,0.03704442273225538,SYNTHETIC: seeded teaching dataset; not observed market data,2026-09-01T00:00:00+00:00
2025-02-19,CAD,1,0.005488853380495422,SYNTHETIC: seeded teaching dataset; not observed market data,2026-09-01T00:00:00+00:00
2025-02-19,CAD,2,0.017834015307112414,SYNTHETIC: seeded teaching dataset; not observed market data,2026-09-01T00:00:00+00:00
2025-02-19,CAD,5,0.012624053269290263,SYNTHETIC: seeded teaching dataset; not observed market data,2026-09-01T00:00:00+00:00
2025-02-19,CAD,10,0.02059769486849019,SYNTHETIC: seeded teaching dataset; not observed market data,2026-09-01T00:00:00+00:00
2025-02-19,CAD,30,0.04542818112783961,SYNTHETIC: seeded teaching dataset; not observed market data,2026-09-01T00:00:00+00:00
2025-02-19,USD,1,0.02058919964033282,SYNTHETIC: seeded teaching dataset; not observed market data,2026-09-01T00:00:00+00:00
2025-02-19,USD,2,0.02424062690057153,SYNTHETIC: seeded teaching dataset; not observed market data,2026-09-01T00:00:00+00:00
2025-02-19,USD,5,0.03157307324405738,SYNTHETIC: seeded teaching dataset; not observed market data,2026-09-01T00:00:00+00:00
2025-02-19,USD,10,0.019201628589950347,SYNTHETIC: seeded teaching dataset; not observed market data,2026-09-01T00:00:00+00:00
2025-02-19,USD,30,0.037940588153195044,SYNTHETIC: seeded teaching dataset; not observed market data,2026-09-01T00:00:00+00:00
2025-02-20,CAD,1,0.005983100125645454,SYNTHETIC: seeded teaching dataset; not observed market data,2026-09-01T00:00:00+00:00
2025-02-20,CAD,2,0.017964287810341963,SYNTHETIC: seeded teaching dataset; not observed market data,2026-09-01T00:00:00+00:00
2025-02-20,CAD,5,0.012389102285447418,SYNTHETIC: seeded teaching dataset; not observed market data,2026-09-01T00:00:00+00:00
2025-02-20,CAD,10,0.02062301503728789,SYNTHETIC: seeded teaching dataset; not observed market data,2026-09-01T00:00:00+00:00
2025-02-20,CAD,30,0.04573100496399502,SYNTHETIC: seeded teaching dataset; not observed market data,2026-09-01T00:00:00+00:00
2025-02-20,USD,1,0.020705341408664063,SYNTHETIC: seeded teaching dataset; not observed market data,2026-09-01T00:00:00+00:00
2025-02-20,USD,2,0.02449184192362658,SYNTHETIC: seeded teaching dataset; not observed market data,2026-09-01T00:00:00+00:00
2025-02-20,USD,5,0.03186949223216155,SYNTHETIC: seeded teaching dataset; not observed market data,2026-09-01T00:00:00+00:00
2025-02-20,USD,10,0.019892860111221065,SYNTHETIC: seeded teaching dataset; not observed market data,2026-09-01T00:00:00+00:00
2025-02-20,USD,30,0.038411332449272154,SYNTHETIC: seeded teaching dataset; not observed market data,2026-09-01T00:00:00+00:00
2025-02-21,CAD,1,0.005649404516356843,SYNTHETIC: seeded teaching dataset; not observed market data,2026-09-01T00:00:00+00:00
2025-02-21,CAD,2,0.01787301266007843,SYNTHETIC: seeded teaching dataset; not observed market data,2026-09-01T00:00:00+00:00
2025-02-21,CAD,5,0.012485172699192932,SYNTHETIC: seeded teaching dataset; not observed market data,2026-09-01T00:00:00+00:00
2025-02-21,CAD,10,0.020661194782915636,SYNTHETIC: seeded teaching dataset; not observed market data,2026-09-01T00:00:00+00:00
2025-02-21,CAD,30,0.045641509232756845,SYNTHETIC: seeded teaching dataset; not observed market data,2026-09-01T00:00:00+00:00
2025-02-21,USD,1,0.02065267287968935,SYNTHETIC: seeded teaching dataset; not observed market data,2026-09-01T00:00:00+00:00
2025-02-21,USD,2,0.024674707967284954,SYNTHETIC: seeded teaching dataset; not observed market data,2026-09-01T00:00:00+00:00
2025-02-21,USD,5,0.031288708465021714,SYNTHETIC: seeded teaching dataset; not observed market data,2026-09-01T00:00:00+00:00
2025-02-21,USD,10,0.01917680623584708,SYNTHETIC: seeded teaching dataset; not observed market data,2026-09-01T00:00:00+00:00
2025-02-21,USD,30,0.037600407716934126,SYNTHETIC: seeded teaching dataset; not observed market data,2026-09-01T00:00:00+00:00
2025-02-24,CAD,1,0.005583417023451574,SYNTHETIC: seeded teaching dataset; not observed market data,2026-09-01T00:00:00+00:00
2025-02-24,CAD,2,0.018008861170802686,SYNTHETIC: seeded teaching dataset; not observed market data,2026-09-01T00:00:00+00:00
2025-02-24,CAD,5,0.012761890756244367,SYNTHETIC: seeded teaching dataset; not observed market data,2026-09-01T00:00:00+00:00
2025-02-24,CAD,10,0.021382611643654625,SYNTHETIC: seeded teaching dataset; not observed market data,2026-09-01T00:00:00+00:00
2025-02-24,CAD,30,0.04528669057911289,SYNTHETIC: seeded teaching dataset; not observed market data,2026-09-01T00:00:00+00:00
2025-02-24,USD,1,0.02033511374135016,SYNTHETIC: seeded teaching dataset; not observed market data,2026-09-01T00:00:00+00:00
2025-02-24,USD,2,0.024271871213773596,SYNTHETIC: seeded teaching dataset; not observed market data,2026-09-01T00:00:00+00:00
2025-02-24,USD,5,0.03128758867890882,SYNTHETIC: seeded teaching dataset; not observed market data,2026-09-01T00:00:00+00:00
2025-02-24,USD,10,0.01839372587046021,SYNTHETIC: seeded teaching dataset; not observed market data,2026-09-01T00:00:00+00:00
2025-02-24,USD,30,0.03709879373097993,SYNTHETIC: seeded teaching dataset; not observed market data,2026-09-01T00:00:00+00:00
2025-02-25,CAD,1,0.00588933806920864,SYNTHETIC: seeded teaching dataset; not observed market data,2026-09-01T00:00:00+00:00
2025-02-25,CAD,2,0.01806270607209924,SYNTHETIC: seeded teaching dataset; not observed market data,2026-09-01T00:00:00+00:00
2025-02-25,CAD,5,0.012602730826038158,SYNTHETIC: seeded teaching dataset; not observed market data,2026-09-01T00:00:00+00:00
2025-02-25,CAD,10,0.021022609628760063,SYNTHETIC: seeded teaching dataset; not observed market data,2026-09-01T00:00:00+00:00
2025-02-25,CAD,30,0.045334424832393236,SYNTHETIC: seeded teaching dataset; not observed market data,2026-09-01T00:00:00+00:00
2025-02-25,USD,1,0.021042718459322683,SYNTHETIC: seeded teaching dataset; not observed market data,2026-09-01T00:00:00+00:00
2025-02-25,USD,2,0.024377474727464488,SYNTHETIC: seeded teaching dataset; not observed market data,2026-09-01T00:00:00+00:00
2025-02-25,USD,5,0.031518906150235344,SYNTHETIC: seeded teaching dataset; not observed market data,2026-09-01T00:00:00+00:00
2025-02-25,USD,10,0.018665307808798843,SYNTHETIC: seeded teaching dataset; not observed market data,2026-09-01T00:00:00+00:00
2025-02-25,USD,30,0.03710727873774302,SYNTHETIC: seeded teaching dataset; not observed market data,2026-09-01T00:00:00+00:00
2025-02-26,CAD,1,0.005494911371873239,SYNTHETIC: seeded teaching dataset; not observed market data,2026-09-01T00:00:00+00:00
2025-02-26,CAD,2,0.017407994325608085,SYNTHETIC: seeded teaching dataset; not observed market data,2026-09-01T00:00:00+00:00
2025-02-26,CAD,5,0.012324228470929646,SYNTHETIC: seeded teaching dataset; not observed market data,2026-09-01T00:00:00+00:00
2025-02-26,CAD,10,0.02076026089916619,SYNTHETIC: seeded teaching dataset; not observed market data,2026-09-01T00:00:00+00:00
2025-02-26,CAD,30,0.04543332411180788,SYNTHETIC: seeded teaching dataset; not observed market data,2026-09-01T00:00:00+00:00
2025-02-26,USD,1,0.021458892698974528,SYNTHETIC: seeded teaching dataset; not observed market data,2026-09-01T00:00:00+00:00
2025-02-26,USD,2,0.024443734337767895,SYNTHETIC: seeded teaching dataset; not observed market data,2026-09-01T00:00:00+00:00
2025-02-26,USD,5,0.030933332849014394,SYNTHETIC: seeded teaching dataset; not observed market data,2026-09-01T00:00:00+00:00
2025-02-26,USD,10,0.018624179770667777,SYNTHETIC: seeded teaching dataset; not observed market data,2026-09-01T00:00:00+00:00
2025-02-26,USD,30,0.03671506461772397,SYNTHETIC: seeded teaching dataset; not observed market data,2026-09-01T00:00:00+00:00
2025-02-27,CAD,1,0.005794973840329291,SYNTHETIC: seeded teaching dataset; not observed market data,2026-09-01T00:00:00+00:00
2025-02-27,CAD,2,0.01771352047339793,SYNTHETIC: seeded teaching dataset; not observed market data,2026-09-01T00:00:00+00:00
2025-02-27,CAD,5,0.012557902353632171,SYNTHETIC: seeded teaching dataset; not observed market data,2026-09-01T00:00:00+00:00
2025-02-27,CAD,10,0.020671220503141206,SYNTHETIC: seeded teaching dataset; not observed market data,2026-09-01T00:00:00+00:00
2025-02-27,CAD,30,0.04593623150276693,SYNTHETIC: seeded teaching dataset; not observed market data,2026-09-01T00:00:00+00:00
2025-02-27,USD,1,0.021574869286966277,SYNTHETIC: seeded teaching dataset; not observed market data,2026-09-01T00:00:00+00:00
2025-02-27,USD,2,0.024310744140410977,SYNTHETIC: seeded teaching dataset; not observed market data,2026-09-01T00:00:00+00:00
2025-02-27,USD,5,0.030781364314138,SYNTHETIC: seeded teaching dataset; not observed market data,2026-09-01T00:00:00+00:00
2025-02-27,USD,10,0.01835080027707524,SYNTHETIC: seeded teaching dataset; not observed market data,2026-09-01T00:00:00+00:00
2025-02-27,USD,30,0.037078587542163366,SYNTHETIC: seeded teaching dataset; not observed market data,2026-09-01T00:00:00+00:00
2025-02-28,CAD,1,0.0060412855861604504,SYNTHETIC: seeded teaching dataset; not observed market data,2026-09-01T00:00:00+00:00
2025-02-28,CAD,2,0.018597920017610826,SYNTHETIC: seeded teaching dataset; not observed market data,2026-09-01T00:00:00+00:00
2025-02-28,CAD,5,0.012334052207801389,SYNTHETIC: seeded teaching dataset; not observed market data,2026-09-01T00:00:00+00:00
2025-02-28,CAD,10,0.020161145905802674,SYNTHETIC: seeded teaching dataset; not observed market data,2026-09-01T00:00:00+00:00
2025-02-28,CAD,30,0.046375515009330244,SYNTHETIC: seeded teaching dataset; not observed market data,2026-09-01T00:00:00+00:00
2025-02-28,USD,1,0.021391722579060187,SYNTHETIC: seeded teaching dataset; not observed market data,2026-09-01T00:00:00+00:00
2025-02-28,USD,2,0.02447971823241984,SYNTHETIC: seeded teaching dataset; not observed market data,2026-09-01T00:00:00+00:00
2025-02-28,USD,5,0.030453641702182118,SYNTHETIC: seeded teaching dataset; not observed market data,2026-09-01T00:00:00+00:00
2025-02-28,USD,10,0.017966386081592546,SYNTHETIC: seeded teaching dataset; not observed market data,2026-09-01T00:00:00+00:00
2025-02-28,USD,30,0.0368919329594204,SYNTHETIC: seeded teaching dataset; not observed market data,2026-09-01T00:00:00+00:00
2025-03-03,CAD,1,0.006168998740859289,SYNTHETIC: seeded teaching dataset; not observed market data,2026-09-01T00:00:00+00:00
2025-03-03,CAD,2,0.01842001233249449,SYNTHETIC: seeded teaching dataset; not observed market data,2026-09-01T00:00:00+00:00
2025-03-03,CAD,5,0.012774294041717548,SYNTHETIC: seeded teaching dataset; not observed market data,2026-09-01T00:00:00+00:00
2025-03-03,CAD,10,0.020006019365978463,SYNTHETIC: seeded teaching dataset; not observed market data,2026-09-01T00:00:00+00:00
2025-03-03,CAD,30,0.046339025219694734,SYNTHETIC: seeded teaching dataset; not observed market data,2026-09-01T00:00:00+00:00
2025-03-03,USD,1,0.021698620099341936,SYNTHETIC: seeded teaching dataset; not observed market data,2026-09-01T00:00:00+00:00
2025-03-03,USD,2,0.023831281482601663,SYNTHETIC: seeded teaching dataset; not observed market data,2026-09-01T00:00:00+00:00
2025-03-03,USD,5,0.0308995288344862,SYNTHETIC: seeded teaching dataset; not observed market data,2026-09-01T00:00:00+00:00
2025-03-03,USD,10,0.01807719301602844,SYNTHETIC: seeded teaching dataset; not observed market data,2026-09-01T00:00:00+00:00
2025-03-03,USD,30,0.03679398041118514,SYNTHETIC: seeded teaching dataset; not observed market data,2026-09-01T00:00:00+00:00
2025-03-04,CAD,1,0.006190777794248568,SYNTHETIC: seeded teaching dataset; not observed market data,2026-09-01T00:00:00+00:00
2025-03-04,CAD,2,0.01812634488797353,SYNTHETIC: seeded teaching dataset; not observed market data,2026-09-01T00:00:00+00:00
2025-03-04,CAD,5,0.012850889766165056,SYNTHETIC: seeded teaching dataset; not observed market data,2026-09-01T00:00:00+00:00
2025-03-04,CAD,10,0.019959651605803458,SYNTHETIC: seeded teaching dataset; not observed market data,2026-09-01T00:00:00+00:00
2025-03-04,CAD,30,0.046233500364082566,SYNTHETIC: seeded teaching dataset; not observed market data,2026-09-01T00:00:00+00:00
2025-03-04,USD,1,0.021501446319753533,SYNTHETIC: seeded teaching dataset; not observed market data,2026-09-01T00:00:00+00:00
2025-03-04,USD,2,0.02379593729118841,SYNTHETIC: seeded teaching dataset; not observed market data,2026-09-01T00:00:00+00:00
2025-03-04,USD,5,0.031037629598638115,SYNTHETIC: seeded teaching dataset; not observed market data,2026-09-01T00:00:00+00:00
2025-03-04,USD,10,0.0180227999342679,SYNTHETIC: seeded teaching dataset; not observed market data,2026-09-01T00:00:00+00:00
2025-03-04,USD,30,0.036328014411499444,SYNTHETIC: seeded teaching dataset; not observed market data,2026-09-01T00:00:00+00:00
2025-03-05,CAD,1,0.006194123905420932,SYNTHETIC: seeded teaching dataset; not observed market data,2026-09-01T00:00:00+00:00
2025-03-05,CAD,2,0.018618461779858056,SYNTHETIC: seeded teaching dataset; not observed market data,2026-09-01T00:00:00+00:00
2025-03-05,CAD,5,0.012830735623932107,SYNTHETIC: seeded teaching dataset; not observed market data,2026-09-01T00:00:00+00:00
2025-03-05,CAD,10,0.02048909355426886,SYNTHETIC: seeded teaching dataset; not observed market data,2026-09-01T00:00:00+00:00
2025-03-05,CAD,30,0.0470988391719009,SYNTHETIC: seeded teaching dataset; not observed market data,2026-09-01T00:00:00+00:00
2025-03-05,USD,1,0.02205246326323659,SYNTHETIC: seeded teaching dataset; not observed market data,2026-09-01T00:00:00+00:00
2025-03-05,USD,2,0.023828892241842297,SYNTHETIC: seeded teaching dataset; not observed market data,2026-09-01T00:00:00+00:00
2025-03-05,USD,5,0.031696337713404174,SYNTHETIC: seeded teaching dataset; not observed market data,2026-09-01T00:00:00+00:00
2025-03-05,USD,10,0.018157814603681082,SYNTHETIC: seeded teaching dataset; not observed market data,2026-09-01T00:00:00+00:00
2025-03-05,USD,30,0.03720339462857044,SYNTHETIC: seeded teaching dataset; not observed market data,2026-09-01T00:00:00+00:00
2025-03-06,CAD,1,0.004945385322790874,SYNTHETIC: seeded teaching dataset; not observed market data,2026-09-01T00:00:00+00:00
2025-03-06,CAD,2,0.018450986251120106,SYNTHETIC: seeded teaching dataset; not observed market data,2026-09-01T00:00:00+00:00
2025-03-06,CAD,5,0.013086884660688452,SYNTHETIC: seeded teaching dataset; not observed market data,2026-09-01T00:00:00+00:00
2025-03-06,CAD,10,0.02036654488096156,SYNTHETIC: seeded teaching dataset; not observed market data,2026-09-01T00:00:00+00:00
2025-03-06,CAD,30,0.04700047844958531,SYNTHETIC: seeded teaching dataset; not observed market data,2026-09-01T00:00:00+00:00
2025-03-06,USD,1,0.022089432865279684,SYNTHETIC: seeded teaching dataset; not observed market data,2026-09-01T00:00:00+00:00
2025-03-06,USD,2,0.023958631774982805,SYNTHETIC: seeded teaching dataset; not observed market data,2026-09-01T00:00:00+00:00
2025-03-06,USD,5,0.03102361777418533,SYNTHETIC: seeded teaching dataset; not observed market data,2026-09-01T00:00:00+00:00
2025-03-06,USD,10,0.01807727183999839,SYNTHETIC: seeded teaching dataset; not observed market data,2026-09-01T00:00:00+00:00
2025-03-06,USD,30,0.0377657337583145,SYNTHETIC: seeded teaching dataset; not observed market data,2026-09-01T00:00:00+00:00
2025-03-07,CAD,1,0.0045822079067382795,SYNTHETIC: seeded teaching dataset; not observed market data,2026-09-01T00:00:00+00:00
2025-03-07,CAD,2,0.01853705696480317,SYNTHETIC: seeded teaching dataset; not observed market data,2026-09-01T00:00:00+00:00
2025-03-07,CAD,5,0.013289404593454627,SYNTHETIC: seeded teaching dataset; not observed market data,2026-09-01T00:00:00+00:00
2025-03-07,CAD,10,0.020179757565630257,SYNTHETIC: seeded teaching dataset; not observed market data,2026-09-01T00:00:00+00:00
2025-03-07,CAD,30,0.047280447027851565,SYNTHETIC: seeded teaching dataset; not observed market data,2026-09-01T00:00:00+00:00
2025-03-07,USD,1,0.02211093086336501,SYNTHETIC: seeded teaching dataset; not observed market data,2026-09-01T00:00:00+00:00
2025-03-07,USD,2,0.024385420113369496,SYNTHETIC: seeded teaching dataset; not observed market data,2026-09-01T00:00:00+00:00
2025-03-07,USD,5,0.031005378178273122,SYNTHETIC: seeded teaching dataset; not observed market data,2026-09-01T00:00:00+00:00
2025-03-07,USD,10,0.018125466496330605,SYNTHETIC: seeded teaching dataset; not observed market data,2026-09-01T00:00:00+00:00
2025-03-07,USD,30,0.03773837115040368,SYNTHETIC: seeded teaching dataset; not observed market data,2026-09-01T00:00:00+00:00
2025-03-10,CAD,1,0.005358438440356994,SYNTHETIC: seeded teaching dataset; not observed market data,2026-09-01T00:00:00+00:00
2025-03-10,CAD,2,0.01956784991329622,SYNTHETIC: seeded teaching dataset; not observed market data,2026-09-01T00:00:00+00:00
2025-03-10,CAD,5,0.014222370676675335,SYNTHETIC: seeded teaching dataset; not observed market data,2026-09-01T00:00:00+00:00
2025-03-10,CAD,10,0.021000539589337945,SYNTHETIC: seeded teaching dataset; not observed market data,2026-09-01T00:00:00+00:00
2025-03-10,CAD,30,0.047303729501807626,SYNTHETIC: seeded teaching dataset; not observed market data,2026-09-01T00:00:00+00:00
2025-03-10,USD,1,0.022743398441351866,SYNTHETIC: seeded teaching dataset; not observed market data,2026-09-01T00:00:00+00:00
2025-03-10,USD,2,0.02477632442229391,SYNTHETIC: seeded teaching dataset; not observed market data,2026-09-01T00:00:00+00:00
2025-03-10,USD,5,0.031808158687974084,SYNTHETIC: seeded teaching dataset; not observed market data,2026-09-01T00:00:00+00:00
2025-03-10,USD,10,0.018724899077877073,SYNTHETIC: seeded teaching dataset; not observed market data,2026-09-01T00:00:00+00:00
2025-03-10,USD,30,0.03855473754145903,SYNTHETIC: seeded teaching dataset; not observed market data,2026-09-01T00:00:00+00:00
2025-03-11,CAD,1,0.006343365868612942,SYNTHETIC: seeded teaching dataset; not observed market data,2026-09-01T00:00:00+00:00
2025-03-11,CAD,2,0.01958966243706458,SYNTHETIC: seeded teaching dataset; not observed market data,2026-09-01T00:00:00+00:00
2025-03-11,CAD,5,0.015235862386820908,SYNTHETIC: seeded teaching dataset; not observed market data,2026-09-01T00:00:00+00:00
2025-03-11,CAD,10,0.02152491664106921,SYNTHETIC: seeded teaching dataset; not observed market data,2026-09-01T00:00:00+00:00
2025-03-11,CAD,30,0.04700671981301113,SYNTHETIC: seeded teaching dataset; not observed market data,2026-09-01T00:00:00+00:00
2025-03-11,USD,1,0.023543061403620776,SYNTHETIC: seeded teaching dataset; not observed market data,2026-09-01T00:00:00+00:00
2025-03-11,USD,2,0.02535716803246679,SYNTHETIC: seeded teaching dataset; not observed market data,2026-09-01T00:00:00+00:00
2025-03-11,USD,5,0.031683113259291,SYNTHETIC: seeded teaching dataset; not observed market data,2026-09-01T00:00:00+00:00
2025-03-11,USD,10,0.018830876739264608,SYNTHETIC: seeded teaching dataset; not observed market data,2026-09-01T00:00:00+00:00
2025-03-11,USD,30,0.038750409378919895,SYNTHETIC: seeded teaching dataset; not observed market data,2026-09-01T00:00:00+00:00
2025-03-12,CAD,1,0.006697636690792295,SYNTHETIC: seeded teaching dataset; not observed market data,2026-09-01T00:00:00+00:00
2025-03-12,CAD,2,0.01947447167303524,SYNTHETIC: seeded teaching dataset; not observed market data,2026-09-01T00:00:00+00:00
2025-03-12,CAD,5,0.014645026913126854,SYNTHETIC: seeded teaching dataset; not observed market data,2026-09-01T00:00:00+00:00
2025-03-12,CAD,10,0.02121063427814828,SYNTHETIC: seeded teaching dataset; not observed market data,2026-09-01T00:00:00+00:00
2025-03-12,CAD,30,0.04600151791766046,SYNTHETIC: seeded teaching dataset; not observed market data,2026-09-01T00:00:00+00:00
2025-03-12,USD,1,0.0234843413768127,SYNTHETIC: seeded teaching dataset; not observed market data,2026-09-01T00:00:00+00:00
2025-03-12,USD,2,0.025272566665557005,SYNTHETIC: seeded teaching dataset; not observed market data,2026-09-01T00:00:00+00:00
2025-03-12,USD,5,0.031547670807870715,SYNTHETIC: seeded teaching dataset; not observed market data,2026-09-01T00:00:00+00:00
2025-03-12,USD,10,0.018392488357450394,SYNTHETIC: seeded teaching dataset; not observed market data,2026-09-01T00:00:00+00:00
2025-03-12,USD,30,0.038556260742977966,SYNTHETIC: seeded teaching dataset; not observed market data,2026-09-01T00:00:00+00:00
2025-03-13,CAD,1,0.00630219263290855,SYNTHETIC: seeded teaching dataset; not observed market data,2026-09-01T00:00:00+00:00
2025-03-13,CAD,2,0.018993589557319716,SYNTHETIC: seeded teaching dataset; not observed market data,2026-09-01T00:00:00+00:00
2025-03-13,CAD,5,0.01421959958300156,SYNTHETIC: seeded teaching dataset; not observed market data,2026-09-01T00:00:00+00:00
2025-03-13,CAD,10,0.020907158277364182,SYNTHETIC: seeded teaching dataset; not observed market data,2026-09-01T00:00:00+00:00
2025-03-13,CAD,30,0.04641429943516492,SYNTHETIC: seeded teaching dataset; not observed market data,2026-09-01T00:00:00+00:00
2025-03-13,USD,1,0.023174030884910848,SYNTHETIC: seeded teaching dataset; not observed market data,2026-09-01T00:00:00+00:00
2025-03-13,USD,2,0.024995298404370463,SYNTHETIC: seeded teaching dataset; not observed market data,2026-09-01T00:00:00+00:00
2025-03-13,USD,5,0.031134166299432338,SYNTHETIC: seeded teaching dataset; not observed market data,2026-09-01T00:00:00+00:00
2025-03-13,USD,10,0.018345859731136074,SYNTHETIC: seeded teaching dataset; not observed market data,2026-09-01T00:00:00+00:00
2025-03-13,USD,30,0.03829180716503935,SYNTHETIC: seeded teaching dataset; not observed market data,2026-09-01T00:00:00+00:00
2025-03-14,CAD,1,0.007220080753195728,SYNTHETIC: seeded teaching dataset; not observed market data,2026-09-01T00:00:00+00:00
2025-03-14,CAD,2,0.018940110488258256,SYNTHETIC: seeded teaching dataset; not observed market data,2026-09-01T00:00:00+00:00
2025-03-14,CAD,5,0.015188400527131472,SYNTHETIC: seeded teaching dataset; not observed market data,2026-09-01T00:00:00+00:00
2025-03-14,CAD,10,0.02190898708636372,SYNTHETIC: seeded teaching dataset; not observed market data,2026-09-01T00:00:00+00:00
2025-03-14,CAD,30,0.04682826718242901,SYNTHETIC: seeded teaching dataset; not observed market data,2026-09-01T00:00:00+00:00
2025-03-14,USD,1,0.02351880889084879,SYNTHETIC: seeded teaching dataset; not observed market data,2026-09-01T00:00:00+00:00
2025-03-14,USD,2,0.025090840793957243,SYNTHETIC: seeded teaching dataset; not observed market data,2026-09-01T00:00:00+00:00
2025-03-14,USD,5,0.03168693141060358,SYNTHETIC: seeded teaching dataset; not observed market data,2026-09-01T00:00:00+00:00
2025-03-14,USD,10,0.018647491754878214,SYNTHETIC: seeded teaching dataset; not observed market data,2026-09-01T00:00:00+00:00
2025-03-14,USD,30,0.038474923656738456,SYNTHETIC: seeded teaching dataset; not observed market data,2026-09-01T00:00:00+00:00
2025-03-17,CAD,1,0.008450915635174683,SYNTHETIC: seeded teaching dataset; not observed market data,2026-09-01T00:00:00+00:00
2025-03-17,CAD,2,0.01984132194939235,SYNTHETIC: seeded teaching dataset; not observed market data,2026-09-01T00:00:00+00:00
2025-03-17,CAD,5,0.015093955741313347,SYNTHETIC: seeded teaching dataset; not observed market data,2026-09-01T00:00:00+00:00
2025-03-17,CAD,10,0.02235513316912332,SYNTHETIC: seeded teaching dataset; not observed market data,2026-09-01T00:00:00+00:00
2025-03-17,CAD,30,0.047201307026518126,SYNTHETIC: seeded teaching dataset; not observed market data,2026-09-01T00:00:00+00:00
2025-03-17,USD,1,0.02442552289363317,SYNTHETIC: seeded teaching dataset; not observed market data,2026-09-01T00:00:00+00:00
2025-03-17,USD,2,0.025744129779598515,SYNTHETIC: seeded teaching dataset; not observed market data,2026-09-01T00:00:00+00:00
2025-03-17,USD,5,0.032312207142761576,SYNTHETIC: seeded teaching dataset; not observed market data,2026-09-01T00:00:00+00:00
2025-03-17,USD,10,0.01933419165132606,SYNTHETIC: seeded teaching dataset; not observed market data,2026-09-01T00:00:00+00:00
2025-03-17,USD,30,0.03940764218835938,SYNTHETIC: seeded teaching dataset; not observed market data,2026-09-01T00:00:00+00:00
2025-03-18,CAD,1,0.007778700887311019,SYNTHETIC: seeded teaching dataset; not observed market data,2026-09-01T00:00:00+00:00
2025-03-18,CAD,2,0.019580485725491183,SYNTHETIC: seeded teaching dataset; not observed market data,2026-09-01T00:00:00+00:00
2025-03-18,CAD,5,0.014791341905093566,SYNTHETIC: seeded teaching dataset; not observed market data,2026-09-01T00:00:00+00:00
2025-03-18,CAD,10,0.021977766001418722,SYNTHETIC: seeded teaching dataset; not observed market data,2026-09-01T00:00:00+00:00
2025-03-18,CAD,30,0.046277245118935606,SYNTHETIC: seeded teaching dataset; not observed market data,2026-09-01T00:00:00+00:00
2025-03-18,USD,1,0.023211709715105795,SYNTHETIC: seeded teaching dataset; not observed market data,2026-09-01T00:00:00+00:00
2025-03-18,USD,2,0.025135238692732084,SYNTHETIC: seeded teaching dataset; not observed market data,2026-09-01T00:00:00+00:00
2025-03-18,USD,5,0.032204946160538386,SYNTHETIC: seeded teaching dataset; not observed market data,2026-09-01T00:00:00+00:00
2025-03-18,USD,10,0.01866254778729737,SYNTHETIC: seeded teaching dataset; not observed market data,2026-09-01T00:00:00+00:00
2025-03-18,USD,30,0.03917213322190722,SYNTHETIC: seeded teaching dataset; not observed market data,2026-09-01T00:00:00+00:00
2025-03-19,CAD,1,0.008568661655082344,SYNTHETIC: seeded teaching dataset; not observed market data,2026-09-01T00:00:00+00:00
2025-03-19,CAD,2,0.020097331819472604,SYNTHETIC: seeded teaching dataset; not observed market data,2026-09-01T00:00:00+00:00
2025-03-19,CAD,5,0.01482539328701685,SYNTHETIC: seeded teaching dataset; not observed market data,2026-09-01T00:00:00+00:00
2025-03-19,CAD,10,0.0225623544536679,SYNTHETIC: seeded teaching dataset; not observed market data,2026-09-01T00:00:00+00:00
2025-03-19,CAD,30,0.04656192991574012,SYNTHETIC: seeded teaching dataset; not observed market data,2026-09-01T00:00:00+00:00
2025-03-19,USD,1,0.024005656245000954,SYNTHETIC: seeded teaching dataset; not observed market data,2026-09-01T00:00:00+00:00
2025-03-19,USD,2,0.025348906767704286,SYNTHETIC: seeded teaching dataset; not observed market data,2026-09-01T00:00:00+00:00
2025-03-19,USD,5,0.032236975847493715,SYNTHETIC: seeded teaching dataset; not observed market data,2026-09-01T00:00:00+00:00
2025-03-19,USD,10,0.018548859757786213,SYNTHETIC: seeded teaching dataset; not observed market data,2026-09-01T00:00:00+00:00
2025-03-19,USD,30,0.03969607409768733,SYNTHETIC: seeded teaching dataset; not observed market data,2026-09-01T00:00:00+00:00
2025-03-20,CAD,1,0.008460303209251892,SYNTHETIC: seeded teaching dataset; not observed market data,2026-09-01T00:00:00+00:00
2025-03-20,CAD,2,0.020231066540719607,SYNTHETIC: seeded teaching dataset; not observed market data,2026-09-01T00:00:00+00:00
2025-03-20,CAD,5,0.015169709752875408,SYNTHETIC: seeded teaching dataset; not observed market data,2026-09-01T00:00:00+00:00
2025-03-20,CAD,10,0.02211403320638388,SYNTHETIC: seeded teaching dataset; not observed market data,2026-09-01T00:00:00+00:00
2025-03-20,CAD,30,0.04615695659561932,SYNTHETIC: seeded teaching dataset; not observed market data,2026-09-01T00:00:00+00:00
2025-03-20,USD,1,0.023647472112817414,SYNTHETIC: seeded teaching dataset; not observed market data,2026-09-01T00:00:00+00:00
2025-03-20,USD,2,0.024909563922008902,SYNTHETIC: seeded teaching dataset; not observed market data,2026-09-01T00:00:00+00:00
2025-03-20,USD,5,0.03196543157343408,SYNTHETIC: seeded teaching dataset; not observed market data,2026-09-01T00:00:00+00:00
2025-03-20,USD,10,0.018526393402185485,SYNTHETIC: seeded teaching dataset; not observed market data,2026-09-01T00:00:00+00:00
2025-03-20,USD,30,0.03971845661113697,SYNTHETIC: seeded teaching dataset; not observed market data,2026-09-01T00:00:00+00:00
2025-03-21,CAD,1,0.008456170944022515,SYNTHETIC: seeded teaching dataset; not observed market data,2026-09-01T00:00:00+00:00
2025-03-21,CAD,2,0.02084136749655932,SYNTHETIC: seeded teaching dataset; not observed market data,2026-09-01T00:00:00+00:00
2025-03-21,CAD,5,0.01496226293999402,SYNTHETIC: seeded teaching dataset; not observed market data,2026-09-01T00:00:00+00:00
2025-03-21,CAD,10,0.022615730591552113,SYNTHETIC: seeded teaching dataset; not observed market data,2026-09-01T00:00:00+00:00
2025-03-21,CAD,30,0.04671853865920882,SYNTHETIC: seeded teaching dataset; not observed market data,2026-09-01T00:00:00+00:00
2025-03-21,USD,1,0.023535807401885562,SYNTHETIC: seeded teaching dataset; not observed market data,2026-09-01T00:00:00+00:00
2025-03-21,USD,2,0.025171900235518224,SYNTHETIC: seeded teaching dataset; not observed market data,2026-09-01T00:00:00+00:00
2025-03-21,USD,5,0.03210893678121564,SYNTHETIC: seeded teaching dataset; not observed market data,2026-09-01T00:00:00+00:00
2025-03-21,USD,10,0.018725760886228356,SYNTHETIC: seeded teaching dataset; not observed market data,2026-09-01T00:00:00+00:00
2025-03-21,USD,30,0.039907594259962785,SYNTHETIC: seeded teaching dataset; not observed market data,2026-09-01T00:00:00+00:00
2025-03-24,CAD,1,0.007953574050602898,SYNTHETIC: seeded teaching dataset; not observed market data,2026-09-01T00:00:00+00:00
2025-03-24,CAD,2,0.02082179405855021,SYNTHETIC: seeded teaching dataset; not observed market data,2026-09-01T00:00:00+00:00
2025-03-24,CAD,5,0.014108198220527977,SYNTHETIC: seeded teaching dataset; not observed market data,2026-09-01T00:00:00+00:00
2025-03-24,CAD,10,0.02194421341361811,SYNTHETIC: seeded teaching dataset; not observed market data,2026-09-01T00:00:00+00:00
2025-03-24,CAD,30,0.04719001457088227,SYNTHETIC: seeded teaching dataset; not observed market data,2026-09-01T00:00:00+00:00
2025-03-24,USD,1,0.023270248786500424,SYNTHETIC: seeded teaching dataset; not observed market data,2026-09-01T00:00:00+00:00
2025-03-24,USD,2,0.024983401892251487,SYNTHETIC: seeded teaching dataset; not observed market data,2026-09-01T00:00:00+00:00
2025-03-24,USD,5,0.031367167171786,SYNTHETIC: seeded teaching dataset; not observed market data,2026-09-01T00:00:00+00:00
2025-03-24,USD,10,0.01855713281454721,SYNTHETIC: seeded teaching dataset; not observed market data,2026-09-01T00:00:00+00:00
2025-03-24,USD,30,0.03960863313511956,SYNTHETIC: seeded teaching dataset; not observed market data,2026-09-01T00:00:00+00:00
2025-03-25,CAD,1,0.007622293950399633,SYNTHETIC: seeded teaching dataset; not observed market data,2026-09-01T00:00:00+00:00
2025-03-25,CAD,2,0.020644760849373563,SYNTHETIC: seeded teaching dataset; not observed market data,2026-09-01T00:00:00+00:00
2025-03-25,CAD,5,0.014485685749926081,SYNTHETIC: seeded teaching dataset; not observed market data,2026-09-01T00:00:00+00:00
2025-03-25,CAD,10,0.022186106393846425,SYNTHETIC: seeded teaching dataset; not observed market data,2026-09-01T00:00:00+00:00
2025-03-25,CAD,30,0.04686380899081351,SYNTHETIC: seeded teaching dataset; not observed market data,2026-09-01T00:00:00+00:00
2025-03-25,USD,1,0.02295884056801958,SYNTHETIC: seeded teaching dataset; not observed market data,2026-09-01T00:00:00+00:00
2025-03-25,USD,2,0.025345324618873833,SYNTHETIC: seeded teaching dataset; not observed market data,2026-09-01T00:00:00+00:00
2025-03-25,USD,5,0.0312878100052617,SYNTHETIC: seeded teaching dataset; not observed market data,2026-09-01T00:00:00+00:00
2025-03-25,USD,10,0.017682859924907916,SYNTHETIC: seeded teaching dataset; not observed market data,2026-09-01T00:00:00+00:00
2025-03-25,USD,30,0.03982397628244877,SYNTHETIC: seeded teaching dataset; not observed market data,2026-09-01T00:00:00+00:00
2025-03-26,CAD,1,0.007876205507812341,SYNTHETIC: seeded teaching dataset; not observed market data,2026-09-01T00:00:00+00:00
2025-03-26,CAD,2,0.021528208507062073,SYNTHETIC: seeded teaching dataset; not observed market data,2026-09-01T00:00:00+00:00
2025-03-26,CAD,5,0.015117937019702158,SYNTHETIC: seeded teaching dataset; not observed market data,2026-09-01T00:00:00+00:00
2025-03-26,CAD,10,0.02284751180454564,SYNTHETIC: seeded teaching dataset; not observed market data,2026-09-01T00:00:00+00:00
2025-03-26,CAD,30,0.04708801603603703,SYNTHETIC: seeded teaching dataset; not observed market data,2026-09-01T00:00:00+00:00
2025-03-26,USD,1,0.023398321356733396,SYNTHETIC: seeded teaching dataset; not observed market data,2026-09-01T00:00:00+00:00
2025-03-26,USD,2,0.025862072727992874,SYNTHETIC: seeded teaching dataset; not observed market data,2026-09-01T00:00:00+00:00
2025-03-26,USD,5,0.031296555146994,SYNTHETIC: seeded teaching dataset; not observed market data,2026-09-01T00:00:00+00:00
2025-03-26,USD,10,0.018222171299345915,SYNTHETIC: seeded teaching dataset; not observed market data,2026-09-01T00:00:00+00:00
2025-03-26,USD,30,0.04084018051716312,SYNTHETIC: seeded teaching dataset; not observed market data,2026-09-01T00:00:00+00:00
2025-03-27,CAD,1,0.0073727025030579894,SYNTHETIC: seeded teaching dataset; not observed market data,2026-09-01T00:00:00+00:00
2025-03-27,CAD,2,0.02104218653304988,SYNTHETIC: seeded teaching dataset; not observed market data,2026-09-01T00:00:00+00:00
2025-03-27,CAD,5,0.01511793009510094,SYNTHETIC: seeded teaching dataset; not observed market data,2026-09-01T00:00:00+00:00
2025-03-27,CAD,10,0.02304185035562986,SYNTHETIC: seeded teaching dataset; not observed market data,2026-09-01T00:00:00+00:00
2025-03-27,CAD,30,0.04659917298101208,SYNTHETIC: seeded teaching dataset; not observed market data,2026-09-01T00:00:00+00:00
2025-03-27,USD,1,0.023261365038226036,SYNTHETIC: seeded teaching dataset; not observed market data,2026-09-01T00:00:00+00:00
2025-03-27,USD,2,0.025283251528616706,SYNTHETIC: seeded teaching dataset; not observed market data,2026-09-01T00:00:00+00:00
2025-03-27,USD,5,0.031376280167677004,SYNTHETIC: seeded teaching dataset; not observed market data,2026-09-01T00:00:00+00:00
2025-03-27,USD,10,0.018360044891540913,SYNTHETIC: seeded teaching dataset; not observed market data,2026-09-01T00:00:00+00:00
2025-03-27,USD,30,0.04096494292836354,SYNTHETIC: seeded teaching dataset; not observed market data,2026-09-01T00:00:00+00:00
2025-03-28,CAD,1,0.007680234741571566,SYNTHETIC: seeded teaching dataset; not observed market data,2026-09-01T00:00:00+00:00
2025-03-28,CAD,2,0.021194582137387057,SYNTHETIC: seeded teaching dataset; not observed market data,2026-09-01T00:00:00+00:00
2025-03-28,CAD,5,0.01493693029053875,SYNTHETIC: seeded teaching dataset; not observed market data,2026-09-01T00:00:00+00:00
2025-03-28,CAD,10,0.023107090280780354,SYNTHETIC: seeded teaching dataset; not observed market data,2026-09-01T00:00:00+00:00
2025-03-28,CAD,30,0.04682029945468928,SYNTHETIC: seeded teaching dataset; not observed market data,2026-09-01T00:00:00+00:00
2025-03-28,USD,1,0.02314971348475706,SYNTHETIC: seeded teaching dataset; not observed market data,2026-09-01T00:00:00+00:00
2025-03-28,USD,2,0.024937063126008872,SYNTHETIC: seeded teaching dataset; not observed market data,2026-09-01T00:00:00+00:00
2025-03-28,USD,5,0.03180331756777731,SYNTHETIC: seeded teaching dataset; not observed market data,2026-09-01T00:00:00+00:00
2025-03-28,USD,10,0.018029392822026168,SYNTHETIC: seeded teaching dataset; not observed market data,2026-09-01T00:00:00+00:00
2025-03-28,USD,30,0.041553084909547344,SYNTHETIC: seeded teaching dataset; not observed market data,2026-09-01T00:00:00+00:00
2025-03-31,CAD,1,0.00763392641684393,SYNTHETIC: seeded teaching dataset; not observed market data,2026-09-01T00:00:00+00:00
2025-03-31,CAD,2,0.020272827186549984,SYNTHETIC: seeded teaching dataset; not observed market data,2026-09-01T00:00:00+00:00
2025-03-31,CAD,5,0.01388490346086502,SYNTHETIC: seeded teaching dataset; not observed market data,2026-09-01T00:00:00+00:00
2025-03-31,CAD,10,0.02255797729369382,SYNTHETIC: seeded teaching dataset; not observed market data,2026-09-01T00:00:00+00:00
2025-03-31,CAD,30,0.04645657719583236,SYNTHETIC: seeded teaching dataset; not observed market data,2026-09-01T00:00:00+00:00
2025-03-31,USD,1,0.023069057665059043,SYNTHETIC: seeded teaching dataset; not observed market data,2026-09-01T00:00:00+00:00
2025-03-31,USD,2,0.023973708532034173,SYNTHETIC: seeded teaching dataset; not observed market data,2026-09-01T00:00:00+00:00
2025-03-31,USD,5,0.031243619158606212,SYNTHETIC: seeded teaching dataset; not observed market data,2026-09-01T00:00:00+00:00
2025-03-31,USD,10,0.018034796134671797,SYNTHETIC: seeded teaching dataset; not observed market data,2026-09-01T00:00:00+00:00
2025-03-31,USD,30,0.04131406768553335,SYNTHETIC: seeded teaching dataset; not observed market data,2026-09-01T00:00:00+00:00
2025-04-01,CAD,1,0.008138557863431758,SYNTHETIC: seeded teaching dataset; not observed market data,2026-09-01T00:00:00+00:00
2025-04-01,CAD,2,0.021122082725723273,SYNTHETIC: seeded teaching dataset; not observed market data,2026-09-01T00:00:00+00:00
2025-04-01,CAD,5,0.01491497139940241,SYNTHETIC: seeded teaching dataset; not observed market data,2026-09-01T00:00:00+00:00
2025-04-01,CAD,10,0.023815961494787326,SYNTHETIC: seeded teaching dataset; not observed market data,2026-09-01T00:00:00+00:00
2025-04-01,CAD,30,0.04675825648065059,SYNTHETIC: seeded teaching dataset; not observed market data,2026-09-01T00:00:00+00:00
2025-04-01,USD,1,0.024289982169929728,SYNTHETIC: seeded teaching dataset; not observed market data,2026-09-01T00:00:00+00:00
2025-04-01,USD,2,0.024399233088182214,SYNTHETIC: seeded teaching dataset; not observed market data,2026-09-01T00:00:00+00:00
2025-04-01,USD,5,0.03250165878594807,SYNTHETIC: seeded teaching dataset; not observed market data,2026-09-01T00:00:00+00:00
2025-04-01,USD,10,0.019112432980348523,SYNTHETIC: seeded teaching dataset; not observed market data,2026-09-01T00:00:00+00:00
2025-04-01,USD,30,0.04265099223019137,SYNTHETIC: seeded teaching dataset; not observed market data,2026-09-01T00:00:00+00:00
2025-04-02,CAD,1,0.007631674378222857,SYNTHETIC: seeded teaching dataset; not observed market data,2026-09-01T00:00:00+00:00
2025-04-02,CAD,2,0.02080042789448317,SYNTHETIC: seeded teaching dataset; not observed market data,2026-09-01T00:00:00+00:00
2025-04-02,CAD,5,0.014183547750943017,SYNTHETIC: seeded teaching dataset; not observed market data,2026-09-01T00:00:00+00:00
2025-04-02,CAD,10,0.022903611135192896,SYNTHETIC: seeded teaching dataset; not observed market data,2026-09-01T00:00:00+00:00
2025-04-02,CAD,30,0.046726602582049345,SYNTHETIC: seeded teaching dataset; not observed market data,2026-09-01T00:00:00+00:00
2025-04-02,USD,1,0.02330552566963835,SYNTHETIC: seeded teaching dataset; not observed market data,2026-09-01T00:00:00+00:00
2025-04-02,USD,2,0.024167609573038307,SYNTHETIC: seeded teaching dataset; not observed market data,2026-09-01T00:00:00+00:00
2025-04-02,USD,5,0.03222205341849122,SYNTHETIC: seeded teaching dataset; not observed market data,2026-09-01T00:00:00+00:00
2025-04-02,USD,10,0.018870288712537497,SYNTHETIC: seeded teaching dataset; not observed market data,2026-09-01T00:00:00+00:00
2025-04-02,USD,30,0.04174288771419868,SYNTHETIC: seeded teaching dataset; not observed market data,2026-09-01T00:00:00+00:00
2025-04-03,CAD,1,0.008267791641953664,SYNTHETIC: seeded teaching dataset; not observed market data,2026-09-01T00:00:00+00:00
2025-04-03,CAD,2,0.02106135272145706,SYNTHETIC: seeded teaching dataset; not observed market data,2026-09-01T00:00:00+00:00
2025-04-03,CAD,5,0.014479065612975028,SYNTHETIC: seeded teaching dataset; not observed market data,2026-09-01T00:00:00+00:00
2025-04-03,CAD,10,0.023448244423782932,SYNTHETIC: seeded teaching dataset; not observed market data,2026-09-01T00:00:00+00:00
2025-04-03,CAD,30,0.0459897204291548,SYNTHETIC: seeded teaching dataset; not observed market data,2026-09-01T00:00:00+00:00
2025-04-03,USD,1,0.023456870517196377,SYNTHETIC: seeded teaching dataset; not observed market data,2026-09-01T00:00:00+00:00
2025-04-03,USD,2,0.024550544464085125,SYNTHETIC: seeded teaching dataset; not observed market data,2026-09-01T00:00:00+00:00
2025-04-03,USD,5,0.032350875765010896,SYNTHETIC: seeded teaching dataset; not observed market data,2026-09-01T00:00:00+00:00
2025-04-03,USD,10,0.02006524967066425,SYNTHETIC: seeded teaching dataset; not observed market data,2026-09-01T00:00:00+00:00
2025-04-03,USD,30,0.041694818060920125,SYNTHETIC: seeded teaching dataset; not observed market data,2026-09-01T00:00:00+00:00
2025-04-04,CAD,1,0.007689500182455334,SYNTHETIC: seeded teaching dataset; not observed market data,2026-09-01T00:00:00+00:00
2025-04-04,CAD,2,0.020201142168367672,SYNTHETIC: seeded teaching dataset; not observed market data,2026-09-01T00:00:00+00:00
2025-04-04,CAD,5,0.013420383126836067,SYNTHETIC: seeded teaching dataset; not observed market data,2026-09-01T00:00:00+00:00
2025-04-04,CAD,10,0.02322814412938852,SYNTHETIC: seeded teaching dataset; not observed market data,2026-09-01T00:00:00+00:00
2025-04-04,CAD,30,0.045716671049585926,SYNTHETIC: seeded teaching dataset; not observed market data,2026-09-01T00:00:00+00:00
2025-04-04,USD,1,0.022203928337442624,SYNTHETIC: seeded teaching dataset; not observed market data,2026-09-01T00:00:00+00:00
2025-04-04,USD,2,0.02449121213493746,SYNTHETIC: seeded teaching dataset; not observed market data,2026-09-01T00:00:00+00:00
2025-04-04,USD,5,0.03221501352612324,SYNTHETIC: seeded teaching dataset; not observed market data,2026-09-01T00:00:00+00:00
2025-04-04,USD,10,0.01990492557261909,SYNTHETIC: seeded teaching dataset; not observed market data,2026-09-01T00:00:00+00:00
2025-04-04,USD,30,0.0413654365083017,SYNTHETIC: seeded teaching dataset; not observed market data,2026-09-01T00:00:00+00:00
2025-04-07,CAD,1,0.007484408292219569,SYNTHETIC: seeded teaching dataset; not observed market data,2026-09-01T00:00:00+00:00
2025-04-07,CAD,2,0.01942846974334589,SYNTHETIC: seeded teaching dataset; not observed market data,2026-09-01T00:00:00+00:00
2025-04-07,CAD,5,0.013219579539040936,SYNTHETIC: seeded teaching dataset; not observed market data,2026-09-01T00:00:00+00:00
2025-04-07,CAD,10,0.023844770293399507,SYNTHETIC: seeded teaching dataset; not observed market data,2026-09-01T00:00:00+00:00
2025-04-07,CAD,30,0.04593464921033685,SYNTHETIC: seeded teaching dataset; not observed market data,2026-09-01T00:00:00+00:00
2025-04-07,USD,1,0.02227937828129761,SYNTHETIC: seeded teaching dataset; not observed market data,2026-09-01T00:00:00+00:00
2025-04-07,USD,2,0.024221980863614174,SYNTHETIC: seeded teaching dataset; not observed market data,2026-09-01T00:00:00+00:00
2025-04-07,USD,5,0.032056527894902,SYNTHETIC: seeded teaching dataset; not observed market data,2026-09-01T00:00:00+00:00
2025-04-07,USD,10,0.019280923182468768,SYNTHETIC: seeded teaching dataset; not observed market data,2026-09-01T00:00:00+00:00
2025-04-07,USD,30,0.04092010225121676,SYNTHETIC: seeded teaching dataset; not observed market data,2026-09-01T00:00:00+00:00
2025-04-08,CAD,1,0.007474208813160122,SYNTHETIC: seeded teaching dataset; not observed market data,2026-09-01T00:00:00+00:00
2025-04-08,CAD,2,0.019699977128042688,SYNTHETIC: seeded teaching dataset; not observed market data,2026-09-01T00:00:00+00:00
2025-04-08,CAD,5,0.012948173834695608,SYNTHETIC: seeded teaching dataset; not observed market data,2026-09-01T00:00:00+00:00
2025-04-08,CAD,10,0.023586271849830497,SYNTHETIC: seeded teaching dataset; not observed market data,2026-09-01T00:00:00+00:00
2025-04-08,CAD,30,0.04556662279780179,SYNTHETIC: seeded teaching dataset; not observed market data,2026-09-01T00:00:00+00:00
2025-04-08,USD,1,0.02199220453843417,SYNTHETIC: seeded teaching dataset; not observed market data,2026-09-01T00:00:00+00:00
2025-04-08,USD,2,0.0243301626383523,SYNTHETIC: seeded teaching dataset; not observed market data,2026-09-01T00:00:00+00:00
2025-04-08,USD,5,0.0321907358354375,SYNTHETIC: seeded teaching dataset; not observed market data,2026-09-01T00:00:00+00:00
2025-04-08,USD,10,0.01935498767032093,SYNTHETIC: seeded teaching dataset; not observed market data,2026-09-01T00:00:00+00:00
2025-04-08,USD,30,0.04062919285980793,SYNTHETIC: seeded teaching dataset; not observed market data,2026-09-01T00:00:00+00:00
2025-04-09,CAD,1,0.007598592361361716,SYNTHETIC: seeded teaching dataset; not observed market data,2026-09-01T00:00:00+00:00
2025-04-09,CAD,2,0.019395155633125792,SYNTHETIC: seeded teaching dataset; not observed market data,2026-09-01T00:00:00+00:00
2025-04-09,CAD,5,0.013105633254668642,SYNTHETIC: seeded teaching dataset; not observed market data,2026-09-01T00:00:00+00:00
2025-04-09,CAD,10,0.02374267056218833,SYNTHETIC: seeded teaching dataset; not observed market data,2026-09-01T00:00:00+00:00
2025-04-09,CAD,30,0.046108817669141926,SYNTHETIC: seeded teaching dataset; not observed market data,2026-09-01T00:00:00+00:00
2025-04-09,USD,1,0.0220283747895712,SYNTHETIC: seeded teaching dataset; not observed market data,2026-09-01T00:00:00+00:00
2025-04-09,USD,2,0.024307243712050248,SYNTHETIC: seeded teaching dataset; not observed market data,2026-09-01T00:00:00+00:00
2025-04-09,USD,5,0.03193051204879331,SYNTHETIC: seeded teaching dataset; not observed market data,2026-09-01T00:00:00+00:00
2025-04-09,USD,10,0.019300666614383302,SYNTHETIC: seeded teaching dataset; not observed market data,2026-09-01T00:00:00+00:00
2025-04-09,USD,30,0.040380677792651684,SYNTHETIC: seeded teaching dataset; not observed market data,2026-09-01T00:00:00+00:00
2025-04-10,CAD,1,0.007278613650150579,SYNTHETIC: seeded teaching dataset; not observed market data,2026-09-01T00:00:00+00:00
2025-04-10,CAD,2,0.019460787272901778,SYNTHETIC: seeded teaching dataset; not observed market data,2026-09-01T00:00:00+00:00
2025-04-10,CAD,5,0.012699774281428235,SYNTHETIC: seeded teaching dataset; not observed market data,2026-09-01T00:00:00+00:00
2025-04-10,CAD,10,0.023479926015057544,SYNTHETIC: seeded teaching dataset; not observed market data,2026-09-01T00:00:00+00:00
2025-04-10,CAD,30,0.045917441211509806,SYNTHETIC: seeded teaching dataset; not observed market data,2026-09-01T00:00:00+00:00
2025-04-10,USD,1,0.021742628398625213,SYNTHETIC: seeded teaching dataset; not observed market data,2026-09-01T00:00:00+00:00
2025-04-10,USD,2,0.023819391553262133,SYNTHETIC: seeded teaching dataset; not observed market data,2026-09-01T00:00:00+00:00
2025-04-10,USD,5,0.03180608128697063,SYNTHETIC: seeded teaching dataset; not observed market data,2026-09-01T00:00:00+00:00
2025-04-10,USD,10,0.019646394073689007,SYNTHETIC: seeded teaching dataset; not observed market data,2026-09-01T00:00:00+00:00
2025-04-10,USD,30,0.04072845278844543,SYNTHETIC: seeded teaching dataset; not observed market data,2026-09-01T00:00:00+00:00
2025-04-11,CAD,1,0.006691598178491225,SYNTHETIC: seeded teaching dataset; not observed market data,2026-09-01T00:00:00+00:00
2025-04-11,CAD,2,0.019231545993234518,SYNTHETIC: seeded teaching dataset; not observed market data,2026-09-01T00:00:00+00:00
2025-04-11,CAD,5,0.013035545221255652,SYNTHETIC: seeded teaching dataset; not observed market data,2026-09-01T00:00:00+00:00
2025-04-11,CAD,10,0.02337744661910096,SYNTHETIC: seeded teaching dataset; not observed market data,2026-09-01T00:00:00+00:00
2025-04-11,CAD,30,0.045654976392167146,SYNTHETIC: seeded teaching dataset; not observed market data,2026-09-01T00:00:00+00:00
2025-04-11,USD,1,0.022063395182013886,SYNTHETIC: seeded teaching dataset; not observed market data,2026-09-01T00:00:00+00:00
2025-04-11,USD,2,0.023340825199563604,SYNTHETIC: seeded teaching dataset; not observed market data,2026-09-01T00:00:00+00:00
2025-04-11,USD,5,0.031158099465664932,SYNTHETIC: seeded teaching dataset; not observed market data,2026-09-01T00:00:00+00:00
2025-04-11,USD,10,0.0197005688375264,SYNTHETIC: seeded teaching dataset; not observed market data,2026-09-01T00:00:00+00:00
2025-04-11,USD,30,0.04137450039600654,SYNTHETIC: seeded teaching dataset; not observed market data,2026-09-01T00:00:00+00:00
2025-04-14,CAD,1,0.005872413318948198,SYNTHETIC: seeded teaching dataset; not observed market data,2026-09-01T00:00:00+00:00
2025-04-14,CAD,2,0.019097500150057505,SYNTHETIC: seeded teaching dataset; not observed market data,2026-09-01T00:00:00+00:00
2025-04-14,CAD,5,0.012386219446357306,SYNTHETIC: seeded teaching dataset; not observed market data,2026-09-01T00:00:00+00:00
2025-04-14,CAD,10,0.02337313342823824,SYNTHETIC: seeded teaching dataset; not observed market data,2026-09-01T00:00:00+00:00
2025-04-14,CAD,30,0.04551808773070072,SYNTHETIC: seeded teaching dataset; not observed market data,2026-09-01T00:00:00+00:00
2025-04-14,USD,1,0.021864276716703417,SYNTHETIC: seeded teaching dataset; not observed market data,2026-09-01T00:00:00+00:00
2025-04-14,USD,2,0.023134820883351358,SYNTHETIC: seeded teaching dataset; not observed market data,2026-09-01T00:00:00+00:00
2025-04-14,USD,5,0.031498824646463704,SYNTHETIC: seeded teaching dataset; not observed market data,2026-09-01T00:00:00+00:00
2025-04-14,USD,10,0.020016169776412893,SYNTHETIC: seeded teaching dataset; not observed market data,2026-09-01T00:00:00+00:00
2025-04-14,USD,30,0.040878038597120844,SYNTHETIC: seeded teaching dataset; not observed market data,2026-09-01T00:00:00+00:00
2025-04-15,CAD,1,0.005904144284319519,SYNTHETIC: seeded teaching dataset; not observed market data,2026-09-01T00:00:00+00:00
2025-04-15,CAD,2,0.018902692662271577,SYNTHETIC: seeded teaching dataset; not observed market data,2026-09-01T00:00:00+00:00
2025-04-15,CAD,5,0.013491216697784986,SYNTHETIC: seeded teaching dataset; not observed market data,2026-09-01T00:00:00+00:00
2025-04-15,CAD,10,0.023613189291369574,SYNTHETIC: seeded teaching dataset; not observed market data,2026-09-01T00:00:00+00:00
2025-04-15,CAD,30,0.045918669996012684,SYNTHETIC: seeded teaching dataset; not observed market data,2026-09-01T00:00:00+00:00
2025-04-15,USD,1,0.022760447216047686,SYNTHETIC: seeded teaching dataset; not observed market data,2026-09-01T00:00:00+00:00
2025-04-15,USD,2,0.023472564274111613,SYNTHETIC: seeded teaching dataset; not observed market data,2026-09-01T00:00:00+00:00
2025-04-15,USD,5,0.03220067409642346,SYNTHETIC: seeded teaching dataset; not observed market data,2026-09-01T00:00:00+00:00
2025-04-15,USD,10,0.020391131971089823,SYNTHETIC: seeded teaching dataset; not observed market data,2026-09-01T00:00:00+00:00
2025-04-15,USD,30,0.04086284078181226,SYNTHETIC: seeded teaching dataset; not observed market data,2026-09-01T00:00:00+00:00
2025-04-16,CAD,1,0.005407126400399198,SYNTHETIC: seeded teaching dataset; not observed market data,2026-09-01T00:00:00+00:00
2025-04-16,CAD,2,0.019270782697182146,SYNTHETIC: seeded teaching dataset; not observed market data,2026-09-01T00:00:00+00:00
2025-04-16,CAD,5,0.014039965608632996,SYNTHETIC: seeded teaching dataset; not observed market data,2026-09-01T00:00:00+00:00
2025-04-16,CAD,10,0.02379918505464617,SYNTHETIC: seeded teaching dataset; not observed market data,2026-09-01T00:00:00+00:00
2025-04-16,CAD,30,0.045929917839468454,SYNTHETIC: seeded teaching dataset; not observed market data,2026-09-01T00:00:00+00:00
2025-04-16,USD,1,0.02381182426825294,SYNTHETIC: seeded teaching dataset; not observed market data,2026-09-01T00:00:00+00:00
2025-04-16,USD,2,0.023907846993578875,SYNTHETIC: seeded teaching dataset; not observed market data,2026-09-01T00:00:00+00:00
2025-04-16,USD,5,0.032382794786039434,SYNTHETIC: seeded teaching dataset; not observed market data,2026-09-01T00:00:00+00:00
2025-04-16,USD,10,0.020723802193468505,SYNTHETIC: seeded teaching dataset; not observed market data,2026-09-01T00:00:00+00:00
2025-04-16,USD,30,0.04100449978147651,SYNTHETIC: seeded teaching dataset; not observed market data,2026-09-01T00:00:00+00:00
2025-04-17,CAD,1,0.005817893949695455,SYNTHETIC: seeded teaching dataset; not observed market data,2026-09-01T00:00:00+00:00
2025-04-17,CAD,2,0.019414061454346133,SYNTHETIC: seeded teaching dataset; not observed market data,2026-09-01T00:00:00+00:00
2025-04-17,CAD,5,0.014729310933553546,SYNTHETIC: seeded teaching dataset; not observed market data,2026-09-01T00:00:00+00:00
2025-04-17,CAD,10,0.023665391267788057,SYNTHETIC: seeded teaching dataset; not observed market data,2026-09-01T00:00:00+00:00
2025-04-17,CAD,30,0.045882045464731645,SYNTHETIC: seeded teaching dataset; not observed market data,2026-09-01T00:00:00+00:00
2025-04-17,USD,1,0.02390342959563432,SYNTHETIC: seeded teaching dataset; not observed market data,2026-09-01T00:00:00+00:00
2025-04-17,USD,2,0.024099767055034846,SYNTHETIC: seeded teaching dataset; not observed market data,2026-09-01T00:00:00+00:00
2025-04-17,USD,5,0.0324396160897958,SYNTHETIC: seeded teaching dataset; not observed market data,2026-09-01T00:00:00+00:00
2025-04-17,USD,10,0.020441443055902543,SYNTHETIC: seeded teaching dataset; not observed market data,2026-09-01T00:00:00+00:00
2025-04-17,USD,30,0.041288925690976995,SYNTHETIC: seeded teaching dataset; not observed market data,2026-09-01T00:00:00+00:00
2025-04-18,CAD,1,0.005846556362390381,SYNTHETIC: seeded teaching dataset; not observed market data,2026-09-01T00:00:00+00:00
2025-04-18,CAD,2,0.0190548157839521,SYNTHETIC: seeded teaching dataset; not observed market data,2026-09-01T00:00:00+00:00
2025-04-18,CAD,5,0.014993766459082795,SYNTHETIC: seeded teaching dataset; not observed market data,2026-09-01T00:00:00+00:00
2025-04-18,CAD,10,0.023593508039088586,SYNTHETIC: seeded teaching dataset; not observed market data,2026-09-01T00:00:00+00:00
2025-04-18,CAD,30,0.045005870410728836,SYNTHETIC: seeded teaching dataset; not observed market data,2026-09-01T00:00:00+00:00
2025-04-18,USD,1,0.02408487963354552,SYNTHETIC: seeded teaching dataset; not observed market data,2026-09-01T00:00:00+00:00
2025-04-18,USD,2,0.02402326353670495,SYNTHETIC: seeded teaching dataset; not observed market data,2026-09-01T00:00:00+00:00
2025-04-18,USD,5,0.032061486645018566,SYNTHETIC: seeded teaching dataset; not observed market data,2026-09-01T00:00:00+00:00
2025-04-18,USD,10,0.019889824779593925,SYNTHETIC: seeded teaching dataset; not observed market data,2026-09-01T00:00:00+00:00
2025-04-18,USD,30,0.040931524296450854,SYNTHETIC: seeded teaching dataset; not observed market data,2026-09-01T00:00:00+00:00
2025-04-21,CAD,1,0.005728884026333789,SYNTHETIC: seeded teaching dataset; not observed market data,2026-09-01T00:00:00+00:00
2025-04-21,CAD,2,0.01880562910299042,SYNTHETIC: seeded teaching dataset; not observed market data,2026-09-01T00:00:00+00:00
2025-04-21,CAD,5,0.015007400666791761,SYNTHETIC: seeded teaching dataset; not observed market data,2026-09-01T00:00:00+00:00
2025-04-21,CAD,10,0.02263380047052966,SYNTHETIC: seeded teaching dataset; not observed market data,2026-09-01T00:00:00+00:00
2025-04-21,CAD,30,0.04545844795308629,SYNTHETIC: seeded teaching dataset; not observed market data,2026-09-01T00:00:00+00:00
2025-04-21,USD,1,0.024540942606286625,SYNTHETIC: seeded teaching dataset; not observed market data,2026-09-01T00:00:00+00:00
2025-04-21,USD,2,0.02410200285646904,SYNTHETIC: seeded teaching dataset; not observed market data,2026-09-01T00:00:00+00:00
2025-04-21,USD,5,0.03269338251880144,SYNTHETIC: seeded teaching dataset; not observed market data,2026-09-01T00:00:00+00:00
2025-04-21,USD,10,0.02005358638590342,SYNTHETIC: seeded teaching dataset; not observed market data,2026-09-01T00:00:00+00:00
2025-04-21,USD,30,0.04084222338379893,SYNTHETIC: seeded teaching dataset; not observed market data,2026-09-01T00:00:00+00:00
2025-04-22,CAD,1,0.005812590440505371,SYNTHETIC: seeded teaching dataset; not observed market data,2026-09-01T00:00:00+00:00
2025-04-22,CAD,2,0.018292416744901598,SYNTHETIC: seeded teaching dataset; not observed market data,2026-09-01T00:00:00+00:00
2025-04-22,CAD,5,0.015160676827768015,SYNTHETIC: seeded teaching dataset; not observed market data,2026-09-01T00:00:00+00:00
2025-04-22,CAD,10,0.02291881527863668,SYNTHETIC: seeded teaching dataset; not observed market data,2026-09-01T00:00:00+00:00
2025-04-22,CAD,30,0.045790486890896605,SYNTHETIC: seeded teaching dataset; not observed market data,2026-09-01T00:00:00+00:00
2025-04-22,USD,1,0.024512252238449186,SYNTHETIC: seeded teaching dataset; not observed market data,2026-09-01T00:00:00+00:00
2025-04-22,USD,2,0.02375032115696374,SYNTHETIC: seeded teaching dataset; not observed market data,2026-09-01T00:00:00+00:00
2025-04-22,USD,5,0.03324342869017443,SYNTHETIC: seeded teaching dataset; not observed market data,2026-09-01T00:00:00+00:00
2025-04-22,USD,10,0.01959484870841985,SYNTHETIC: seeded teaching dataset; not observed market data,2026-09-01T00:00:00+00:00
2025-04-22,USD,30,0.04079633069476166,SYNTHETIC: seeded teaching dataset; not observed market data,2026-09-01T00:00:00+00:00
2025-04-23,CAD,1,0.005527391087392208,SYNTHETIC: seeded teaching dataset; not observed market data,2026-09-01T00:00:00+00:00
2025-04-23,CAD,2,0.017949160440370454,SYNTHETIC: seeded teaching dataset; not observed market data,2026-09-01T00:00:00+00:00
2025-04-23,CAD,5,0.014985928322674914,SYNTHETIC: seeded teaching dataset; not observed market data,2026-09-01T00:00:00+00:00
2025-04-23,CAD,10,0.02320070548641817,SYNTHETIC: seeded teaching dataset; not observed market data,2026-09-01T00:00:00+00:00
2025-04-23,CAD,30,0.04555864144571608,SYNTHETIC: seeded teaching dataset; not observed market data,2026-09-01T00:00:00+00:00
2025-04-23,USD,1,0.024056226291956157,SYNTHETIC: seeded teaching dataset; not observed market data,2026-09-01T00:00:00+00:00
2025-04-23,USD,2,0.023918533244487016,SYNTHETIC: seeded teaching dataset; not observed market data,2026-09-01T00:00:00+00:00
2025-04-23,USD,5,0.03309008033738413,SYNTHETIC: seeded teaching dataset; not observed market data,2026-09-01T00:00:00+00:00
2025-04-23,USD,10,0.01929000889324095,SYNTHETIC: seeded teaching dataset; not observed market data,2026-09-01T00:00:00+00:00
2025-04-23,USD,30,0.04048958914150359,SYNTHETIC: seeded teaching dataset; not observed market data,2026-09-01T00:00:00+00:00
2025-04-24,CAD,1,0.005363257678705841,SYNTHETIC: seeded teaching dataset; not observed market data,2026-09-01T00:00:00+00:00
2025-04-24,CAD,2,0.01812038896698568,SYNTHETIC: seeded teaching dataset; not observed market data,2026-09-01T00:00:00+00:00
2025-04-24,CAD,5,0.01483670032123999,SYNTHETIC: seeded teaching dataset; not observed market data,2026-09-01T00:00:00+00:00
2025-04-24,CAD,10,0.023175349523211278,SYNTHETIC: seeded teaching dataset; not observed market data,2026-09-01T00:00:00+00:00
2025-04-24,CAD,30,0.045651346268837927,SYNTHETIC: seeded teaching dataset; not observed market data,2026-09-01T00:00:00+00:00
2025-04-24,USD,1,0.023696759155983165,SYNTHETIC: seeded teaching dataset; not observed market data,2026-09-01T00:00:00+00:00
2025-04-24,USD,2,0.02413741634751107,SYNTHETIC: seeded teaching dataset; not observed market data,2026-09-01T00:00:00+00:00
2025-04-24,USD,5,0.03290284452363722,SYNTHETIC: seeded teaching dataset; not observed market data,2026-09-01T00:00:00+00:00
2025-04-24,USD,10,0.018760698639059412,SYNTHETIC: seeded teaching dataset; not observed market data,2026-09-01T00:00:00+00:00
2025-04-24,USD,30,0.04052851203186751,SYNTHETIC: seeded teaching dataset; not observed market data,2026-09-01T00:00:00+00:00
2025-04-25,CAD,1,0.005442413893362946,SYNTHETIC: seeded teaching dataset; not observed market data,2026-09-01T00:00:00+00:00
2025-04-25,CAD,2,0.018364382009673046,SYNTHETIC: seeded teaching dataset; not observed market data,2026-09-01T00:00:00+00:00
2025-04-25,CAD,5,0.01477053659468364,SYNTHETIC: seeded teaching dataset; not observed market data,2026-09-01T00:00:00+00:00
2025-04-25,CAD,10,0.02301319410475381,SYNTHETIC: seeded teaching dataset; not observed market data,2026-09-01T00:00:00+00:00
2025-04-25,CAD,30,0.04624301126560591,SYNTHETIC: seeded teaching dataset; not observed market data,2026-09-01T00:00:00+00:00
2025-04-25,USD,1,0.024151107471294838,SYNTHETIC: seeded teaching dataset; not observed market data,2026-09-01T00:00:00+00:00
2025-04-25,USD,2,0.023712125586076653,SYNTHETIC: seeded teaching dataset; not observed market data,2026-09-01T00:00:00+00:00
2025-04-25,USD,5,0.03280702588209474,SYNTHETIC: seeded teaching dataset; not observed market data,2026-09-01T00:00:00+00:00
2025-04-25,USD,10,0.018811208204651358,SYNTHETIC: seeded teaching dataset; not observed market data,2026-09-01T00:00:00+00:00
2025-04-25,USD,30,0.04100793961530703,SYNTHETIC: seeded teaching dataset; not observed market data,2026-09-01T00:00:00+00:00
2025-04-28,CAD,1,0.006174384431942001,SYNTHETIC: seeded teaching dataset; not observed market data,2026-09-01T00:00:00+00:00
2025-04-28,CAD,2,0.019321076483080943,SYNTHETIC: seeded teaching dataset; not observed market data,2026-09-01T00:00:00+00:00
2025-04-28,CAD,5,0.015049856487475994,SYNTHETIC: seeded teaching dataset; not observed market data,2026-09-01T00:00:00+00:00
2025-04-28,CAD,10,0.023161410318329183,SYNTHETIC: seeded teaching dataset; not observed market data,2026-09-01T00:00:00+00:00
2025-04-28,CAD,30,0.04677982730822797,SYNTHETIC: seeded teaching dataset; not observed market data,2026-09-01T00:00:00+00:00
2025-04-28,USD,1,0.024812884863269654,SYNTHETIC: seeded teaching dataset; not observed market data,2026-09-01T00:00:00+00:00
2025-04-28,USD,2,0.023480648618035675,SYNTHETIC: seeded teaching dataset; not observed market data,2026-09-01T00:00:00+00:00
2025-04-28,USD,5,0.03320877237137693,SYNTHETIC: seeded teaching dataset; not observed market data,2026-09-01T00:00:00+00:00
2025-04-28,USD,10,0.019158506799640866,SYNTHETIC: seeded teaching dataset; not observed market data,2026-09-01T00:00:00+00:00
2025-04-28,USD,30,0.0413825503642236,SYNTHETIC: seeded teaching dataset; not observed market data,2026-09-01T00:00:00+00:00
2025-04-29,CAD,1,0.005955450487615234,SYNTHETIC: seeded teaching dataset; not observed market data,2026-09-01T00:00:00+00:00
2025-04-29,CAD,2,0.01970010260137134,SYNTHETIC: seeded teaching dataset; not observed market data,2026-09-01T00:00:00+00:00
2025-04-29,CAD,5,0.015184615781246035,SYNTHETIC: seeded teaching dataset; not observed market data,2026-09-01T00:00:00+00:00
2025-04-29,CAD,10,0.024115541027106807,SYNTHETIC: seeded teaching dataset; not observed market data,2026-09-01T00:00:00+00:00
2025-04-29,CAD,30,0.046840695728806225,SYNTHETIC: seeded teaching dataset; not observed market data,2026-09-01T00:00:00+00:00
2025-04-29,USD,1,0.024779197929966138,SYNTHETIC: seeded teaching dataset; not observed market data,2026-09-01T00:00:00+00:00
2025-04-29,USD,2,0.02336366722953086,SYNTHETIC: seeded teaching dataset; not observed market data,2026-09-01T00:00:00+00:00
2025-04-29,USD,5,0.03328084162863098,SYNTHETIC: seeded teaching dataset; not observed market data,2026-09-01T00:00:00+00:00
2025-04-29,USD,10,0.01893296945299387,SYNTHETIC: seeded teaching dataset; not observed market data,2026-09-01T00:00:00+00:00
2025-04-29,USD,30,0.0411245087969936,SYNTHETIC: seeded teaching dataset; not observed market data,2026-09-01T00:00:00+00:00
2025-04-30,CAD,1,0.005941635886117968,SYNTHETIC: seeded teaching dataset; not observed market data,2026-09-01T00:00:00+00:00
2025-04-30,CAD,2,0.01943293141029137,SYNTHETIC: seeded teaching dataset; not observed market data,2026-09-01T00:00:00+00:00
2025-04-30,CAD,5,0.014533674760096,SYNTHETIC: seeded teaching dataset; not observed market data,2026-09-01T00:00:00+00:00
2025-04-30,CAD,10,0.024941735722106916,SYNTHETIC: seeded teaching dataset; not observed market data,2026-09-01T00:00:00+00:00
2025-04-30,CAD,30,0.04623137080851129,SYNTHETIC: seeded teaching dataset; not observed market data,2026-09-01T00:00:00+00:00
2025-04-30,USD,1,0.02498866346987527,SYNTHETIC: seeded teaching dataset; not observed market data,2026-09-01T00:00:00+00:00
2025-04-30,USD,2,0.022967922163321868,SYNTHETIC: seeded teaching dataset; not observed market data,2026-09-01T00:00:00+00:00
2025-04-30,USD,5,0.03294703306265466,SYNTHETIC: seeded teaching dataset; not observed market data,2026-09-01T00:00:00+00:00
2025-04-30,USD,10,0.018742980494632914,SYNTHETIC: seeded teaching dataset; not observed market data,2026-09-01T00:00:00+00:00
2025-04-30,USD,30,0.0410411187977559,SYNTHETIC: seeded teaching dataset; not observed market data,2026-09-01T00:00:00+00:00
2025-05-01,CAD,1,0.00609197185954025,SYNTHETIC: seeded teaching dataset; not observed market data,2026-09-01T00:00:00+00:00
2025-05-01,CAD,2,0.019754448545683444,SYNTHETIC: seeded teaching dataset; not observed market data,2026-09-01T00:00:00+00:00
2025-05-01,CAD,5,0.015389334369831854,SYNTHETIC: seeded teaching dataset; not observed market data,2026-09-01T00:00:00+00:00
2025-05-01,CAD,10,0.02481480556946373,SYNTHETIC: seeded teaching dataset; not observed market data,2026-09-01T00:00:00+00:00
2025-05-01,CAD,30,0.04588481438270721,SYNTHETIC: seeded teaching dataset; not observed market data,2026-09-01T00:00:00+00:00
2025-05-01,USD,1,0.025431572832463934,SYNTHETIC: seeded teaching dataset; not observed market data,2026-09-01T00:00:00+00:00
2025-05-01,USD,2,0.02295039373647958,SYNTHETIC: seeded teaching dataset; not observed market data,2026-09-01T00:00:00+00:00
2025-05-01,USD,5,0.03291869240260606,SYNTHETIC: seeded teaching dataset; not observed market data,2026-09-01T00:00:00+00:00
2025-05-01,USD,10,0.019063244744349138,SYNTHETIC: seeded teaching dataset; not observed market data,2026-09-01T00:00:00+00:00
2025-05-01,USD,30,0.04062429116639275,SYNTHETIC: seeded teaching dataset; not observed market data,2026-09-01T00:00:00+00:00
2025-05-02,CAD,1,0.005907107251012903,SYNTHETIC: seeded teaching dataset; not observed market data,2026-09-01T00:00:00+00:00
2025-05-02,CAD,2,0.0190598398731607,SYNTHETIC: seeded teaching dataset; not observed market data,2026-09-01T00:00:00+00:00
2025-05-02,CAD,5,0.015394807094578532,SYNTHETIC: seeded teaching dataset; not observed market data,2026-09-01T00:00:00+00:00
2025-05-02,CAD,10,0.025037833363487416,SYNTHETIC: seeded teaching dataset; not observed market data,2026-09-01T00:00:00+00:00
2025-05-02,CAD,30,0.0459009545004376,SYNTHETIC: seeded teaching dataset; not observed market data,2026-09-01T00:00:00+00:00
2025-05-02,USD,1,0.025295444433353926,SYNTHETIC: seeded teaching dataset; not observed market data,2026-09-01T00:00:00+00:00
2025-05-02,USD,2,0.02360090034847204,SYNTHETIC: seeded teaching dataset; not observed market data,2026-09-01T00:00:00+00:00
2025-05-02,USD,5,0.03257177318580049,SYNTHETIC: seeded teaching dataset; not observed market data,2026-09-01T00:00:00+00:00
2025-05-02,USD,10,0.01921425243053887,SYNTHETIC: seeded teaching dataset; not observed market data,2026-09-01T00:00:00+00:00
2025-05-02,USD,30,0.04004202743295179,SYNTHETIC: seeded teaching dataset; not observed market data,2026-09-01T00:00:00+00:00
2025-05-05,CAD,1,0.005205259863348299,SYNTHETIC: seeded teaching dataset; not observed market data,2026-09-01T00:00:00+00:00
2025-05-05,CAD,2,0.019348483450235134,SYNTHETIC: seeded teaching dataset; not observed market data,2026-09-01T00:00:00+00:00
2025-05-05,CAD,5,0.015838891581281708,SYNTHETIC: seeded teaching dataset; not observed market data,2026-09-01T00:00:00+00:00
2025-05-05,CAD,10,0.024963288669216467,SYNTHETIC: seeded teaching dataset; not observed market data,2026-09-01T00:00:00+00:00
2025-05-05,CAD,30,0.0453976342810685,SYNTHETIC: seeded teaching dataset; not observed market data,2026-09-01T00:00:00+00:00
2025-05-05,USD,1,0.025464387109246648,SYNTHETIC: seeded teaching dataset; not observed market data,2026-09-01T00:00:00+00:00
2025-05-05,USD,2,0.023370984290415064,SYNTHETIC: seeded teaching dataset; not observed market data,2026-09-01T00:00:00+00:00
2025-05-05,USD,5,0.03211990728961939,SYNTHETIC: seeded teaching dataset; not observed market data,2026-09-01T00:00:00+00:00
2025-05-05,USD,10,0.01894452006819196,SYNTHETIC: seeded teaching dataset; not observed market data,2026-09-01T00:00:00+00:00
2025-05-05,USD,30,0.03984778551044716,SYNTHETIC: seeded teaching dataset; not observed market data,2026-09-01T00:00:00+00:00
2025-05-06,CAD,1,0.0056242733968440255,SYNTHETIC: seeded teaching dataset; not observed market data,2026-09-01T00:00:00+00:00
2025-05-06,CAD,2,0.019482724645878538,SYNTHETIC: seeded teaching dataset; not observed market data,2026-09-01T00:00:00+00:00
2025-05-06,CAD,5,0.015721131552972768,SYNTHETIC: seeded teaching dataset; not observed market data,2026-09-01T00:00:00+00:00
2025-05-06,CAD,10,0.025550803406595053,SYNTHETIC: seeded teaching dataset; not observed market data,2026-09-01T00:00:00+00:00
2025-05-06,CAD,30,0.04553715500545154,SYNTHETIC: seeded teaching dataset; not observed market data,2026-09-01T00:00:00+00:00
2025-05-06,USD,1,0.025531326860088143,SYNTHETIC: seeded teaching dataset; not observed market data,2026-09-01T00:00:00+00:00
2025-05-06,USD,2,0.023280884291608916,SYNTHETIC: seeded teaching dataset; not observed market data,2026-09-01T00:00:00+00:00
2025-05-06,USD,5,0.031805045371747234,SYNTHETIC: seeded teaching dataset; not observed market data,2026-09-01T00:00:00+00:00
2025-05-06,USD,10,0.01905300906604388,SYNTHETIC: seeded teaching dataset; not observed market data,2026-09-01T00:00:00+00:00
2025-05-06,USD,30,0.03983026917906882,SYNTHETIC: seeded teaching dataset; not observed market data,2026-09-01T00:00:00+00:00
2025-05-07,CAD,1,0.005374981278156145,SYNTHETIC: seeded teaching dataset; not observed market data,2026-09-01T00:00:00+00:00
2025-05-07,CAD,2,0.01936221594106581,SYNTHETIC: seeded teaching dataset; not observed market data,2026-09-01T00:00:00+00:00
2025-05-07,CAD,5,0.01606346218558313,SYNTHETIC: seeded teaching dataset; not observed market data,2026-09-01T00:00:00+00:00
2025-05-07,CAD,10,0.025396684174930642,SYNTHETIC: seeded teaching dataset; not observed market data,2026-09-01T00:00:00+00:00
2025-05-07,CAD,30,0.04591497844766475,SYNTHETIC: seeded teaching dataset; not observed market data,2026-09-01T00:00:00+00:00
2025-05-07,USD,1,0.025451230003300306,SYNTHETIC: seeded teaching dataset; not observed market data,2026-09-01T00:00:00+00:00
2025-05-07,USD,2,0.02340372021254906,SYNTHETIC: seeded teaching dataset; not observed market data,2026-09-01T00:00:00+00:00
2025-05-07,USD,5,0.03162658515439939,SYNTHETIC: seeded teaching dataset; not observed market data,2026-09-01T00:00:00+00:00
2025-05-07,USD,10,0.01892127473318776,SYNTHETIC: seeded teaching dataset; not observed market data,2026-09-01T00:00:00+00:00
2025-05-07,USD,30,0.04005892438140645,SYNTHETIC: seeded teaching dataset; not observed market data,2026-09-01T00:00:00+00:00
2025-05-08,CAD,1,0.005454941918437418,SYNTHETIC: seeded teaching dataset; not observed market data,2026-09-01T00:00:00+00:00
2025-05-08,CAD,2,0.01923094312069224,SYNTHETIC: seeded teaching dataset; not observed market data,2026-09-01T00:00:00+00:00
2025-05-08,CAD,5,0.016320729427975637,SYNTHETIC: seeded teaching dataset; not observed market data,2026-09-01T00:00:00+00:00
2025-05-08,CAD,10,0.024916998432288985,SYNTHETIC: seeded teaching dataset; not observed market data,2026-09-01T00:00:00+00:00
2025-05-08,CAD,30,0.0452682541069812,SYNTHETIC: seeded teaching dataset; not observed market data,2026-09-01T00:00:00+00:00
2025-05-08,USD,1,0.02575264086307268,SYNTHETIC: seeded teaching dataset; not observed market data,2026-09-01T00:00:00+00:00
2025-05-08,USD,2,0.0231857155672596,SYNTHETIC: seeded teaching dataset; not observed market data,2026-09-01T00:00:00+00:00
2025-05-08,USD,5,0.031164158126880625,SYNTHETIC: seeded teaching dataset; not observed market data,2026-09-01T00:00:00+00:00
2025-05-08,USD,10,0.018010660318807888,SYNTHETIC: seeded teaching dataset; not observed market data,2026-09-01T00:00:00+00:00
2025-05-08,USD,30,0.03977202270703746,SYNTHETIC: seeded teaching dataset; not observed market data,2026-09-01T00:00:00+00:00
2025-05-09,CAD,1,0.004236841983971562,SYNTHETIC: seeded teaching dataset; not observed market data,2026-09-01T00:00:00+00:00
2025-05-09,CAD,2,0.01844724154018955,SYNTHETIC: seeded teaching dataset; not observed market data,2026-09-01T00:00:00+00:00
2025-05-09,CAD,5,0.01490399251084457,SYNTHETIC: seeded teaching dataset; not observed market data,2026-09-01T00:00:00+00:00
2025-05-09,CAD,10,0.024695434209142803,SYNTHETIC: seeded teaching dataset; not observed market data,2026-09-01T00:00:00+00:00
2025-05-09,CAD,30,0.04450014695041114,SYNTHETIC: seeded teaching dataset; not observed market data,2026-09-01T00:00:00+00:00
2025-05-09,USD,1,0.02473582084948549,SYNTHETIC: seeded teaching dataset; not observed market data,2026-09-01T00:00:00+00:00
2025-05-09,USD,2,0.022308846279675252,SYNTHETIC: seeded teaching dataset; not observed market data,2026-09-01T00:00:00+00:00
2025-05-09,USD,5,0.030419817730276966,SYNTHETIC: seeded teaching dataset; not observed market data,2026-09-01T00:00:00+00:00
2025-05-09,USD,10,0.016759305937905877,SYNTHETIC: seeded teaching dataset; not observed market data,2026-09-01T00:00:00+00:00
2025-05-09,USD,30,0.03856899965922192,SYNTHETIC: seeded teaching dataset; not observed market data,2026-09-01T00:00:00+00:00
2025-05-12,CAD,1,0.003978924005645687,SYNTHETIC: seeded teaching dataset; not observed market data,2026-09-01T00:00:00+00:00
2025-05-12,CAD,2,0.0187782616231556,SYNTHETIC: seeded teaching dataset; not observed market data,2026-09-01T00:00:00+00:00
2025-05-12,CAD,5,0.01520601496435003,SYNTHETIC: seeded teaching dataset; not observed market data,2026-09-01T00:00:00+00:00
2025-05-12,CAD,10,0.024742704096380942,SYNTHETIC: seeded teaching dataset; not observed market data,2026-09-01T00:00:00+00:00
2025-05-12,CAD,30,0.04482735396579141,SYNTHETIC: seeded teaching dataset; not observed market data,2026-09-01T00:00:00+00:00
2025-05-12,USD,1,0.025562080738699176,SYNTHETIC: seeded teaching dataset; not observed market data,2026-09-01T00:00:00+00:00
2025-05-12,USD,2,0.022643794140422183,SYNTHETIC: seeded teaching dataset; not observed market data,2026-09-01T00:00:00+00:00
2025-05-12,USD,5,0.030315009138002242,SYNTHETIC: seeded teaching dataset; not observed market data,2026-09-01T00:00:00+00:00
2025-05-12,USD,10,0.016954171627146256,SYNTHETIC: seeded teaching dataset; not observed market data,2026-09-01T00:00:00+00:00
2025-05-12,USD,30,0.03878875528414787,SYNTHETIC: seeded teaching dataset; not observed market data,2026-09-01T00:00:00+00:00
2025-05-13,CAD,1,0.0030551305923649033,SYNTHETIC: seeded teaching dataset; not observed market data,2026-09-01T00:00:00+00:00
2025-05-13,CAD,2,0.018763978029023458,SYNTHETIC: seeded teaching dataset; not observed market data,2026-09-01T00:00:00+00:00
2025-05-13,CAD,5,0.015388746477709592,SYNTHETIC: seeded teaching dataset; not observed market data,2026-09-01T00:00:00+00:00
2025-05-13,CAD,10,0.024479224528671274,SYNTHETIC: seeded teaching dataset; not observed market data,2026-09-01T00:00:00+00:00
2025-05-13,CAD,30,0.04485228760445224,SYNTHETIC: seeded teaching dataset; not observed market data,2026-09-01T00:00:00+00:00
2025-05-13,USD,1,0.02577471997300208,SYNTHETIC: seeded teaching dataset; not observed market data,2026-09-01T00:00:00+00:00
2025-05-13,USD,2,0.02273778494353052,SYNTHETIC: seeded teaching dataset; not observed market data,2026-09-01T00:00:00+00:00
2025-05-13,USD,5,0.030326556200811563,SYNTHETIC: seeded teaching dataset; not observed market data,2026-09-01T00:00:00+00:00
2025-05-13,USD,10,0.017393954098042202,SYNTHETIC: seeded teaching dataset; not observed market data,2026-09-01T00:00:00+00:00
2025-05-13,USD,30,0.038855815777756327,SYNTHETIC: seeded teaching dataset; not observed market data,2026-09-01T00:00:00+00:00
2025-05-14,CAD,1,0.003156523934447167,SYNTHETIC: seeded teaching dataset; not observed market data,2026-09-01T00:00:00+00:00
2025-05-14,CAD,2,0.018416305022478263,SYNTHETIC: seeded teaching dataset; not observed market data,2026-09-01T00:00:00+00:00
2025-05-14,CAD,5,0.015458696830870627,SYNTHETIC: seeded teaching dataset; not observed market data,2026-09-01T00:00:00+00:00
2025-05-14,CAD,10,0.0242435951837,SYNTHETIC: seeded teaching dataset; not observed market data,2026-09-01T00:00:00+00:00
2025-05-14,CAD,30,0.0444733977423462,SYNTHETIC: seeded teaching dataset; not observed market data,2026-09-01T00:00:00+00:00
2025-05-14,USD,1,0.026196566904379954,SYNTHETIC: seeded teaching dataset; not observed market data,2026-09-01T00:00:00+00:00
2025-05-14,USD,2,0.021984330185410305,SYNTHETIC: seeded teaching dataset; not observed market data,2026-09-01T00:00:00+00:00
2025-05-14,USD,5,0.029979898798419946,SYNTHETIC: seeded teaching dataset; not observed market data,2026-09-01T00:00:00+00:00
2025-05-14,USD,10,0.017638587978524026,SYNTHETIC: seeded teaching dataset; not observed market data,2026-09-01T00:00:00+00:00
2025-05-14,USD,30,0.03932259241497151,SYNTHETIC: seeded teaching dataset; not observed market data,2026-09-01T00:00:00+00:00
2025-05-15,CAD,1,0.002792233703709273,SYNTHETIC: seeded teaching dataset; not observed market data,2026-09-01T00:00:00+00:00
2025-05-15,CAD,2,0.01819055710262512,SYNTHETIC: seeded teaching dataset; not observed market data,2026-09-01T00:00:00+00:00
2025-05-15,CAD,5,0.01571282555258482,SYNTHETIC: seeded teaching dataset; not observed market data,2026-09-01T00:00:00+00:00
2025-05-15,CAD,10,0.024369260924150947,SYNTHETIC: seeded teaching dataset; not observed market data,2026-09-01T00:00:00+00:00
2025-05-15,CAD,30,0.04462662489658208,SYNTHETIC: seeded teaching dataset; not observed market data,2026-09-01T00:00:00+00:00
2025-05-15,USD,1,0.025761326409591587,SYNTHETIC: seeded teaching dataset; not observed market data,2026-09-01T00:00:00+00:00
2025-05-15,USD,2,0.02192370989015778,SYNTHETIC: seeded teaching dataset; not observed market data,2026-09-01T00:00:00+00:00
2025-05-15,USD,5,0.029811306071841525,SYNTHETIC: seeded teaching dataset; not observed market data,2026-09-01T00:00:00+00:00
2025-05-15,USD,10,0.01729264780326489,SYNTHETIC: seeded teaching dataset; not observed market data,2026-09-01T00:00:00+00:00
2025-05-15,USD,30,0.039372605800603575,SYNTHETIC: seeded teaching dataset; not observed market data,2026-09-01T00:00:00+00:00
2025-05-16,CAD,1,0.0030830901200525687,SYNTHETIC: seeded teaching dataset; not observed market data,2026-09-01T00:00:00+00:00
2025-05-16,CAD,2,0.017621308264718125,SYNTHETIC: seeded teaching dataset; not observed market data,2026-09-01T00:00:00+00:00
2025-05-16,CAD,5,0.01602837139571354,SYNTHETIC: seeded teaching dataset; not observed market data,2026-09-01T00:00:00+00:00
2025-05-16,CAD,10,0.02434908497026024,SYNTHETIC: seeded teaching dataset; not observed market data,2026-09-01T00:00:00+00:00
2025-05-16,CAD,30,0.04464395889044049,SYNTHETIC: seeded teaching dataset; not observed market data,2026-09-01T00:00:00+00:00
2025-05-16,USD,1,0.02578266694316365,SYNTHETIC: seeded teaching dataset; not observed market data,2026-09-01T00:00:00+00:00
2025-05-16,USD,2,0.02207983653709641,SYNTHETIC: seeded teaching dataset; not observed market data,2026-09-01T00:00:00+00:00
2025-05-16,USD,5,0.02980254124790447,SYNTHETIC: seeded teaching dataset; not observed market data,2026-09-01T00:00:00+00:00
2025-05-16,USD,10,0.017110114603216296,SYNTHETIC: seeded teaching dataset; not observed market data,2026-09-01T00:00:00+00:00
2025-05-16,USD,30,0.03997282216360206,SYNTHETIC: seeded teaching dataset; not observed market data,2026-09-01T00:00:00+00:00
2025-05-19,CAD,1,0.0020889315439184195,SYNTHETIC: seeded teaching dataset; not observed market data,2026-09-01T00:00:00+00:00
2025-05-19,CAD,2,0.017246750783090632,SYNTHETIC: seeded teaching dataset; not observed market data,2026-09-01T00:00:00+00:00
2025-05-19,CAD,5,0.015469413410885018,SYNTHETIC: seeded teaching dataset; not observed market data,2026-09-01T00:00:00+00:00
2025-05-19,CAD,10,0.02352069752878403,SYNTHETIC: seeded teaching dataset; not observed market data,2026-09-01T00:00:00+00:00
2025-05-19,CAD,30,0.04310336429569426,SYNTHETIC: seeded teaching dataset; not observed market data,2026-09-01T00:00:00+00:00
2025-05-19,USD,1,0.025730872871093432,SYNTHETIC: seeded teaching dataset; not observed market data,2026-09-01T00:00:00+00:00
2025-05-19,USD,2,0.021322732590155512,SYNTHETIC: seeded teaching dataset; not observed market data,2026-09-01T00:00:00+00:00
2025-05-19,USD,5,0.029656438150070786,SYNTHETIC: seeded teaching dataset; not observed market data,2026-09-01T00:00:00+00:00
2025-05-19,USD,10,0.01630308360526928,SYNTHETIC: seeded teaching dataset; not observed market data,2026-09-01T00:00:00+00:00
2025-05-19,USD,30,0.038945900990356615,SYNTHETIC: seeded teaching dataset; not observed market data,2026-09-01T00:00:00+00:00
2025-05-20,CAD,1,0.002334791229850853,SYNTHETIC: seeded teaching dataset; not observed market data,2026-09-01T00:00:00+00:00
2025-05-20,CAD,2,0.0166742491274186,SYNTHETIC: seeded teaching dataset; not observed market data,2026-09-01T00:00:00+00:00
2025-05-20,CAD,5,0.01591564399327296,SYNTHETIC: seeded teaching dataset; not observed market data,2026-09-01T00:00:00+00:00
2025-05-20,CAD,10,0.023983988136324318,SYNTHETIC: seeded teaching dataset; not observed market data,2026-09-01T00:00:00+00:00
2025-05-20,CAD,30,0.042861410671943545,SYNTHETIC: seeded teaching dataset; not observed market data,2026-09-01T00:00:00+00:00
2025-05-20,USD,1,0.025734650198009457,SYNTHETIC: seeded teaching dataset; not observed market data,2026-09-01T00:00:00+00:00
2025-05-20,USD,2,0.021750951111375698,SYNTHETIC: seeded teaching dataset; not observed market data,2026-09-01T00:00:00+00:00
2025-05-20,USD,5,0.029950863873434784,SYNTHETIC: seeded teaching dataset; not observed market data,2026-09-01T00:00:00+00:00
2025-05-20,USD,10,0.016193444055868818,SYNTHETIC: seeded teaching dataset; not observed market data,2026-09-01T00:00:00+00:00
2025-05-20,USD,30,0.039644668057316604,SYNTHETIC: seeded teaching dataset; not observed market data,2026-09-01T00:00:00+00:00
2025-05-21,CAD,1,0.002608987170294473,SYNTHETIC: seeded teaching dataset; not observed market data,2026-09-01T00:00:00+00:00
2025-05-21,CAD,2,0.017255291788177737,SYNTHETIC: seeded teaching dataset; not observed market data,2026-09-01T00:00:00+00:00
2025-05-21,CAD,5,0.016498928472212352,SYNTHETIC: seeded teaching dataset; not observed market data,2026-09-01T00:00:00+00:00
2025-05-21,CAD,10,0.02475321535768954,SYNTHETIC: seeded teaching dataset; not observed market data,2026-09-01T00:00:00+00:00
2025-05-21,CAD,30,0.04285950767573391,SYNTHETIC: seeded teaching dataset; not observed market data,2026-09-01T00:00:00+00:00
2025-05-21,USD,1,0.026486668379069486,SYNTHETIC: seeded teaching dataset; not observed market data,2026-09-01T00:00:00+00:00
2025-05-21,USD,2,0.022206680717696242,SYNTHETIC: seeded teaching dataset; not observed market data,2026-09-01T00:00:00+00:00
2025-05-21,USD,5,0.030743149324894917,SYNTHETIC: seeded teaching dataset; not observed market data,2026-09-01T00:00:00+00:00
2025-05-21,USD,10,0.016685440097337603,SYNTHETIC: seeded teaching dataset; not observed market data,2026-09-01T00:00:00+00:00
2025-05-21,USD,30,0.03991804034829867,SYNTHETIC: seeded teaching dataset; not observed market data,2026-09-01T00:00:00+00:00
2025-05-22,CAD,1,0.0024616231620141656,SYNTHETIC: seeded teaching dataset; not observed market data,2026-09-01T00:00:00+00:00
2025-05-22,CAD,2,0.01719255540972655,SYNTHETIC: seeded teaching dataset; not observed market data,2026-09-01T00:00:00+00:00
2025-05-22,CAD,5,0.016814520824217204,SYNTHETIC: seeded teaching dataset; not observed market data,2026-09-01T00:00:00+00:00
2025-05-22,CAD,10,0.025067594962113533,SYNTHETIC: seeded teaching dataset; not observed market data,2026-09-01T00:00:00+00:00
2025-05-22,CAD,30,0.04304051374791798,SYNTHETIC: seeded teaching dataset; not observed market data,2026-09-01T00:00:00+00:00
2025-05-22,USD,1,0.026089881175859257,SYNTHETIC: seeded teaching dataset; not observed market data,2026-09-01T00:00:00+00:00
2025-05-22,USD,2,0.022293436654754105,SYNTHETIC: seeded teaching dataset; not observed market data,2026-09-01T00:00:00+00:00
2025-05-22,USD,5,0.03093625344420265,SYNTHETIC: seeded teaching dataset; not observed market data,2026-09-01T00:00:00+00:00
2025-05-22,USD,10,0.016435600794517308,SYNTHETIC: seeded teaching dataset; not observed market data,2026-09-01T00:00:00+00:00
2025-05-22,USD,30,0.03997157338495669,SYNTHETIC: seeded teaching dataset; not observed market data,2026-09-01T00:00:00+00:00
2025-05-23,CAD,1,0.0025677751641034648,SYNTHETIC: seeded teaching dataset; not observed market data,2026-09-01T00:00:00+00:00
2025-05-23,CAD,2,0.017391100599151964,SYNTHETIC: seeded teaching dataset; not observed market data,2026-09-01T00:00:00+00:00
2025-05-23,CAD,5,0.017740052226785135,SYNTHETIC: seeded teaching dataset; not observed market data,2026-09-01T00:00:00+00:00
2025-05-23,CAD,10,0.025018501337643113,SYNTHETIC: seeded teaching dataset; not observed market data,2026-09-01T00:00:00+00:00
2025-05-23,CAD,30,0.042816314210455016,SYNTHETIC: seeded teaching dataset; not observed market data,2026-09-01T00:00:00+00:00
2025-05-23,USD,1,0.026581839248979135,SYNTHETIC: seeded teaching dataset; not observed market data,2026-09-01T00:00:00+00:00
2025-05-23,USD,2,0.022784752027263086,SYNTHETIC: seeded teaching dataset; not observed market data,2026-09-01T00:00:00+00:00
2025-05-23,USD,5,0.03157637107564396,SYNTHETIC: seeded teaching dataset; not observed market data,2026-09-01T00:00:00+00:00
2025-05-23,USD,10,0.016891938981545354,SYNTHETIC: seeded teaching dataset; not observed market data,2026-09-01T00:00:00+00:00
2025-05-23,USD,30,0.040001605094654974,SYNTHETIC: seeded teaching dataset; not observed market data,2026-09-01T00:00:00+00:00
2025-05-26,CAD,1,0.0031126489666124142,SYNTHETIC: seeded teaching dataset; not observed market data,2026-09-01T00:00:00+00:00
2025-05-26,CAD,2,0.016883390693174773,SYNTHETIC: seeded teaching dataset; not observed market data,2026-09-01T00:00:00+00:00
2025-05-26,CAD,5,0.01756516127437213,SYNTHETIC: seeded teaching dataset; not observed market data,2026-09-01T00:00:00+00:00
2025-05-26,CAD,10,0.025841076032602925,SYNTHETIC: seeded teaching dataset; not observed market data,2026-09-01T00:00:00+00:00
2025-05-26,CAD,30,0.04306387978019511,SYNTHETIC: seeded teaching dataset; not observed market data,2026-09-01T00:00:00+00:00
2025-05-26,USD,1,0.02709277804993927,SYNTHETIC: seeded teaching dataset; not observed market data,2026-09-01T00:00:00+00:00
2025-05-26,USD,2,0.023267702527360247,SYNTHETIC: seeded teaching dataset; not observed market data,2026-09-01T00:00:00+00:00
2025-05-26,USD,5,0.03210527862658263,SYNTHETIC: seeded teaching dataset; not observed market data,2026-09-01T00:00:00+00:00
2025-05-26,USD,10,0.017258160536048745,SYNTHETIC: seeded teaching dataset; not observed market data,2026-09-01T00:00:00+00:00
2025-05-26,USD,30,0.040417809106101446,SYNTHETIC: seeded teaching dataset; not observed market data,2026-09-01T00:00:00+00:00
2025-05-27,CAD,1,0.0030176245973161757,SYNTHETIC: seeded teaching dataset; not observed market data,2026-09-01T00:00:00+00:00
2025-05-27,CAD,2,0.016949320167880443,SYNTHETIC: seeded teaching dataset; not observed market data,2026-09-01T00:00:00+00:00
2025-05-27,CAD,5,0.01781330929069853,SYNTHETIC: seeded teaching dataset; not observed market data,2026-09-01T00:00:00+00:00
2025-05-27,CAD,10,0.025619506132803227,SYNTHETIC: seeded teaching dataset; not observed market data,2026-09-01T00:00:00+00:00
2025-05-27,CAD,30,0.043386837821803324,SYNTHETIC: seeded teaching dataset; not observed market data,2026-09-01T00:00:00+00:00
2025-05-27,USD,1,0.027163548980033144,SYNTHETIC: seeded teaching dataset; not observed market data,2026-09-01T00:00:00+00:00
2025-05-27,USD,2,0.023772622000257704,SYNTHETIC: seeded teaching dataset; not observed market data,2026-09-01T00:00:00+00:00
2025-05-27,USD,5,0.032003355551306865,SYNTHETIC: seeded teaching dataset; not observed market data,2026-09-01T00:00:00+00:00
2025-05-27,USD,10,0.017917272442024824,SYNTHETIC: seeded teaching dataset; not observed market data,2026-09-01T00:00:00+00:00
2025-05-27,USD,30,0.04050780685631481,SYNTHETIC: seeded teaching dataset; not observed market data,2026-09-01T00:00:00+00:00
2025-05-28,CAD,1,0.0021013877348907938,SYNTHETIC: seeded teaching dataset; not observed market data,2026-09-01T00:00:00+00:00
2025-05-28,CAD,2,0.016413909629458594,SYNTHETIC: seeded teaching dataset; not observed market data,2026-09-01T00:00:00+00:00
2025-05-28,CAD,5,0.017554353566148314,SYNTHETIC: seeded teaching dataset; not observed market data,2026-09-01T00:00:00+00:00
2025-05-28,CAD,10,0.02536679398075925,SYNTHETIC: seeded teaching dataset; not observed market data,2026-09-01T00:00:00+00:00
2025-05-28,CAD,30,0.04263942084967606,SYNTHETIC: seeded teaching dataset; not observed market data,2026-09-01T00:00:00+00:00
2025-05-28,USD,1,0.026918232532028647,SYNTHETIC: seeded teaching dataset; not observed market data,2026-09-01T00:00:00+00:00
2025-05-28,USD,2,0.023710414534289473,SYNTHETIC: seeded teaching dataset; not observed market data,2026-09-01T00:00:00+00:00
2025-05-28,USD,5,0.03157719165907155,SYNTHETIC: seeded teaching dataset; not observed market data,2026-09-01T00:00:00+00:00
2025-05-28,USD,10,0.017921855132639695,SYNTHETIC: seeded teaching dataset; not observed market data,2026-09-01T00:00:00+00:00
2025-05-28,USD,30,0.040552767882835725,SYNTHETIC: seeded teaching dataset; not observed market data,2026-09-01T00:00:00+00:00
2025-05-29,CAD,1,0.0016510950644380816,SYNTHETIC: seeded teaching dataset; not observed market data,2026-09-01T00:00:00+00:00
2025-05-29,CAD,2,0.015835947383044384,SYNTHETIC: seeded teaching dataset; not observed market data,2026-09-01T00:00:00+00:00
2025-05-29,CAD,5,0.017153029579829723,SYNTHETIC: seeded teaching dataset; not observed market data,2026-09-01T00:00:00+00:00
2025-05-29,CAD,10,0.024233171210277044,SYNTHETIC: seeded teaching dataset; not observed market data,2026-09-01T00:00:00+00:00
2025-05-29,CAD,30,0.04186623881773606,SYNTHETIC: seeded teaching dataset; not observed market data,2026-09-01T00:00:00+00:00
2025-05-29,USD,1,0.02635365460276839,SYNTHETIC: seeded teaching dataset; not observed market data,2026-09-01T00:00:00+00:00
2025-05-29,USD,2,0.0230809451834418,SYNTHETIC: seeded teaching dataset; not observed market data,2026-09-01T00:00:00+00:00
2025-05-29,USD,5,0.030294539941283505,SYNTHETIC: seeded teaching dataset; not observed market data,2026-09-01T00:00:00+00:00
2025-05-29,USD,10,0.01743969940335003,SYNTHETIC: seeded teaching dataset; not observed market data,2026-09-01T00:00:00+00:00
2025-05-29,USD,30,0.039357465873080984,SYNTHETIC: seeded teaching dataset; not observed market data,2026-09-01T00:00:00+00:00
2025-05-30,CAD,1,0.0010147120174418094,SYNTHETIC: seeded teaching dataset; not observed market data,2026-09-01T00:00:00+00:00
2025-05-30,CAD,2,0.014993234331903136,SYNTHETIC: seeded teaching dataset; not observed market data,2026-09-01T00:00:00+00:00
2025-05-30,CAD,5,0.016284375244020956,SYNTHETIC: seeded teaching dataset; not observed market data,2026-09-01T00:00:00+00:00
2025-05-30,CAD,10,0.022969945093890394,SYNTHETIC: seeded teaching dataset; not observed market data,2026-09-01T00:00:00+00:00
2025-05-30,CAD,30,0.041088932378503584,SYNTHETIC: seeded teaching dataset; not observed market data,2026-09-01T00:00:00+00:00
2025-05-30,USD,1,0.0252996066305464,SYNTHETIC: seeded teaching dataset; not observed market data,2026-09-01T00:00:00+00:00
2025-05-30,USD,2,0.02312262788067975,SYNTHETIC: seeded teaching dataset; not observed market data,2026-09-01T00:00:00+00:00
2025-05-30,USD,5,0.0294179450362262,SYNTHETIC: seeded teaching dataset; not observed market data,2026-09-01T00:00:00+00:00
2025-05-30,USD,10,0.01648572909663329,SYNTHETIC: seeded teaching dataset; not observed market data,2026-09-01T00:00:00+00:00
2025-05-30,USD,30,0.03832667732062214,SYNTHETIC: seeded teaching dataset; not observed market data,2026-09-01T00:00:00+00:00
2025-06-02,CAD,1,0.0010072769199806555,SYNTHETIC: seeded teaching dataset; not observed market data,2026-09-01T00:00:00+00:00
2025-06-02,CAD,2,0.014329568105003318,SYNTHETIC: seeded teaching dataset; not observed market data,2026-09-01T00:00:00+00:00
2025-06-02,CAD,5,0.01627652842400661,SYNTHETIC: seeded teaching dataset; not observed market data,2026-09-01T00:00:00+00:00
2025-06-02,CAD,10,0.022490595393956717,SYNTHETIC: seeded teaching dataset; not observed market data,2026-09-01T00:00:00+00:00
2025-06-02,CAD,30,0.04022243893613079,SYNTHETIC: seeded teaching dataset; not observed market data,2026-09-01T00:00:00+00:00
2025-06-02,USD,1,0.025073679943399717,SYNTHETIC: seeded teaching dataset; not observed market data,2026-09-01T00:00:00+00:00
2025-06-02,USD,2,0.022288236844261358,SYNTHETIC: seeded teaching dataset; not observed market data,2026-09-01T00:00:00+00:00
2025-06-02,USD,5,0.02825131997928726,SYNTHETIC: seeded teaching dataset; not observed market data,2026-09-01T00:00:00+00:00
2025-06-02,USD,10,0.015622486404348258,SYNTHETIC: seeded teaching dataset; not observed market data,2026-09-01T00:00:00+00:00
2025-06-02,USD,30,0.03779722995950446,SYNTHETIC: seeded teaching dataset; not observed market data,2026-09-01T00:00:00+00:00
2025-06-03,CAD,1,0.0003055401436183186,SYNTHETIC: seeded teaching dataset; not observed market data,2026-09-01T00:00:00+00:00
2025-06-03,CAD,2,0.013593009866599918,SYNTHETIC: seeded teaching dataset; not observed market data,2026-09-01T00:00:00+00:00
2025-06-03,CAD,5,0.015414006894712461,SYNTHETIC: seeded teaching dataset; not observed market data,2026-09-01T00:00:00+00:00
2025-06-03,CAD,10,0.021596711156485635,SYNTHETIC: seeded teaching dataset; not observed market data,2026-09-01T00:00:00+00:00
2025-06-03,CAD,30,0.03980880406832513,SYNTHETIC: seeded teaching dataset; not observed market data,2026-09-01T00:00:00+00:00
2025-06-03,USD,1,0.02494054229808978,SYNTHETIC: seeded teaching dataset; not observed market data,2026-09-01T00:00:00+00:00
2025-06-03,USD,2,0.021307218215572705,SYNTHETIC: seeded teaching dataset; not observed market data,2026-09-01T00:00:00+00:00
2025-06-03,USD,5,0.0269887946736422,SYNTHETIC: seeded teaching dataset; not observed market data,2026-09-01T00:00:00+00:00
2025-06-03,USD,10,0.014203337315065661,SYNTHETIC: seeded teaching dataset; not observed market data,2026-09-01T00:00:00+00:00
2025-06-03,USD,30,0.036574497785240086,SYNTHETIC: seeded teaching dataset; not observed market data,2026-09-01T00:00:00+00:00
2025-06-04,CAD,1,0.0014741415548737806,SYNTHETIC: seeded teaching dataset; not observed market data,2026-09-01T00:00:00+00:00
2025-06-04,CAD,2,0.013779098187338452,SYNTHETIC: seeded teaching dataset; not observed market data,2026-09-01T00:00:00+00:00
2025-06-04,CAD,5,0.016074397203645254,SYNTHETIC: seeded teaching dataset; not observed market data,2026-09-01T00:00:00+00:00
2025-06-04,CAD,10,0.022370657436115632,SYNTHETIC: seeded teaching dataset; not observed market data,2026-09-01T00:00:00+00:00
2025-06-04,CAD,30,0.040621898595481196,SYNTHETIC: seeded teaching dataset; not observed market data,2026-09-01T00:00:00+00:00
2025-06-04,USD,1,0.025845453380897904,SYNTHETIC: seeded teaching dataset; not observed market data,2026-09-01T00:00:00+00:00
2025-06-04,USD,2,0.02189204194785392,SYNTHETIC: seeded teaching dataset; not observed market data,2026-09-01T00:00:00+00:00
2025-06-04,USD,5,0.027040274585442,SYNTHETIC: seeded teaching dataset; not observed market data,2026-09-01T00:00:00+00:00
2025-06-04,USD,10,0.014918152535638506,SYNTHETIC: seeded teaching dataset; not observed market data,2026-09-01T00:00:00+00:00
2025-06-04,USD,30,0.03652296390421824,SYNTHETIC: seeded teaching dataset; not observed market data,2026-09-01T00:00:00+00:00
2025-06-05,CAD,1,0.0017622474076978319,SYNTHETIC: seeded teaching dataset; not observed market data,2026-09-01T00:00:00+00:00
2025-06-05,CAD,2,0.01366816776391184,SYNTHETIC: seeded teaching dataset; not observed market data,2026-09-01T00:00:00+00:00
2025-06-05,CAD,5,0.016206238895749864,SYNTHETIC: seeded teaching dataset; not observed market data,2026-09-01T00:00:00+00:00
2025-06-05,CAD,10,0.022240375392386873,SYNTHETIC: seeded teaching dataset; not observed market data,2026-09-01T00:00:00+00:00
2025-06-05,CAD,30,0.040943019899027745,SYNTHETIC: seeded teaching dataset; not observed market data,2026-09-01T00:00:00+00:00
2025-06-05,USD,1,0.026104538910376857,SYNTHETIC: seeded teaching dataset; not observed market data,2026-09-01T00:00:00+00:00
2025-06-05,USD,2,0.02222053090867054,SYNTHETIC: seeded teaching dataset; not observed market data,2026-09-01T00:00:00+00:00
2025-06-05,USD,5,0.02663999092794017,SYNTHETIC: seeded teaching dataset; not observed market data,2026-09-01T00:00:00+00:00
2025-06-05,USD,10,0.015153574054058316,SYNTHETIC: seeded teaching dataset; not observed market data,2026-09-01T00:00:00+00:00
2025-06-05,USD,30,0.035946946867341754,SYNTHETIC: seeded teaching dataset; not observed market data,2026-09-01T00:00:00+00:00
2025-06-06,CAD,1,0.0009327171552424608,SYNTHETIC: seeded teaching dataset; not observed market data,2026-09-01T00:00:00+00:00
2025-06-06,CAD,2,0.013061376803255661,SYNTHETIC: seeded teaching dataset; not observed market data,2026-09-01T00:00:00+00:00
2025-06-06,CAD,5,0.015665083505265385,SYNTHETIC: seeded teaching dataset; not observed market data,2026-09-01T00:00:00+00:00
2025-06-06,CAD,10,0.020926224738466496,SYNTHETIC: seeded teaching dataset; not observed market data,2026-09-01T00:00:00+00:00
2025-06-06,CAD,30,0.040172260272188176,SYNTHETIC: seeded teaching dataset; not observed market data,2026-09-01T00:00:00+00:00
2025-06-06,USD,1,0.02554999064217005,SYNTHETIC: seeded teaching dataset; not observed market data,2026-09-01T00:00:00+00:00
2025-06-06,USD,2,0.021691148487898555,SYNTHETIC: seeded teaching dataset; not observed market data,2026-09-01T00:00:00+00:00
2025-06-06,USD,5,0.026387855444580922,SYNTHETIC: seeded teaching dataset; not observed market data,2026-09-01T00:00:00+00:00
2025-06-06,USD,10,0.015310659999204765,SYNTHETIC: seeded teaching dataset; not observed market data,2026-09-01T00:00:00+00:00
2025-06-06,USD,30,0.035249100901368555,SYNTHETIC: seeded teaching dataset; not observed market data,2026-09-01T00:00:00+00:00
2025-06-09,CAD,1,0.0006598848450150366,SYNTHETIC: seeded teaching dataset; not observed market data,2026-09-01T00:00:00+00:00
2025-06-09,CAD,2,0.01300881919875209,SYNTHETIC: seeded teaching dataset; not observed market data,2026-09-01T00:00:00+00:00
2025-06-09,CAD,5,0.015696683617454504,SYNTHETIC: seeded teaching dataset; not observed market data,2026-09-01T00:00:00+00:00
2025-06-09,CAD,10,0.02164942124020363,SYNTHETIC: seeded teaching dataset; not observed market data,2026-09-01T00:00:00+00:00
2025-06-09,CAD,30,0.03999989076416411,SYNTHETIC: seeded teaching dataset; not observed market data,2026-09-01T00:00:00+00:00
2025-06-09,USD,1,0.02574917343275378,SYNTHETIC: seeded teaching dataset; not observed market data,2026-09-01T00:00:00+00:00
2025-06-09,USD,2,0.022234013284424682,SYNTHETIC: seeded teaching dataset; not observed market data,2026-09-01T00:00:00+00:00
2025-06-09,USD,5,0.026464548236905243,SYNTHETIC: seeded teaching dataset; not observed market data,2026-09-01T00:00:00+00:00
2025-06-09,USD,10,0.015795426420757635,SYNTHETIC: seeded teaching dataset; not observed market data,2026-09-01T00:00:00+00:00
2025-06-09,USD,30,0.03458964492632278,SYNTHETIC: seeded teaching dataset; not observed market data,2026-09-01T00:00:00+00:00
2025-06-10,CAD,1,0.0003220884842596722,SYNTHETIC: seeded teaching dataset; not observed market data,2026-09-01T00:00:00+00:00
2025-06-10,CAD,2,0.012434808387662677,SYNTHETIC: seeded teaching dataset; not observed market data,2026-09-01T00:00:00+00:00
2025-06-10,CAD,5,0.015139914405413287,SYNTHETIC: seeded teaching dataset; not observed market data,2026-09-01T00:00:00+00:00
2025-06-10,CAD,10,0.021440845757079982,SYNTHETIC: seeded teaching dataset; not observed market data,2026-09-01T00:00:00+00:00
2025-06-10,CAD,30,0.03971370183139525,SYNTHETIC: seeded teaching dataset; not observed market data,2026-09-01T00:00:00+00:00
2025-06-10,USD,1,0.02534135081359284,SYNTHETIC: seeded teaching dataset; not observed market data,2026-09-01T00:00:00+00:00
2025-06-10,USD,2,0.021692064422986435,SYNTHETIC: seeded teaching dataset; not observed market data,2026-09-01T00:00:00+00:00
2025-06-10,USD,5,0.02629241579631688,SYNTHETIC: seeded teaching dataset; not observed market data,2026-09-01T00:00:00+00:00
2025-06-10,USD,10,0.0152518176994593,SYNTHETIC: seeded teaching dataset; not observed market data,2026-09-01T00:00:00+00:00
2025-06-10,USD,30,0.03446575641252242,SYNTHETIC: seeded teaching dataset; not observed market data,2026-09-01T00:00:00+00:00
2025-06-11,CAD,1,-0.00048026371572129287,SYNTHETIC: seeded teaching dataset; not observed market data,2026-09-01T00:00:00+00:00
2025-06-11,CAD,2,0.012397529828320082,SYNTHETIC: seeded teaching dataset; not observed market data,2026-09-01T00:00:00+00:00
2025-06-11,CAD,5,0.014833463952308706,SYNTHETIC: seeded teaching dataset; not observed market data,2026-09-01T00:00:00+00:00
2025-06-11,CAD,10,0.02069650875664119,SYNTHETIC: seeded teaching dataset; not observed market data,2026-09-01T00:00:00+00:00
2025-06-11,CAD,30,0.03932862573295442,SYNTHETIC: seeded teaching dataset; not observed market data,2026-09-01T00:00:00+00:00
2025-06-11,USD,1,0.025383403871924535,SYNTHETIC: seeded teaching dataset; not observed market data,2026-09-01T00:00:00+00:00
2025-06-11,USD,2,0.0210853771392796,SYNTHETIC: seeded teaching dataset; not observed market data,2026-09-01T00:00:00+00:00
2025-06-11,USD,5,0.026187069773100508,SYNTHETIC: seeded teaching dataset; not observed market data,2026-09-01T00:00:00+00:00
2025-06-11,USD,10,0.01474103310921384,SYNTHETIC: seeded teaching dataset; not observed market data,2026-09-01T00:00:00+00:00
2025-06-11,USD,30,0.034694374730438876,SYNTHETIC: seeded teaching dataset; not observed market data,2026-09-01T00:00:00+00:00
2025-06-12,CAD,1,-0.00023576794055936434,SYNTHETIC: seeded teaching dataset; not observed market data,2026-09-01T00:00:00+00:00
2025-06-12,CAD,2,0.012641663220179558,SYNTHETIC: seeded teaching dataset; not observed market data,2026-09-01T00:00:00+00:00
2025-06-12,CAD,5,0.014971003729231266,SYNTHETIC: seeded teaching dataset; not observed market data,2026-09-01T00:00:00+00:00
2025-06-12,CAD,10,0.02064964514890262,SYNTHETIC: seeded teaching dataset; not observed market data,2026-09-01T00:00:00+00:00
2025-06-12,CAD,30,0.0392147608964118,SYNTHETIC: seeded teaching dataset; not observed market data,2026-09-01T00:00:00+00:00
2025-06-12,USD,1,0.02597024358875674,SYNTHETIC: seeded teaching dataset; not observed market data,2026-09-01T00:00:00+00:00
2025-06-12,USD,2,0.02112752460238613,SYNTHETIC: seeded teaching dataset; not observed market data,2026-09-01T00:00:00+00:00
2025-06-12,USD,5,0.02676385604234558,SYNTHETIC: seeded teaching dataset; not observed market data,2026-09-01T00:00:00+00:00
2025-06-12,USD,10,0.014564597816136542,SYNTHETIC: seeded teaching dataset; not observed market data,2026-09-01T00:00:00+00:00
2025-06-12,USD,30,0.034253927646757325,SYNTHETIC: seeded teaching dataset; not observed market data,2026-09-01T00:00:00+00:00
2025-06-13,CAD,1,0.00010793673069219023,SYNTHETIC: seeded teaching dataset; not observed market data,2026-09-01T00:00:00+00:00
2025-06-13,CAD,2,0.012738888308340595,SYNTHETIC: seeded teaching dataset; not observed market data,2026-09-01T00:00:00+00:00
2025-06-13,CAD,5,0.015231610126594911,SYNTHETIC: seeded teaching dataset; not observed market data,2026-09-01T00:00:00+00:00
2025-06-13,CAD,10,0.02097635788888924,SYNTHETIC: seeded teaching dataset; not observed market data,2026-09-01T00:00:00+00:00
2025-06-13,CAD,30,0.03977962383070155,SYNTHETIC: seeded teaching dataset; not observed market data,2026-09-01T00:00:00+00:00
2025-06-13,USD,1,0.026849541784204383,SYNTHETIC: seeded teaching dataset; not observed market data,2026-09-01T00:00:00+00:00
2025-06-13,USD,2,0.021419302490176522,SYNTHETIC: seeded teaching dataset; not observed market data,2026-09-01T00:00:00+00:00
2025-06-13,USD,5,0.02656193114077411,SYNTHETIC: seeded teaching dataset; not observed market data,2026-09-01T00:00:00+00:00
2025-06-13,USD,10,0.015182565124011234,SYNTHETIC: seeded teaching dataset; not observed market data,2026-09-01T00:00:00+00:00
2025-06-13,USD,30,0.0341847902953029,SYNTHETIC: seeded teaching dataset; not observed market data,2026-09-01T00:00:00+00:00
2025-06-16,CAD,1,0.0005475940614069925,SYNTHETIC: seeded teaching dataset; not observed market data,2026-09-01T00:00:00+00:00
2025-06-16,CAD,2,0.012671959789775216,SYNTHETIC: seeded teaching dataset; not observed market data,2026-09-01T00:00:00+00:00
2025-06-16,CAD,5,0.016050398117315668,SYNTHETIC: seeded teaching dataset; not observed market data,2026-09-01T00:00:00+00:00
2025-06-16,CAD,10,0.020986986982675003,SYNTHETIC: seeded teaching dataset; not observed market data,2026-09-01T00:00:00+00:00
2025-06-16,CAD,30,0.039847358732215746,SYNTHETIC: seeded teaching dataset; not observed market data,2026-09-01T00:00:00+00:00
2025-06-16,USD,1,0.02714161272197572,SYNTHETIC: seeded teaching dataset; not observed market data,2026-09-01T00:00:00+00:00
2025-06-16,USD,2,0.021943547899762682,SYNTHETIC: seeded teaching dataset; not observed market data,2026-09-01T00:00:00+00:00
2025-06-16,USD,5,0.02668765373339747,SYNTHETIC: seeded teaching dataset; not observed market data,2026-09-01T00:00:00+00:00
2025-06-16,USD,10,0.016046762544929927,SYNTHETIC: seeded teaching dataset; not observed market data,2026-09-01T00:00:00+00:00
2025-06-16,USD,30,0.03401940748516716,SYNTHETIC: seeded teaching dataset; not observed market data,2026-09-01T00:00:00+00:00
2025-06-17,CAD,1,0.0005467737069416966,SYNTHETIC: seeded teaching dataset; not observed market data,2026-09-01T00:00:00+00:00
2025-06-17,CAD,2,0.012335207988802001,SYNTHETIC: seeded teaching dataset; not observed market data,2026-09-01T00:00:00+00:00
2025-06-17,CAD,5,0.01531325760421581,SYNTHETIC: seeded teaching dataset; not observed market data,2026-09-01T00:00:00+00:00
2025-06-17,CAD,10,0.020668375767160407,SYNTHETIC: seeded teaching dataset; not observed market data,2026-09-01T00:00:00+00:00
2025-06-17,CAD,30,0.039098260508309515,SYNTHETIC: seeded teaching dataset; not observed market data,2026-09-01T00:00:00+00:00
2025-06-17,USD,1,0.0264553459787495,SYNTHETIC: seeded teaching dataset; not observed market data,2026-09-01T00:00:00+00:00
2025-06-17,USD,2,0.021722183844383198,SYNTHETIC: seeded teaching dataset; not observed market data,2026-09-01T00:00:00+00:00
2025-06-17,USD,5,0.02695035703721871,SYNTHETIC: seeded teaching dataset; not observed market data,2026-09-01T00:00:00+00:00
2025-06-17,USD,10,0.01674473529043583,SYNTHETIC: seeded teaching dataset; not observed market data,2026-09-01T00:00:00+00:00
2025-06-17,USD,30,0.03365953703529555,SYNTHETIC: seeded teaching dataset; not observed market data,2026-09-01T00:00:00+00:00
2025-06-18,CAD,1,0.000791790088842604,SYNTHETIC: seeded teaching dataset; not observed market data,2026-09-01T00:00:00+00:00
2025-06-18,CAD,2,0.01261776438693867,SYNTHETIC: seeded teaching dataset; not observed market data,2026-09-01T00:00:00+00:00
2025-06-18,CAD,5,0.015558034778406258,SYNTHETIC: seeded teaching dataset; not observed market data,2026-09-01T00:00:00+00:00
2025-06-18,CAD,10,0.020500754812751487,SYNTHETIC: seeded teaching dataset; not observed market data,2026-09-01T00:00:00+00:00
2025-06-18,CAD,30,0.03920310322231798,SYNTHETIC: seeded teaching dataset; not observed market data,2026-09-01T00:00:00+00:00
2025-06-18,USD,1,0.026553182699563065,SYNTHETIC: seeded teaching dataset; not observed market data,2026-09-01T00:00:00+00:00
2025-06-18,USD,2,0.021719695438516984,SYNTHETIC: seeded teaching dataset; not observed market data,2026-09-01T00:00:00+00:00
2025-06-18,USD,5,0.026877051527377686,SYNTHETIC: seeded teaching dataset; not observed market data,2026-09-01T00:00:00+00:00
2025-06-18,USD,10,0.017191505164607306,SYNTHETIC: seeded teaching dataset; not observed market data,2026-09-01T00:00:00+00:00
2025-06-18,USD,30,0.03333150155865201,SYNTHETIC: seeded teaching dataset; not observed market data,2026-09-01T00:00:00+00:00
2025-06-19,CAD,1,0.0022957469779659803,SYNTHETIC: seeded teaching dataset; not observed market data,2026-09-01T00:00:00+00:00
2025-06-19,CAD,2,0.013714661156452748,SYNTHETIC: seeded teaching dataset; not observed market data,2026-09-01T00:00:00+00:00
2025-06-19,CAD,5,0.016730044546111,SYNTHETIC: seeded teaching dataset; not observed market data,2026-09-01T00:00:00+00:00
2025-06-19,CAD,10,0.0216008449916062,SYNTHETIC: seeded teaching dataset; not observed market data,2026-09-01T00:00:00+00:00
2025-06-19,CAD,30,0.04043723004758709,SYNTHETIC: seeded teaching dataset; not observed market data,2026-09-01T00:00:00+00:00
2025-06-19,USD,1,0.027826480777905224,SYNTHETIC: seeded teaching dataset; not observed market data,2026-09-01T00:00:00+00:00
2025-06-19,USD,2,0.02266754875834026,SYNTHETIC: seeded teaching dataset; not observed market data,2026-09-01T00:00:00+00:00
2025-06-19,USD,5,0.028641777580737528,SYNTHETIC: seeded teaching dataset; not observed market data,2026-09-01T00:00:00+00:00
2025-06-19,USD,10,0.018808735727485097,SYNTHETIC: seeded teaching dataset; not observed market data,2026-09-01T00:00:00+00:00
2025-06-19,USD,30,0.03432081820205093,SYNTHETIC: seeded teaching dataset; not observed market data,2026-09-01T00:00:00+00:00
2025-06-20,CAD,1,0.002293426390416499,SYNTHETIC: seeded teaching dataset; not observed market data,2026-09-01T00:00:00+00:00
2025-06-20,CAD,2,0.013581021647686922,SYNTHETIC: seeded teaching dataset; not observed market data,2026-09-01T00:00:00+00:00
2025-06-20,CAD,5,0.016712170787805295,SYNTHETIC: seeded teaching dataset; not observed market data,2026-09-01T00:00:00+00:00
2025-06-20,CAD,10,0.021308285171602326,SYNTHETIC: seeded teaching dataset; not observed market data,2026-09-01T00:00:00+00:00
2025-06-20,CAD,30,0.04043421971427873,SYNTHETIC: seeded teaching dataset; not observed market data,2026-09-01T00:00:00+00:00
2025-06-20,USD,1,0.028302645839565887,SYNTHETIC: seeded teaching dataset; not observed market data,2026-09-01T00:00:00+00:00
2025-06-20,USD,2,0.022236422831758352,SYNTHETIC: seeded teaching dataset; not observed market data,2026-09-01T00:00:00+00:00
2025-06-20,USD,5,0.028927909758577543,SYNTHETIC: seeded teaching dataset; not observed market data,2026-09-01T00:00:00+00:00
2025-06-20,USD,10,0.01927744302525141,SYNTHETIC: seeded teaching dataset; not observed market data,2026-09-01T00:00:00+00:00
2025-06-20,USD,30,0.03375253285688988,SYNTHETIC: seeded teaching dataset; not observed market data,2026-09-01T00:00:00+00:00
2025-06-23,CAD,1,0.0021966693744926817,SYNTHETIC: seeded teaching dataset; not observed market data,2026-09-01T00:00:00+00:00
2025-06-23,CAD,2,0.013024831293969029,SYNTHETIC: seeded teaching dataset; not observed market data,2026-09-01T00:00:00+00:00
2025-06-23,CAD,5,0.01732253721848259,SYNTHETIC: seeded teaching dataset; not observed market data,2026-09-01T00:00:00+00:00
2025-06-23,CAD,10,0.021442864471916782,SYNTHETIC: seeded teaching dataset; not observed market data,2026-09-01T00:00:00+00:00
2025-06-23,CAD,30,0.040357245588039325,SYNTHETIC: seeded teaching dataset; not observed market data,2026-09-01T00:00:00+00:00
2025-06-23,USD,1,0.028111895692315213,SYNTHETIC: seeded teaching dataset; not observed market data,2026-09-01T00:00:00+00:00
2025-06-23,USD,2,0.02255052999069726,SYNTHETIC: seeded teaching dataset; not observed market data,2026-09-01T00:00:00+00:00
2025-06-23,USD,5,0.02875015497022742,SYNTHETIC: seeded teaching dataset; not observed market data,2026-09-01T00:00:00+00:00
2025-06-23,USD,10,0.019619747968208097,SYNTHETIC: seeded teaching dataset; not observed market data,2026-09-01T00:00:00+00:00
2025-06-23,USD,30,0.03389065727232742,SYNTHETIC: seeded teaching dataset; not observed market data,2026-09-01T00:00:00+00:00
2025-06-24,CAD,1,0.0018353292848209413,SYNTHETIC: seeded teaching dataset; not observed market data,2026-09-01T00:00:00+00:00
2025-06-24,CAD,2,0.013556164810377374,SYNTHETIC: seeded teaching dataset; not observed market data,2026-09-01T00:00:00+00:00
2025-06-24,CAD,5,0.017674576891976535,SYNTHETIC: seeded teaching dataset; not observed market data,2026-09-01T00:00:00+00:00
2025-06-24,CAD,10,0.02213189827902077,SYNTHETIC: seeded teaching dataset; not observed market data,2026-09-01T00:00:00+00:00
2025-06-24,CAD,30,0.039987735568400455,SYNTHETIC: seeded teaching dataset; not observed market data,2026-09-01T00:00:00+00:00
2025-06-24,USD,1,0.028714051014319213,SYNTHETIC: seeded teaching dataset; not observed market data,2026-09-01T00:00:00+00:00
2025-06-24,USD,2,0.02276696976713076,SYNTHETIC: seeded teaching dataset; not observed market data,2026-09-01T00:00:00+00:00
2025-06-24,USD,5,0.029429524193919133,SYNTHETIC: seeded teaching dataset; not observed market data,2026-09-01T00:00:00+00:00
2025-06-24,USD,10,0.020111221666022232,SYNTHETIC: seeded teaching dataset; not observed market data,2026-09-01T00:00:00+00:00
2025-06-24,USD,30,0.03332561017587984,SYNTHETIC: seeded teaching dataset; not observed market data,2026-09-01T00:00:00+00:00
2025-06-25,CAD,1,0.001919319841173158,SYNTHETIC: seeded teaching dataset; not observed market data,2026-09-01T00:00:00+00:00
2025-06-25,CAD,2,0.013592456664820647,SYNTHETIC: seeded teaching dataset; not observed market data,2026-09-01T00:00:00+00:00
2025-06-25,CAD,5,0.017840878094582253,SYNTHETIC: seeded teaching dataset; not observed market data,2026-09-01T00:00:00+00:00
2025-06-25,CAD,10,0.022335542656066867,SYNTHETIC: seeded teaching dataset; not observed market data,2026-09-01T00:00:00+00:00
2025-06-25,CAD,30,0.04028979478866038,SYNTHETIC: seeded teaching dataset; not observed market data,2026-09-01T00:00:00+00:00
2025-06-25,USD,1,0.02911842354028597,SYNTHETIC: seeded teaching dataset; not observed market data,2026-09-01T00:00:00+00:00
2025-06-25,USD,2,0.023584853049776037,SYNTHETIC: seeded teaching dataset; not observed market data,2026-09-01T00:00:00+00:00
2025-06-25,USD,5,0.029575115055314852,SYNTHETIC: seeded teaching dataset; not observed market data,2026-09-01T00:00:00+00:00
2025-06-25,USD,10,0.020333211271771214,SYNTHETIC: seeded teaching dataset; not observed market data,2026-09-01T00:00:00+00:00
2025-06-25,USD,30,0.03351616413668691,SYNTHETIC: seeded teaching dataset; not observed market data,2026-09-01T00:00:00+00:00
2025-06-26,CAD,1,0.0022883025763368,SYNTHETIC: seeded teaching dataset; not observed market data,2026-09-01T00:00:00+00:00
2025-06-26,CAD,2,0.013549440816460366,SYNTHETIC: seeded teaching dataset; not observed market data,2026-09-01T00:00:00+00:00
2025-06-26,CAD,5,0.017787158942414078,SYNTHETIC: seeded teaching dataset; not observed market data,2026-09-01T00:00:00+00:00
2025-06-26,CAD,10,0.021885368016034232,SYNTHETIC: seeded teaching dataset; not observed market data,2026-09-01T00:00:00+00:00
2025-06-26,CAD,30,0.040356957779456665,SYNTHETIC: seeded teaching dataset; not observed market data,2026-09-01T00:00:00+00:00
2025-06-26,USD,1,0.029628213642684465,SYNTHETIC: seeded teaching dataset; not observed market data,2026-09-01T00:00:00+00:00
2025-06-26,USD,2,0.023612039347829045,SYNTHETIC: seeded teaching dataset; not observed market data,2026-09-01T00:00:00+00:00
2025-06-26,USD,5,0.029967355823024008,SYNTHETIC: seeded teaching dataset; not observed market data,2026-09-01T00:00:00+00:00
2025-06-26,USD,10,0.020759099730449402,SYNTHETIC: seeded teaching dataset; not observed market data,2026-09-01T00:00:00+00:00
2025-06-26,USD,30,0.033321132518061826,SYNTHETIC: seeded teaching dataset; not observed market data,2026-09-01T00:00:00+00:00
2025-06-27,CAD,1,0.0023151096105828613,SYNTHETIC: seeded teaching dataset; not observed market data,2026-09-01T00:00:00+00:00
2025-06-27,CAD,2,0.014250990696970152,SYNTHETIC: seeded teaching dataset; not observed market data,2026-09-01T00:00:00+00:00
2025-06-27,CAD,5,0.017965793515918583,SYNTHETIC: seeded teaching dataset; not observed market data,2026-09-01T00:00:00+00:00
2025-06-27,CAD,10,0.02183987892477427,SYNTHETIC: seeded teaching dataset; not observed market data,2026-09-01T00:00:00+00:00
2025-06-27,CAD,30,0.04043310875847904,SYNTHETIC: seeded teaching dataset; not observed market data,2026-09-01T00:00:00+00:00
2025-06-27,USD,1,0.03027288483619094,SYNTHETIC: seeded teaching dataset; not observed market data,2026-09-01T00:00:00+00:00
2025-06-27,USD,2,0.023588796325337735,SYNTHETIC: seeded teaching dataset; not observed market data,2026-09-01T00:00:00+00:00
2025-06-27,USD,5,0.0303553740581091,SYNTHETIC: seeded teaching dataset; not observed market data,2026-09-01T00:00:00+00:00
2025-06-27,USD,10,0.02126813274917456,SYNTHETIC: seeded teaching dataset; not observed market data,2026-09-01T00:00:00+00:00
2025-06-27,USD,30,0.03342320513817781,SYNTHETIC: seeded teaching dataset; not observed market data,2026-09-01T00:00:00+00:00
2025-06-30,CAD,1,0.0022724035269086756,SYNTHETIC: seeded teaching dataset; not observed market data,2026-09-01T00:00:00+00:00
2025-06-30,CAD,2,0.0141368878513676,SYNTHETIC: seeded teaching dataset; not observed market data,2026-09-01T00:00:00+00:00
2025-06-30,CAD,5,0.01796388007232406,SYNTHETIC: seeded teaching dataset; not observed market data,2026-09-01T00:00:00+00:00
2025-06-30,CAD,10,0.02206369626967443,SYNTHETIC: seeded teaching dataset; not observed market data,2026-09-01T00:00:00+00:00
2025-06-30,CAD,30,0.040540604462766534,SYNTHETIC: seeded teaching dataset; not observed market data,2026-09-01T00:00:00+00:00
2025-06-30,USD,1,0.03095353008540889,SYNTHETIC: seeded teaching dataset; not observed market data,2026-09-01T00:00:00+00:00
2025-06-30,USD,2,0.023981533548063302,SYNTHETIC: seeded teaching dataset; not observed market data,2026-09-01T00:00:00+00:00
2025-06-30,USD,5,0.030722477556508303,SYNTHETIC: seeded teaching dataset; not observed market data,2026-09-01T00:00:00+00:00
2025-06-30,USD,10,0.02201521807615703,SYNTHETIC: seeded teaching dataset; not observed market data,2026-09-01T00:00:00+00:00
2025-06-30,USD,30,0.03369306050835255,SYNTHETIC: seeded teaching dataset; not observed market data,2026-09-01T00:00:00+00:00
2025-07-01,CAD,1,0.0018316289358835704,SYNTHETIC: seeded teaching dataset; not observed market data,2026-09-01T00:00:00+00:00
2025-07-01,CAD,2,0.013492639115361907,SYNTHETIC: seeded teaching dataset; not observed market data,2026-09-01T00:00:00+00:00
2025-07-01,CAD,5,0.018123046596593435,SYNTHETIC: seeded teaching dataset; not observed market data,2026-09-01T00:00:00+00:00
2025-07-01,CAD,10,0.02216858969333773,SYNTHETIC: seeded teaching dataset; not observed market data,2026-09-01T00:00:00+00:00
2025-07-01,CAD,30,0.039666180401758525,SYNTHETIC: seeded teaching dataset; not observed market data,2026-09-01T00:00:00+00:00
2025-07-01,USD,1,0.030809022349111894,SYNTHETIC: seeded teaching dataset; not observed market data,2026-09-01T00:00:00+00:00
2025-07-01,USD,2,0.023768802467636473,SYNTHETIC: seeded teaching dataset; not observed market data,2026-09-01T00:00:00+00:00
2025-07-01,USD,5,0.030466630436704938,SYNTHETIC: seeded teaching dataset; not observed market data,2026-09-01T00:00:00+00:00
2025-07-01,USD,10,0.021480449993652142,SYNTHETIC: seeded teaching dataset; not observed market data,2026-09-01T00:00:00+00:00
2025-07-01,USD,30,0.03343702395412441,SYNTHETIC: seeded teaching dataset; not observed market data,2026-09-01T00:00:00+00:00
2025-07-02,CAD,1,0.0017644334389092936,SYNTHETIC: seeded teaching dataset; not observed market data,2026-09-01T00:00:00+00:00
2025-07-02,CAD,2,0.014068120588410784,SYNTHETIC: seeded teaching dataset; not observed market data,2026-09-01T00:00:00+00:00
2025-07-02,CAD,5,0.018929014832906394,SYNTHETIC: seeded teaching dataset; not observed market data,2026-09-01T00:00:00+00:00
2025-07-02,CAD,10,0.022756593274060787,SYNTHETIC: seeded teaching dataset; not observed market data,2026-09-01T00:00:00+00:00
2025-07-02,CAD,30,0.03990285929452721,SYNTHETIC: seeded teaching dataset; not observed market data,2026-09-01T00:00:00+00:00
2025-07-02,USD,1,0.03126752411865745,SYNTHETIC: seeded teaching dataset; not observed market data,2026-09-01T00:00:00+00:00
2025-07-02,USD,2,0.02414290102919844,SYNTHETIC: seeded teaching dataset; not observed market data,2026-09-01T00:00:00+00:00
2025-07-02,USD,5,0.030970270504791474,SYNTHETIC: seeded teaching dataset; not observed market data,2026-09-01T00:00:00+00:00
2025-07-02,USD,10,0.022002361012142337,SYNTHETIC: seeded teaching dataset; not observed market data,2026-09-01T00:00:00+00:00
2025-07-02,USD,30,0.03275546184882165,SYNTHETIC: seeded teaching dataset; not observed market data,2026-09-01T00:00:00+00:00
2025-07-03,CAD,1,0.002167602856897235,SYNTHETIC: seeded teaching dataset; not observed market data,2026-09-01T00:00:00+00:00
2025-07-03,CAD,2,0.01338255744528897,SYNTHETIC: seeded teaching dataset; not observed market data,2026-09-01T00:00:00+00:00
2025-07-03,CAD,5,0.018478094633509964,SYNTHETIC: seeded teaching dataset; not observed market data,2026-09-01T00:00:00+00:00
2025-07-03,CAD,10,0.022906801128731502,SYNTHETIC: seeded teaching dataset; not observed market data,2026-09-01T00:00:00+00:00
2025-07-03,CAD,30,0.039790278092591856,SYNTHETIC: seeded teaching dataset; not observed market data,2026-09-01T00:00:00+00:00
2025-07-03,USD,1,0.031110189509066206,SYNTHETIC: seeded teaching dataset; not observed market data,2026-09-01T00:00:00+00:00
2025-07-03,USD,2,0.02459810316512006,SYNTHETIC: seeded teaching dataset; not observed market data,2026-09-01T00:00:00+00:00
2025-07-03,USD,5,0.030923751394934435,SYNTHETIC: seeded teaching dataset; not observed market data,2026-09-01T00:00:00+00:00
2025-07-03,USD,10,0.021703880847798698,SYNTHETIC: seeded teaching dataset; not observed market data,2026-09-01T00:00:00+00:00
2025-07-03,USD,30,0.032551280814787885,SYNTHETIC: seeded teaching dataset; not observed market data,2026-09-01T00:00:00+00:00
2025-07-04,CAD,1,0.002308155993020991,SYNTHETIC: seeded teaching dataset; not observed market data,2026-09-01T00:00:00+00:00
2025-07-04,CAD,2,0.013088036044782427,SYNTHETIC: seeded teaching dataset; not observed market data,2026-09-01T00:00:00+00:00
2025-07-04,CAD,5,0.018047749993784962,SYNTHETIC: seeded teaching dataset; not observed market data,2026-09-01T00:00:00+00:00
2025-07-04,CAD,10,0.02306075719806109,SYNTHETIC: seeded teaching dataset; not observed market data,2026-09-01T00:00:00+00:00
2025-07-04,CAD,30,0.039538281954120444,SYNTHETIC: seeded teaching dataset; not observed market data,2026-09-01T00:00:00+00:00
2025-07-04,USD,1,0.030711717427338008,SYNTHETIC: seeded teaching dataset; not observed market data,2026-09-01T00:00:00+00:00
2025-07-04,USD,2,0.024548968003677674,SYNTHETIC: seeded teaching dataset; not observed market data,2026-09-01T00:00:00+00:00
2025-07-04,USD,5,0.031092895992283185,SYNTHETIC: seeded teaching dataset; not observed market data,2026-09-01T00:00:00+00:00
2025-07-04,USD,10,0.02104693594270474,SYNTHETIC: seeded teaching dataset; not observed market data,2026-09-01T00:00:00+00:00
2025-07-04,USD,30,0.03223141911253516,SYNTHETIC: seeded teaching dataset; not observed market data,2026-09-01T00:00:00+00:00
2025-07-07,CAD,1,0.0018621206054401547,SYNTHETIC: seeded teaching dataset; not observed market data,2026-09-01T00:00:00+00:00
2025-07-07,CAD,2,0.01281607840149134,SYNTHETIC: seeded teaching dataset; not observed market data,2026-09-01T00:00:00+00:00
2025-07-07,CAD,5,0.017637292769138693,SYNTHETIC: seeded teaching dataset; not observed market data,2026-09-01T00:00:00+00:00
2025-07-07,CAD,10,0.022789588403565895,SYNTHETIC: seeded teaching dataset; not observed market data,2026-09-01T00:00:00+00:00
2025-07-07,CAD,30,0.03952070062926649,SYNTHETIC: seeded teaching dataset; not observed market data,2026-09-01T00:00:00+00:00
2025-07-07,USD,1,0.03105315156070568,SYNTHETIC: seeded teaching dataset; not observed market data,2026-09-01T00:00:00+00:00
2025-07-07,USD,2,0.02437071229936932,SYNTHETIC: seeded teaching dataset; not observed market data,2026-09-01T00:00:00+00:00
2025-07-07,USD,5,0.03120363007537928,SYNTHETIC: seeded teaching dataset; not observed market data,2026-09-01T00:00:00+00:00
2025-07-07,USD,10,0.02099633979871954,SYNTHETIC: seeded teaching dataset; not observed market data,2026-09-01T00:00:00+00:00
2025-07-07,USD,30,0.03199885122161704,SYNTHETIC: seeded teaching dataset; not observed market data,2026-09-01T00:00:00+00:00
2025-07-08,CAD,1,0.0024110667282758146,SYNTHETIC: seeded teaching dataset; not observed market data,2026-09-01T00:00:00+00:00
2025-07-08,CAD,2,0.0128354852063332,SYNTHETIC: seeded teaching dataset; not observed market data,2026-09-01T00:00:00+00:00
2025-07-08,CAD,5,0.01764397158644161,SYNTHETIC: seeded teaching dataset; not observed market data,2026-09-01T00:00:00+00:00
2025-07-08,CAD,10,0.023042366075538806,SYNTHETIC: seeded teaching dataset; not observed market data,2026-09-01T00:00:00+00:00
2025-07-08,CAD,30,0.03970452668646661,SYNTHETIC: seeded teaching dataset; not observed market data,2026-09-01T00:00:00+00:00
2025-07-08,USD,1,0.030855662060908593,SYNTHETIC: seeded teaching dataset; not observed market data,2026-09-01T00:00:00+00:00
2025-07-08,USD,2,0.02404662405798591,SYNTHETIC: seeded teaching dataset; not observed market data,2026-09-01T00:00:00+00:00
2025-07-08,USD,5,0.03126272625783323,SYNTHETIC: seeded teaching dataset; not observed market data,2026-09-01T00:00:00+00:00
2025-07-08,USD,10,0.021061496303808002,SYNTHETIC: seeded teaching dataset; not observed market data,2026-09-01T00:00:00+00:00
2025-07-08,USD,30,0.03187984544505265,SYNTHETIC: seeded teaching dataset; not observed market data,2026-09-01T00:00:00+00:00
2025-07-09,CAD,1,0.0034397127487408932,SYNTHETIC: seeded teaching dataset; not observed market data,2026-09-01T00:00:00+00:00
2025-07-09,CAD,2,0.013245802687299543,SYNTHETIC: seeded teaching dataset; not observed market data,2026-09-01T00:00:00+00:00
2025-07-09,CAD,5,0.018682794333931965,SYNTHETIC: seeded teaching dataset; not observed market data,2026-09-01T00:00:00+00:00
2025-07-09,CAD,10,0.023075063748150215,SYNTHETIC: seeded teaching dataset; not observed market data,2026-09-01T00:00:00+00:00
2025-07-09,CAD,30,0.03997568518051229,SYNTHETIC: seeded teaching dataset; not observed market data,2026-09-01T00:00:00+00:00
2025-07-09,USD,1,0.031081760202187957,SYNTHETIC: seeded teaching dataset; not observed market data,2026-09-01T00:00:00+00:00
2025-07-09,USD,2,0.024105295998038942,SYNTHETIC: seeded teaching dataset; not observed market data,2026-09-01T00:00:00+00:00
2025-07-09,USD,5,0.031739860072541995,SYNTHETIC: seeded teaching dataset; not observed market data,2026-09-01T00:00:00+00:00
2025-07-09,USD,10,0.02176874570775923,SYNTHETIC: seeded teaching dataset; not observed market data,2026-09-01T00:00:00+00:00
2025-07-09,USD,30,0.03206657036966672,SYNTHETIC: seeded teaching dataset; not observed market data,2026-09-01T00:00:00+00:00
2025-07-10,CAD,1,0.003518741312705888,SYNTHETIC: seeded teaching dataset; not observed market data,2026-09-01T00:00:00+00:00
2025-07-10,CAD,2,0.012915839812855224,SYNTHETIC: seeded teaching dataset; not observed market data,2026-09-01T00:00:00+00:00
2025-07-10,CAD,5,0.018781608889798598,SYNTHETIC: seeded teaching dataset; not observed market data,2026-09-01T00:00:00+00:00
2025-07-10,CAD,10,0.022767850793276062,SYNTHETIC: seeded teaching dataset; not observed market data,2026-09-01T00:00:00+00:00
2025-07-10,CAD,30,0.039612805283873315,SYNTHETIC: seeded teaching dataset; not observed market data,2026-09-01T00:00:00+00:00
2025-07-10,USD,1,0.030833419504892604,SYNTHETIC: seeded teaching dataset; not observed market data,2026-09-01T00:00:00+00:00
2025-07-10,USD,2,0.02404119766504225,SYNTHETIC: seeded teaching dataset; not observed market data,2026-09-01T00:00:00+00:00
2025-07-10,USD,5,0.03144839138122802,SYNTHETIC: seeded teaching dataset; not observed market data,2026-09-01T00:00:00+00:00
2025-07-10,USD,10,0.020947665775344678,SYNTHETIC: seeded teaching dataset; not observed market data,2026-09-01T00:00:00+00:00
2025-07-10,USD,30,0.03190898922041212,SYNTHETIC: seeded teaching dataset; not observed market data,2026-09-01T00:00:00+00:00
2025-07-11,CAD,1,0.0037135504374001885,SYNTHETIC: seeded teaching dataset; not observed market data,2026-09-01T00:00:00+00:00
2025-07-11,CAD,2,0.012238702568571689,SYNTHETIC: seeded teaching dataset; not observed market data,2026-09-01T00:00:00+00:00
2025-07-11,CAD,5,0.018622254983006483,SYNTHETIC: seeded teaching dataset; not observed market data,2026-09-01T00:00:00+00:00
2025-07-11,CAD,10,0.02258716568125068,SYNTHETIC: seeded teaching dataset; not observed market data,2026-09-01T00:00:00+00:00
2025-07-11,CAD,30,0.0391960864622835,SYNTHETIC: seeded teaching dataset; not observed market data,2026-09-01T00:00:00+00:00
2025-07-11,USD,1,0.03119228731340559,SYNTHETIC: seeded teaching dataset; not observed market data,2026-09-01T00:00:00+00:00
2025-07-11,USD,2,0.02419372592776601,SYNTHETIC: seeded teaching dataset; not observed market data,2026-09-01T00:00:00+00:00
2025-07-11,USD,5,0.03083371609280167,SYNTHETIC: seeded teaching dataset; not observed market data,2026-09-01T00:00:00+00:00
2025-07-11,USD,10,0.02114492583297367,SYNTHETIC: seeded teaching dataset; not observed market data,2026-09-01T00:00:00+00:00
2025-07-11,USD,30,0.031683692940238053,SYNTHETIC: seeded teaching dataset; not observed market data,2026-09-01T00:00:00+00:00
2025-07-14,CAD,1,0.003596016184149873,SYNTHETIC: seeded teaching dataset; not observed market data,2026-09-01T00:00:00+00:00
2025-07-14,CAD,2,0.011804003678449247,SYNTHETIC: seeded teaching dataset; not observed market data,2026-09-01T00:00:00+00:00
2025-07-14,CAD,5,0.018603956049115185,SYNTHETIC: seeded teaching dataset; not observed market data,2026-09-01T00:00:00+00:00
2025-07-14,CAD,10,0.022218764354020953,SYNTHETIC: seeded teaching dataset; not observed market data,2026-09-01T00:00:00+00:00
2025-07-14,CAD,30,0.03872963369637339,SYNTHETIC: seeded teaching dataset; not observed market data,2026-09-01T00:00:00+00:00
2025-07-14,USD,1,0.031251077977069,SYNTHETIC: seeded teaching dataset; not observed market data,2026-09-01T00:00:00+00:00
2025-07-14,USD,2,0.023820551123062226,SYNTHETIC: seeded teaching dataset; not observed market data,2026-09-01T00:00:00+00:00
2025-07-14,USD,5,0.030736130802000217,SYNTHETIC: seeded teaching dataset; not observed market data,2026-09-01T00:00:00+00:00
2025-07-14,USD,10,0.020906598889472185,SYNTHETIC: seeded teaching dataset; not observed market data,2026-09-01T00:00:00+00:00
2025-07-14,USD,30,0.031234248751528863,SYNTHETIC: seeded teaching dataset; not observed market data,2026-09-01T00:00:00+00:00
2025-07-15,CAD,1,0.002790751439254755,SYNTHETIC: seeded teaching dataset; not observed market data,2026-09-01T00:00:00+00:00
2025-07-15,CAD,2,0.011147855130317732,SYNTHETIC: seeded teaching dataset; not observed market data,2026-09-01T00:00:00+00:00
2025-07-15,CAD,5,0.017728357375589063,SYNTHETIC: seeded teaching dataset; not observed market data,2026-09-01T00:00:00+00:00
2025-07-15,CAD,10,0.0213569491564014,SYNTHETIC: seeded teaching dataset; not observed market data,2026-09-01T00:00:00+00:00
2025-07-15,CAD,30,0.03847730740798689,SYNTHETIC: seeded teaching dataset; not observed market data,2026-09-01T00:00:00+00:00
2025-07-15,USD,1,0.03014624686731848,SYNTHETIC: seeded teaching dataset; not observed market data,2026-09-01T00:00:00+00:00
2025-07-15,USD,2,0.022877343630390467,SYNTHETIC: seeded teaching dataset; not observed market data,2026-09-01T00:00:00+00:00
2025-07-15,USD,5,0.03070676439122652,SYNTHETIC: seeded teaching dataset; not observed market data,2026-09-01T00:00:00+00:00
2025-07-15,USD,10,0.019712805412221594,SYNTHETIC: seeded teaching dataset; not observed market data,2026-09-01T00:00:00+00:00
2025-07-15,USD,30,0.03075201331419657,SYNTHETIC: seeded teaching dataset; not observed market data,2026-09-01T00:00:00+00:00
2025-07-16,CAD,1,0.0022313840055633687,SYNTHETIC: seeded teaching dataset; not observed market data,2026-09-01T00:00:00+00:00
2025-07-16,CAD,2,0.010090269909848728,SYNTHETIC: seeded teaching dataset; not observed market data,2026-09-01T00:00:00+00:00
2025-07-16,CAD,5,0.016800834660198497,SYNTHETIC: seeded teaching dataset; not observed market data,2026-09-01T00:00:00+00:00
2025-07-16,CAD,10,0.020390125021250656,SYNTHETIC: seeded teaching dataset; not observed market data,2026-09-01T00:00:00+00:00
2025-07-16,CAD,30,0.037677242760241064,SYNTHETIC: seeded teaching dataset; not observed market data,2026-09-01T00:00:00+00:00
2025-07-16,USD,1,0.029055766493100207,SYNTHETIC: seeded teaching dataset; not observed market data,2026-09-01T00:00:00+00:00
2025-07-16,USD,2,0.022256643961586067,SYNTHETIC: seeded teaching dataset; not observed market data,2026-09-01T00:00:00+00:00
2025-07-16,USD,5,0.03017086311201577,SYNTHETIC: seeded teaching dataset; not observed market data,2026-09-01T00:00:00+00:00
2025-07-16,USD,10,0.019353279463828994,SYNTHETIC: seeded teaching dataset; not observed market data,2026-09-01T00:00:00+00:00
2025-07-16,USD,30,0.030201073355438316,SYNTHETIC: seeded teaching dataset; not observed market data,2026-09-01T00:00:00+00:00
2025-07-17,CAD,1,0.0022009091312584737,SYNTHETIC: seeded teaching dataset; not observed market data,2026-09-01T00:00:00+00:00
2025-07-17,CAD,2,0.010339142774504073,SYNTHETIC: seeded teaching dataset; not observed market data,2026-09-01T00:00:00+00:00
2025-07-17,CAD,5,0.016847170054083396,SYNTHETIC: seeded teaching dataset; not observed market data,2026-09-01T00:00:00+00:00
2025-07-17,CAD,10,0.020422961009822972,SYNTHETIC: seeded teaching dataset; not observed market data,2026-09-01T00:00:00+00:00
2025-07-17,CAD,30,0.037165669879568014,SYNTHETIC: seeded teaching dataset; not observed market data,2026-09-01T00:00:00+00:00
2025-07-17,USD,1,0.028698773891471418,SYNTHETIC: seeded teaching dataset; not observed market data,2026-09-01T00:00:00+00:00
2025-07-17,USD,2,0.022310334672618146,SYNTHETIC: seeded teaching dataset; not observed market data,2026-09-01T00:00:00+00:00
2025-07-17,USD,5,0.029441612816599787,SYNTHETIC: seeded teaching dataset; not observed market data,2026-09-01T00:00:00+00:00
2025-07-17,USD,10,0.018378848225189492,SYNTHETIC: seeded teaching dataset; not observed market data,2026-09-01T00:00:00+00:00
2025-07-17,USD,30,0.030074618650710486,SYNTHETIC: seeded teaching dataset; not observed market data,2026-09-01T00:00:00+00:00
2025-07-18,CAD,1,0.001988713386495436,SYNTHETIC: seeded teaching dataset; not observed market data,2026-09-01T00:00:00+00:00
2025-07-18,CAD,2,0.01020925834058597,SYNTHETIC: seeded teaching dataset; not observed market data,2026-09-01T00:00:00+00:00
2025-07-18,CAD,5,0.01667172238209234,SYNTHETIC: seeded teaching dataset; not observed market data,2026-09-01T00:00:00+00:00
2025-07-18,CAD,10,0.020459716066301953,SYNTHETIC: seeded teaching dataset; not observed market data,2026-09-01T00:00:00+00:00
2025-07-18,CAD,30,0.03738245894310416,SYNTHETIC: seeded teaching dataset; not observed market data,2026-09-01T00:00:00+00:00
2025-07-18,USD,1,0.028965593937151365,SYNTHETIC: seeded teaching dataset; not observed market data,2026-09-01T00:00:00+00:00
2025-07-18,USD,2,0.022355024748828112,SYNTHETIC: seeded teaching dataset; not observed market data,2026-09-01T00:00:00+00:00
2025-07-18,USD,5,0.02929721629042683,SYNTHETIC: seeded teaching dataset; not observed market data,2026-09-01T00:00:00+00:00
2025-07-18,USD,10,0.018207301490145465,SYNTHETIC: seeded teaching dataset; not observed market data,2026-09-01T00:00:00+00:00
2025-07-18,USD,30,0.029570040763088234,SYNTHETIC: seeded teaching dataset; not observed market data,2026-09-01T00:00:00+00:00
2025-07-21,CAD,1,0.0025208010224798995,SYNTHETIC: seeded teaching dataset; not observed market data,2026-09-01T00:00:00+00:00
2025-07-21,CAD,2,0.010911493579875782,SYNTHETIC: seeded teaching dataset; not observed market data,2026-09-01T00:00:00+00:00
2025-07-21,CAD,5,0.017176324342047255,SYNTHETIC: seeded teaching dataset; not observed market data,2026-09-01T00:00:00+00:00
2025-07-21,CAD,10,0.021386902880472958,SYNTHETIC: seeded teaching dataset; not observed market data,2026-09-01T00:00:00+00:00
2025-07-21,CAD,30,0.037647679314045425,SYNTHETIC: seeded teaching dataset; not observed market data,2026-09-01T00:00:00+00:00
2025-07-21,USD,1,0.02977082158863169,SYNTHETIC: seeded teaching dataset; not observed market data,2026-09-01T00:00:00+00:00
2025-07-21,USD,2,0.023205121561582734,SYNTHETIC: seeded teaching dataset; not observed market data,2026-09-01T00:00:00+00:00
2025-07-21,USD,5,0.02957573277087809,SYNTHETIC: seeded teaching dataset; not observed market data,2026-09-01T00:00:00+00:00
2025-07-21,USD,10,0.01902230157391673,SYNTHETIC: seeded teaching dataset; not observed market data,2026-09-01T00:00:00+00:00
2025-07-21,USD,30,0.029888687175460626,SYNTHETIC: seeded teaching dataset; not observed market data,2026-09-01T00:00:00+00:00
2025-07-22,CAD,1,0.002194526839311317,SYNTHETIC: seeded teaching dataset; not observed market data,2026-09-01T00:00:00+00:00
2025-07-22,CAD,2,0.010784599820049564,SYNTHETIC: seeded teaching dataset; not observed market data,2026-09-01T00:00:00+00:00
2025-07-22,CAD,5,0.017062633447649914,SYNTHETIC: seeded teaching dataset; not observed market data,2026-09-01T00:00:00+00:00
2025-07-22,CAD,10,0.020296237226477484,SYNTHETIC: seeded teaching dataset; not observed market data,2026-09-01T00:00:00+00:00
2025-07-22,CAD,30,0.03710709068350715,SYNTHETIC: seeded teaching dataset; not observed market data,2026-09-01T00:00:00+00:00
2025-07-22,USD,1,0.028739034691267224,SYNTHETIC: seeded teaching dataset; not observed market data,2026-09-01T00:00:00+00:00
2025-07-22,USD,2,0.02324097626259423,SYNTHETIC: seeded teaching dataset; not observed market data,2026-09-01T00:00:00+00:00
2025-07-22,USD,5,0.028318169309281462,SYNTHETIC: seeded teaching dataset; not observed market data,2026-09-01T00:00:00+00:00
2025-07-22,USD,10,0.018467627724095232,SYNTHETIC: seeded teaching dataset; not observed market data,2026-09-01T00:00:00+00:00
2025-07-22,USD,30,0.029493774426610855,SYNTHETIC: seeded teaching dataset; not observed market data,2026-09-01T00:00:00+00:00
2025-07-23,CAD,1,0.0017690761865387684,SYNTHETIC: seeded teaching dataset; not observed market data,2026-09-01T00:00:00+00:00
2025-07-23,CAD,2,0.010455469939557363,SYNTHETIC: seeded teaching dataset; not observed market data,2026-09-01T00:00:00+00:00
2025-07-23,CAD,5,0.017068500749292222,SYNTHETIC: seeded teaching dataset; not observed market data,2026-09-01T00:00:00+00:00
2025-07-23,CAD,10,0.019746849007101996,SYNTHETIC: seeded teaching dataset; not observed market data,2026-09-01T00:00:00+00:00
2025-07-23,CAD,30,0.036441572092456714,SYNTHETIC: seeded teaching dataset; not observed market data,2026-09-01T00:00:00+00:00
2025-07-23,USD,1,0.028310925743769384,SYNTHETIC: seeded teaching dataset; not observed market data,2026-09-01T00:00:00+00:00
2025-07-23,USD,2,0.02287701865564923,SYNTHETIC: seeded teaching dataset; not observed market data,2026-09-01T00:00:00+00:00
2025-07-23,USD,5,0.02762430407409653,SYNTHETIC: seeded teaching dataset; not observed market data,2026-09-01T00:00:00+00:00
2025-07-23,USD,10,0.0179470257725167,SYNTHETIC: seeded teaching dataset; not observed market data,2026-09-01T00:00:00+00:00
2025-07-23,USD,30,0.029205456793904464,SYNTHETIC: seeded teaching dataset; not observed market data,2026-09-01T00:00:00+00:00
2025-07-24,CAD,1,0.0020671154989768646,SYNTHETIC: seeded teaching dataset; not observed market data,2026-09-01T00:00:00+00:00
2025-07-24,CAD,2,0.010925479978594164,SYNTHETIC: seeded teaching dataset; not observed market data,2026-09-01T00:00:00+00:00
2025-07-24,CAD,5,0.01761923559110926,SYNTHETIC: seeded teaching dataset; not observed market data,2026-09-01T00:00:00+00:00
2025-07-24,CAD,10,0.020167198425284104,SYNTHETIC: seeded teaching dataset; not observed market data,2026-09-01T00:00:00+00:00
2025-07-24,CAD,30,0.03700704296510831,SYNTHETIC: seeded teaching dataset; not observed market data,2026-09-01T00:00:00+00:00
2025-07-24,USD,1,0.02917188916517099,SYNTHETIC: seeded teaching dataset; not observed market data,2026-09-01T00:00:00+00:00
2025-07-24,USD,2,0.023098004372283265,SYNTHETIC: seeded teaching dataset; not observed market data,2026-09-01T00:00:00+00:00
2025-07-24,USD,5,0.027889224616628176,SYNTHETIC: seeded teaching dataset; not observed market data,2026-09-01T00:00:00+00:00
2025-07-24,USD,10,0.018767551301578145,SYNTHETIC: seeded teaching dataset; not observed market data,2026-09-01T00:00:00+00:00
2025-07-24,USD,30,0.029763604633533034,SYNTHETIC: seeded teaching dataset; not observed market data,2026-09-01T00:00:00+00:00
2025-07-25,CAD,1,0.002642119529781734,SYNTHETIC: seeded teaching dataset; not observed market data,2026-09-01T00:00:00+00:00
2025-07-25,CAD,2,0.01059506983098755,SYNTHETIC: seeded teaching dataset; not observed market data,2026-09-01T00:00:00+00:00
2025-07-25,CAD,5,0.017012255478961204,SYNTHETIC: seeded teaching dataset; not observed market data,2026-09-01T00:00:00+00:00
2025-07-25,CAD,10,0.02050689725856189,SYNTHETIC: seeded teaching dataset; not observed market data,2026-09-01T00:00:00+00:00
2025-07-25,CAD,30,0.0369389342708345,SYNTHETIC: seeded teaching dataset; not observed market data,2026-09-01T00:00:00+00:00
2025-07-25,USD,1,0.029002345142723148,SYNTHETIC: seeded teaching dataset; not observed market data,2026-09-01T00:00:00+00:00
2025-07-25,USD,2,0.022688522546922173,SYNTHETIC: seeded teaching dataset; not observed market data,2026-09-01T00:00:00+00:00
2025-07-25,USD,5,0.027446340773171762,SYNTHETIC: seeded teaching dataset; not observed market data,2026-09-01T00:00:00+00:00
2025-07-25,USD,10,0.019115593474052953,SYNTHETIC: seeded teaching dataset; not observed market data,2026-09-01T00:00:00+00:00
2025-07-25,USD,30,0.029885644369429577,SYNTHETIC: seeded teaching dataset; not observed market data,2026-09-01T00:00:00+00:00
2025-07-28,CAD,1,0.0023687045170599497,SYNTHETIC: seeded teaching dataset; not observed market data,2026-09-01T00:00:00+00:00
2025-07-28,CAD,2,0.010459741194872396,SYNTHETIC: seeded teaching dataset; not observed market data,2026-09-01T00:00:00+00:00
2025-07-28,CAD,5,0.016941493406654382,SYNTHETIC: seeded teaching dataset; not observed market data,2026-09-01T00:00:00+00:00
2025-07-28,CAD,10,0.019958506596761023,SYNTHETIC: seeded teaching dataset; not observed market data,2026-09-01T00:00:00+00:00
2025-07-28,CAD,30,0.03715531262448424,SYNTHETIC: seeded teaching dataset; not observed market data,2026-09-01T00:00:00+00:00
2025-07-28,USD,1,0.028570895955636794,SYNTHETIC: seeded teaching dataset; not observed market data,2026-09-01T00:00:00+00:00
2025-07-28,USD,2,0.023038122776898387,SYNTHETIC: seeded teaching dataset; not observed market data,2026-09-01T00:00:00+00:00
2025-07-28,USD,5,0.026932716577983625,SYNTHETIC: seeded teaching dataset; not observed market data,2026-09-01T00:00:00+00:00
2025-07-28,USD,10,0.01922322335072844,SYNTHETIC: seeded teaching dataset; not observed market data,2026-09-01T00:00:00+00:00
2025-07-28,USD,30,0.03019582127043748,SYNTHETIC: seeded teaching dataset; not observed market data,2026-09-01T00:00:00+00:00
2025-07-29,CAD,1,0.0021730015476597343,SYNTHETIC: seeded teaching dataset; not observed market data,2026-09-01T00:00:00+00:00
2025-07-29,CAD,2,0.010307631824770415,SYNTHETIC: seeded teaching dataset; not observed market data,2026-09-01T00:00:00+00:00
2025-07-29,CAD,5,0.016404117358737747,SYNTHETIC: seeded teaching dataset; not observed market data,2026-09-01T00:00:00+00:00
2025-07-29,CAD,10,0.019660961751259823,SYNTHETIC: seeded teaching dataset; not observed market data,2026-09-01T00:00:00+00:00
2025-07-29,CAD,30,0.03711834749698504,SYNTHETIC: seeded teaching dataset; not observed market data,2026-09-01T00:00:00+00:00
2025-07-29,USD,1,0.028685587724879166,SYNTHETIC: seeded teaching dataset; not observed market data,2026-09-01T00:00:00+00:00
2025-07-29,USD,2,0.023154054061459456,SYNTHETIC: seeded teaching dataset; not observed market data,2026-09-01T00:00:00+00:00
2025-07-29,USD,5,0.02741029405874438,SYNTHETIC: seeded teaching dataset; not observed market data,2026-09-01T00:00:00+00:00
2025-07-29,USD,10,0.019323635900887582,SYNTHETIC: seeded teaching dataset; not observed market data,2026-09-01T00:00:00+00:00
2025-07-29,USD,30,0.0304550719933822,SYNTHETIC: seeded teaching dataset; not observed market data,2026-09-01T00:00:00+00:00
2025-07-30,CAD,1,0.002800393865528005,SYNTHETIC: seeded teaching dataset; not observed market data,2026-09-01T00:00:00+00:00
2025-07-30,CAD,2,0.01069350870697818,SYNTHETIC: seeded teaching dataset; not observed market data,2026-09-01T00:00:00+00:00
2025-07-30,CAD,5,0.01624346501419838,SYNTHETIC: seeded teaching dataset; not observed market data,2026-09-01T00:00:00+00:00
2025-07-30,CAD,10,0.01984809678961289,SYNTHETIC: seeded teaching dataset; not observed market data,2026-09-01T00:00:00+00:00
2025-07-30,CAD,30,0.03771397651896412,SYNTHETIC: seeded teaching dataset; not observed market data,2026-09-01T00:00:00+00:00
2025-07-30,USD,1,0.028665870931673384,SYNTHETIC: seeded teaching dataset; not observed market data,2026-09-01T00:00:00+00:00
2025-07-30,USD,2,0.023277035243267467,SYNTHETIC: seeded teaching dataset; not observed market data,2026-09-01T00:00:00+00:00
2025-07-30,USD,5,0.02772324341385373,SYNTHETIC: seeded teaching dataset; not observed market data,2026-09-01T00:00:00+00:00
2025-07-30,USD,10,0.019887893271541845,SYNTHETIC: seeded teaching dataset; not observed market data,2026-09-01T00:00:00+00:00
2025-07-30,USD,30,0.03093465896261802,SYNTHETIC: seeded teaching dataset; not observed market data,2026-09-01T00:00:00+00:00
2025-07-31,CAD,1,0.0022078749601463672,SYNTHETIC: seeded teaching dataset; not observed market data,2026-09-01T00:00:00+00:00
2025-07-31,CAD,2,0.01077690504117428,SYNTHETIC: seeded teaching dataset; not observed market data,2026-09-01T00:00:00+00:00
2025-07-31,CAD,5,0.01568662541933948,SYNTHETIC: seeded teaching dataset; not observed market data,2026-09-01T00:00:00+00:00
2025-07-31,CAD,10,0.02001650838310997,SYNTHETIC: seeded teaching dataset; not observed market data,2026-09-01T00:00:00+00:00
2025-07-31,CAD,30,0.03757628630583222,SYNTHETIC: seeded teaching dataset; not observed market data,2026-09-01T00:00:00+00:00
2025-07-31,USD,1,0.02915231462847213,SYNTHETIC: seeded teaching dataset; not observed market data,2026-09-01T00:00:00+00:00
2025-07-31,USD,2,0.023594979500216058,SYNTHETIC: seeded teaching dataset; not observed market data,2026-09-01T00:00:00+00:00
2025-07-31,USD,5,0.027487802916636397,SYNTHETIC: seeded teaching dataset; not observed market data,2026-09-01T00:00:00+00:00
2025-07-31,USD,10,0.020287370547910268,SYNTHETIC: seeded teaching dataset; not observed market data,2026-09-01T00:00:00+00:00
2025-07-31,USD,30,0.030683801577895266,SYNTHETIC: seeded teaching dataset; not observed market data,2026-09-01T00:00:00+00:00
2025-08-01,CAD,1,0.00330399359492254,SYNTHETIC: seeded teaching dataset; not observed market data,2026-09-01T00:00:00+00:00
2025-08-01,CAD,2,0.010923356744051335,SYNTHETIC: seeded teaching dataset; not observed market data,2026-09-01T00:00:00+00:00
2025-08-01,CAD,5,0.016432110505064965,SYNTHETIC: seeded teaching dataset; not observed market data,2026-09-01T00:00:00+00:00
2025-08-01,CAD,10,0.020836073846637472,SYNTHETIC: seeded teaching dataset; not observed market data,2026-09-01T00:00:00+00:00
2025-08-01,CAD,30,0.0379011196854261,SYNTHETIC: seeded teaching dataset; not observed market data,2026-09-01T00:00:00+00:00
2025-08-01,USD,1,0.029708513418645475,SYNTHETIC: seeded teaching dataset; not observed market data,2026-09-01T00:00:00+00:00
2025-08-01,USD,2,0.02349119615948232,SYNTHETIC: seeded teaching dataset; not observed market data,2026-09-01T00:00:00+00:00
2025-08-01,USD,5,0.027963331780814345,SYNTHETIC: seeded teaching dataset; not observed market data,2026-09-01T00:00:00+00:00
2025-08-01,USD,10,0.020809876067433095,SYNTHETIC: seeded teaching dataset; not observed market data,2026-09-01T00:00:00+00:00
2025-08-01,USD,30,0.031756985337266466,SYNTHETIC: seeded teaching dataset; not observed market data,2026-09-01T00:00:00+00:00
2025-08-04,CAD,1,0.0035078606044038445,SYNTHETIC: seeded teaching dataset; not observed market data,2026-09-01T00:00:00+00:00
2025-08-04,CAD,2,0.011060001740476973,SYNTHETIC: seeded teaching dataset; not observed market data,2026-09-01T00:00:00+00:00
2025-08-04,CAD,5,0.01600973973451932,SYNTHETIC: seeded teaching dataset; not observed market data,2026-09-01T00:00:00+00:00
2025-08-04,CAD,10,0.02059511480284299,SYNTHETIC: seeded teaching dataset; not observed market data,2026-09-01T00:00:00+00:00
2025-08-04,CAD,30,0.038339672304015665,SYNTHETIC: seeded teaching dataset; not observed market data,2026-09-01T00:00:00+00:00
2025-08-04,USD,1,0.029454409480182808,SYNTHETIC: seeded teaching dataset; not observed market data,2026-09-01T00:00:00+00:00
2025-08-04,USD,2,0.023822130947232407,SYNTHETIC: seeded teaching dataset; not observed market data,2026-09-01T00:00:00+00:00
2025-08-04,USD,5,0.0281048236149364,SYNTHETIC: seeded teaching dataset; not observed market data,2026-09-01T00:00:00+00:00
2025-08-04,USD,10,0.02026093890937415,SYNTHETIC: seeded teaching dataset; not observed market data,2026-09-01T00:00:00+00:00
2025-08-04,USD,30,0.03234889493189257,SYNTHETIC: seeded teaching dataset; not observed market data,2026-09-01T00:00:00+00:00
2025-08-05,CAD,1,0.003135184711275229,SYNTHETIC: seeded teaching dataset; not observed market data,2026-09-01T00:00:00+00:00
2025-08-05,CAD,2,0.01075858469253113,SYNTHETIC: seeded teaching dataset; not observed market data,2026-09-01T00:00:00+00:00
2025-08-05,CAD,5,0.015445272297498296,SYNTHETIC: seeded teaching dataset; not observed market data,2026-09-01T00:00:00+00:00
2025-08-05,CAD,10,0.020293939055223406,SYNTHETIC: seeded teaching dataset; not observed market data,2026-09-01T00:00:00+00:00
2025-08-05,CAD,30,0.03827335347197916,SYNTHETIC: seeded teaching dataset; not observed market data,2026-09-01T00:00:00+00:00
2025-08-05,USD,1,0.028746137070410262,SYNTHETIC: seeded teaching dataset; not observed market data,2026-09-01T00:00:00+00:00
2025-08-05,USD,2,0.0230433209449233,SYNTHETIC: seeded teaching dataset; not observed market data,2026-09-01T00:00:00+00:00
2025-08-05,USD,5,0.02760357559662652,SYNTHETIC: seeded teaching dataset; not observed market data,2026-09-01T00:00:00+00:00
2025-08-05,USD,10,0.01924719794430794,SYNTHETIC: seeded teaching dataset; not observed market data,2026-09-01T00:00:00+00:00
2025-08-05,USD,30,0.031828402356012295,SYNTHETIC: seeded teaching dataset; not observed market data,2026-09-01T00:00:00+00:00
2025-08-06,CAD,1,0.0036943011984959147,SYNTHETIC: seeded teaching dataset; not observed market data,2026-09-01T00:00:00+00:00
2025-08-06,CAD,2,0.010577147197021039,SYNTHETIC: seeded teaching dataset; not observed market data,2026-09-01T00:00:00+00:00
2025-08-06,CAD,5,0.01594534580868583,SYNTHETIC: seeded teaching dataset; not observed market data,2026-09-01T00:00:00+00:00
2025-08-06,CAD,10,0.02060761446935362,SYNTHETIC: seeded teaching dataset; not observed market data,2026-09-01T00:00:00+00:00
2025-08-06,CAD,30,0.03826088965358786,SYNTHETIC: seeded teaching dataset; not observed market data,2026-09-01T00:00:00+00:00
2025-08-06,USD,1,0.028706743797479662,SYNTHETIC: seeded teaching dataset; not observed market data,2026-09-01T00:00:00+00:00
2025-08-06,USD,2,0.023260958980435842,SYNTHETIC: seeded teaching dataset; not observed market data,2026-09-01T00:00:00+00:00
2025-08-06,USD,5,0.027561844709603194,SYNTHETIC: seeded teaching dataset; not observed market data,2026-09-01T00:00:00+00:00
2025-08-06,USD,10,0.01923767006608181,SYNTHETIC: seeded teaching dataset; not observed market data,2026-09-01T00:00:00+00:00
2025-08-06,USD,30,0.03180466614933836,SYNTHETIC: seeded teaching dataset; not observed market data,2026-09-01T00:00:00+00:00
2025-08-07,CAD,1,0.003968921413433087,SYNTHETIC: seeded teaching dataset; not observed market data,2026-09-01T00:00:00+00:00
2025-08-07,CAD,2,0.010847118374893569,SYNTHETIC: seeded teaching dataset; not observed market data,2026-09-01T00:00:00+00:00
2025-08-07,CAD,5,0.015479892291379648,SYNTHETIC: seeded teaching dataset; not observed market data,2026-09-01T00:00:00+00:00
2025-08-07,CAD,10,0.02020094333018284,SYNTHETIC: seeded teaching dataset; not observed market data,2026-09-01T00:00:00+00:00
2025-08-07,CAD,30,0.037744004275321485,SYNTHETIC: seeded teaching dataset; not observed market data,2026-09-01T00:00:00+00:00
2025-08-07,USD,1,0.02913452361137887,SYNTHETIC: seeded teaching dataset; not observed market data,2026-09-01T00:00:00+00:00
2025-08-07,USD,2,0.022553525188287578,SYNTHETIC: seeded teaching dataset; not observed market data,2026-09-01T00:00:00+00:00
2025-08-07,USD,5,0.027449847655615207,SYNTHETIC: seeded teaching dataset; not observed market data,2026-09-01T00:00:00+00:00
2025-08-07,USD,10,0.01932168278256337,SYNTHETIC: seeded teaching dataset; not observed market data,2026-09-01T00:00:00+00:00
2025-08-07,USD,30,0.0316100861525466,SYNTHETIC: seeded teaching dataset; not observed market data,2026-09-01T00:00:00+00:00
2025-08-08,CAD,1,0.004103819796376168,SYNTHETIC: seeded teaching dataset; not observed market data,2026-09-01T00:00:00+00:00
2025-08-08,CAD,2,0.011032689159321452,SYNTHETIC: seeded teaching dataset; not observed market data,2026-09-01T00:00:00+00:00
2025-08-08,CAD,5,0.01595472621489886,SYNTHETIC: seeded teaching dataset; not observed market data,2026-09-01T00:00:00+00:00
2025-08-08,CAD,10,0.020409259665847307,SYNTHETIC: seeded teaching dataset; not observed market data,2026-09-01T00:00:00+00:00
2025-08-08,CAD,30,0.03801200162368211,SYNTHETIC: seeded teaching dataset; not observed market data,2026-09-01T00:00:00+00:00
2025-08-08,USD,1,0.0288431520151079,SYNTHETIC: seeded teaching dataset; not observed market data,2026-09-01T00:00:00+00:00
2025-08-08,USD,2,0.022257361983577847,SYNTHETIC: seeded teaching dataset; not observed market data,2026-09-01T00:00:00+00:00
2025-08-08,USD,5,0.027497640903045215,SYNTHETIC: seeded teaching dataset; not observed market data,2026-09-01T00:00:00+00:00
2025-08-08,USD,10,0.018690307081063885,SYNTHETIC: seeded teaching dataset; not observed market data,2026-09-01T00:00:00+00:00
2025-08-08,USD,30,0.03146886197887038,SYNTHETIC: seeded teaching dataset; not observed market data,2026-09-01T00:00:00+00:00
2025-08-11,CAD,1,0.0041933052147456636,SYNTHETIC: seeded teaching dataset; not observed market data,2026-09-01T00:00:00+00:00
2025-08-11,CAD,2,0.01171968888837002,SYNTHETIC: seeded teaching dataset; not observed market data,2026-09-01T00:00:00+00:00
2025-08-11,CAD,5,0.01623347301696532,SYNTHETIC: seeded teaching dataset; not observed market data,2026-09-01T00:00:00+00:00
2025-08-11,CAD,10,0.021094520579554833,SYNTHETIC: seeded teaching dataset; not observed market data,2026-09-01T00:00:00+00:00
2025-08-11,CAD,30,0.03854826172545141,SYNTHETIC: seeded teaching dataset; not observed market data,2026-09-01T00:00:00+00:00
2025-08-11,USD,1,0.029388571813733232,SYNTHETIC: seeded teaching dataset; not observed market data,2026-09-01T00:00:00+00:00
2025-08-11,USD,2,0.022623461860500686,SYNTHETIC: seeded teaching dataset; not observed market data,2026-09-01T00:00:00+00:00
2025-08-11,USD,5,0.028028256301754068,SYNTHETIC: seeded teaching dataset; not observed market data,2026-09-01T00:00:00+00:00
2025-08-11,USD,10,0.0194812483462565,SYNTHETIC: seeded teaching dataset; not observed market data,2026-09-01T00:00:00+00:00
2025-08-11,USD,30,0.032063045876606425,SYNTHETIC: seeded teaching dataset; not observed market data,2026-09-01T00:00:00+00:00
2025-08-12,CAD,1,0.003539881783810355,SYNTHETIC: seeded teaching dataset; not observed market data,2026-09-01T00:00:00+00:00
2025-08-12,CAD,2,0.011762435398648125,SYNTHETIC: seeded teaching dataset; not observed market data,2026-09-01T00:00:00+00:00
2025-08-12,CAD,5,0.01573592069347426,SYNTHETIC: seeded teaching dataset; not observed market data,2026-09-01T00:00:00+00:00
2025-08-12,CAD,10,0.021223047902427378,SYNTHETIC: seeded teaching dataset; not observed market data,2026-09-01T00:00:00+00:00
2025-08-12,CAD,30,0.03820417429778287,SYNTHETIC: seeded teaching dataset; not observed market data,2026-09-01T00:00:00+00:00
2025-08-12,USD,1,0.029290617990999492,SYNTHETIC: seeded teaching dataset; not observed market data,2026-09-01T00:00:00+00:00
2025-08-12,USD,2,0.023077221945742604,SYNTHETIC: seeded teaching dataset; not observed market data,2026-09-01T00:00:00+00:00
2025-08-12,USD,5,0.02771337772670178,SYNTHETIC: seeded teaching dataset; not observed market data,2026-09-01T00:00:00+00:00
2025-08-12,USD,10,0.018944233996862906,SYNTHETIC: seeded teaching dataset; not observed market data,2026-09-01T00:00:00+00:00
2025-08-12,USD,30,0.03160657416964554,SYNTHETIC: seeded teaching dataset; not observed market data,2026-09-01T00:00:00+00:00
2025-08-13,CAD,1,0.004019339943914405,SYNTHETIC: seeded teaching dataset; not observed market data,2026-09-01T00:00:00+00:00
2025-08-13,CAD,2,0.012067390926821782,SYNTHETIC: seeded teaching dataset; not observed market data,2026-09-01T00:00:00+00:00
2025-08-13,CAD,5,0.015937134472888786,SYNTHETIC: seeded teaching dataset; not observed market data,2026-09-01T00:00:00+00:00
2025-08-13,CAD,10,0.02144046330052072,SYNTHETIC: seeded teaching dataset; not observed market data,2026-09-01T00:00:00+00:00
2025-08-13,CAD,30,0.03765629785807296,SYNTHETIC: seeded teaching dataset; not observed market data,2026-09-01T00:00:00+00:00
2025-08-13,USD,1,0.029020998251966867,SYNTHETIC: seeded teaching dataset; not observed market data,2026-09-01T00:00:00+00:00
2025-08-13,USD,2,0.023872130990253208,SYNTHETIC: seeded teaching dataset; not observed market data,2026-09-01T00:00:00+00:00
2025-08-13,USD,5,0.028249397138394024,SYNTHETIC: seeded teaching dataset; not observed market data,2026-09-01T00:00:00+00:00
2025-08-13,USD,10,0.01904639859058768,SYNTHETIC: seeded teaching dataset; not observed market data,2026-09-01T00:00:00+00:00
2025-08-13,USD,30,0.031160424908267207,SYNTHETIC: seeded teaching dataset; not observed market data,2026-09-01T00:00:00+00:00
2025-08-14,CAD,1,0.004844840102059659,SYNTHETIC: seeded teaching dataset; not observed market data,2026-09-01T00:00:00+00:00
2025-08-14,CAD,2,0.012245622175528789,SYNTHETIC: seeded teaching dataset; not observed market data,2026-09-01T00:00:00+00:00
2025-08-14,CAD,5,0.01581062931183944,SYNTHETIC: seeded teaching dataset; not observed market data,2026-09-01T00:00:00+00:00
2025-08-14,CAD,10,0.021161825071422884,SYNTHETIC: seeded teaching dataset; not observed market data,2026-09-01T00:00:00+00:00
2025-08-14,CAD,30,0.03786951963313452,SYNTHETIC: seeded teaching dataset; not observed market data,2026-09-01T00:00:00+00:00
2025-08-14,USD,1,0.02940072394095151,SYNTHETIC: seeded teaching dataset; not observed market data,2026-09-01T00:00:00+00:00
2025-08-14,USD,2,0.024398678954102422,SYNTHETIC: seeded teaching dataset; not observed market data,2026-09-01T00:00:00+00:00
2025-08-14,USD,5,0.028530417784363892,SYNTHETIC: seeded teaching dataset; not observed market data,2026-09-01T00:00:00+00:00
2025-08-14,USD,10,0.01854299763460247,SYNTHETIC: seeded teaching dataset; not observed market data,2026-09-01T00:00:00+00:00
2025-08-14,USD,30,0.03091044607674381,SYNTHETIC: seeded teaching dataset; not observed market data,2026-09-01T00:00:00+00:00
2025-08-15,CAD,1,0.004171997350392493,SYNTHETIC: seeded teaching dataset; not observed market data,2026-09-01T00:00:00+00:00
2025-08-15,CAD,2,0.012285725736676368,SYNTHETIC: seeded teaching dataset; not observed market data,2026-09-01T00:00:00+00:00
2025-08-15,CAD,5,0.015734570044879093,SYNTHETIC: seeded teaching dataset; not observed market data,2026-09-01T00:00:00+00:00
2025-08-15,CAD,10,0.021201084639796156,SYNTHETIC: seeded teaching dataset; not observed market data,2026-09-01T00:00:00+00:00
2025-08-15,CAD,30,0.037547013845720706,SYNTHETIC: seeded teaching dataset; not observed market data,2026-09-01T00:00:00+00:00
2025-08-15,USD,1,0.029654020099770684,SYNTHETIC: seeded teaching dataset; not observed market data,2026-09-01T00:00:00+00:00
2025-08-15,USD,2,0.02437296892577027,SYNTHETIC: seeded teaching dataset; not observed market data,2026-09-01T00:00:00+00:00
2025-08-15,USD,5,0.028065569526759218,SYNTHETIC: seeded teaching dataset; not observed market data,2026-09-01T00:00:00+00:00
2025-08-15,USD,10,0.018892535083292396,SYNTHETIC: seeded teaching dataset; not observed market data,2026-09-01T00:00:00+00:00
2025-08-15,USD,30,0.030964487121518437,SYNTHETIC: seeded teaching dataset; not observed market data,2026-09-01T00:00:00+00:00
2025-08-18,CAD,1,0.004209935369980794,SYNTHETIC: seeded teaching dataset; not observed market data,2026-09-01T00:00:00+00:00
2025-08-18,CAD,2,0.012353439203841758,SYNTHETIC: seeded teaching dataset; not observed market data,2026-09-01T00:00:00+00:00
2025-08-18,CAD,5,0.016485463931228902,SYNTHETIC: seeded teaching dataset; not observed market data,2026-09-01T00:00:00+00:00
2025-08-18,CAD,10,0.021392878565009793,SYNTHETIC: seeded teaching dataset; not observed market data,2026-09-01T00:00:00+00:00
2025-08-18,CAD,30,0.03756181592197086,SYNTHETIC: seeded teaching dataset; not observed market data,2026-09-01T00:00:00+00:00
2025-08-18,USD,1,0.029343394807525413,SYNTHETIC: seeded teaching dataset; not observed market data,2026-09-01T00:00:00+00:00
2025-08-18,USD,2,0.023958990880360687,SYNTHETIC: seeded teaching dataset; not observed market data,2026-09-01T00:00:00+00:00
2025-08-18,USD,5,0.027770535761039238,SYNTHETIC: seeded teaching dataset; not observed market data,2026-09-01T00:00:00+00:00
2025-08-18,USD,10,0.018859318539718756,SYNTHETIC: seeded teaching dataset; not observed market data,2026-09-01T00:00:00+00:00
2025-08-18,USD,30,0.030823327287083976,SYNTHETIC: seeded teaching dataset; not observed market data,2026-09-01T00:00:00+00:00
2025-08-19,CAD,1,0.004412340231351973,SYNTHETIC: seeded teaching dataset; not observed market data,2026-09-01T00:00:00+00:00
2025-08-19,CAD,2,0.012432315977418803,SYNTHETIC: seeded teaching dataset; not observed market data,2026-09-01T00:00:00+00:00
2025-08-19,CAD,5,0.016397384298401606,SYNTHETIC: seeded teaching dataset; not observed market data,2026-09-01T00:00:00+00:00
2025-08-19,CAD,10,0.02152623984213648,SYNTHETIC: seeded teaching dataset; not observed market data,2026-09-01T00:00:00+00:00
2025-08-19,CAD,30,0.03792556931422454,SYNTHETIC: seeded teaching dataset; not observed market data,2026-09-01T00:00:00+00:00
2025-08-19,USD,1,0.028647374660252644,SYNTHETIC: seeded teaching dataset; not observed market data,2026-09-01T00:00:00+00:00
2025-08-19,USD,2,0.024528278640927256,SYNTHETIC: seeded teaching dataset; not observed market data,2026-09-01T00:00:00+00:00
2025-08-19,USD,5,0.028103503528039097,SYNTHETIC: seeded teaching dataset; not observed market data,2026-09-01T00:00:00+00:00
2025-08-19,USD,10,0.0196035598550622,SYNTHETIC: seeded teaching dataset; not observed market data,2026-09-01T00:00:00+00:00
2025-08-19,USD,30,0.03108334799929899,SYNTHETIC: seeded teaching dataset; not observed market data,2026-09-01T00:00:00+00:00
2025-08-20,CAD,1,0.004322517057508149,SYNTHETIC: seeded teaching dataset; not observed market data,2026-09-01T00:00:00+00:00
2025-08-20,CAD,2,0.012348115594100642,SYNTHETIC: seeded teaching dataset; not observed market data,2026-09-01T00:00:00+00:00
2025-08-20,CAD,5,0.01667658955533505,SYNTHETIC: seeded teaching dataset; not observed market data,2026-09-01T00:00:00+00:00
2025-08-20,CAD,10,0.021164584489329737,SYNTHETIC: seeded teaching dataset; not observed market data,2026-09-01T00:00:00+00:00
2025-08-20,CAD,30,0.03726871623097157,SYNTHETIC: seeded teaching dataset; not observed market data,2026-09-01T00:00:00+00:00
2025-08-20,USD,1,0.028361563635718196,SYNTHETIC: seeded teaching dataset; not observed market data,2026-09-01T00:00:00+00:00
2025-08-20,USD,2,0.02418906290787891,SYNTHETIC: seeded teaching dataset; not observed market data,2026-09-01T00:00:00+00:00
2025-08-20,USD,5,0.027273282117827657,SYNTHETIC: seeded teaching dataset; not observed market data,2026-09-01T00:00:00+00:00
2025-08-20,USD,10,0.020103355139731105,SYNTHETIC: seeded teaching dataset; not observed market data,2026-09-01T00:00:00+00:00
2025-08-20,USD,30,0.030237249473485665,SYNTHETIC: seeded teaching dataset; not observed market data,2026-09-01T00:00:00+00:00
2025-08-21,CAD,1,0.0039157306133712,SYNTHETIC: seeded teaching dataset; not observed market data,2026-09-01T00:00:00+00:00
2025-08-21,CAD,2,0.011836253050055921,SYNTHETIC: seeded teaching dataset; not observed market data,2026-09-01T00:00:00+00:00
2025-08-21,CAD,5,0.015844422807636687,SYNTHETIC: seeded teaching dataset; not observed market data,2026-09-01T00:00:00+00:00
2025-08-21,CAD,10,0.020753556285480992,SYNTHETIC: seeded teaching dataset; not observed market data,2026-09-01T00:00:00+00:00
2025-08-21,CAD,30,0.03701560680709916,SYNTHETIC: seeded teaching dataset; not observed market data,2026-09-01T00:00:00+00:00
2025-08-21,USD,1,0.027933314448920176,SYNTHETIC: seeded teaching dataset; not observed market data,2026-09-01T00:00:00+00:00
2025-08-21,USD,2,0.024559674456641686,SYNTHETIC: seeded teaching dataset; not observed market data,2026-09-01T00:00:00+00:00
2025-08-21,USD,5,0.02694681042449808,SYNTHETIC: seeded teaching dataset; not observed market data,2026-09-01T00:00:00+00:00
2025-08-21,USD,10,0.020177752829630004,SYNTHETIC: seeded teaching dataset; not observed market data,2026-09-01T00:00:00+00:00
2025-08-21,USD,30,0.02990792779856712,SYNTHETIC: seeded teaching dataset; not observed market data,2026-09-01T00:00:00+00:00
2025-08-22,CAD,1,0.003935107590955767,SYNTHETIC: seeded teaching dataset; not observed market data,2026-09-01T00:00:00+00:00
2025-08-22,CAD,2,0.012183128674844784,SYNTHETIC: seeded teaching dataset; not observed market data,2026-09-01T00:00:00+00:00
2025-08-22,CAD,5,0.015151204764302772,SYNTHETIC: seeded teaching dataset; not observed market data,2026-09-01T00:00:00+00:00
2025-08-22,CAD,10,0.022043235396238182,SYNTHETIC: seeded teaching dataset; not observed market data,2026-09-01T00:00:00+00:00
2025-08-22,CAD,30,0.03724875974372194,SYNTHETIC: seeded teaching dataset; not observed market data,2026-09-01T00:00:00+00:00
2025-08-22,USD,1,0.028300163520444035,SYNTHETIC: seeded teaching dataset; not observed market data,2026-09-01T00:00:00+00:00
2025-08-22,USD,2,0.024744743167653186,SYNTHETIC: seeded teaching dataset; not observed market data,2026-09-01T00:00:00+00:00
2025-08-22,USD,5,0.027427402688073046,SYNTHETIC: seeded teaching dataset; not observed market data,2026-09-01T00:00:00+00:00
2025-08-22,USD,10,0.020996769591032784,SYNTHETIC: seeded teaching dataset; not observed market data,2026-09-01T00:00:00+00:00
2025-08-22,USD,30,0.029973567945305247,SYNTHETIC: seeded teaching dataset; not observed market data,2026-09-01T00:00:00+00:00
2025-08-25,CAD,1,0.0031589144108639423,SYNTHETIC: seeded teaching dataset; not observed market data,2026-09-01T00:00:00+00:00
2025-08-25,CAD,2,0.011217922800170197,SYNTHETIC: seeded teaching dataset; not observed market data,2026-09-01T00:00:00+00:00
2025-08-25,CAD,5,0.01449276823909849,SYNTHETIC: seeded teaching dataset; not observed market data,2026-09-01T00:00:00+00:00
2025-08-25,CAD,10,0.0220191706801832,SYNTHETIC: seeded teaching dataset; not observed market data,2026-09-01T00:00:00+00:00
2025-08-25,CAD,30,0.037177499944046975,SYNTHETIC: seeded teaching dataset; not observed market data,2026-09-01T00:00:00+00:00
2025-08-25,USD,1,0.02740435605385823,SYNTHETIC: seeded teaching dataset; not observed market data,2026-09-01T00:00:00+00:00
2025-08-25,USD,2,0.023876240723669957,SYNTHETIC: seeded teaching dataset; not observed market data,2026-09-01T00:00:00+00:00
2025-08-25,USD,5,0.026926777054679447,SYNTHETIC: seeded teaching dataset; not observed market data,2026-09-01T00:00:00+00:00
2025-08-25,USD,10,0.020632478268005235,SYNTHETIC: seeded teaching dataset; not observed market data,2026-09-01T00:00:00+00:00
2025-08-25,USD,30,0.029296904796129206,SYNTHETIC: seeded teaching dataset; not observed market data,2026-09-01T00:00:00+00:00
2025-08-26,CAD,1,0.002469913810773293,SYNTHETIC: seeded teaching dataset; not observed market data,2026-09-01T00:00:00+00:00
2025-08-26,CAD,2,0.011492964069759267,SYNTHETIC: seeded teaching dataset; not observed market data,2026-09-01T00:00:00+00:00
2025-08-26,CAD,5,0.014246922504622627,SYNTHETIC: seeded teaching dataset; not observed market data,2026-09-01T00:00:00+00:00
2025-08-26,CAD,10,0.021085556658336613,SYNTHETIC: seeded teaching dataset; not observed market data,2026-09-01T00:00:00+00:00
2025-08-26,CAD,30,0.037167187733081405,SYNTHETIC: seeded teaching dataset; not observed market data,2026-09-01T00:00:00+00:00
2025-08-26,USD,1,0.027128425149449516,SYNTHETIC: seeded teaching dataset; not observed market data,2026-09-01T00:00:00+00:00
2025-08-26,USD,2,0.023727516837538074,SYNTHETIC: seeded teaching dataset; not observed market data,2026-09-01T00:00:00+00:00
2025-08-26,USD,5,0.026816419949559744,SYNTHETIC: seeded teaching dataset; not observed market data,2026-09-01T00:00:00+00:00
2025-08-26,USD,10,0.020513425145798823,SYNTHETIC: seeded teaching dataset; not observed market data,2026-09-01T00:00:00+00:00
2025-08-26,USD,30,0.02890904374904125,SYNTHETIC: seeded teaching dataset; not observed market data,2026-09-01T00:00:00+00:00
2025-08-27,CAD,1,0.0028898678852087335,SYNTHETIC: seeded teaching dataset; not observed market data,2026-09-01T00:00:00+00:00
2025-08-27,CAD,2,0.012103968338116533,SYNTHETIC: seeded teaching dataset; not observed market data,2026-09-01T00:00:00+00:00
2025-08-27,CAD,5,0.014349361780466367,SYNTHETIC: seeded teaching dataset; not observed market data,2026-09-01T00:00:00+00:00
2025-08-27,CAD,10,0.021532973870010012,SYNTHETIC: seeded teaching dataset; not observed market data,2026-09-01T00:00:00+00:00
2025-08-27,CAD,30,0.03729646007561459,SYNTHETIC: seeded teaching dataset; not observed market data,2026-09-01T00:00:00+00:00
2025-08-27,USD,1,0.027077558215246367,SYNTHETIC: seeded teaching dataset; not observed market data,2026-09-01T00:00:00+00:00
2025-08-27,USD,2,0.02348749614432689,SYNTHETIC: seeded teaching dataset; not observed market data,2026-09-01T00:00:00+00:00
2025-08-27,USD,5,0.026307430075448848,SYNTHETIC: seeded teaching dataset; not observed market data,2026-09-01T00:00:00+00:00
2025-08-27,USD,10,0.020012418011595756,SYNTHETIC: seeded teaching dataset; not observed market data,2026-09-01T00:00:00+00:00
2025-08-27,USD,30,0.029124219440823104,SYNTHETIC: seeded teaching dataset; not observed market data,2026-09-01T00:00:00+00:00
2025-08-28,CAD,1,0.0037293247735909404,SYNTHETIC: seeded teaching dataset; not observed market data,2026-09-01T00:00:00+00:00
2025-08-28,CAD,2,0.012547644802171293,SYNTHETIC: seeded teaching dataset; not observed market data,2026-09-01T00:00:00+00:00
2025-08-28,CAD,5,0.015101610232502543,SYNTHETIC: seeded teaching dataset; not observed market data,2026-09-01T00:00:00+00:00
2025-08-28,CAD,10,0.022095478528752183,SYNTHETIC: seeded teaching dataset; not observed market data,2026-09-01T00:00:00+00:00
2025-08-28,CAD,30,0.037281706863436966,SYNTHETIC: seeded teaching dataset; not observed market data,2026-09-01T00:00:00+00:00
2025-08-28,USD,1,0.02678533811586033,SYNTHETIC: seeded teaching dataset; not observed market data,2026-09-01T00:00:00+00:00
2025-08-28,USD,2,0.023944751268545235,SYNTHETIC: seeded teaching dataset; not observed market data,2026-09-01T00:00:00+00:00
2025-08-28,USD,5,0.026246210046691275,SYNTHETIC: seeded teaching dataset; not observed market data,2026-09-01T00:00:00+00:00
2025-08-28,USD,10,0.020277234635521103,SYNTHETIC: seeded teaching dataset; not observed market data,2026-09-01T00:00:00+00:00
2025-08-28,USD,30,0.028946547946437483,SYNTHETIC: seeded teaching dataset; not observed market data,2026-09-01T00:00:00+00:00
2025-08-29,CAD,1,0.0033929145599198747,SYNTHETIC: seeded teaching dataset; not observed market data,2026-09-01T00:00:00+00:00
2025-08-29,CAD,2,0.012238175628044209,SYNTHETIC: seeded teaching dataset; not observed market data,2026-09-01T00:00:00+00:00
2025-08-29,CAD,5,0.014572435373626891,SYNTHETIC: seeded teaching dataset; not observed market data,2026-09-01T00:00:00+00:00
2025-08-29,CAD,10,0.021475551676770413,SYNTHETIC: seeded teaching dataset; not observed market data,2026-09-01T00:00:00+00:00
2025-08-29,CAD,30,0.03700306778836166,SYNTHETIC: seeded teaching dataset; not observed market data,2026-09-01T00:00:00+00:00
2025-08-29,USD,1,0.026114019578636505,SYNTHETIC: seeded teaching dataset; not observed market data,2026-09-01T00:00:00+00:00
2025-08-29,USD,2,0.023704679193352503,SYNTHETIC: seeded teaching dataset; not observed market data,2026-09-01T00:00:00+00:00
2025-08-29,USD,5,0.02581783481802747,SYNTHETIC: seeded teaching dataset; not observed market data,2026-09-01T00:00:00+00:00
2025-08-29,USD,10,0.019333993989637154,SYNTHETIC: seeded teaching dataset; not observed market data,2026-09-01T00:00:00+00:00
2025-08-29,USD,30,0.02877019946771795,SYNTHETIC: seeded teaching dataset; not observed market data,2026-09-01T00:00:00+00:00
2025-09-01,CAD,1,0.0038221728722740295,SYNTHETIC: seeded teaching dataset; not observed market data,2026-09-01T00:00:00+00:00
2025-09-01,CAD,2,0.01367693420540435,SYNTHETIC: seeded teaching dataset; not observed market data,2026-09-01T00:00:00+00:00
2025-09-01,CAD,5,0.014923241417162041,SYNTHETIC: seeded teaching dataset; not observed market data,2026-09-01T00:00:00+00:00
2025-09-01,CAD,10,0.021488597412856865,SYNTHETIC: seeded teaching dataset; not observed market data,2026-09-01T00:00:00+00:00
2025-09-01,CAD,30,0.037545128136224085,SYNTHETIC: seeded teaching dataset; not observed market data,2026-09-01T00:00:00+00:00
2025-09-01,USD,1,0.026581829964929925,SYNTHETIC: seeded teaching dataset; not observed market data,2026-09-01T00:00:00+00:00
2025-09-01,USD,2,0.024397878036512038,SYNTHETIC: seeded teaching dataset; not observed market data,2026-09-01T00:00:00+00:00
2025-09-01,USD,5,0.026316706521785034,SYNTHETIC: seeded teaching dataset; not observed market data,2026-09-01T00:00:00+00:00
2025-09-01,USD,10,0.019830843732011896,SYNTHETIC: seeded teaching dataset; not observed market data,2026-09-01T00:00:00+00:00
2025-09-01,USD,30,0.029414872296604905,SYNTHETIC: seeded teaching dataset; not observed market data,2026-09-01T00:00:00+00:00
2025-09-02,CAD,1,0.0047782860519977426,SYNTHETIC: seeded teaching dataset; not observed market data,2026-09-01T00:00:00+00:00
2025-09-02,CAD,2,0.01361509544002922,SYNTHETIC: seeded teaching dataset; not observed market data,2026-09-01T00:00:00+00:00
2025-09-02,CAD,5,0.014784557615666463,SYNTHETIC: seeded teaching dataset; not observed market data,2026-09-01T00:00:00+00:00
2025-09-02,CAD,10,0.020968243274119745,SYNTHETIC: seeded teaching dataset; not observed market data,2026-09-01T00:00:00+00:00
2025-09-02,CAD,30,0.03728644466930406,SYNTHETIC: seeded teaching dataset; not observed market data,2026-09-01T00:00:00+00:00
2025-09-02,USD,1,0.026254918788692152,SYNTHETIC: seeded teaching dataset; not observed market data,2026-09-01T00:00:00+00:00
2025-09-02,USD,2,0.02457190868601921,SYNTHETIC: seeded teaching dataset; not observed market data,2026-09-01T00:00:00+00:00
2025-09-02,USD,5,0.02574769150630809,SYNTHETIC: seeded teaching dataset; not observed market data,2026-09-01T00:00:00+00:00
2025-09-02,USD,10,0.019027155182880996,SYNTHETIC: seeded teaching dataset; not observed market data,2026-09-01T00:00:00+00:00
2025-09-02,USD,30,0.02960462826338681,SYNTHETIC: seeded teaching dataset; not observed market data,2026-09-01T00:00:00+00:00
2025-09-03,CAD,1,0.005615712101565733,SYNTHETIC: seeded teaching dataset; not observed market data,2026-09-01T00:00:00+00:00
2025-09-03,CAD,2,0.014426288656793336,SYNTHETIC: seeded teaching dataset; not observed market data,2026-09-01T00:00:00+00:00
2025-09-03,CAD,5,0.015582198247173735,SYNTHETIC: seeded teaching dataset; not observed market data,2026-09-01T00:00:00+00:00
2025-09-03,CAD,10,0.02140968745367587,SYNTHETIC: seeded teaching dataset; not observed market data,2026-09-01T00:00:00+00:00
2025-09-03,CAD,30,0.03762719687039303,SYNTHETIC: seeded teaching dataset; not observed market data,2026-09-01T00:00:00+00:00
2025-09-03,USD,1,0.026628320067410848,SYNTHETIC: seeded teaching dataset; not observed market data,2026-09-01T00:00:00+00:00
2025-09-03,USD,2,0.025356875818007094,SYNTHETIC: seeded teaching dataset; not observed market data,2026-09-01T00:00:00+00:00
2025-09-03,USD,5,0.02642268955738477,SYNTHETIC: seeded teaching dataset; not observed market data,2026-09-01T00:00:00+00:00
2025-09-03,USD,10,0.019484826825072632,SYNTHETIC: seeded teaching dataset; not observed market data,2026-09-01T00:00:00+00:00
2025-09-03,USD,30,0.029732721513985472,SYNTHETIC: seeded teaching dataset; not observed market data,2026-09-01T00:00:00+00:00
2025-09-04,CAD,1,0.00621318504280341,SYNTHETIC: seeded teaching dataset; not observed market data,2026-09-01T00:00:00+00:00
2025-09-04,CAD,2,0.014646400072814246,SYNTHETIC: seeded teaching dataset; not observed market data,2026-09-01T00:00:00+00:00
2025-09-04,CAD,5,0.01589917862435072,SYNTHETIC: seeded teaching dataset; not observed market data,2026-09-01T00:00:00+00:00
2025-09-04,CAD,10,0.021011768007308355,SYNTHETIC: seeded teaching dataset; not observed market data,2026-09-01T00:00:00+00:00
2025-09-04,CAD,30,0.036973795905067955,SYNTHETIC: seeded teaching dataset; not observed market data,2026-09-01T00:00:00+00:00
2025-09-04,USD,1,0.026644843191414917,SYNTHETIC: seeded teaching dataset; not observed market data,2026-09-01T00:00:00+00:00
2025-09-04,USD,2,0.025529127196028956,SYNTHETIC: seeded teaching dataset; not observed market data,2026-09-01T00:00:00+00:00
2025-09-04,USD,5,0.02636457202930957,SYNTHETIC: seeded teaching dataset; not observed market data,2026-09-01T00:00:00+00:00
2025-09-04,USD,10,0.01952127949876623,SYNTHETIC: seeded teaching dataset; not observed market data,2026-09-01T00:00:00+00:00
2025-09-04,USD,30,0.029604163738840967,SYNTHETIC: seeded teaching dataset; not observed market data,2026-09-01T00:00:00+00:00
2025-09-05,CAD,1,0.006092575119828275,SYNTHETIC: seeded teaching dataset; not observed market data,2026-09-01T00:00:00+00:00
2025-09-05,CAD,2,0.014428555236781238,SYNTHETIC: seeded teaching dataset; not observed market data,2026-09-01T00:00:00+00:00
2025-09-05,CAD,5,0.01623895186494455,SYNTHETIC: seeded teaching dataset; not observed market data,2026-09-01T00:00:00+00:00
2025-09-05,CAD,10,0.020664390766389165,SYNTHETIC: seeded teaching dataset; not observed market data,2026-09-01T00:00:00+00:00
2025-09-05,CAD,30,0.03744249281012663,SYNTHETIC: seeded teaching dataset; not observed market data,2026-09-01T00:00:00+00:00
2025-09-05,USD,1,0.027317607986101586,SYNTHETIC: seeded teaching dataset; not observed market data,2026-09-01T00:00:00+00:00
2025-09-05,USD,2,0.02585304859715424,SYNTHETIC: seeded teaching dataset; not observed market data,2026-09-01T00:00:00+00:00
2025-09-05,USD,5,0.027362346526832233,SYNTHETIC: seeded teaching dataset; not observed market data,2026-09-01T00:00:00+00:00
2025-09-05,USD,10,0.019610762625258245,SYNTHETIC: seeded teaching dataset; not observed market data,2026-09-01T00:00:00+00:00
2025-09-05,USD,30,0.0297444790948859,SYNTHETIC: seeded teaching dataset; not observed market data,2026-09-01T00:00:00+00:00
2025-09-08,CAD,1,0.006214061264393035,SYNTHETIC: seeded teaching dataset; not observed market data,2026-09-01T00:00:00+00:00
2025-09-08,CAD,2,0.014628856236371493,SYNTHETIC: seeded teaching dataset; not observed market data,2026-09-01T00:00:00+00:00
2025-09-08,CAD,5,0.01684036206727502,SYNTHETIC: seeded teaching dataset; not observed market data,2026-09-01T00:00:00+00:00
2025-09-08,CAD,10,0.02119538689190504,SYNTHETIC: seeded teaching dataset; not observed market data,2026-09-01T00:00:00+00:00
2025-09-08,CAD,30,0.03785443987045655,SYNTHETIC: seeded teaching dataset; not observed market data,2026-09-01T00:00:00+00:00
2025-09-08,USD,1,0.029029072890673403,SYNTHETIC: seeded teaching dataset; not observed market data,2026-09-01T00:00:00+00:00
2025-09-08,USD,2,0.02621796700948415,SYNTHETIC: seeded teaching dataset; not observed market data,2026-09-01T00:00:00+00:00
2025-09-08,USD,5,0.027699441628410714,SYNTHETIC: seeded teaching dataset; not observed market data,2026-09-01T00:00:00+00:00
2025-09-08,USD,10,0.019813929458127367,SYNTHETIC: seeded teaching dataset; not observed market data,2026-09-01T00:00:00+00:00
2025-09-08,USD,30,0.029756736501604274,SYNTHETIC: seeded teaching dataset; not observed market data,2026-09-01T00:00:00+00:00
2025-09-09,CAD,1,0.006620578889291972,SYNTHETIC: seeded teaching dataset; not observed market data,2026-09-01T00:00:00+00:00
2025-09-09,CAD,2,0.015057732415384174,SYNTHETIC: seeded teaching dataset; not observed market data,2026-09-01T00:00:00+00:00
2025-09-09,CAD,5,0.01708683481673338,SYNTHETIC: seeded teaching dataset; not observed market data,2026-09-01T00:00:00+00:00
2025-09-09,CAD,10,0.021088566081358825,SYNTHETIC: seeded teaching dataset; not observed market data,2026-09-01T00:00:00+00:00
2025-09-09,CAD,30,0.03801325922353739,SYNTHETIC: seeded teaching dataset; not observed market data,2026-09-01T00:00:00+00:00
2025-09-09,USD,1,0.028725038581627154,SYNTHETIC: seeded teaching dataset; not observed market data,2026-09-01T00:00:00+00:00
2025-09-09,USD,2,0.02586544605705587,SYNTHETIC: seeded teaching dataset; not observed market data,2026-09-01T00:00:00+00:00
2025-09-09,USD,5,0.02739345034001916,SYNTHETIC: seeded teaching dataset; not observed market data,2026-09-01T00:00:00+00:00
2025-09-09,USD,10,0.019766448264978136,SYNTHETIC: seeded teaching dataset; not observed market data,2026-09-01T00:00:00+00:00
2025-09-09,USD,30,0.029619104193852056,SYNTHETIC: seeded teaching dataset; not observed market data,2026-09-01T00:00:00+00:00
2025-09-10,CAD,1,0.006945690120582559,SYNTHETIC: seeded teaching dataset; not observed market data,2026-09-01T00:00:00+00:00
2025-09-10,CAD,2,0.014617934306795389,SYNTHETIC: seeded teaching dataset; not observed market data,2026-09-01T00:00:00+00:00
2025-09-10,CAD,5,0.016169668208908524,SYNTHETIC: seeded teaching dataset; not observed market data,2026-09-01T00:00:00+00:00
2025-09-10,CAD,10,0.020369941309658503,SYNTHETIC: seeded teaching dataset; not observed market data,2026-09-01T00:00:00+00:00
2025-09-10,CAD,30,0.037598469386652476,SYNTHETIC: seeded teaching dataset; not observed market data,2026-09-01T00:00:00+00:00
2025-09-10,USD,1,0.02806147642526637,SYNTHETIC: seeded teaching dataset; not observed market data,2026-09-01T00:00:00+00:00
2025-09-10,USD,2,0.025972641879561695,SYNTHETIC: seeded teaching dataset; not observed market data,2026-09-01T00:00:00+00:00
2025-09-10,USD,5,0.026949361168676807,SYNTHETIC: seeded teaching dataset; not observed market data,2026-09-01T00:00:00+00:00
2025-09-10,USD,10,0.01862232086192352,SYNTHETIC: seeded teaching dataset; not observed market data,2026-09-01T00:00:00+00:00
2025-09-10,USD,30,0.02927572285679309,SYNTHETIC: seeded teaching dataset; not observed market data,2026-09-01T00:00:00+00:00
2025-09-11,CAD,1,0.00719595908742476,SYNTHETIC: seeded teaching dataset; not observed market data,2026-09-01T00:00:00+00:00
2025-09-11,CAD,2,0.015204087051148516,SYNTHETIC: seeded teaching dataset; not observed market data,2026-09-01T00:00:00+00:00
2025-09-11,CAD,5,0.015732355109070967,SYNTHETIC: seeded teaching dataset; not observed market data,2026-09-01T00:00:00+00:00
2025-09-11,CAD,10,0.020880331729246727,SYNTHETIC: seeded teaching dataset; not observed market data,2026-09-01T00:00:00+00:00
2025-09-11,CAD,30,0.03735779228235746,SYNTHETIC: seeded teaching dataset; not observed market data,2026-09-01T00:00:00+00:00
2025-09-11,USD,1,0.028417174331863148,SYNTHETIC: seeded teaching dataset; not observed market data,2026-09-01T00:00:00+00:00
2025-09-11,USD,2,0.026215589322340284,SYNTHETIC: seeded teaching dataset; not observed market data,2026-09-01T00:00:00+00:00
2025-09-11,USD,5,0.027594752463508725,SYNTHETIC: seeded teaching dataset; not observed market data,2026-09-01T00:00:00+00:00
2025-09-11,USD,10,0.01849174445150204,SYNTHETIC: seeded teaching dataset; not observed market data,2026-09-01T00:00:00+00:00
2025-09-11,USD,30,0.02962606292337804,SYNTHETIC: seeded teaching dataset; not observed market data,2026-09-01T00:00:00+00:00
2025-09-12,CAD,1,0.006760882868896031,SYNTHETIC: seeded teaching dataset; not observed market data,2026-09-01T00:00:00+00:00
2025-09-12,CAD,2,0.014878028523454772,SYNTHETIC: seeded teaching dataset; not observed market data,2026-09-01T00:00:00+00:00
2025-09-12,CAD,5,0.015657402136213926,SYNTHETIC: seeded teaching dataset; not observed market data,2026-09-01T00:00:00+00:00
2025-09-12,CAD,10,0.020556816728777738,SYNTHETIC: seeded teaching dataset; not observed market data,2026-09-01T00:00:00+00:00
2025-09-12,CAD,30,0.03710869012357004,SYNTHETIC: seeded teaching dataset; not observed market data,2026-09-01T00:00:00+00:00
2025-09-12,USD,1,0.028782614124907856,SYNTHETIC: seeded teaching dataset; not observed market data,2026-09-01T00:00:00+00:00
2025-09-12,USD,2,0.02637212025044155,SYNTHETIC: seeded teaching dataset; not observed market data,2026-09-01T00:00:00+00:00
2025-09-12,USD,5,0.026583532470221792,SYNTHETIC: seeded teaching dataset; not observed market data,2026-09-01T00:00:00+00:00
2025-09-12,USD,10,0.017956366879370394,SYNTHETIC: seeded teaching dataset; not observed market data,2026-09-01T00:00:00+00:00
2025-09-12,USD,30,0.029736892731097166,SYNTHETIC: seeded teaching dataset; not observed market data,2026-09-01T00:00:00+00:00
2025-09-15,CAD,1,0.006401341738209405,SYNTHETIC: seeded teaching dataset; not observed market data,2026-09-01T00:00:00+00:00
2025-09-15,CAD,2,0.014669948906040448,SYNTHETIC: seeded teaching dataset; not observed market data,2026-09-01T00:00:00+00:00
2025-09-15,CAD,5,0.016086485543768358,SYNTHETIC: seeded teaching dataset; not observed market data,2026-09-01T00:00:00+00:00
2025-09-15,CAD,10,0.020139244731637147,SYNTHETIC: seeded teaching dataset; not observed market data,2026-09-01T00:00:00+00:00
2025-09-15,CAD,30,0.03602779623128443,SYNTHETIC: seeded teaching dataset; not observed market data,2026-09-01T00:00:00+00:00
2025-09-15,USD,1,0.028801624171331138,SYNTHETIC: seeded teaching dataset; not observed market data,2026-09-01T00:00:00+00:00
2025-09-15,USD,2,0.02646010165558003,SYNTHETIC: seeded teaching dataset; not observed market data,2026-09-01T00:00:00+00:00
2025-09-15,USD,5,0.02617984534837485,SYNTHETIC: seeded teaching dataset; not observed market data,2026-09-01T00:00:00+00:00
2025-09-15,USD,10,0.017796583471987423,SYNTHETIC: seeded teaching dataset; not observed market data,2026-09-01T00:00:00+00:00
2025-09-15,USD,30,0.029645760017301712,SYNTHETIC: seeded teaching dataset; not observed market data,2026-09-01T00:00:00+00:00
2025-09-16,CAD,1,0.006726414938927217,SYNTHETIC: seeded teaching dataset; not observed market data,2026-09-01T00:00:00+00:00
2025-09-16,CAD,2,0.015035156662077559,SYNTHETIC: seeded teaching dataset; not observed market data,2026-09-01T00:00:00+00:00
2025-09-16,CAD,5,0.016378071107806143,SYNTHETIC: seeded teaching dataset; not observed market data,2026-09-01T00:00:00+00:00
2025-09-16,CAD,10,0.020519679097797658,SYNTHETIC: seeded teaching dataset; not observed market data,2026-09-01T00:00:00+00:00
2025-09-16,CAD,30,0.036199632637201676,SYNTHETIC: seeded teaching dataset; not observed market data,2026-09-01T00:00:00+00:00
2025-09-16,USD,1,0.028583043340377933,SYNTHETIC: seeded teaching dataset; not observed market data,2026-09-01T00:00:00+00:00
2025-09-16,USD,2,0.02639502802851542,SYNTHETIC: seeded teaching dataset; not observed market data,2026-09-01T00:00:00+00:00
2025-09-16,USD,5,0.02633584501580742,SYNTHETIC: seeded teaching dataset; not observed market data,2026-09-01T00:00:00+00:00
2025-09-16,USD,10,0.017486115178755857,SYNTHETIC: seeded teaching dataset; not observed market data,2026-09-01T00:00:00+00:00
2025-09-16,USD,30,0.02941020062979789,SYNTHETIC: seeded teaching dataset; not observed market data,2026-09-01T00:00:00+00:00
2025-09-17,CAD,1,0.006493440640858664,SYNTHETIC: seeded teaching dataset; not observed market data,2026-09-01T00:00:00+00:00
2025-09-17,CAD,2,0.014926019244280135,SYNTHETIC: seeded teaching dataset; not observed market data,2026-09-01T00:00:00+00:00
2025-09-17,CAD,5,0.015980734430245804,SYNTHETIC: seeded teaching dataset; not observed market data,2026-09-01T00:00:00+00:00
2025-09-17,CAD,10,0.019560208058944976,SYNTHETIC: seeded teaching dataset; not observed market data,2026-09-01T00:00:00+00:00
2025-09-17,CAD,30,0.036217887379316555,SYNTHETIC: seeded teaching dataset; not observed market data,2026-09-01T00:00:00+00:00
2025-09-17,USD,1,0.028320074212535584,SYNTHETIC: seeded teaching dataset; not observed market data,2026-09-01T00:00:00+00:00
2025-09-17,USD,2,0.02555622967038748,SYNTHETIC: seeded teaching dataset; not observed market data,2026-09-01T00:00:00+00:00
2025-09-17,USD,5,0.02537401819658702,SYNTHETIC: seeded teaching dataset; not observed market data,2026-09-01T00:00:00+00:00
2025-09-17,USD,10,0.01671424773068177,SYNTHETIC: seeded teaching dataset; not observed market data,2026-09-01T00:00:00+00:00
2025-09-17,USD,30,0.028395307329781173,SYNTHETIC: seeded teaching dataset; not observed market data,2026-09-01T00:00:00+00:00
2025-09-18,CAD,1,0.007299177787541158,SYNTHETIC: seeded teaching dataset; not observed market data,2026-09-01T00:00:00+00:00
2025-09-18,CAD,2,0.015312498196015519,SYNTHETIC: seeded teaching dataset; not observed market data,2026-09-01T00:00:00+00:00
2025-09-18,CAD,5,0.01615382572666744,SYNTHETIC: seeded teaching dataset; not observed market data,2026-09-01T00:00:00+00:00
2025-09-18,CAD,10,0.02038059394511458,SYNTHETIC: seeded teaching dataset; not observed market data,2026-09-01T00:00:00+00:00
2025-09-18,CAD,30,0.0362255806307365,SYNTHETIC: seeded teaching dataset; not observed market data,2026-09-01T00:00:00+00:00
2025-09-18,USD,1,0.028757864953519004,SYNTHETIC: seeded teaching dataset; not observed market data,2026-09-01T00:00:00+00:00
2025-09-18,USD,2,0.02575548311918626,SYNTHETIC: seeded teaching dataset; not observed market data,2026-09-01T00:00:00+00:00
2025-09-18,USD,5,0.02555575657343891,SYNTHETIC: seeded teaching dataset; not observed market data,2026-09-01T00:00:00+00:00
2025-09-18,USD,10,0.01720720618219076,SYNTHETIC: seeded teaching dataset; not observed market data,2026-09-01T00:00:00+00:00
2025-09-18,USD,30,0.028638200005325874,SYNTHETIC: seeded teaching dataset; not observed market data,2026-09-01T00:00:00+00:00
2025-09-19,CAD,1,0.00649892813962703,SYNTHETIC: seeded teaching dataset; not observed market data,2026-09-01T00:00:00+00:00
2025-09-19,CAD,2,0.014810188093014568,SYNTHETIC: seeded teaching dataset; not observed market data,2026-09-01T00:00:00+00:00
2025-09-19,CAD,5,0.015457226504120899,SYNTHETIC: seeded teaching dataset; not observed market data,2026-09-01T00:00:00+00:00
2025-09-19,CAD,10,0.020073630454347964,SYNTHETIC: seeded teaching dataset; not observed market data,2026-09-01T00:00:00+00:00
2025-09-19,CAD,30,0.03576643990258472,SYNTHETIC: seeded teaching dataset; not observed market data,2026-09-01T00:00:00+00:00
2025-09-19,USD,1,0.028435233121999495,SYNTHETIC: seeded teaching dataset; not observed market data,2026-09-01T00:00:00+00:00
2025-09-19,USD,2,0.02497570168672686,SYNTHETIC: seeded teaching dataset; not observed market data,2026-09-01T00:00:00+00:00
2025-09-19,USD,5,0.02506269945330968,SYNTHETIC: seeded teaching dataset; not observed market data,2026-09-01T00:00:00+00:00
2025-09-19,USD,10,0.017767067480236824,SYNTHETIC: seeded teaching dataset; not observed market data,2026-09-01T00:00:00+00:00
2025-09-19,USD,30,0.02821604884320127,SYNTHETIC: seeded teaching dataset; not observed market data,2026-09-01T00:00:00+00:00
2025-09-22,CAD,1,0.006683514183605157,SYNTHETIC: seeded teaching dataset; not observed market data,2026-09-01T00:00:00+00:00
2025-09-22,CAD,2,0.014019970901397899,SYNTHETIC: seeded teaching dataset; not observed market data,2026-09-01T00:00:00+00:00
2025-09-22,CAD,5,0.01537410208456846,SYNTHETIC: seeded teaching dataset; not observed market data,2026-09-01T00:00:00+00:00
2025-09-22,CAD,10,0.020461530194252467,SYNTHETIC: seeded teaching dataset; not observed market data,2026-09-01T00:00:00+00:00
2025-09-22,CAD,30,0.03536186963066882,SYNTHETIC: seeded teaching dataset; not observed market data,2026-09-01T00:00:00+00:00
2025-09-22,USD,1,0.028015983164779632,SYNTHETIC: seeded teaching dataset; not observed market data,2026-09-01T00:00:00+00:00
2025-09-22,USD,2,0.02462341955718306,SYNTHETIC: seeded teaching dataset; not observed market data,2026-09-01T00:00:00+00:00
2025-09-22,USD,5,0.024655670838134094,SYNTHETIC: seeded teaching dataset; not observed market data,2026-09-01T00:00:00+00:00
2025-09-22,USD,10,0.017474197293418186,SYNTHETIC: seeded teaching dataset; not observed market data,2026-09-01T00:00:00+00:00
2025-09-22,USD,30,0.027383354636274667,SYNTHETIC: seeded teaching dataset; not observed market data,2026-09-01T00:00:00+00:00
2025-09-23,CAD,1,0.006529545864450172,SYNTHETIC: seeded teaching dataset; not observed market data,2026-09-01T00:00:00+00:00
2025-09-23,CAD,2,0.014606675371919798,SYNTHETIC: seeded teaching dataset; not observed market data,2026-09-01T00:00:00+00:00
2025-09-23,CAD,5,0.015452761176815415,SYNTHETIC: seeded teaching dataset; not observed market data,2026-09-01T00:00:00+00:00
2025-09-23,CAD,10,0.020840385708319337,SYNTHETIC: seeded teaching dataset; not observed market data,2026-09-01T00:00:00+00:00
2025-09-23,CAD,30,0.03572421008292855,SYNTHETIC: seeded teaching dataset; not observed market data,2026-09-01T00:00:00+00:00
2025-09-23,USD,1,0.02837472909188341,SYNTHETIC: seeded teaching dataset; not observed market data,2026-09-01T00:00:00+00:00
2025-09-23,USD,2,0.02477568222338466,SYNTHETIC: seeded teaching dataset; not observed market data,2026-09-01T00:00:00+00:00
2025-09-23,USD,5,0.024536359770576936,SYNTHETIC: seeded teaching dataset; not observed market data,2026-09-01T00:00:00+00:00
2025-09-23,USD,10,0.017551105896854196,SYNTHETIC: seeded teaching dataset; not observed market data,2026-09-01T00:00:00+00:00
2025-09-23,USD,30,0.028153314314938945,SYNTHETIC: seeded teaching dataset; not observed market data,2026-09-01T00:00:00+00:00
2025-09-24,CAD,1,0.006991473374211157,SYNTHETIC: seeded teaching dataset; not observed market data,2026-09-01T00:00:00+00:00
2025-09-24,CAD,2,0.014822325761005522,SYNTHETIC: seeded teaching dataset; not observed market data,2026-09-01T00:00:00+00:00
2025-09-24,CAD,5,0.015534989772277848,SYNTHETIC: seeded teaching dataset; not observed market data,2026-09-01T00:00:00+00:00
2025-09-24,CAD,10,0.021594905029346315,SYNTHETIC: seeded teaching dataset; not observed market data,2026-09-01T00:00:00+00:00
2025-09-24,CAD,30,0.035471422808927636,SYNTHETIC: seeded teaching dataset; not observed market data,2026-09-01T00:00:00+00:00
2025-09-24,USD,1,0.029020761670028903,SYNTHETIC: seeded teaching dataset; not observed market data,2026-09-01T00:00:00+00:00
2025-09-24,USD,2,0.02488110024093247,SYNTHETIC: seeded teaching dataset; not observed market data,2026-09-01T00:00:00+00:00
2025-09-24,USD,5,0.024340910153290835,SYNTHETIC: seeded teaching dataset; not observed market data,2026-09-01T00:00:00+00:00
2025-09-24,USD,10,0.01786707980206934,SYNTHETIC: seeded teaching dataset; not observed market data,2026-09-01T00:00:00+00:00
2025-09-24,USD,30,0.02845145460686552,SYNTHETIC: seeded teaching dataset; not observed market data,2026-09-01T00:00:00+00:00
2025-09-25,CAD,1,0.007453971119177501,SYNTHETIC: seeded teaching dataset; not observed market data,2026-09-01T00:00:00+00:00
2025-09-25,CAD,2,0.014997788585619237,SYNTHETIC: seeded teaching dataset; not observed market data,2026-09-01T00:00:00+00:00
2025-09-25,CAD,5,0.015646838754751428,SYNTHETIC: seeded teaching dataset; not observed market data,2026-09-01T00:00:00+00:00
2025-09-25,CAD,10,0.022216904438003317,SYNTHETIC: seeded teaching dataset; not observed market data,2026-09-01T00:00:00+00:00
2025-09-25,CAD,30,0.03512162709933111,SYNTHETIC: seeded teaching dataset; not observed market data,2026-09-01T00:00:00+00:00
2025-09-25,USD,1,0.029965558776098963,SYNTHETIC: seeded teaching dataset; not observed market data,2026-09-01T00:00:00+00:00
2025-09-25,USD,2,0.02520280027033931,SYNTHETIC: seeded teaching dataset; not observed market data,2026-09-01T00:00:00+00:00
2025-09-25,USD,5,0.024242175214794423,SYNTHETIC: seeded teaching dataset; not observed market data,2026-09-01T00:00:00+00:00
2025-09-25,USD,10,0.018090152298539695,SYNTHETIC: seeded teaching dataset; not observed market data,2026-09-01T00:00:00+00:00
2025-09-25,USD,30,0.0294118830918241,SYNTHETIC: seeded teaching dataset; not observed market data,2026-09-01T00:00:00+00:00
2025-09-26,CAD,1,0.007290751553076864,SYNTHETIC: seeded teaching dataset; not observed market data,2026-09-01T00:00:00+00:00
2025-09-26,CAD,2,0.01496044347256978,SYNTHETIC: seeded teaching dataset; not observed market data,2026-09-01T00:00:00+00:00
2025-09-26,CAD,5,0.014631064484058303,SYNTHETIC: seeded teaching dataset; not observed market data,2026-09-01T00:00:00+00:00
2025-09-26,CAD,10,0.02124461471178076,SYNTHETIC: seeded teaching dataset; not observed market data,2026-09-01T00:00:00+00:00
2025-09-26,CAD,30,0.03492284369483306,SYNTHETIC: seeded teaching dataset; not observed market data,2026-09-01T00:00:00+00:00
2025-09-26,USD,1,0.02957228407795134,SYNTHETIC: seeded teaching dataset; not observed market data,2026-09-01T00:00:00+00:00
2025-09-26,USD,2,0.025516864732776465,SYNTHETIC: seeded teaching dataset; not observed market data,2026-09-01T00:00:00+00:00
2025-09-26,USD,5,0.02416696344184237,SYNTHETIC: seeded teaching dataset; not observed market data,2026-09-01T00:00:00+00:00
2025-09-26,USD,10,0.017689555675153734,SYNTHETIC: seeded teaching dataset; not observed market data,2026-09-01T00:00:00+00:00
2025-09-26,USD,30,0.02924398174902171,SYNTHETIC: seeded teaching dataset; not observed market data,2026-09-01T00:00:00+00:00
2025-09-29,CAD,1,0.007262896293454637,SYNTHETIC: seeded teaching dataset; not observed market data,2026-09-01T00:00:00+00:00
2025-09-29,CAD,2,0.015134359877753507,SYNTHETIC: seeded teaching dataset; not observed market data,2026-09-01T00:00:00+00:00
2025-09-29,CAD,5,0.014453789779231108,SYNTHETIC: seeded teaching dataset; not observed market data,2026-09-01T00:00:00+00:00
2025-09-29,CAD,10,0.021075874000226737,SYNTHETIC: seeded teaching dataset; not observed market data,2026-09-01T00:00:00+00:00
2025-09-29,CAD,30,0.03465188102883451,SYNTHETIC: seeded teaching dataset; not observed market data,2026-09-01T00:00:00+00:00
2025-09-29,USD,1,0.029034726693562805,SYNTHETIC: seeded teaching dataset; not observed market data,2026-09-01T00:00:00+00:00
2025-09-29,USD,2,0.025282046745758388,SYNTHETIC: seeded teaching dataset; not observed market data,2026-09-01T00:00:00+00:00
2025-09-29,USD,5,0.02441884701658941,SYNTHETIC: seeded teaching dataset; not observed market data,2026-09-01T00:00:00+00:00
2025-09-29,USD,10,0.016972642748273946,SYNTHETIC: seeded teaching dataset; not observed market data,2026-09-01T00:00:00+00:00
2025-09-29,USD,30,0.028883157480380766,SYNTHETIC: seeded teaching dataset; not observed market data,2026-09-01T00:00:00+00:00
2025-09-30,CAD,1,0.006873600392750732,SYNTHETIC: seeded teaching dataset; not observed market data,2026-09-01T00:00:00+00:00
2025-09-30,CAD,2,0.015179845150389915,SYNTHETIC: seeded teaching dataset; not observed market data,2026-09-01T00:00:00+00:00
2025-09-30,CAD,5,0.014555939610060551,SYNTHETIC: seeded teaching dataset; not observed market data,2026-09-01T00:00:00+00:00
2025-09-30,CAD,10,0.02120253669415869,SYNTHETIC: seeded teaching dataset; not observed market data,2026-09-01T00:00:00+00:00
2025-09-30,CAD,30,0.03448295463277823,SYNTHETIC: seeded teaching dataset; not observed market data,2026-09-01T00:00:00+00:00
2025-09-30,USD,1,0.02863305522823476,SYNTHETIC: seeded teaching dataset; not observed market data,2026-09-01T00:00:00+00:00
2025-09-30,USD,2,0.025041095734391602,SYNTHETIC: seeded teaching dataset; not observed market data,2026-09-01T00:00:00+00:00
2025-09-30,USD,5,0.02409963769406636,SYNTHETIC: seeded teaching dataset; not observed market data,2026-09-01T00:00:00+00:00
2025-09-30,USD,10,0.016470770629390376,SYNTHETIC: seeded teaching dataset; not observed market data,2026-09-01T00:00:00+00:00
2025-09-30,USD,30,0.028028686982439224,SYNTHETIC: seeded teaching dataset; not observed market data,2026-09-01T00:00:00+00:00
2025-10-01,CAD,1,0.007375492186581196,SYNTHETIC: seeded teaching dataset; not observed market data,2026-09-01T00:00:00+00:00
2025-10-01,CAD,2,0.015467260197976838,SYNTHETIC: seeded teaching dataset; not observed market data,2026-09-01T00:00:00+00:00
2025-10-01,CAD,5,0.014768824744571873,SYNTHETIC: seeded teaching dataset; not observed market data,2026-09-01T00:00:00+00:00
2025-10-01,CAD,10,0.021353081805098185,SYNTHETIC: seeded teaching dataset; not observed market data,2026-09-01T00:00:00+00:00
2025-10-01,CAD,30,0.03504584473093744,SYNTHETIC: seeded teaching dataset; not observed market data,2026-09-01T00:00:00+00:00
2025-10-01,USD,1,0.02963935872164251,SYNTHETIC: seeded teaching dataset; not observed market data,2026-09-01T00:00:00+00:00
2025-10-01,USD,2,0.025722145787264394,SYNTHETIC: seeded teaching dataset; not observed market data,2026-09-01T00:00:00+00:00
2025-10-01,USD,5,0.02411519337783928,SYNTHETIC: seeded teaching dataset; not observed market data,2026-09-01T00:00:00+00:00
2025-10-01,USD,10,0.016664176195978653,SYNTHETIC: seeded teaching dataset; not observed market data,2026-09-01T00:00:00+00:00
2025-10-01,USD,30,0.028260782767852304,SYNTHETIC: seeded teaching dataset; not observed market data,2026-09-01T00:00:00+00:00
2025-10-02,CAD,1,0.008579367915131763,SYNTHETIC: seeded teaching dataset; not observed market data,2026-09-01T00:00:00+00:00
2025-10-02,CAD,2,0.016797579319064657,SYNTHETIC: seeded teaching dataset; not observed market data,2026-09-01T00:00:00+00:00
2025-10-02,CAD,5,0.01562648548377785,SYNTHETIC: seeded teaching dataset; not observed market data,2026-09-01T00:00:00+00:00
2025-10-02,CAD,10,0.021784388302262682,SYNTHETIC: seeded teaching dataset; not observed market data,2026-09-01T00:00:00+00:00
2025-10-02,CAD,30,0.0357660448641537,SYNTHETIC: seeded teaching dataset; not observed market data,2026-09-01T00:00:00+00:00
2025-10-02,USD,1,0.030673220197781553,SYNTHETIC: seeded teaching dataset; not observed market data,2026-09-01T00:00:00+00:00
2025-10-02,USD,2,0.02634797265954619,SYNTHETIC: seeded teaching dataset; not observed market data,2026-09-01T00:00:00+00:00
2025-10-02,USD,5,0.024952486837974568,SYNTHETIC: seeded teaching dataset; not observed market data,2026-09-01T00:00:00+00:00
2025-10-02,USD,10,0.016918898257766973,SYNTHETIC: seeded teaching dataset; not observed market data,2026-09-01T00:00:00+00:00
2025-10-02,USD,30,0.029187642096882616,SYNTHETIC: seeded teaching dataset; not observed market data,2026-09-01T00:00:00+00:00
2025-10-03,CAD,1,0.009220936008920221,SYNTHETIC: seeded teaching dataset; not observed market data,2026-09-01T00:00:00+00:00
2025-10-03,CAD,2,0.017326547454037715,SYNTHETIC: seeded teaching dataset; not observed market data,2026-09-01T00:00:00+00:00
2025-10-03,CAD,5,0.015655678073254225,SYNTHETIC: seeded teaching dataset; not observed market data,2026-09-01T00:00:00+00:00
2025-10-03,CAD,10,0.02088451749094724,SYNTHETIC: seeded teaching dataset; not observed market data,2026-09-01T00:00:00+00:00
2025-10-03,CAD,30,0.035104828468415734,SYNTHETIC: seeded teaching dataset; not observed market data,2026-09-01T00:00:00+00:00
2025-10-03,USD,1,0.031177786645332075,SYNTHETIC: seeded teaching dataset; not observed market data,2026-09-01T00:00:00+00:00
2025-10-03,USD,2,0.026100753697828362,SYNTHETIC: seeded teaching dataset; not observed market data,2026-09-01T00:00:00+00:00
2025-10-03,USD,5,0.02439450415968407,SYNTHETIC: seeded teaching dataset; not observed market data,2026-09-01T00:00:00+00:00
2025-10-03,USD,10,0.01666014528565869,SYNTHETIC: seeded teaching dataset; not observed market data,2026-09-01T00:00:00+00:00
2025-10-03,USD,30,0.028499180042422117,SYNTHETIC: seeded teaching dataset; not observed market data,2026-09-01T00:00:00+00:00
2025-10-06,CAD,1,0.009138254821955464,SYNTHETIC: seeded teaching dataset; not observed market data,2026-09-01T00:00:00+00:00
2025-10-06,CAD,2,0.017231233786946333,SYNTHETIC: seeded teaching dataset; not observed market data,2026-09-01T00:00:00+00:00
2025-10-06,CAD,5,0.01553295258655164,SYNTHETIC: seeded teaching dataset; not observed market data,2026-09-01T00:00:00+00:00
2025-10-06,CAD,10,0.020706544776449613,SYNTHETIC: seeded teaching dataset; not observed market data,2026-09-01T00:00:00+00:00
2025-10-06,CAD,30,0.034806074611534225,SYNTHETIC: seeded teaching dataset; not observed market data,2026-09-01T00:00:00+00:00
2025-10-06,USD,1,0.03113236792068645,SYNTHETIC: seeded teaching dataset; not observed market data,2026-09-01T00:00:00+00:00
2025-10-06,USD,2,0.025363766777093785,SYNTHETIC: seeded teaching dataset; not observed market data,2026-09-01T00:00:00+00:00
2025-10-06,USD,5,0.024264840818218825,SYNTHETIC: seeded teaching dataset; not observed market data,2026-09-01T00:00:00+00:00
2025-10-06,USD,10,0.01620488876994082,SYNTHETIC: seeded teaching dataset; not observed market data,2026-09-01T00:00:00+00:00
2025-10-06,USD,30,0.02875597313290448,SYNTHETIC: seeded teaching dataset; not observed market data,2026-09-01T00:00:00+00:00
2025-10-07,CAD,1,0.009442876474424797,SYNTHETIC: seeded teaching dataset; not observed market data,2026-09-01T00:00:00+00:00
2025-10-07,CAD,2,0.01747919394890405,SYNTHETIC: seeded teaching dataset; not observed market data,2026-09-01T00:00:00+00:00
2025-10-07,CAD,5,0.015531666508126773,SYNTHETIC: seeded teaching dataset; not observed market data,2026-09-01T00:00:00+00:00
2025-10-07,CAD,10,0.021209091287905713,SYNTHETIC: seeded teaching dataset; not observed market data,2026-09-01T00:00:00+00:00
2025-10-07,CAD,30,0.035458578606704635,SYNTHETIC: seeded teaching dataset; not observed market data,2026-09-01T00:00:00+00:00
2025-10-07,USD,1,0.0315593776170001,SYNTHETIC: seeded teaching dataset; not observed market data,2026-09-01T00:00:00+00:00
2025-10-07,USD,2,0.025746707093980158,SYNTHETIC: seeded teaching dataset; not observed market data,2026-09-01T00:00:00+00:00
2025-10-07,USD,5,0.024852906218752514,SYNTHETIC: seeded teaching dataset; not observed market data,2026-09-01T00:00:00+00:00
2025-10-07,USD,10,0.01686692879442986,SYNTHETIC: seeded teaching dataset; not observed market data,2026-09-01T00:00:00+00:00
2025-10-07,USD,30,0.028613789343741838,SYNTHETIC: seeded teaching dataset; not observed market data,2026-09-01T00:00:00+00:00
2025-10-08,CAD,1,0.00948292909429738,SYNTHETIC: seeded teaching dataset; not observed market data,2026-09-01T00:00:00+00:00
2025-10-08,CAD,2,0.017704073011101627,SYNTHETIC: seeded teaching dataset; not observed market data,2026-09-01T00:00:00+00:00
2025-10-08,CAD,5,0.01561286410902699,SYNTHETIC: seeded teaching dataset; not observed market data,2026-09-01T00:00:00+00:00
2025-10-08,CAD,10,0.02055056246906581,SYNTHETIC: seeded teaching dataset; not observed market data,2026-09-01T00:00:00+00:00
2025-10-08,CAD,30,0.03505615795278849,SYNTHETIC: seeded teaching dataset; not observed market data,2026-09-01T00:00:00+00:00
2025-10-08,USD,1,0.031505635480109956,SYNTHETIC: seeded teaching dataset; not observed market data,2026-09-01T00:00:00+00:00
2025-10-08,USD,2,0.025393863346155832,SYNTHETIC: seeded teaching dataset; not observed market data,2026-09-01T00:00:00+00:00
2025-10-08,USD,5,0.024516710366457257,SYNTHETIC: seeded teaching dataset; not observed market data,2026-09-01T00:00:00+00:00
2025-10-08,USD,10,0.01702656976409889,SYNTHETIC: seeded teaching dataset; not observed market data,2026-09-01T00:00:00+00:00
2025-10-08,USD,30,0.027792645601706762,SYNTHETIC: seeded teaching dataset; not observed market data,2026-09-01T00:00:00+00:00
2025-10-09,CAD,1,0.009253906439008138,SYNTHETIC: seeded teaching dataset; not observed market data,2026-09-01T00:00:00+00:00
2025-10-09,CAD,2,0.017979168704092406,SYNTHETIC: seeded teaching dataset; not observed market data,2026-09-01T00:00:00+00:00
2025-10-09,CAD,5,0.015621390578205874,SYNTHETIC: seeded teaching dataset; not observed market data,2026-09-01T00:00:00+00:00
2025-10-09,CAD,10,0.020202932885214298,SYNTHETIC: seeded teaching dataset; not observed market data,2026-09-01T00:00:00+00:00
2025-10-09,CAD,30,0.03489112000667564,SYNTHETIC: seeded teaching dataset; not observed market data,2026-09-01T00:00:00+00:00
2025-10-09,USD,1,0.03195679244865132,SYNTHETIC: seeded teaching dataset; not observed market data,2026-09-01T00:00:00+00:00
2025-10-09,USD,2,0.02539757517482752,SYNTHETIC: seeded teaching dataset; not observed market data,2026-09-01T00:00:00+00:00
2025-10-09,USD,5,0.02441461765447822,SYNTHETIC: seeded teaching dataset; not observed market data,2026-09-01T00:00:00+00:00
2025-10-09,USD,10,0.01783496333063377,SYNTHETIC: seeded teaching dataset; not observed market data,2026-09-01T00:00:00+00:00
2025-10-09,USD,30,0.028253486742512306,SYNTHETIC: seeded teaching dataset; not observed market data,2026-09-01T00:00:00+00:00
2025-10-10,CAD,1,0.00925114326884673,SYNTHETIC: seeded teaching dataset; not observed market data,2026-09-01T00:00:00+00:00
2025-10-10,CAD,2,0.01835902394669449,SYNTHETIC: seeded teaching dataset; not observed market data,2026-09-01T00:00:00+00:00
2025-10-10,CAD,5,0.016428938360580524,SYNTHETIC: seeded teaching dataset; not observed market data,2026-09-01T00:00:00+00:00
2025-10-10,CAD,10,0.02110467324337509,SYNTHETIC: seeded teaching dataset; not observed market data,2026-09-01T00:00:00+00:00
2025-10-10,CAD,30,0.03586035308844966,SYNTHETIC: seeded teaching dataset; not observed market data,2026-09-01T00:00:00+00:00
2025-10-10,USD,1,0.032678678943193984,SYNTHETIC: seeded teaching dataset; not observed market data,2026-09-01T00:00:00+00:00
2025-10-10,USD,2,0.025946730469051105,SYNTHETIC: seeded teaching dataset; not observed market data,2026-09-01T00:00:00+00:00
2025-10-10,USD,5,0.024848393398678295,SYNTHETIC: seeded teaching dataset; not observed market data,2026-09-01T00:00:00+00:00
2025-10-10,USD,10,0.0183188544428174,SYNTHETIC: seeded teaching dataset; not observed market data,2026-09-01T00:00:00+00:00
2025-10-10,USD,30,0.028345093555012562,SYNTHETIC: seeded teaching dataset; not observed market data,2026-09-01T00:00:00+00:00
2025-10-13,CAD,1,0.009396952480076461,SYNTHETIC: seeded teaching dataset; not observed market data,2026-09-01T00:00:00+00:00
2025-10-13,CAD,2,0.01785895461524844,SYNTHETIC: seeded teaching dataset; not observed market data,2026-09-01T00:00:00+00:00
2025-10-13,CAD,5,0.016843870733298173,SYNTHETIC: seeded teaching dataset; not observed market data,2026-09-01T00:00:00+00:00
2025-10-13,CAD,10,0.020890728587629998,SYNTHETIC: seeded teaching dataset; not observed market data,2026-09-01T00:00:00+00:00
2025-10-13,CAD,30,0.0361155692147243,SYNTHETIC: seeded teaching dataset; not observed market data,2026-09-01T00:00:00+00:00
2025-10-13,USD,1,0.033711639397460774,SYNTHETIC: seeded teaching dataset; not observed market data,2026-09-01T00:00:00+00:00
2025-10-13,USD,2,0.02676546848393319,SYNTHETIC: seeded teaching dataset; not observed market data,2026-09-01T00:00:00+00:00
2025-10-13,USD,5,0.02466631547631815,SYNTHETIC: seeded teaching dataset; not observed market data,2026-09-01T00:00:00+00:00
2025-10-13,USD,10,0.019256533130540356,SYNTHETIC: seeded teaching dataset; not observed market data,2026-09-01T00:00:00+00:00
2025-10-13,USD,30,0.028728558431740523,SYNTHETIC: seeded teaching dataset; not observed market data,2026-09-01T00:00:00+00:00
2025-10-14,CAD,1,0.00955932160046059,SYNTHETIC: seeded teaching dataset; not observed market data,2026-09-01T00:00:00+00:00
2025-10-14,CAD,2,0.01801440195371439,SYNTHETIC: seeded teaching dataset; not observed market data,2026-09-01T00:00:00+00:00
2025-10-14,CAD,5,0.01686127668075978,SYNTHETIC: seeded teaching dataset; not observed market data,2026-09-01T00:00:00+00:00
2025-10-14,CAD,10,0.02070920543817873,SYNTHETIC: seeded teaching dataset; not observed market data,2026-09-01T00:00:00+00:00
2025-10-14,CAD,30,0.03649163878590426,SYNTHETIC: seeded teaching dataset; not observed market data,2026-09-01T00:00:00+00:00
2025-10-14,USD,1,0.034242223937329105,SYNTHETIC: seeded teaching dataset; not observed market data,2026-09-01T00:00:00+00:00
2025-10-14,USD,2,0.027138120682677593,SYNTHETIC: seeded teaching dataset; not observed market data,2026-09-01T00:00:00+00:00
2025-10-14,USD,5,0.02493413530463566,SYNTHETIC: seeded teaching dataset; not observed market data,2026-09-01T00:00:00+00:00
2025-10-14,USD,10,0.01892527404194355,SYNTHETIC: seeded teaching dataset; not observed market data,2026-09-01T00:00:00+00:00
2025-10-14,USD,30,0.028233016382615803,SYNTHETIC: seeded teaching dataset; not observed market data,2026-09-01T00:00:00+00:00
2025-10-15,CAD,1,0.010053678672601856,SYNTHETIC: seeded teaching dataset; not observed market data,2026-09-01T00:00:00+00:00
2025-10-15,CAD,2,0.018258068397873882,SYNTHETIC: seeded teaching dataset; not observed market data,2026-09-01T00:00:00+00:00
2025-10-15,CAD,5,0.01726154177788432,SYNTHETIC: seeded teaching dataset; not observed market data,2026-09-01T00:00:00+00:00
2025-10-15,CAD,10,0.021062111166750434,SYNTHETIC: seeded teaching dataset; not observed market data,2026-09-01T00:00:00+00:00
2025-10-15,CAD,30,0.03597616214940226,SYNTHETIC: seeded teaching dataset; not observed market data,2026-09-01T00:00:00+00:00
2025-10-15,USD,1,0.03504937656766895,SYNTHETIC: seeded teaching dataset; not observed market data,2026-09-01T00:00:00+00:00
2025-10-15,USD,2,0.02719620278387612,SYNTHETIC: seeded teaching dataset; not observed market data,2026-09-01T00:00:00+00:00
2025-10-15,USD,5,0.02533126303604958,SYNTHETIC: seeded teaching dataset; not observed market data,2026-09-01T00:00:00+00:00
2025-10-15,USD,10,0.019322068010213446,SYNTHETIC: seeded teaching dataset; not observed market data,2026-09-01T00:00:00+00:00
2025-10-15,USD,30,0.028202656279173382,SYNTHETIC: seeded teaching dataset; not observed market data,2026-09-01T00:00:00+00:00
2025-10-16,CAD,1,0.010715446553711577,SYNTHETIC: seeded teaching dataset; not observed market data,2026-09-01T00:00:00+00:00
2025-10-16,CAD,2,0.018635088387641385,SYNTHETIC: seeded teaching dataset; not observed market data,2026-09-01T00:00:00+00:00
2025-10-16,CAD,5,0.016710171209557107,SYNTHETIC: seeded teaching dataset; not observed market data,2026-09-01T00:00:00+00:00
2025-10-16,CAD,10,0.021378447323560278,SYNTHETIC: seeded teaching dataset; not observed market data,2026-09-01T00:00:00+00:00
2025-10-16,CAD,30,0.036304561653115165,SYNTHETIC: seeded teaching dataset; not observed market data,2026-09-01T00:00:00+00:00
2025-10-16,USD,1,0.035057552556011284,SYNTHETIC: seeded teaching dataset; not observed market data,2026-09-01T00:00:00+00:00
2025-10-16,USD,2,0.027576550820176245,SYNTHETIC: seeded teaching dataset; not observed market data,2026-09-01T00:00:00+00:00
2025-10-16,USD,5,0.02567942037531394,SYNTHETIC: seeded teaching dataset; not observed market data,2026-09-01T00:00:00+00:00
2025-10-16,USD,10,0.019838910871022367,SYNTHETIC: seeded teaching dataset; not observed market data,2026-09-01T00:00:00+00:00
2025-10-16,USD,30,0.028373068685252714,SYNTHETIC: seeded teaching dataset; not observed market data,2026-09-01T00:00:00+00:00
2025-10-17,CAD,1,0.010060574641871694,SYNTHETIC: seeded teaching dataset; not observed market data,2026-09-01T00:00:00+00:00
2025-10-17,CAD,2,0.018538674093763113,SYNTHETIC: seeded teaching dataset; not observed market data,2026-09-01T00:00:00+00:00
2025-10-17,CAD,5,0.01658593602484722,SYNTHETIC: seeded teaching dataset; not observed market data,2026-09-01T00:00:00+00:00
2025-10-17,CAD,10,0.02158509511570523,SYNTHETIC: seeded teaching dataset; not observed market data,2026-09-01T00:00:00+00:00
2025-10-17,CAD,30,0.036101950255075003,SYNTHETIC: seeded teaching dataset; not observed market data,2026-09-01T00:00:00+00:00
2025-10-17,USD,1,0.0356966201257449,SYNTHETIC: seeded teaching dataset; not observed market data,2026-09-01T00:00:00+00:00
2025-10-17,USD,2,0.02735568961500131,SYNTHETIC: seeded teaching dataset; not observed market data,2026-09-01T00:00:00+00:00
2025-10-17,USD,5,0.026353560768270938,SYNTHETIC: seeded teaching dataset; not observed market data,2026-09-01T00:00:00+00:00
2025-10-17,USD,10,0.020270495258605373,SYNTHETIC: seeded teaching dataset; not observed market data,2026-09-01T00:00:00+00:00
2025-10-17,USD,30,0.02873226765697883,SYNTHETIC: seeded teaching dataset; not observed market data,2026-09-01T00:00:00+00:00
2025-10-20,CAD,1,0.010571480454167118,SYNTHETIC: seeded teaching dataset; not observed market data,2026-09-01T00:00:00+00:00
2025-10-20,CAD,2,0.018639577956613564,SYNTHETIC: seeded teaching dataset; not observed market data,2026-09-01T00:00:00+00:00
2025-10-20,CAD,5,0.017118050397582598,SYNTHETIC: seeded teaching dataset; not observed market data,2026-09-01T00:00:00+00:00
2025-10-20,CAD,10,0.021750453200804085,SYNTHETIC: seeded teaching dataset; not observed market data,2026-09-01T00:00:00+00:00
2025-10-20,CAD,30,0.036100447854737615,SYNTHETIC: seeded teaching dataset; not observed market data,2026-09-01T00:00:00+00:00
2025-10-20,USD,1,0.0360316648678691,SYNTHETIC: seeded teaching dataset; not observed market data,2026-09-01T00:00:00+00:00
2025-10-20,USD,2,0.02725645310806711,SYNTHETIC: seeded teaching dataset; not observed market data,2026-09-01T00:00:00+00:00
2025-10-20,USD,5,0.025750015132796157,SYNTHETIC: seeded teaching dataset; not observed market data,2026-09-01T00:00:00+00:00
2025-10-20,USD,10,0.020454412162554395,SYNTHETIC: seeded teaching dataset; not observed market data,2026-09-01T00:00:00+00:00
2025-10-20,USD,30,0.02921143501296986,SYNTHETIC: seeded teaching dataset; not observed market data,2026-09-01T00:00:00+00:00
2025-10-21,CAD,1,0.009970190967020145,SYNTHETIC: seeded teaching dataset; not observed market data,2026-09-01T00:00:00+00:00
2025-10-21,CAD,2,0.01882515165545219,SYNTHETIC: seeded teaching dataset; not observed market data,2026-09-01T00:00:00+00:00
2025-10-21,CAD,5,0.017230295463917304,SYNTHETIC: seeded teaching dataset; not observed market data,2026-09-01T00:00:00+00:00
2025-10-21,CAD,10,0.022246557161868068,SYNTHETIC: seeded teaching dataset; not observed market data,2026-09-01T00:00:00+00:00
2025-10-21,CAD,30,0.03569786744243143,SYNTHETIC: seeded teaching dataset; not observed market data,2026-09-01T00:00:00+00:00
2025-10-21,USD,1,0.035971648034067244,SYNTHETIC: seeded teaching dataset; not observed market data,2026-09-01T00:00:00+00:00
2025-10-21,USD,2,0.027276734319583558,SYNTHETIC: seeded teaching dataset; not observed market data,2026-09-01T00:00:00+00:00
2025-10-21,USD,5,0.026302966352676406,SYNTHETIC: seeded teaching dataset; not observed market data,2026-09-01T00:00:00+00:00
2025-10-21,USD,10,0.019972914209458084,SYNTHETIC: seeded teaching dataset; not observed market data,2026-09-01T00:00:00+00:00
2025-10-21,USD,30,0.029011467420288973,SYNTHETIC: seeded teaching dataset; not observed market data,2026-09-01T00:00:00+00:00
2025-10-22,CAD,1,0.009669008688038608,SYNTHETIC: seeded teaching dataset; not observed market data,2026-09-01T00:00:00+00:00
2025-10-22,CAD,2,0.018652818969161586,SYNTHETIC: seeded teaching dataset; not observed market data,2026-09-01T00:00:00+00:00
2025-10-22,CAD,5,0.01734393972316847,SYNTHETIC: seeded teaching dataset; not observed market data,2026-09-01T00:00:00+00:00
2025-10-22,CAD,10,0.022433976975434207,SYNTHETIC: seeded teaching dataset; not observed market data,2026-09-01T00:00:00+00:00
2025-10-22,CAD,30,0.03635854332324603,SYNTHETIC: seeded teaching dataset; not observed market data,2026-09-01T00:00:00+00:00
2025-10-22,USD,1,0.03579915501409653,SYNTHETIC: seeded teaching dataset; not observed market data,2026-09-01T00:00:00+00:00
2025-10-22,USD,2,0.028298115773615032,SYNTHETIC: seeded teaching dataset; not observed market data,2026-09-01T00:00:00+00:00
2025-10-22,USD,5,0.026273491873110205,SYNTHETIC: seeded teaching dataset; not observed market data,2026-09-01T00:00:00+00:00
2025-10-22,USD,10,0.019938792756553848,SYNTHETIC: seeded teaching dataset; not observed market data,2026-09-01T00:00:00+00:00
2025-10-22,USD,30,0.0291998270145556,SYNTHETIC: seeded teaching dataset; not observed market data,2026-09-01T00:00:00+00:00
2025-10-23,CAD,1,0.009951029759192213,SYNTHETIC: seeded teaching dataset; not observed market data,2026-09-01T00:00:00+00:00
2025-10-23,CAD,2,0.01853641920740276,SYNTHETIC: seeded teaching dataset; not observed market data,2026-09-01T00:00:00+00:00
2025-10-23,CAD,5,0.016730392298430378,SYNTHETIC: seeded teaching dataset; not observed market data,2026-09-01T00:00:00+00:00
2025-10-23,CAD,10,0.0227060430570463,SYNTHETIC: seeded teaching dataset; not observed market data,2026-09-01T00:00:00+00:00
2025-10-23,CAD,30,0.03631159441429494,SYNTHETIC: seeded teaching dataset; not observed market data,2026-09-01T00:00:00+00:00
2025-10-23,USD,1,0.03593908206749946,SYNTHETIC: seeded teaching dataset; not observed market data,2026-09-01T00:00:00+00:00
2025-10-23,USD,2,0.02885932004760347,SYNTHETIC: seeded teaching dataset; not observed market data,2026-09-01T00:00:00+00:00
2025-10-23,USD,5,0.02629061337157474,SYNTHETIC: seeded teaching dataset; not observed market data,2026-09-01T00:00:00+00:00
2025-10-23,USD,10,0.019520132813580164,SYNTHETIC: seeded teaching dataset; not observed market data,2026-09-01T00:00:00+00:00
2025-10-23,USD,30,0.02893360200518783,SYNTHETIC: seeded teaching dataset; not observed market data,2026-09-01T00:00:00+00:00
2025-10-24,CAD,1,0.0095412228994395,SYNTHETIC: seeded teaching dataset; not observed market data,2026-09-01T00:00:00+00:00
2025-10-24,CAD,2,0.018435192320271243,SYNTHETIC: seeded teaching dataset; not observed market data,2026-09-01T00:00:00+00:00
2025-10-24,CAD,5,0.016402899319598502,SYNTHETIC: seeded teaching dataset; not observed market data,2026-09-01T00:00:00+00:00
2025-10-24,CAD,10,0.02249220429848079,SYNTHETIC: seeded teaching dataset; not observed market data,2026-09-01T00:00:00+00:00
2025-10-24,CAD,30,0.035802631396292826,SYNTHETIC: seeded teaching dataset; not observed market data,2026-09-01T00:00:00+00:00
2025-10-24,USD,1,0.036088858720449715,SYNTHETIC: seeded teaching dataset; not observed market data,2026-09-01T00:00:00+00:00
2025-10-24,USD,2,0.02863825252691917,SYNTHETIC: seeded teaching dataset; not observed market data,2026-09-01T00:00:00+00:00
2025-10-24,USD,5,0.026984626017771726,SYNTHETIC: seeded teaching dataset; not observed market data,2026-09-01T00:00:00+00:00
2025-10-24,USD,10,0.01982693019346828,SYNTHETIC: seeded teaching dataset; not observed market data,2026-09-01T00:00:00+00:00
2025-10-24,USD,30,0.0289766574482796,SYNTHETIC: seeded teaching dataset; not observed market data,2026-09-01T00:00:00+00:00
2025-10-27,CAD,1,0.009507022071294734,SYNTHETIC: seeded teaching dataset; not observed market data,2026-09-01T00:00:00+00:00
2025-10-27,CAD,2,0.018028754821630397,SYNTHETIC: seeded teaching dataset; not observed market data,2026-09-01T00:00:00+00:00
2025-10-27,CAD,5,0.01602913729490817,SYNTHETIC: seeded teaching dataset; not observed market data,2026-09-01T00:00:00+00:00
2025-10-27,CAD,10,0.0224905103174464,SYNTHETIC: seeded teaching dataset; not observed market data,2026-09-01T00:00:00+00:00
2025-10-27,CAD,30,0.035324571656571456,SYNTHETIC: seeded teaching dataset; not observed market data,2026-09-01T00:00:00+00:00
2025-10-27,USD,1,0.035609742127137495,SYNTHETIC: seeded teaching dataset; not observed market data,2026-09-01T00:00:00+00:00
2025-10-27,USD,2,0.027912697976546712,SYNTHETIC: seeded teaching dataset; not observed market data,2026-09-01T00:00:00+00:00
2025-10-27,USD,5,0.02661761907543203,SYNTHETIC: seeded teaching dataset; not observed market data,2026-09-01T00:00:00+00:00
2025-10-27,USD,10,0.019723227298866452,SYNTHETIC: seeded teaching dataset; not observed market data,2026-09-01T00:00:00+00:00
2025-10-27,USD,30,0.029138346315898473,SYNTHETIC: seeded teaching dataset; not observed market data,2026-09-01T00:00:00+00:00
2025-10-28,CAD,1,0.008540589929823306,SYNTHETIC: seeded teaching dataset; not observed market data,2026-09-01T00:00:00+00:00
2025-10-28,CAD,2,0.0176303614437718,SYNTHETIC: seeded teaching dataset; not observed market data,2026-09-01T00:00:00+00:00
2025-10-28,CAD,5,0.01572851906026806,SYNTHETIC: seeded teaching dataset; not observed market data,2026-09-01T00:00:00+00:00
2025-10-28,CAD,10,0.022319654575436068,SYNTHETIC: seeded teaching dataset; not observed market data,2026-09-01T00:00:00+00:00
2025-10-28,CAD,30,0.03489768951959124,SYNTHETIC: seeded teaching dataset; not observed market data,2026-09-01T00:00:00+00:00
2025-10-28,USD,1,0.03582980217766267,SYNTHETIC: seeded teaching dataset; not observed market data,2026-09-01T00:00:00+00:00
2025-10-28,USD,2,0.02863722434139282,SYNTHETIC: seeded teaching dataset; not observed market data,2026-09-01T00:00:00+00:00
2025-10-28,USD,5,0.025937435882589364,SYNTHETIC: seeded teaching dataset; not observed market data,2026-09-01T00:00:00+00:00
2025-10-28,USD,10,0.019688012505409736,SYNTHETIC: seeded teaching dataset; not observed market data,2026-09-01T00:00:00+00:00
2025-10-28,USD,30,0.028642041700445122,SYNTHETIC: seeded teaching dataset; not observed market data,2026-09-01T00:00:00+00:00
2025-10-29,CAD,1,0.008452207316617968,SYNTHETIC: seeded teaching dataset; not observed market data,2026-09-01T00:00:00+00:00
2025-10-29,CAD,2,0.01750422370045683,SYNTHETIC: seeded teaching dataset; not observed market data,2026-09-01T00:00:00+00:00
2025-10-29,CAD,5,0.015853050089545444,SYNTHETIC: seeded teaching dataset; not observed market data,2026-09-01T00:00:00+00:00
2025-10-29,CAD,10,0.022572551199704104,SYNTHETIC: seeded teaching dataset; not observed market data,2026-09-01T00:00:00+00:00
2025-10-29,CAD,30,0.03501194657221473,SYNTHETIC: seeded teaching dataset; not observed market data,2026-09-01T00:00:00+00:00
2025-10-29,USD,1,0.03552456288854454,SYNTHETIC: seeded teaching dataset; not observed market data,2026-09-01T00:00:00+00:00
2025-10-29,USD,2,0.028052067691211144,SYNTHETIC: seeded teaching dataset; not observed market data,2026-09-01T00:00:00+00:00
2025-10-29,USD,5,0.02584132020432119,SYNTHETIC: seeded teaching dataset; not observed market data,2026-09-01T00:00:00+00:00
2025-10-29,USD,10,0.019176194549233763,SYNTHETIC: seeded teaching dataset; not observed market data,2026-09-01T00:00:00+00:00
2025-10-29,USD,30,0.0285018094353168,SYNTHETIC: seeded teaching dataset; not observed market data,2026-09-01T00:00:00+00:00
2025-10-30,CAD,1,0.009509545916238895,SYNTHETIC: seeded teaching dataset; not observed market data,2026-09-01T00:00:00+00:00
2025-10-30,CAD,2,0.017428298786293324,SYNTHETIC: seeded teaching dataset; not observed market data,2026-09-01T00:00:00+00:00
2025-10-30,CAD,5,0.01608536766165954,SYNTHETIC: seeded teaching dataset; not observed market data,2026-09-01T00:00:00+00:00
2025-10-30,CAD,10,0.022932474732350362,SYNTHETIC: seeded teaching dataset; not observed market data,2026-09-01T00:00:00+00:00
2025-10-30,CAD,30,0.035146131564193134,SYNTHETIC: seeded teaching dataset; not observed market data,2026-09-01T00:00:00+00:00
2025-10-30,USD,1,0.035658650652359514,SYNTHETIC: seeded teaching dataset; not observed market data,2026-09-01T00:00:00+00:00
2025-10-30,USD,2,0.028147928844334827,SYNTHETIC: seeded teaching dataset; not observed market data,2026-09-01T00:00:00+00:00
2025-10-30,USD,5,0.02664837053300221,SYNTHETIC: seeded teaching dataset; not observed market data,2026-09-01T00:00:00+00:00
2025-10-30,USD,10,0.019652449965640733,SYNTHETIC: seeded teaching dataset; not observed market data,2026-09-01T00:00:00+00:00
2025-10-30,USD,30,0.028216227169816237,SYNTHETIC: seeded teaching dataset; not observed market data,2026-09-01T00:00:00+00:00
2025-10-31,CAD,1,0.009053455644950897,SYNTHETIC: seeded teaching dataset; not observed market data,2026-09-01T00:00:00+00:00
2025-10-31,CAD,2,0.017397328230064506,SYNTHETIC: seeded teaching dataset; not observed market data,2026-09-01T00:00:00+00:00
2025-10-31,CAD,5,0.016585960602807332,SYNTHETIC: seeded teaching dataset; not observed market data,2026-09-01T00:00:00+00:00
2025-10-31,CAD,10,0.023006599678057925,SYNTHETIC: seeded teaching dataset; not observed market data,2026-09-01T00:00:00+00:00
2025-10-31,CAD,30,0.03536043733866628,SYNTHETIC: seeded teaching dataset; not observed market data,2026-09-01T00:00:00+00:00
2025-10-31,USD,1,0.036071505394980524,SYNTHETIC: seeded teaching dataset; not observed market data,2026-09-01T00:00:00+00:00
2025-10-31,USD,2,0.028243109168064107,SYNTHETIC: seeded teaching dataset; not observed market data,2026-09-01T00:00:00+00:00
2025-10-31,USD,5,0.02693488671550656,SYNTHETIC: seeded teaching dataset; not observed market data,2026-09-01T00:00:00+00:00
2025-10-31,USD,10,0.01948166969080013,SYNTHETIC: seeded teaching dataset; not observed market data,2026-09-01T00:00:00+00:00
2025-10-31,USD,30,0.028693122038464938,SYNTHETIC: seeded teaching dataset; not observed market data,2026-09-01T00:00:00+00:00
2025-11-03,CAD,1,0.009391326158785965,SYNTHETIC: seeded teaching dataset; not observed market data,2026-09-01T00:00:00+00:00
2025-11-03,CAD,2,0.016594854608314176,SYNTHETIC: seeded teaching dataset; not observed market data,2026-09-01T00:00:00+00:00
2025-11-03,CAD,5,0.01583194927804538,SYNTHETIC: seeded teaching dataset; not observed market data,2026-09-01T00:00:00+00:00
2025-11-03,CAD,10,0.023200217700300195,SYNTHETIC: seeded teaching dataset; not observed market data,2026-09-01T00:00:00+00:00
2025-11-03,CAD,30,0.03448089694812832,SYNTHETIC: seeded teaching dataset; not observed market data,2026-09-01T00:00:00+00:00
2025-11-03,USD,1,0.03505194062015225,SYNTHETIC: seeded teaching dataset; not observed market data,2026-09-01T00:00:00+00:00
2025-11-03,USD,2,0.028236350885743007,SYNTHETIC: seeded teaching dataset; not observed market data,2026-09-01T00:00:00+00:00
2025-11-03,USD,5,0.027446201685420585,SYNTHETIC: seeded teaching dataset; not observed market data,2026-09-01T00:00:00+00:00
2025-11-03,USD,10,0.019333909788104734,SYNTHETIC: seeded teaching dataset; not observed market data,2026-09-01T00:00:00+00:00
2025-11-03,USD,30,0.028278518057240815,SYNTHETIC: seeded teaching dataset; not observed market data,2026-09-01T00:00:00+00:00
2025-11-04,CAD,1,0.008940479480185903,SYNTHETIC: seeded teaching dataset; not observed market data,2026-09-01T00:00:00+00:00
2025-11-04,CAD,2,0.016038682078148216,SYNTHETIC: seeded teaching dataset; not observed market data,2026-09-01T00:00:00+00:00
2025-11-04,CAD,5,0.015531453288376847,SYNTHETIC: seeded teaching dataset; not observed market data,2026-09-01T00:00:00+00:00
2025-11-04,CAD,10,0.02247824533017262,SYNTHETIC: seeded teaching dataset; not observed market data,2026-09-01T00:00:00+00:00
2025-11-04,CAD,30,0.034683081415938434,SYNTHETIC: seeded teaching dataset; not observed market data,2026-09-01T00:00:00+00:00
2025-11-04,USD,1,0.03487586790762069,SYNTHETIC: seeded teaching dataset; not observed market data,2026-09-01T00:00:00+00:00
2025-11-04,USD,2,0.027770044577658845,SYNTHETIC: seeded teaching dataset; not observed market data,2026-09-01T00:00:00+00:00
2025-11-04,USD,5,0.027217121143039095,SYNTHETIC: seeded teaching dataset; not observed market data,2026-09-01T00:00:00+00:00
2025-11-04,USD,10,0.01912546439096593,SYNTHETIC: seeded teaching dataset; not observed market data,2026-09-01T00:00:00+00:00
2025-11-04,USD,30,0.02783403488722529,SYNTHETIC: seeded teaching dataset; not observed market data,2026-09-01T00:00:00+00:00
2025-11-05,CAD,1,0.009418729543331086,SYNTHETIC: seeded teaching dataset; not observed market data,2026-09-01T00:00:00+00:00
2025-11-05,CAD,2,0.016538175973018404,SYNTHETIC: seeded teaching dataset; not observed market data,2026-09-01T00:00:00+00:00
2025-11-05,CAD,5,0.015974778241686572,SYNTHETIC: seeded teaching dataset; not observed market data,2026-09-01T00:00:00+00:00
2025-11-05,CAD,10,0.022817787603859205,SYNTHETIC: seeded teaching dataset; not observed market data,2026-09-01T00:00:00+00:00
2025-11-05,CAD,30,0.03473357575748082,SYNTHETIC: seeded teaching dataset; not observed market data,2026-09-01T00:00:00+00:00
2025-11-05,USD,1,0.03494641982520379,SYNTHETIC: seeded teaching dataset; not observed market data,2026-09-01T00:00:00+00:00
2025-11-05,USD,2,0.027658092757019616,SYNTHETIC: seeded teaching dataset; not observed market data,2026-09-01T00:00:00+00:00
2025-11-05,USD,5,0.027110778518556273,SYNTHETIC: seeded teaching dataset; not observed market data,2026-09-01T00:00:00+00:00
2025-11-05,USD,10,0.019260534359340352,SYNTHETIC: seeded teaching dataset; not observed market data,2026-09-01T00:00:00+00:00
2025-11-05,USD,30,0.028147567779795386,SYNTHETIC: seeded teaching dataset; not observed market data,2026-09-01T00:00:00+00:00
2025-11-06,CAD,1,0.009473378377928447,SYNTHETIC: seeded teaching dataset; not observed market data,2026-09-01T00:00:00+00:00
2025-11-06,CAD,2,0.016500467352373795,SYNTHETIC: seeded teaching dataset; not observed market data,2026-09-01T00:00:00+00:00
2025-11-06,CAD,5,0.016058350312998664,SYNTHETIC: seeded teaching dataset; not observed market data,2026-09-01T00:00:00+00:00
2025-11-06,CAD,10,0.02347089934694098,SYNTHETIC: seeded teaching dataset; not observed market data,2026-09-01T00:00:00+00:00
2025-11-06,CAD,30,0.03453283328475407,SYNTHETIC: seeded teaching dataset; not observed market data,2026-09-01T00:00:00+00:00
2025-11-06,USD,1,0.03491119396531275,SYNTHETIC: seeded teaching dataset; not observed market data,2026-09-01T00:00:00+00:00
2025-11-06,USD,2,0.02750803955453713,SYNTHETIC: seeded teaching dataset; not observed market data,2026-09-01T00:00:00+00:00
2025-11-06,USD,5,0.02717272149267169,SYNTHETIC: seeded teaching dataset; not observed market data,2026-09-01T00:00:00+00:00
2025-11-06,USD,10,0.019757991027563933,SYNTHETIC: seeded teaching dataset; not observed market data,2026-09-01T00:00:00+00:00
2025-11-06,USD,30,0.02865096189899455,SYNTHETIC: seeded teaching dataset; not observed market data,2026-09-01T00:00:00+00:00
2025-11-07,CAD,1,0.007615007722968119,SYNTHETIC: seeded teaching dataset; not observed market data,2026-09-01T00:00:00+00:00
2025-11-07,CAD,2,0.016064100995186688,SYNTHETIC: seeded teaching dataset; not observed market data,2026-09-01T00:00:00+00:00
2025-11-07,CAD,5,0.015564159247904708,SYNTHETIC: seeded teaching dataset; not observed market data,2026-09-01T00:00:00+00:00
2025-11-07,CAD,10,0.02277272598405978,SYNTHETIC: seeded teaching dataset; not observed market data,2026-09-01T00:00:00+00:00
2025-11-07,CAD,30,0.03352026822494231,SYNTHETIC: seeded teaching dataset; not observed market data,2026-09-01T00:00:00+00:00
2025-11-07,USD,1,0.03382015184216608,SYNTHETIC: seeded teaching dataset; not observed market data,2026-09-01T00:00:00+00:00
2025-11-07,USD,2,0.02685859985940747,SYNTHETIC: seeded teaching dataset; not observed market data,2026-09-01T00:00:00+00:00
2025-11-07,USD,5,0.026021287815736475,SYNTHETIC: seeded teaching dataset; not observed market data,2026-09-01T00:00:00+00:00
2025-11-07,USD,10,0.018944228119809704,SYNTHETIC: seeded teaching dataset; not observed market data,2026-09-01T00:00:00+00:00
2025-11-07,USD,30,0.027978125462816673,SYNTHETIC: seeded teaching dataset; not observed market data,2026-09-01T00:00:00+00:00
2025-11-10,CAD,1,0.006974476927241086,SYNTHETIC: seeded teaching dataset; not observed market data,2026-09-01T00:00:00+00:00
2025-11-10,CAD,2,0.015580528099293037,SYNTHETIC: seeded teaching dataset; not observed market data,2026-09-01T00:00:00+00:00
2025-11-10,CAD,5,0.015342923016776689,SYNTHETIC: seeded teaching dataset; not observed market data,2026-09-01T00:00:00+00:00
2025-11-10,CAD,10,0.023041308668596376,SYNTHETIC: seeded teaching dataset; not observed market data,2026-09-01T00:00:00+00:00
2025-11-10,CAD,30,0.03298390372073552,SYNTHETIC: seeded teaching dataset; not observed market data,2026-09-01T00:00:00+00:00
2025-11-10,USD,1,0.033584032666437155,SYNTHETIC: seeded teaching dataset; not observed market data,2026-09-01T00:00:00+00:00
2025-11-10,USD,2,0.026158838632156088,SYNTHETIC: seeded teaching dataset; not observed market data,2026-09-01T00:00:00+00:00
2025-11-10,USD,5,0.026250934609355805,SYNTHETIC: seeded teaching dataset; not observed market data,2026-09-01T00:00:00+00:00
2025-11-10,USD,10,0.01821934213657651,SYNTHETIC: seeded teaching dataset; not observed market data,2026-09-01T00:00:00+00:00
2025-11-10,USD,30,0.028307239740321018,SYNTHETIC: seeded teaching dataset; not observed market data,2026-09-01T00:00:00+00:00
2025-11-11,CAD,1,0.007950638507592003,SYNTHETIC: seeded teaching dataset; not observed market data,2026-09-01T00:00:00+00:00
2025-11-11,CAD,2,0.015510856947515963,SYNTHETIC: seeded teaching dataset; not observed market data,2026-09-01T00:00:00+00:00
2025-11-11,CAD,5,0.016320733124759467,SYNTHETIC: seeded teaching dataset; not observed market data,2026-09-01T00:00:00+00:00
2025-11-11,CAD,10,0.022923108859894556,SYNTHETIC: seeded teaching dataset; not observed market data,2026-09-01T00:00:00+00:00
2025-11-11,CAD,30,0.033900236575747776,SYNTHETIC: seeded teaching dataset; not observed market data,2026-09-01T00:00:00+00:00
2025-11-11,USD,1,0.03354397371841698,SYNTHETIC: seeded teaching dataset; not observed market data,2026-09-01T00:00:00+00:00
2025-11-11,USD,2,0.02613516060951681,SYNTHETIC: seeded teaching dataset; not observed market data,2026-09-01T00:00:00+00:00
2025-11-11,USD,5,0.02649393395170593,SYNTHETIC: seeded teaching dataset; not observed market data,2026-09-01T00:00:00+00:00
2025-11-11,USD,10,0.01875292553507629,SYNTHETIC: seeded teaching dataset; not observed market data,2026-09-01T00:00:00+00:00
2025-11-11,USD,30,0.028535388863907152,SYNTHETIC: seeded teaching dataset; not observed market data,2026-09-01T00:00:00+00:00
2025-11-12,CAD,1,0.008104087003323854,SYNTHETIC: seeded teaching dataset; not observed market data,2026-09-01T00:00:00+00:00
2025-11-12,CAD,2,0.015969700959540575,SYNTHETIC: seeded teaching dataset; not observed market data,2026-09-01T00:00:00+00:00
2025-11-12,CAD,5,0.016924813955316243,SYNTHETIC: seeded teaching dataset; not observed market data,2026-09-01T00:00:00+00:00
2025-11-12,CAD,10,0.023518183138111597,SYNTHETIC: seeded teaching dataset; not observed market data,2026-09-01T00:00:00+00:00
2025-11-12,CAD,30,0.03411560341666567,SYNTHETIC: seeded teaching dataset; not observed market data,2026-09-01T00:00:00+00:00
2025-11-12,USD,1,0.03406192881377207,SYNTHETIC: seeded teaching dataset; not observed market data,2026-09-01T00:00:00+00:00
2025-11-12,USD,2,0.025989660044522574,SYNTHETIC: seeded teaching dataset; not observed market data,2026-09-01T00:00:00+00:00
2025-11-12,USD,5,0.0268246738743134,SYNTHETIC: seeded teaching dataset; not observed market data,2026-09-01T00:00:00+00:00
2025-11-12,USD,10,0.019477704846003776,SYNTHETIC: seeded teaching dataset; not observed market data,2026-09-01T00:00:00+00:00
2025-11-12,USD,30,0.02865587937504006,SYNTHETIC: seeded teaching dataset; not observed market data,2026-09-01T00:00:00+00:00
2025-11-13,CAD,1,0.007926012216480784,SYNTHETIC: seeded teaching dataset; not observed market data,2026-09-01T00:00:00+00:00
2025-11-13,CAD,2,0.01499833901026052,SYNTHETIC: seeded teaching dataset; not observed market data,2026-09-01T00:00:00+00:00
2025-11-13,CAD,5,0.015709851998494447,SYNTHETIC: seeded teaching dataset; not observed market data,2026-09-01T00:00:00+00:00
2025-11-13,CAD,10,0.022619269321857226,SYNTHETIC: seeded teaching dataset; not observed market data,2026-09-01T00:00:00+00:00
2025-11-13,CAD,30,0.033255491420963554,SYNTHETIC: seeded teaching dataset; not observed market data,2026-09-01T00:00:00+00:00
2025-11-13,USD,1,0.03285800797344347,SYNTHETIC: seeded teaching dataset; not observed market data,2026-09-01T00:00:00+00:00
2025-11-13,USD,2,0.025666649617651766,SYNTHETIC: seeded teaching dataset; not observed market data,2026-09-01T00:00:00+00:00
2025-11-13,USD,5,0.025975683783887225,SYNTHETIC: seeded teaching dataset; not observed market data,2026-09-01T00:00:00+00:00
2025-11-13,USD,10,0.019089401951440894,SYNTHETIC: seeded teaching dataset; not observed market data,2026-09-01T00:00:00+00:00
2025-11-13,USD,30,0.02770220971899885,SYNTHETIC: seeded teaching dataset; not observed market data,2026-09-01T00:00:00+00:00
2025-11-14,CAD,1,0.008387627639025782,SYNTHETIC: seeded teaching dataset; not observed market data,2026-09-01T00:00:00+00:00
2025-11-14,CAD,2,0.01591690254319477,SYNTHETIC: seeded teaching dataset; not observed market data,2026-09-01T00:00:00+00:00
2025-11-14,CAD,5,0.016163752264735615,SYNTHETIC: seeded teaching dataset; not observed market data,2026-09-01T00:00:00+00:00
2025-11-14,CAD,10,0.023363913858468817,SYNTHETIC: seeded teaching dataset; not observed market data,2026-09-01T00:00:00+00:00
2025-11-14,CAD,30,0.03484500271117461,SYNTHETIC: seeded teaching dataset; not observed market data,2026-09-01T00:00:00+00:00
2025-11-14,USD,1,0.03432355695221699,SYNTHETIC: seeded teaching dataset; not observed market data,2026-09-01T00:00:00+00:00
2025-11-14,USD,2,0.026073347942329676,SYNTHETIC: seeded teaching dataset; not observed market data,2026-09-01T00:00:00+00:00
2025-11-14,USD,5,0.02724837539473394,SYNTHETIC: seeded teaching dataset; not observed market data,2026-09-01T00:00:00+00:00
2025-11-14,USD,10,0.020241890271623868,SYNTHETIC: seeded teaching dataset; not observed market data,2026-09-01T00:00:00+00:00
2025-11-14,USD,30,0.028880867716176217,SYNTHETIC: seeded teaching dataset; not observed market data,2026-09-01T00:00:00+00:00
2025-11-17,CAD,1,0.008410023290988413,SYNTHETIC: seeded teaching dataset; not observed market data,2026-09-01T00:00:00+00:00
2025-11-17,CAD,2,0.0159627563392098,SYNTHETIC: seeded teaching dataset; not observed market data,2026-09-01T00:00:00+00:00
2025-11-17,CAD,5,0.016096869282168257,SYNTHETIC: seeded teaching dataset; not observed market data,2026-09-01T00:00:00+00:00
2025-11-17,CAD,10,0.02323011709158019,SYNTHETIC: seeded teaching dataset; not observed market data,2026-09-01T00:00:00+00:00
2025-11-17,CAD,30,0.03566211647479095,SYNTHETIC: seeded teaching dataset; not observed market data,2026-09-01T00:00:00+00:00
2025-11-17,USD,1,0.03403510280499619,SYNTHETIC: seeded teaching dataset; not observed market data,2026-09-01T00:00:00+00:00
2025-11-17,USD,2,0.02600718049926957,SYNTHETIC: seeded teaching dataset; not observed market data,2026-09-01T00:00:00+00:00
2025-11-17,USD,5,0.02671253469705459,SYNTHETIC: seeded teaching dataset; not observed market data,2026-09-01T00:00:00+00:00
2025-11-17,USD,10,0.020947954625279607,SYNTHETIC: seeded teaching dataset; not observed market data,2026-09-01T00:00:00+00:00
2025-11-17,USD,30,0.028506817983941373,SYNTHETIC: seeded teaching dataset; not observed market data,2026-09-01T00:00:00+00:00
2025-11-18,CAD,1,0.008490850848886549,SYNTHETIC: seeded teaching dataset; not observed market data,2026-09-01T00:00:00+00:00
2025-11-18,CAD,2,0.015615160458879227,SYNTHETIC: seeded teaching dataset; not observed market data,2026-09-01T00:00:00+00:00
2025-11-18,CAD,5,0.016092207504644424,SYNTHETIC: seeded teaching dataset; not observed market data,2026-09-01T00:00:00+00:00
2025-11-18,CAD,10,0.022650000981788848,SYNTHETIC: seeded teaching dataset; not observed market data,2026-09-01T00:00:00+00:00
2025-11-18,CAD,30,0.03565239227816545,SYNTHETIC: seeded teaching dataset; not observed market data,2026-09-01T00:00:00+00:00
2025-11-18,USD,1,0.03402655259884066,SYNTHETIC: seeded teaching dataset; not observed market data,2026-09-01T00:00:00+00:00
2025-11-18,USD,2,0.025683544244577007,SYNTHETIC: seeded teaching dataset; not observed market data,2026-09-01T00:00:00+00:00
2025-11-18,USD,5,0.026712224705991775,SYNTHETIC: seeded teaching dataset; not observed market data,2026-09-01T00:00:00+00:00
2025-11-18,USD,10,0.021633463287351728,SYNTHETIC: seeded teaching dataset; not observed market data,2026-09-01T00:00:00+00:00
2025-11-18,USD,30,0.02814603550657135,SYNTHETIC: seeded teaching dataset; not observed market data,2026-09-01T00:00:00+00:00
2025-11-19,CAD,1,0.007663739473487936,SYNTHETIC: seeded teaching dataset; not observed market data,2026-09-01T00:00:00+00:00
2025-11-19,CAD,2,0.01563359575275655,SYNTHETIC: seeded teaching dataset; not observed market data,2026-09-01T00:00:00+00:00
2025-11-19,CAD,5,0.016047353887295033,SYNTHETIC: seeded teaching dataset; not observed market data,2026-09-01T00:00:00+00:00
2025-11-19,CAD,10,0.023198914402751604,SYNTHETIC: seeded teaching dataset; not observed market data,2026-09-01T00:00:00+00:00
2025-11-19,CAD,30,0.035825380071153844,SYNTHETIC: seeded teaching dataset; not observed market data,2026-09-01T00:00:00+00:00
2025-11-19,USD,1,0.0344377824858383,SYNTHETIC: seeded teaching dataset; not observed market data,2026-09-01T00:00:00+00:00
2025-11-19,USD,2,0.025760643061066946,SYNTHETIC: seeded teaching dataset; not observed market data,2026-09-01T00:00:00+00:00
2025-11-19,USD,5,0.02720155676671477,SYNTHETIC: seeded teaching dataset; not observed market data,2026-09-01T00:00:00+00:00
2025-11-19,USD,10,0.021862183035248155,SYNTHETIC: seeded teaching dataset; not observed market data,2026-09-01T00:00:00+00:00
2025-11-19,USD,30,0.028291014035176924,SYNTHETIC: seeded teaching dataset; not observed market data,2026-09-01T00:00:00+00:00
2025-11-20,CAD,1,0.008128598656291498,SYNTHETIC: seeded teaching dataset; not observed market data,2026-09-01T00:00:00+00:00
2025-11-20,CAD,2,0.015944673926186696,SYNTHETIC: seeded teaching dataset; not observed market data,2026-09-01T00:00:00+00:00
2025-11-20,CAD,5,0.016911060279201428,SYNTHETIC: seeded teaching dataset; not observed market data,2026-09-01T00:00:00+00:00
2025-11-20,CAD,10,0.02360212816694692,SYNTHETIC: seeded teaching dataset; not observed market data,2026-09-01T00:00:00+00:00
2025-11-20,CAD,30,0.036187713969029235,SYNTHETIC: seeded teaching dataset; not observed market data,2026-09-01T00:00:00+00:00
2025-11-20,USD,1,0.03422702681039169,SYNTHETIC: seeded teaching dataset; not observed market data,2026-09-01T00:00:00+00:00
2025-11-20,USD,2,0.026121391879650867,SYNTHETIC: seeded teaching dataset; not observed market data,2026-09-01T00:00:00+00:00
2025-11-20,USD,5,0.02771008696466111,SYNTHETIC: seeded teaching dataset; not observed market data,2026-09-01T00:00:00+00:00
2025-11-20,USD,10,0.02234071104345946,SYNTHETIC: seeded teaching dataset; not observed market data,2026-09-01T00:00:00+00:00
2025-11-20,USD,30,0.028909427542458167,SYNTHETIC: seeded teaching dataset; not observed market data,2026-09-01T00:00:00+00:00
2025-11-21,CAD,1,0.007795632837427794,SYNTHETIC: seeded teaching dataset; not observed market data,2026-09-01T00:00:00+00:00
2025-11-21,CAD,2,0.015261356139183847,SYNTHETIC: seeded teaching dataset; not observed market data,2026-09-01T00:00:00+00:00
2025-11-21,CAD,5,0.016599336543058552,SYNTHETIC: seeded teaching dataset; not observed market data,2026-09-01T00:00:00+00:00
2025-11-21,CAD,10,0.022450033434637022,SYNTHETIC: seeded teaching dataset; not observed market data,2026-09-01T00:00:00+00:00
2025-11-21,CAD,30,0.036038412512770956,SYNTHETIC: seeded teaching dataset; not observed market data,2026-09-01T00:00:00+00:00
2025-11-21,USD,1,0.03368075511067495,SYNTHETIC: seeded teaching dataset; not observed market data,2026-09-01T00:00:00+00:00
2025-11-21,USD,2,0.026679476644132456,SYNTHETIC: seeded teaching dataset; not observed market data,2026-09-01T00:00:00+00:00
2025-11-21,USD,5,0.02679469894701076,SYNTHETIC: seeded teaching dataset; not observed market data,2026-09-01T00:00:00+00:00
2025-11-21,USD,10,0.021578117296496568,SYNTHETIC: seeded teaching dataset; not observed market data,2026-09-01T00:00:00+00:00
2025-11-21,USD,30,0.028401140059302093,SYNTHETIC: seeded teaching dataset; not observed market data,2026-09-01T00:00:00+00:00
2025-11-24,CAD,1,0.007547549146940866,SYNTHETIC: seeded teaching dataset; not observed market data,2026-09-01T00:00:00+00:00
2025-11-24,CAD,2,0.013964411479573334,SYNTHETIC: seeded teaching dataset; not observed market data,2026-09-01T00:00:00+00:00
2025-11-24,CAD,5,0.015937371243568813,SYNTHETIC: seeded teaching dataset; not observed market data,2026-09-01T00:00:00+00:00
2025-11-24,CAD,10,0.02243539556823306,SYNTHETIC: seeded teaching dataset; not observed market data,2026-09-01T00:00:00+00:00
2025-11-24,CAD,30,0.03581883757613088,SYNTHETIC: seeded teaching dataset; not observed market data,2026-09-01T00:00:00+00:00
2025-11-24,USD,1,0.03329870490863998,SYNTHETIC: seeded teaching dataset; not observed market data,2026-09-01T00:00:00+00:00
2025-11-24,USD,2,0.026334795060276455,SYNTHETIC: seeded teaching dataset; not observed market data,2026-09-01T00:00:00+00:00
2025-11-24,USD,5,0.026287522684226634,SYNTHETIC: seeded teaching dataset; not observed market data,2026-09-01T00:00:00+00:00
2025-11-24,USD,10,0.02141308654820479,SYNTHETIC: seeded teaching dataset; not observed market data,2026-09-01T00:00:00+00:00
2025-11-24,USD,30,0.0279203070750513,SYNTHETIC: seeded teaching dataset; not observed market data,2026-09-01T00:00:00+00:00
2025-11-25,CAD,1,0.006823231701304892,SYNTHETIC: seeded teaching dataset; not observed market data,2026-09-01T00:00:00+00:00
2025-11-25,CAD,2,0.01314012825742225,SYNTHETIC: seeded teaching dataset; not observed market data,2026-09-01T00:00:00+00:00
2025-11-25,CAD,5,0.01597875636395973,SYNTHETIC: seeded teaching dataset; not observed market data,2026-09-01T00:00:00+00:00
2025-11-25,CAD,10,0.02191614709462214,SYNTHETIC: seeded teaching dataset; not observed market data,2026-09-01T00:00:00+00:00
2025-11-25,CAD,30,0.03440094666350278,SYNTHETIC: seeded teaching dataset; not observed market data,2026-09-01T00:00:00+00:00
2025-11-25,USD,1,0.032613811106386906,SYNTHETIC: seeded teaching dataset; not observed market data,2026-09-01T00:00:00+00:00
2025-11-25,USD,2,0.024552418624631978,SYNTHETIC: seeded teaching dataset; not observed market data,2026-09-01T00:00:00+00:00
2025-11-25,USD,5,0.02554782382913651,SYNTHETIC: seeded teaching dataset; not observed market data,2026-09-01T00:00:00+00:00
2025-11-25,USD,10,0.02072297031686808,SYNTHETIC: seeded teaching dataset; not observed market data,2026-09-01T00:00:00+00:00
2025-11-25,USD,30,0.027828409314469792,SYNTHETIC: seeded teaching dataset; not observed market data,2026-09-01T00:00:00+00:00
2025-11-26,CAD,1,0.006506044562154607,SYNTHETIC: seeded teaching dataset; not observed market data,2026-09-01T00:00:00+00:00
2025-11-26,CAD,2,0.012630027555776841,SYNTHETIC: seeded teaching dataset; not observed market data,2026-09-01T00:00:00+00:00
2025-11-26,CAD,5,0.015863944483283588,SYNTHETIC: seeded teaching dataset; not observed market data,2026-09-01T00:00:00+00:00
2025-11-26,CAD,10,0.0214021735532434,SYNTHETIC: seeded teaching dataset; not observed market data,2026-09-01T00:00:00+00:00
2025-11-26,CAD,30,0.033934405592385926,SYNTHETIC: seeded teaching dataset; not observed market data,2026-09-01T00:00:00+00:00
2025-11-26,USD,1,0.032752011532601585,SYNTHETIC: seeded teaching dataset; not observed market data,2026-09-01T00:00:00+00:00
2025-11-26,USD,2,0.02468910130092664,SYNTHETIC: seeded teaching dataset; not observed market data,2026-09-01T00:00:00+00:00
2025-11-26,USD,5,0.024818271314135477,SYNTHETIC: seeded teaching dataset; not observed market data,2026-09-01T00:00:00+00:00
2025-11-26,USD,10,0.020123825709450253,SYNTHETIC: seeded teaching dataset; not observed market data,2026-09-01T00:00:00+00:00
2025-11-26,USD,30,0.027610345408756603,SYNTHETIC: seeded teaching dataset; not observed market data,2026-09-01T00:00:00+00:00
2025-11-27,CAD,1,0.006911655878003308,SYNTHETIC: seeded teaching dataset; not observed market data,2026-09-01T00:00:00+00:00
2025-11-27,CAD,2,0.013167366174949189,SYNTHETIC: seeded teaching dataset; not observed market data,2026-09-01T00:00:00+00:00
2025-11-27,CAD,5,0.0164001139300947,SYNTHETIC: seeded teaching dataset; not observed market data,2026-09-01T00:00:00+00:00
2025-11-27,CAD,10,0.02101960631865938,SYNTHETIC: seeded teaching dataset; not observed market data,2026-09-01T00:00:00+00:00
2025-11-27,CAD,30,0.03470548934766191,SYNTHETIC: seeded teaching dataset; not observed market data,2026-09-01T00:00:00+00:00
2025-11-27,USD,1,0.032151233415759276,SYNTHETIC: seeded teaching dataset; not observed market data,2026-09-01T00:00:00+00:00
2025-11-27,USD,2,0.024602886913971382,SYNTHETIC: seeded teaching dataset; not observed market data,2026-09-01T00:00:00+00:00
2025-11-27,USD,5,0.025266700280093257,SYNTHETIC: seeded teaching dataset; not observed market data,2026-09-01T00:00:00+00:00
2025-11-27,USD,10,0.020438114439101086,SYNTHETIC: seeded teaching dataset; not observed market data,2026-09-01T00:00:00+00:00
2025-11-27,USD,30,0.028521979596903623,SYNTHETIC: seeded teaching dataset; not observed market data,2026-09-01T00:00:00+00:00
2025-11-28,CAD,1,0.006537662723854299,SYNTHETIC: seeded teaching dataset; not observed market data,2026-09-01T00:00:00+00:00
2025-11-28,CAD,2,0.012813170492403885,SYNTHETIC: seeded teaching dataset; not observed market data,2026-09-01T00:00:00+00:00
2025-11-28,CAD,5,0.016073952008317755,SYNTHETIC: seeded teaching dataset; not observed market data,2026-09-01T00:00:00+00:00
2025-11-28,CAD,10,0.020615000431975943,SYNTHETIC: seeded teaching dataset; not observed market data,2026-09-01T00:00:00+00:00
2025-11-28,CAD,30,0.03490906097483703,SYNTHETIC: seeded teaching dataset; not observed market data,2026-09-01T00:00:00+00:00
2025-11-28,USD,1,0.03196332793796955,SYNTHETIC: seeded teaching dataset; not observed market data,2026-09-01T00:00:00+00:00
2025-11-28,USD,2,0.02412345700946493,SYNTHETIC: seeded teaching dataset; not observed market data,2026-09-01T00:00:00+00:00
2025-11-28,USD,5,0.0249684499687308,SYNTHETIC: seeded teaching dataset; not observed market data,2026-09-01T00:00:00+00:00
2025-11-28,USD,10,0.020151248539843142,SYNTHETIC: seeded teaching dataset; not observed market data,2026-09-01T00:00:00+00:00
2025-11-28,USD,30,0.02898518315968805,SYNTHETIC: seeded teaching dataset; not observed market data,2026-09-01T00:00:00+00:00
2025-12-01,CAD,1,0.007214302346727677,SYNTHETIC: seeded teaching dataset; not observed market data,2026-09-01T00:00:00+00:00
2025-12-01,CAD,2,0.012525910759534539,SYNTHETIC: seeded teaching dataset; not observed market data,2026-09-01T00:00:00+00:00
2025-12-01,CAD,5,0.01610488252980163,SYNTHETIC: seeded teaching dataset; not observed market data,2026-09-01T00:00:00+00:00
2025-12-01,CAD,10,0.02063018177795447,SYNTHETIC: seeded teaching dataset; not observed market data,2026-09-01T00:00:00+00:00
2025-12-01,CAD,30,0.03489670491321554,SYNTHETIC: seeded teaching dataset; not observed market data,2026-09-01T00:00:00+00:00
2025-12-01,USD,1,0.03242019996946156,SYNTHETIC: seeded teaching dataset; not observed market data,2026-09-01T00:00:00+00:00
2025-12-01,USD,2,0.02417885462354175,SYNTHETIC: seeded teaching dataset; not observed market data,2026-09-01T00:00:00+00:00
2025-12-01,USD,5,0.025009106971625596,SYNTHETIC: seeded teaching dataset; not observed market data,2026-09-01T00:00:00+00:00
2025-12-01,USD,10,0.020054128455031874,SYNTHETIC: seeded teaching dataset; not observed market data,2026-09-01T00:00:00+00:00
2025-12-01,USD,30,0.02871977383736581,SYNTHETIC: seeded teaching dataset; not observed market data,2026-09-01T00:00:00+00:00
2025-12-02,CAD,1,0.006865929894211139,SYNTHETIC: seeded teaching dataset; not observed market data,2026-09-01T00:00:00+00:00
2025-12-02,CAD,2,0.012223229151734785,SYNTHETIC: seeded teaching dataset; not observed market data,2026-09-01T00:00:00+00:00
2025-12-02,CAD,5,0.015820204776237957,SYNTHETIC: seeded teaching dataset; not observed market data,2026-09-01T00:00:00+00:00
2025-12-02,CAD,10,0.02024982124099007,SYNTHETIC: seeded teaching dataset; not observed market data,2026-09-01T00:00:00+00:00
2025-12-02,CAD,30,0.034636180795233694,SYNTHETIC: seeded teaching dataset; not observed market data,2026-09-01T00:00:00+00:00
2025-12-02,USD,1,0.031783287349440095,SYNTHETIC: seeded teaching dataset; not observed market data,2026-09-01T00:00:00+00:00
2025-12-02,USD,2,0.024430859939701878,SYNTHETIC: seeded teaching dataset; not observed market data,2026-09-01T00:00:00+00:00
2025-12-02,USD,5,0.024005424750961322,SYNTHETIC: seeded teaching dataset; not observed market data,2026-09-01T00:00:00+00:00
2025-12-02,USD,10,0.019684665157901998,SYNTHETIC: seeded teaching dataset; not observed market data,2026-09-01T00:00:00+00:00
2025-12-02,USD,30,0.02813085368948407,SYNTHETIC: seeded teaching dataset; not observed market data,2026-09-01T00:00:00+00:00
2025-12-03,CAD,1,0.007246933713881406,SYNTHETIC: seeded teaching dataset; not observed market data,2026-09-01T00:00:00+00:00
2025-12-03,CAD,2,0.01322042903468655,SYNTHETIC: seeded teaching dataset; not observed market data,2026-09-01T00:00:00+00:00
2025-12-03,CAD,5,0.016304568395493494,SYNTHETIC: seeded teaching dataset; not observed market data,2026-09-01T00:00:00+00:00
2025-12-03,CAD,10,0.021142841738042525,SYNTHETIC: seeded teaching dataset; not observed market data,2026-09-01T00:00:00+00:00
2025-12-03,CAD,30,0.035477536155737406,SYNTHETIC: seeded teaching dataset; not observed market data,2026-09-01T00:00:00+00:00
2025-12-03,USD,1,0.03189677763039067,SYNTHETIC: seeded teaching dataset; not observed market data,2026-09-01T00:00:00+00:00
2025-12-03,USD,2,0.025032292148840524,SYNTHETIC: seeded teaching dataset; not observed market data,2026-09-01T00:00:00+00:00
2025-12-03,USD,5,0.024666867306157546,SYNTHETIC: seeded teaching dataset; not observed market data,2026-09-01T00:00:00+00:00
2025-12-03,USD,10,0.019882401726436277,SYNTHETIC: seeded teaching dataset; not observed market data,2026-09-01T00:00:00+00:00
2025-12-03,USD,30,0.028371340159209665,SYNTHETIC: seeded teaching dataset; not observed market data,2026-09-01T00:00:00+00:00
2025-12-04,CAD,1,0.006737289904351362,SYNTHETIC: seeded teaching dataset; not observed market data,2026-09-01T00:00:00+00:00
2025-12-04,CAD,2,0.01195957923210293,SYNTHETIC: seeded teaching dataset; not observed market data,2026-09-01T00:00:00+00:00
2025-12-04,CAD,5,0.015582476025268657,SYNTHETIC: seeded teaching dataset; not observed market data,2026-09-01T00:00:00+00:00
2025-12-04,CAD,10,0.02044451327881639,SYNTHETIC: seeded teaching dataset; not observed market data,2026-09-01T00:00:00+00:00
2025-12-04,CAD,30,0.03462527235015547,SYNTHETIC: seeded teaching dataset; not observed market data,2026-09-01T00:00:00+00:00
2025-12-04,USD,1,0.030659468907174105,SYNTHETIC: seeded teaching dataset; not observed market data,2026-09-01T00:00:00+00:00
2025-12-04,USD,2,0.02443874323854855,SYNTHETIC: seeded teaching dataset; not observed market data,2026-09-01T00:00:00+00:00
2025-12-04,USD,5,0.02394449958603986,SYNTHETIC: seeded teaching dataset; not observed market data,2026-09-01T00:00:00+00:00
2025-12-04,USD,10,0.019184349880741275,SYNTHETIC: seeded teaching dataset; not observed market data,2026-09-01T00:00:00+00:00
2025-12-04,USD,30,0.028072200929460073,SYNTHETIC: seeded teaching dataset; not observed market data,2026-09-01T00:00:00+00:00
2025-12-05,CAD,1,0.0064726927518696485,SYNTHETIC: seeded teaching dataset; not observed market data,2026-09-01T00:00:00+00:00
2025-12-05,CAD,2,0.012085140484478207,SYNTHETIC: seeded teaching dataset; not observed market data,2026-09-01T00:00:00+00:00
2025-12-05,CAD,5,0.015650214472398127,SYNTHETIC: seeded teaching dataset; not observed market data,2026-09-01T00:00:00+00:00
2025-12-05,CAD,10,0.020427100730900358,SYNTHETIC: seeded teaching dataset; not observed market data,2026-09-01T00:00:00+00:00
2025-12-05,CAD,30,0.03448548635512421,SYNTHETIC: seeded teaching dataset; not observed market data,2026-09-01T00:00:00+00:00
2025-12-05,USD,1,0.02991418877163211,SYNTHETIC: seeded teaching dataset; not observed market data,2026-09-01T00:00:00+00:00
2025-12-05,USD,2,0.023987315997327226,SYNTHETIC: seeded teaching dataset; not observed market data,2026-09-01T00:00:00+00:00
2025-12-05,USD,5,0.023724235729371546,SYNTHETIC: seeded teaching dataset; not observed market data,2026-09-01T00:00:00+00:00
2025-12-05,USD,10,0.01926520149924446,SYNTHETIC: seeded teaching dataset; not observed market data,2026-09-01T00:00:00+00:00
2025-12-05,USD,30,0.027798394994701884,SYNTHETIC: seeded teaching dataset; not observed market data,2026-09-01T00:00:00+00:00
2025-12-08,CAD,1,0.006934764509190793,SYNTHETIC: seeded teaching dataset; not observed market data,2026-09-01T00:00:00+00:00
2025-12-08,CAD,2,0.012916103757594137,SYNTHETIC: seeded teaching dataset; not observed market data,2026-09-01T00:00:00+00:00
2025-12-08,CAD,5,0.015827341556916615,SYNTHETIC: seeded teaching dataset; not observed market data,2026-09-01T00:00:00+00:00
2025-12-08,CAD,10,0.0203596783635751,SYNTHETIC: seeded teaching dataset; not observed market data,2026-09-01T00:00:00+00:00
2025-12-08,CAD,30,0.033953794865155734,SYNTHETIC: seeded teaching dataset; not observed market data,2026-09-01T00:00:00+00:00
2025-12-08,USD,1,0.030411434619360547,SYNTHETIC: seeded teaching dataset; not observed market data,2026-09-01T00:00:00+00:00
2025-12-08,USD,2,0.02380803498621519,SYNTHETIC: seeded teaching dataset; not observed market data,2026-09-01T00:00:00+00:00
2025-12-08,USD,5,0.024141992707126886,SYNTHETIC: seeded teaching dataset; not observed market data,2026-09-01T00:00:00+00:00
2025-12-08,USD,10,0.01951224889072883,SYNTHETIC: seeded teaching dataset; not observed market data,2026-09-01T00:00:00+00:00
2025-12-08,USD,30,0.02842316243091769,SYNTHETIC: seeded teaching dataset; not observed market data,2026-09-01T00:00:00+00:00
2025-12-09,CAD,1,0.006955536729669209,SYNTHETIC: seeded teaching dataset; not observed market data,2026-09-01T00:00:00+00:00
2025-12-09,CAD,2,0.013175547503278982,SYNTHETIC: seeded teaching dataset; not observed market data,2026-09-01T00:00:00+00:00
2025-12-09,CAD,5,0.016165191866975275,SYNTHETIC: seeded teaching dataset; not observed market data,2026-09-01T00:00:00+00:00
2025-12-09,CAD,10,0.020619383793332606,SYNTHETIC: seeded teaching dataset; not observed market data,2026-09-01T00:00:00+00:00
2025-12-09,CAD,30,0.03518777609660385,SYNTHETIC: seeded teaching dataset; not observed market data,2026-09-01T00:00:00+00:00
2025-12-09,USD,1,0.030624613355383124,SYNTHETIC: seeded teaching dataset; not observed market data,2026-09-01T00:00:00+00:00
2025-12-09,USD,2,0.024213398889146667,SYNTHETIC: seeded teaching dataset; not observed market data,2026-09-01T00:00:00+00:00
2025-12-09,USD,5,0.024655562246098987,SYNTHETIC: seeded teaching dataset; not observed market data,2026-09-01T00:00:00+00:00
2025-12-09,USD,10,0.019893874009176207,SYNTHETIC: seeded teaching dataset; not observed market data,2026-09-01T00:00:00+00:00
2025-12-09,USD,30,0.02864120308785267,SYNTHETIC: seeded teaching dataset; not observed market data,2026-09-01T00:00:00+00:00
2025-12-10,CAD,1,0.007243625487183356,SYNTHETIC: seeded teaching dataset; not observed market data,2026-09-01T00:00:00+00:00
2025-12-10,CAD,2,0.013134677027042818,SYNTHETIC: seeded teaching dataset; not observed market data,2026-09-01T00:00:00+00:00
2025-12-10,CAD,5,0.01640605673744498,SYNTHETIC: seeded teaching dataset; not observed market data,2026-09-01T00:00:00+00:00
2025-12-10,CAD,10,0.020952582600596126,SYNTHETIC: seeded teaching dataset; not observed market data,2026-09-01T00:00:00+00:00
2025-12-10,CAD,30,0.03649780010072993,SYNTHETIC: seeded teaching dataset; not observed market data,2026-09-01T00:00:00+00:00
2025-12-10,USD,1,0.03126625422327328,SYNTHETIC: seeded teaching dataset; not observed market data,2026-09-01T00:00:00+00:00
2025-12-10,USD,2,0.024803042552923694,SYNTHETIC: seeded teaching dataset; not observed market data,2026-09-01T00:00:00+00:00
2025-12-10,USD,5,0.025139776334466526,SYNTHETIC: seeded teaching dataset; not observed market data,2026-09-01T00:00:00+00:00
2025-12-10,USD,10,0.01987396072084357,SYNTHETIC: seeded teaching dataset; not observed market data,2026-09-01T00:00:00+00:00
2025-12-10,USD,30,0.02904189748913855,SYNTHETIC: seeded teaching dataset; not observed market data,2026-09-01T00:00:00+00:00
2025-12-11,CAD,1,0.008030343693418342,SYNTHETIC: seeded teaching dataset; not observed market data,2026-09-01T00:00:00+00:00
2025-12-11,CAD,2,0.013219358266526303,SYNTHETIC: seeded teaching dataset; not observed market data,2026-09-01T00:00:00+00:00
2025-12-11,CAD,5,0.016938078685854004,SYNTHETIC: seeded teaching dataset; not observed market data,2026-09-01T00:00:00+00:00
2025-12-11,CAD,10,0.021015355345037505,SYNTHETIC: seeded teaching dataset; not observed market data,2026-09-01T00:00:00+00:00
2025-12-11,CAD,30,0.03730664369445354,SYNTHETIC: seeded teaching dataset; not observed market data,2026-09-01T00:00:00+00:00
2025-12-11,USD,1,0.03127124779216728,SYNTHETIC: seeded teaching dataset; not observed market data,2026-09-01T00:00:00+00:00
2025-12-11,USD,2,0.025181343466294144,SYNTHETIC: seeded teaching dataset; not observed market data,2026-09-01T00:00:00+00:00
2025-12-11,USD,5,0.02487471390692223,SYNTHETIC: seeded teaching dataset; not observed market data,2026-09-01T00:00:00+00:00
2025-12-11,USD,10,0.020215394800758582,SYNTHETIC: seeded teaching dataset; not observed market data,2026-09-01T00:00:00+00:00
2025-12-11,USD,30,0.029630217143174046,SYNTHETIC: seeded teaching dataset; not observed market data,2026-09-01T00:00:00+00:00
2025-12-12,CAD,1,0.007012971353324505,SYNTHETIC: seeded teaching dataset; not observed market data,2026-09-01T00:00:00+00:00
2025-12-12,CAD,2,0.013445538791441959,SYNTHETIC: seeded teaching dataset; not observed market data,2026-09-01T00:00:00+00:00
2025-12-12,CAD,5,0.016899872379967176,SYNTHETIC: seeded teaching dataset; not observed market data,2026-09-01T00:00:00+00:00
2025-12-12,CAD,10,0.020338264588871502,SYNTHETIC: seeded teaching dataset; not observed market data,2026-09-01T00:00:00+00:00
2025-12-12,CAD,30,0.0364367821096656,SYNTHETIC: seeded teaching dataset; not observed market data,2026-09-01T00:00:00+00:00
2025-12-12,USD,1,0.030688590588051002,SYNTHETIC: seeded teaching dataset; not observed market data,2026-09-01T00:00:00+00:00
2025-12-12,USD,2,0.02435718815262358,SYNTHETIC: seeded teaching dataset; not observed market data,2026-09-01T00:00:00+00:00
2025-12-12,USD,5,0.024706198311148328,SYNTHETIC: seeded teaching dataset; not observed market data,2026-09-01T00:00:00+00:00
2025-12-12,USD,10,0.019945851066931967,SYNTHETIC: seeded teaching dataset; not observed market data,2026-09-01T00:00:00+00:00
2025-12-12,USD,30,0.029040311626976806,SYNTHETIC: seeded teaching dataset; not observed market data,2026-09-01T00:00:00+00:00
2025-12-15,CAD,1,0.006953701260584925,SYNTHETIC: seeded teaching dataset; not observed market data,2026-09-01T00:00:00+00:00
2025-12-15,CAD,2,0.013908028169680424,SYNTHETIC: seeded teaching dataset; not observed market data,2026-09-01T00:00:00+00:00
2025-12-15,CAD,5,0.016704003861522976,SYNTHETIC: seeded teaching dataset; not observed market data,2026-09-01T00:00:00+00:00
2025-12-15,CAD,10,0.020253479072866627,SYNTHETIC: seeded teaching dataset; not observed market data,2026-09-01T00:00:00+00:00
2025-12-15,CAD,30,0.035661684886453854,SYNTHETIC: seeded teaching dataset; not observed market data,2026-09-01T00:00:00+00:00
2025-12-15,USD,1,0.03060034769437368,SYNTHETIC: seeded teaching dataset; not observed market data,2026-09-01T00:00:00+00:00
2025-12-15,USD,2,0.023805122755091633,SYNTHETIC: seeded teaching dataset; not observed market data,2026-09-01T00:00:00+00:00
2025-12-15,USD,5,0.02514946888857312,SYNTHETIC: seeded teaching dataset; not observed market data,2026-09-01T00:00:00+00:00
2025-12-15,USD,10,0.020456756607152907,SYNTHETIC: seeded teaching dataset; not observed market data,2026-09-01T00:00:00+00:00
2025-12-15,USD,30,0.02839233056599976,SYNTHETIC: seeded teaching dataset; not observed market data,2026-09-01T00:00:00+00:00
2025-12-16,CAD,1,0.0064424795401849845,SYNTHETIC: seeded teaching dataset; not observed market data,2026-09-01T00:00:00+00:00
2025-12-16,CAD,2,0.013672096516550143,SYNTHETIC: seeded teaching dataset; not observed market data,2026-09-01T00:00:00+00:00
2025-12-16,CAD,5,0.01577114901356202,SYNTHETIC: seeded teaching dataset; not observed market data,2026-09-01T00:00:00+00:00
2025-12-16,CAD,10,0.019335761561162894,SYNTHETIC: seeded teaching dataset; not observed market data,2026-09-01T00:00:00+00:00
2025-12-16,CAD,30,0.0355365265282287,SYNTHETIC: seeded teaching dataset; not observed market data,2026-09-01T00:00:00+00:00
2025-12-16,USD,1,0.029759540194981452,SYNTHETIC: seeded teaching dataset; not observed market data,2026-09-01T00:00:00+00:00
2025-12-16,USD,2,0.023546716568446806,SYNTHETIC: seeded teaching dataset; not observed market data,2026-09-01T00:00:00+00:00
2025-12-16,USD,5,0.02509826275532854,SYNTHETIC: seeded teaching dataset; not observed market data,2026-09-01T00:00:00+00:00
2025-12-16,USD,10,0.019875935910297328,SYNTHETIC: seeded teaching dataset; not observed market data,2026-09-01T00:00:00+00:00
2025-12-16,USD,30,0.02819114795112008,SYNTHETIC: seeded teaching dataset; not observed market data,2026-09-01T00:00:00+00:00
2025-12-17,CAD,1,0.00713080335937907,SYNTHETIC: seeded teaching dataset; not observed market data,2026-09-01T00:00:00+00:00
2025-12-17,CAD,2,0.013276505304059686,SYNTHETIC: seeded teaching dataset; not observed market data,2026-09-01T00:00:00+00:00
2025-12-17,CAD,5,0.01543362720382958,SYNTHETIC: seeded teaching dataset; not observed market data,2026-09-01T00:00:00+00:00
2025-12-17,CAD,10,0.01912835917888195,SYNTHETIC: seeded teaching dataset; not observed market data,2026-09-01T00:00:00+00:00
2025-12-17,CAD,30,0.035650500260202896,SYNTHETIC: seeded teaching dataset; not observed market data,2026-09-01T00:00:00+00:00
2025-12-17,USD,1,0.029429945997691154,SYNTHETIC: seeded teaching dataset; not observed market data,2026-09-01T00:00:00+00:00
2025-12-17,USD,2,0.023933951138637506,SYNTHETIC: seeded teaching dataset; not observed market data,2026-09-01T00:00:00+00:00
2025-12-17,USD,5,0.025034833273561086,SYNTHETIC: seeded teaching dataset; not observed market data,2026-09-01T00:00:00+00:00
2025-12-17,USD,10,0.019673159279331495,SYNTHETIC: seeded teaching dataset; not observed market data,2026-09-01T00:00:00+00:00
2025-12-17,USD,30,0.02849077515674511,SYNTHETIC: seeded teaching dataset; not observed market data,2026-09-01T00:00:00+00:00
2025-12-18,CAD,1,0.007211618236649887,SYNTHETIC: seeded teaching dataset; not observed market data,2026-09-01T00:00:00+00:00
2025-12-18,CAD,2,0.01403125239017764,SYNTHETIC: seeded teaching dataset; not observed market data,2026-09-01T00:00:00+00:00
2025-12-18,CAD,5,0.015839992465412785,SYNTHETIC: seeded teaching dataset; not observed market data,2026-09-01T00:00:00+00:00
2025-12-18,CAD,10,0.019951549172506106,SYNTHETIC: seeded teaching dataset; not observed market data,2026-09-01T00:00:00+00:00
2025-12-18,CAD,30,0.03614897726263039,SYNTHETIC: seeded teaching dataset; not observed market data,2026-09-01T00:00:00+00:00
2025-12-18,USD,1,0.029718603540770033,SYNTHETIC: seeded teaching dataset; not observed market data,2026-09-01T00:00:00+00:00
2025-12-18,USD,2,0.02410846828156448,SYNTHETIC: seeded teaching dataset; not observed market data,2026-09-01T00:00:00+00:00
2025-12-18,USD,5,0.025925214174965572,SYNTHETIC: seeded teaching dataset; not observed market data,2026-09-01T00:00:00+00:00
2025-12-18,USD,10,0.020537115338219468,SYNTHETIC: seeded teaching dataset; not observed market data,2026-09-01T00:00:00+00:00
2025-12-18,USD,30,0.028400415539815965,SYNTHETIC: seeded teaching dataset; not observed market data,2026-09-01T00:00:00+00:00
2025-12-19,CAD,1,0.007918100138228735,SYNTHETIC: seeded teaching dataset; not observed market data,2026-09-01T00:00:00+00:00
2025-12-19,CAD,2,0.014701931613958703,SYNTHETIC: seeded teaching dataset; not observed market data,2026-09-01T00:00:00+00:00
2025-12-19,CAD,5,0.01662784461247459,SYNTHETIC: seeded teaching dataset; not observed market data,2026-09-01T00:00:00+00:00
2025-12-19,CAD,10,0.02101725130847109,SYNTHETIC: seeded teaching dataset; not observed market data,2026-09-01T00:00:00+00:00
2025-12-19,CAD,30,0.036858392164913774,SYNTHETIC: seeded teaching dataset; not observed market data,2026-09-01T00:00:00+00:00
2025-12-19,USD,1,0.030493023079732815,SYNTHETIC: seeded teaching dataset; not observed market data,2026-09-01T00:00:00+00:00
2025-12-19,USD,2,0.02448142411953077,SYNTHETIC: seeded teaching dataset; not observed market data,2026-09-01T00:00:00+00:00
2025-12-19,USD,5,0.026470062931844472,SYNTHETIC: seeded teaching dataset; not observed market data,2026-09-01T00:00:00+00:00
2025-12-19,USD,10,0.02070492564347164,SYNTHETIC: seeded teaching dataset; not observed market data,2026-09-01T00:00:00+00:00
2025-12-19,USD,30,0.029574036796211862,SYNTHETIC: seeded teaching dataset; not observed market data,2026-09-01T00:00:00+00:00
2025-12-22,CAD,1,0.00855473700285381,SYNTHETIC: seeded teaching dataset; not observed market data,2026-09-01T00:00:00+00:00
2025-12-22,CAD,2,0.0154598191061077,SYNTHETIC: seeded teaching dataset; not observed market data,2026-09-01T00:00:00+00:00
2025-12-22,CAD,5,0.01764354292883195,SYNTHETIC: seeded teaching dataset; not observed market data,2026-09-01T00:00:00+00:00
2025-12-22,CAD,10,0.021289066682958678,SYNTHETIC: seeded teaching dataset; not observed market data,2026-09-01T00:00:00+00:00
2025-12-22,CAD,30,0.0368029941963754,SYNTHETIC: seeded teaching dataset; not observed market data,2026-09-01T00:00:00+00:00
2025-12-22,USD,1,0.030796089837875653,SYNTHETIC: seeded teaching dataset; not observed market data,2026-09-01T00:00:00+00:00
2025-12-22,USD,2,0.025021798663063418,SYNTHETIC: seeded teaching dataset; not observed market data,2026-09-01T00:00:00+00:00
2025-12-22,USD,5,0.026853610698808733,SYNTHETIC: seeded teaching dataset; not observed market data,2026-09-01T00:00:00+00:00
2025-12-22,USD,10,0.021729800047241222,SYNTHETIC: seeded teaching dataset; not observed market data,2026-09-01T00:00:00+00:00
2025-12-22,USD,30,0.030396800636379135,SYNTHETIC: seeded teaching dataset; not observed market data,2026-09-01T00:00:00+00:00
2025-12-23,CAD,1,0.008282078924168528,SYNTHETIC: seeded teaching dataset; not observed market data,2026-09-01T00:00:00+00:00
2025-12-23,CAD,2,0.015065478222009663,SYNTHETIC: seeded teaching dataset; not observed market data,2026-09-01T00:00:00+00:00
2025-12-23,CAD,5,0.016693569381568,SYNTHETIC: seeded teaching dataset; not observed market data,2026-09-01T00:00:00+00:00
2025-12-23,CAD,10,0.020814266880672574,SYNTHETIC: seeded teaching dataset; not observed market data,2026-09-01T00:00:00+00:00
2025-12-23,CAD,30,0.036121665049094843,SYNTHETIC: seeded teaching dataset; not observed market data,2026-09-01T00:00:00+00:00
2025-12-23,USD,1,0.030667696758366548,SYNTHETIC: seeded teaching dataset; not observed market data,2026-09-01T00:00:00+00:00
2025-12-23,USD,2,0.025442763421072104,SYNTHETIC: seeded teaching dataset; not observed market data,2026-09-01T00:00:00+00:00
2025-12-23,USD,5,0.02664949542492835,SYNTHETIC: seeded teaching dataset; not observed market data,2026-09-01T00:00:00+00:00
2025-12-23,USD,10,0.021012947920848384,SYNTHETIC: seeded teaching dataset; not observed market data,2026-09-01T00:00:00+00:00
2025-12-23,USD,30,0.030283180446968778,SYNTHETIC: seeded teaching dataset; not observed market data,2026-09-01T00:00:00+00:00
2025-12-24,CAD,1,0.008885877178581341,SYNTHETIC: seeded teaching dataset; not observed market data,2026-09-01T00:00:00+00:00
2025-12-24,CAD,2,0.014957848586156541,SYNTHETIC: seeded teaching dataset; not observed market data,2026-09-01T00:00:00+00:00
2025-12-24,CAD,5,0.01648756967579026,SYNTHETIC: seeded teaching dataset; not observed market data,2026-09-01T00:00:00+00:00
2025-12-24,CAD,10,0.021253431706101437,SYNTHETIC: seeded teaching dataset; not observed market data,2026-09-01T00:00:00+00:00
2025-12-24,CAD,30,0.03660134210230593,SYNTHETIC: seeded teaching dataset; not observed market data,2026-09-01T00:00:00+00:00
2025-12-24,USD,1,0.03096645312986065,SYNTHETIC: seeded teaching dataset; not observed market data,2026-09-01T00:00:00+00:00
2025-12-24,USD,2,0.025852550599509045,SYNTHETIC: seeded teaching dataset; not observed market data,2026-09-01T00:00:00+00:00
2025-12-24,USD,5,0.026883865298524944,SYNTHETIC: seeded teaching dataset; not observed market data,2026-09-01T00:00:00+00:00
2025-12-24,USD,10,0.021748488011927327,SYNTHETIC: seeded teaching dataset; not observed market data,2026-09-01T00:00:00+00:00
2025-12-24,USD,30,0.030285582157395945,SYNTHETIC: seeded teaching dataset; not observed market data,2026-09-01T00:00:00+00:00
2025-12-25,CAD,1,0.009027677523132886,SYNTHETIC: seeded teaching dataset; not observed market data,2026-09-01T00:00:00+00:00
2025-12-25,CAD,2,0.015243037408367232,SYNTHETIC: seeded teaching dataset; not observed market data,2026-09-01T00:00:00+00:00
2025-12-25,CAD,5,0.016633863631560466,SYNTHETIC: seeded teaching dataset; not observed market data,2026-09-01T00:00:00+00:00
2025-12-25,CAD,10,0.02094381736927145,SYNTHETIC: seeded teaching dataset; not observed market data,2026-09-01T00:00:00+00:00
2025-12-25,CAD,30,0.03626286248789599,SYNTHETIC: seeded teaching dataset; not observed market data,2026-09-01T00:00:00+00:00
2025-12-25,USD,1,0.03077178059022777,SYNTHETIC: seeded teaching dataset; not observed market data,2026-09-01T00:00:00+00:00
2025-12-25,USD,2,0.02560409377202418,SYNTHETIC: seeded teaching dataset; not observed market data,2026-09-01T00:00:00+00:00
2025-12-25,USD,5,0.026858542761154666,SYNTHETIC: seeded teaching dataset; not observed market data,2026-09-01T00:00:00+00:00
2025-12-25,USD,10,0.022082740654655025,SYNTHETIC: seeded teaching dataset; not observed market data,2026-09-01T00:00:00+00:00
2025-12-25,USD,30,0.0302710304162345,SYNTHETIC: seeded teaching dataset; not observed market data,2026-09-01T00:00:00+00:00
2025-12-26,CAD,1,0.009997872453284127,SYNTHETIC: seeded teaching dataset; not observed market data,2026-09-01T00:00:00+00:00
2025-12-26,CAD,2,0.015352691532732271,SYNTHETIC: seeded teaching dataset; not observed market data,2026-09-01T00:00:00+00:00
2025-12-26,CAD,5,0.017823999007147078,SYNTHETIC: seeded teaching dataset; not observed market data,2026-09-01T00:00:00+00:00
2025-12-26,CAD,10,0.021717022652654232,SYNTHETIC: seeded teaching dataset; not observed market data,2026-09-01T00:00:00+00:00
2025-12-26,CAD,30,0.03749563085480043,SYNTHETIC: seeded teaching dataset; not observed market data,2026-09-01T00:00:00+00:00
2025-12-26,USD,1,0.03151423478661318,SYNTHETIC: seeded teaching dataset; not observed market data,2026-09-01T00:00:00+00:00
2025-12-26,USD,2,0.026083626757580546,SYNTHETIC: seeded teaching dataset; not observed market data,2026-09-01T00:00:00+00:00
2025-12-26,USD,5,0.02768359159172932,SYNTHETIC: seeded teaching dataset; not observed market data,2026-09-01T00:00:00+00:00
2025-12-26,USD,10,0.0229619527231583,SYNTHETIC: seeded teaching dataset; not observed market data,2026-09-01T00:00:00+00:00
2025-12-26,USD,30,0.031182309411786745,SYNTHETIC: seeded teaching dataset; not observed market data,2026-09-01T00:00:00+00:00
2025-12-29,CAD,1,0.009749306970701973,SYNTHETIC: seeded teaching dataset; not observed market data,2026-09-01T00:00:00+00:00
2025-12-29,CAD,2,0.015077595257681231,SYNTHETIC: seeded teaching dataset; not observed market data,2026-09-01T00:00:00+00:00
2025-12-29,CAD,5,0.01790814498059867,SYNTHETIC: seeded teaching dataset; not observed market data,2026-09-01T00:00:00+00:00
2025-12-29,CAD,10,0.02131577958459773,SYNTHETIC: seeded teaching dataset; not observed market data,2026-09-01T00:00:00+00:00
2025-12-29,CAD,30,0.03676877220629098,SYNTHETIC: seeded teaching dataset; not observed market data,2026-09-01T00:00:00+00:00
2025-12-29,USD,1,0.03180500973920916,SYNTHETIC: seeded teaching dataset; not observed market data,2026-09-01T00:00:00+00:00
2025-12-29,USD,2,0.0256600701670422,SYNTHETIC: seeded teaching dataset; not observed market data,2026-09-01T00:00:00+00:00
2025-12-29,USD,5,0.027235951543167696,SYNTHETIC: seeded teaching dataset; not observed market data,2026-09-01T00:00:00+00:00
2025-12-29,USD,10,0.02260088164489223,SYNTHETIC: seeded teaching dataset; not observed market data,2026-09-01T00:00:00+00:00
2025-12-29,USD,30,0.03025295569865794,SYNTHETIC: seeded teaching dataset; not observed market data,2026-09-01T00:00:00+00:00
2025-12-30,CAD,1,0.009761295067680493,SYNTHETIC: seeded teaching dataset; not observed market data,2026-09-01T00:00:00+00:00
2025-12-30,CAD,2,0.01549680378980279,SYNTHETIC: seeded teaching dataset; not observed market data,2026-09-01T00:00:00+00:00
2025-12-30,CAD,5,0.017077397658020004,SYNTHETIC: seeded teaching dataset; not observed market data,2026-09-01T00:00:00+00:00
2025-12-30,CAD,10,0.021173609416622607,SYNTHETIC: seeded teaching dataset; not observed market data,2026-09-01T00:00:00+00:00
2025-12-30,CAD,30,0.03666193416560396,SYNTHETIC: seeded teaching dataset; not observed market data,2026-09-01T00:00:00+00:00
2025-12-30,USD,1,0.032203809371139286,SYNTHETIC: seeded teaching dataset; not observed market data,2026-09-01T00:00:00+00:00
2025-12-30,USD,2,0.02611598969605913,SYNTHETIC: seeded teaching dataset; not observed market data,2026-09-01T00:00:00+00:00
2025-12-30,USD,5,0.027527512777527147,SYNTHETIC: seeded teaching dataset; not observed market data,2026-09-01T00:00:00+00:00
2025-12-30,USD,10,0.02220939546186142,SYNTHETIC: seeded teaching dataset; not observed market data,2026-09-01T00:00:00+00:00
2025-12-30,USD,30,0.03009899766794431,SYNTHETIC: seeded teaching dataset; not observed market data,2026-09-01T00:00:00+00:00
2025-12-31,CAD,1,0.00887411781908155,SYNTHETIC: seeded teaching dataset; not observed market data,2026-09-01T00:00:00+00:00
2025-12-31,CAD,2,0.015400756989384106,SYNTHETIC: seeded teaching dataset; not observed market data,2026-09-01T00:00:00+00:00
2025-12-31,CAD,5,0.017757588893827055,SYNTHETIC: seeded teaching dataset; not observed market data,2026-09-01T00:00:00+00:00
2025-12-31,CAD,10,0.021208988308772672,SYNTHETIC: seeded teaching dataset; not observed market data,2026-09-01T00:00:00+00:00
2025-12-31,CAD,30,0.03629578014509846,SYNTHETIC: seeded teaching dataset; not observed market data,2026-09-01T00:00:00+00:00
2025-12-31,USD,1,0.03195370803559419,SYNTHETIC: seeded teaching dataset; not observed market data,2026-09-01T00:00:00+00:00
2025-12-31,USD,2,0.02619557525020605,SYNTHETIC: seeded teaching dataset; not observed market data,2026-09-01T00:00:00+00:00
2025-12-31,USD,5,0.02716472270200272,SYNTHETIC: seeded teaching dataset; not observed market data,2026-09-01T00:00:00+00:00
2025-12-31,USD,10,0.022280505189685083,SYNTHETIC: seeded teaching dataset; not observed market data,2026-09-01T00:00:00+00:00
2025-12-31,USD,30,0.02931531323226003,SYNTHETIC: seeded teaching dataset; not observed market data,2026-09-01T00:00:00+00:00
2026-01-01,CAD,1,0.008521353520741601,SYNTHETIC: seeded teaching dataset; not observed market data,2026-09-01T00:00:00+00:00
2026-01-01,CAD,2,0.015542420966961798,SYNTHETIC: seeded teaching dataset; not observed market data,2026-09-01T00:00:00+00:00
2026-01-01,CAD,5,0.017639022097332386,SYNTHETIC: seeded teaching dataset; not observed market data,2026-09-01T00:00:00+00:00
2026-01-01,CAD,10,0.021311643096190692,SYNTHETIC: seeded teaching dataset; not observed market data,2026-09-01T00:00:00+00:00
2026-01-01,CAD,30,0.03593995007501487,SYNTHETIC: seeded teaching dataset; not observed market data,2026-09-01T00:00:00+00:00
2026-01-01,USD,1,0.0319681222154522,SYNTHETIC: seeded teaching dataset; not observed market data,2026-09-01T00:00:00+00:00
2026-01-01,USD,2,0.02607467272787273,SYNTHETIC: seeded teaching dataset; not observed market data,2026-09-01T00:00:00+00:00
2026-01-01,USD,5,0.02693451901121125,SYNTHETIC: seeded teaching dataset; not observed market data,2026-09-01T00:00:00+00:00
2026-01-01,USD,10,0.022070840236032518,SYNTHETIC: seeded teaching dataset; not observed market data,2026-09-01T00:00:00+00:00
2026-01-01,USD,30,0.029438755164639247,SYNTHETIC: seeded teaching dataset; not observed market data,2026-09-01T00:00:00+00:00
2026-01-02,CAD,1,0.00928360559342568,SYNTHETIC: seeded teaching dataset; not observed market data,2026-09-01T00:00:00+00:00
2026-01-02,CAD,2,0.015904961654213463,SYNTHETIC: seeded teaching dataset; not observed market data,2026-09-01T00:00:00+00:00
2026-01-02,CAD,5,0.018141639179355653,SYNTHETIC: seeded teaching dataset; not observed market data,2026-09-01T00:00:00+00:00
2026-01-02,CAD,10,0.02155538121629494,SYNTHETIC: seeded teaching dataset; not observed market data,2026-09-01T00:00:00+00:00
2026-01-02,CAD,30,0.03643833444181687,SYNTHETIC: seeded teaching dataset; not observed market data,2026-09-01T00:00:00+00:00
2026-01-02,USD,1,0.032366881057048894,SYNTHETIC: seeded teaching dataset; not observed market data,2026-09-01T00:00:00+00:00
2026-01-02,USD,2,0.027067040879831628,SYNTHETIC: seeded teaching dataset; not observed market data,2026-09-01T00:00:00+00:00
2026-01-02,USD,5,0.027722527392011937,SYNTHETIC: seeded teaching dataset; not observed market data,2026-09-01T00:00:00+00:00
2026-01-02,USD,10,0.02218801938544646,SYNTHETIC: seeded teaching dataset; not observed market data,2026-09-01T00:00:00+00:00
2026-01-02,USD,30,0.029871047321443873,SYNTHETIC: seeded teaching dataset; not observed market data,2026-09-01T00:00:00+00:00
2026-01-05,CAD,1,0.010721595074646702,SYNTHETIC: seeded teaching dataset; not observed market data,2026-09-01T00:00:00+00:00
2026-01-05,CAD,2,0.01702798961388994,SYNTHETIC: seeded teaching dataset; not observed market data,2026-09-01T00:00:00+00:00
2026-01-05,CAD,5,0.019556269244116232,SYNTHETIC: seeded teaching dataset; not observed market data,2026-09-01T00:00:00+00:00
2026-01-05,CAD,10,0.022189712501310306,SYNTHETIC: seeded teaching dataset; not observed market data,2026-09-01T00:00:00+00:00
2026-01-05,CAD,30,0.03746597830768549,SYNTHETIC: seeded teaching dataset; not observed market data,2026-09-01T00:00:00+00:00
2026-01-05,USD,1,0.03368877739271356,SYNTHETIC: seeded teaching dataset; not observed market data,2026-09-01T00:00:00+00:00
2026-01-05,USD,2,0.027983195186356745,SYNTHETIC: seeded teaching dataset; not observed market data,2026-09-01T00:00:00+00:00
2026-01-05,USD,5,0.028782920325511774,SYNTHETIC: seeded teaching dataset; not observed market data,2026-09-01T00:00:00+00:00
2026-01-05,USD,10,0.023406558270839487,SYNTHETIC: seeded teaching dataset; not observed market data,2026-09-01T00:00:00+00:00
2026-01-05,USD,30,0.030995029976649175,SYNTHETIC: seeded teaching dataset; not observed market data,2026-09-01T00:00:00+00:00
2026-01-06,CAD,1,0.010704731283396583,SYNTHETIC: seeded teaching dataset; not observed market data,2026-09-01T00:00:00+00:00
2026-01-06,CAD,2,0.016198324142315174,SYNTHETIC: seeded teaching dataset; not observed market data,2026-09-01T00:00:00+00:00
2026-01-06,CAD,5,0.01970071861595057,SYNTHETIC: seeded teaching dataset; not observed market data,2026-09-01T00:00:00+00:00
2026-01-06,CAD,10,0.021383787634357755,SYNTHETIC: seeded teaching dataset; not observed market data,2026-09-01T00:00:00+00:00
2026-01-06,CAD,30,0.03719421770394206,SYNTHETIC: seeded teaching dataset; not observed market data,2026-09-01T00:00:00+00:00
2026-01-06,USD,1,0.03312125194383958,SYNTHETIC: seeded teaching dataset; not observed market data,2026-09-01T00:00:00+00:00
2026-01-06,USD,2,0.027711688025949366,SYNTHETIC: seeded teaching dataset; not observed market data,2026-09-01T00:00:00+00:00
2026-01-06,USD,5,0.029215981539974026,SYNTHETIC: seeded teaching dataset; not observed market data,2026-09-01T00:00:00+00:00
2026-01-06,USD,10,0.02305682722349157,SYNTHETIC: seeded teaching dataset; not observed market data,2026-09-01T00:00:00+00:00
2026-01-06,USD,30,0.030552556003585574,SYNTHETIC: seeded teaching dataset; not observed market data,2026-09-01T00:00:00+00:00
2026-01-07,CAD,1,0.010786275005257247,SYNTHETIC: seeded teaching dataset; not observed market data,2026-09-01T00:00:00+00:00
2026-01-07,CAD,2,0.016575921383339506,SYNTHETIC: seeded teaching dataset; not observed market data,2026-09-01T00:00:00+00:00
2026-01-07,CAD,5,0.019501058027819155,SYNTHETIC: seeded teaching dataset; not observed market data,2026-09-01T00:00:00+00:00
2026-01-07,CAD,10,0.022021497505154156,SYNTHETIC: seeded teaching dataset; not observed market data,2026-09-01T00:00:00+00:00
2026-01-07,CAD,30,0.0370449074950571,SYNTHETIC: seeded teaching dataset; not observed market data,2026-09-01T00:00:00+00:00
2026-01-07,USD,1,0.03271421696531564,SYNTHETIC: seeded teaching dataset; not observed market data,2026-09-01T00:00:00+00:00
2026-01-07,USD,2,0.02779582571947331,SYNTHETIC: seeded teaching dataset; not observed market data,2026-09-01T00:00:00+00:00
2026-01-07,USD,5,0.027885061590845455,SYNTHETIC: seeded teaching dataset; not observed market data,2026-09-01T00:00:00+00:00
2026-01-07,USD,10,0.02315318171980724,SYNTHETIC: seeded teaching dataset; not observed market data,2026-09-01T00:00:00+00:00
2026-01-07,USD,30,0.02999292802103615,SYNTHETIC: seeded teaching dataset; not observed market data,2026-09-01T00:00:00+00:00
2026-01-08,CAD,1,0.010392804358336259,SYNTHETIC: seeded teaching dataset; not observed market data,2026-09-01T00:00:00+00:00
2026-01-08,CAD,2,0.016550517781083476,SYNTHETIC: seeded teaching dataset; not observed market data,2026-09-01T00:00:00+00:00
2026-01-08,CAD,5,0.01926646442219272,SYNTHETIC: seeded teaching dataset; not observed market data,2026-09-01T00:00:00+00:00
2026-01-08,CAD,10,0.021300338842732296,SYNTHETIC: seeded teaching dataset; not observed market data,2026-09-01T00:00:00+00:00
2026-01-08,CAD,30,0.0365808856827044,SYNTHETIC: seeded teaching dataset; not observed market data,2026-09-01T00:00:00+00:00
2026-01-08,USD,1,0.03218733133157406,SYNTHETIC: seeded teaching dataset; not observed market data,2026-09-01T00:00:00+00:00
2026-01-08,USD,2,0.0283043472495811,SYNTHETIC: seeded teaching dataset; not observed market data,2026-09-01T00:00:00+00:00
2026-01-08,USD,5,0.027310932150894977,SYNTHETIC: seeded teaching dataset; not observed market data,2026-09-01T00:00:00+00:00
2026-01-08,USD,10,0.022435816091829913,SYNTHETIC: seeded teaching dataset; not observed market data,2026-09-01T00:00:00+00:00
2026-01-08,USD,30,0.02923216050573806,SYNTHETIC: seeded teaching dataset; not observed market data,2026-09-01T00:00:00+00:00
2026-01-09,CAD,1,0.010796511222213565,SYNTHETIC: seeded teaching dataset; not observed market data,2026-09-01T00:00:00+00:00
2026-01-09,CAD,2,0.016670623068221584,SYNTHETIC: seeded teaching dataset; not observed market data,2026-09-01T00:00:00+00:00
2026-01-09,CAD,5,0.01997784105054787,SYNTHETIC: seeded teaching dataset; not observed market data,2026-09-01T00:00:00+00:00
2026-01-09,CAD,10,0.02150941829111294,SYNTHETIC: seeded teaching dataset; not observed market data,2026-09-01T00:00:00+00:00
2026-01-09,CAD,30,0.037717083856214625,SYNTHETIC: seeded teaching dataset; not observed market data,2026-09-01T00:00:00+00:00
2026-01-09,USD,1,0.032347040035626995,SYNTHETIC: seeded teaching dataset; not observed market data,2026-09-01T00:00:00+00:00
2026-01-09,USD,2,0.028509078543716884,SYNTHETIC: seeded teaching dataset; not observed market data,2026-09-01T00:00:00+00:00
2026-01-09,USD,5,0.02739738812024603,SYNTHETIC: seeded teaching dataset; not observed market data,2026-09-01T00:00:00+00:00
2026-01-09,USD,10,0.022422000096830933,SYNTHETIC: seeded teaching dataset; not observed market data,2026-09-01T00:00:00+00:00
2026-01-09,USD,30,0.03001624021302932,SYNTHETIC: seeded teaching dataset; not observed market data,2026-09-01T00:00:00+00:00
2026-01-12,CAD,1,0.011389144475181131,SYNTHETIC: seeded teaching dataset; not observed market data,2026-09-01T00:00:00+00:00
2026-01-12,CAD,2,0.017596311701060484,SYNTHETIC: seeded teaching dataset; not observed market data,2026-09-01T00:00:00+00:00
2026-01-12,CAD,5,0.021078428482284885,SYNTHETIC: seeded teaching dataset; not observed market data,2026-09-01T00:00:00+00:00
2026-01-12,CAD,10,0.021656720727524295,SYNTHETIC: seeded teaching dataset; not observed market data,2026-09-01T00:00:00+00:00
2026-01-12,CAD,30,0.03869960168339584,SYNTHETIC: seeded teaching dataset; not observed market data,2026-09-01T00:00:00+00:00
2026-01-12,USD,1,0.03329252753367974,SYNTHETIC: seeded teaching dataset; not observed market data,2026-09-01T00:00:00+00:00
2026-01-12,USD,2,0.029437786956658704,SYNTHETIC: seeded teaching dataset; not observed market data,2026-09-01T00:00:00+00:00
2026-01-12,USD,5,0.027630597801485562,SYNTHETIC: seeded teaching dataset; not observed market data,2026-09-01T00:00:00+00:00
2026-01-12,USD,10,0.0228559946144828,SYNTHETIC: seeded teaching dataset; not observed market data,2026-09-01T00:00:00+00:00
2026-01-12,USD,30,0.03062583903588974,SYNTHETIC: seeded teaching dataset; not observed market data,2026-09-01T00:00:00+00:00
2026-01-13,CAD,1,0.010823646762705894,SYNTHETIC: seeded teaching dataset; not observed market data,2026-09-01T00:00:00+00:00
2026-01-13,CAD,2,0.017307458087812984,SYNTHETIC: seeded teaching dataset; not observed market data,2026-09-01T00:00:00+00:00
2026-01-13,CAD,5,0.021192475540757965,SYNTHETIC: seeded teaching dataset; not observed market data,2026-09-01T00:00:00+00:00
2026-01-13,CAD,10,0.022015838599811828,SYNTHETIC: seeded teaching dataset; not observed market data,2026-09-01T00:00:00+00:00
2026-01-13,CAD,30,0.038835587872068034,SYNTHETIC: seeded teaching dataset; not observed market data,2026-09-01T00:00:00+00:00
2026-01-13,USD,1,0.03327056231962884,SYNTHETIC: seeded teaching dataset; not observed market data,2026-09-01T00:00:00+00:00
2026-01-13,USD,2,0.029807436243687674,SYNTHETIC: seeded teaching dataset; not observed market data,2026-09-01T00:00:00+00:00
2026-01-13,USD,5,0.027766352892311025,SYNTHETIC: seeded teaching dataset; not observed market data,2026-09-01T00:00:00+00:00
2026-01-13,USD,10,0.022616661369338837,SYNTHETIC: seeded teaching dataset; not observed market data,2026-09-01T00:00:00+00:00
2026-01-13,USD,30,0.0301194214106662,SYNTHETIC: seeded teaching dataset; not observed market data,2026-09-01T00:00:00+00:00
2026-01-14,CAD,1,0.010878106174110124,SYNTHETIC: seeded teaching dataset; not observed market data,2026-09-01T00:00:00+00:00
2026-01-14,CAD,2,0.017264378755550494,SYNTHETIC: seeded teaching dataset; not observed market data,2026-09-01T00:00:00+00:00
2026-01-14,CAD,5,0.021608838989817896,SYNTHETIC: seeded teaching dataset; not observed market data,2026-09-01T00:00:00+00:00
2026-01-14,CAD,10,0.02162116894669583,SYNTHETIC: seeded teaching dataset; not observed market data,2026-09-01T00:00:00+00:00
2026-01-14,CAD,30,0.03849200720757274,SYNTHETIC: seeded teaching dataset; not observed market data,2026-09-01T00:00:00+00:00
2026-01-14,USD,1,0.033164419458474065,SYNTHETIC: seeded teaching dataset; not observed market data,2026-09-01T00:00:00+00:00
2026-01-14,USD,2,0.029581817454335524,SYNTHETIC: seeded teaching dataset; not observed market data,2026-09-01T00:00:00+00:00
2026-01-14,USD,5,0.02826836114599076,SYNTHETIC: seeded teaching dataset; not observed market data,2026-09-01T00:00:00+00:00
2026-01-14,USD,10,0.022934205101182516,SYNTHETIC: seeded teaching dataset; not observed market data,2026-09-01T00:00:00+00:00
2026-01-14,USD,30,0.02995721193545325,SYNTHETIC: seeded teaching dataset; not observed market data,2026-09-01T00:00:00+00:00
2026-01-15,CAD,1,0.011823167897292982,SYNTHETIC: seeded teaching dataset; not observed market data,2026-09-01T00:00:00+00:00
2026-01-15,CAD,2,0.017384923883544068,SYNTHETIC: seeded teaching dataset; not observed market data,2026-09-01T00:00:00+00:00
2026-01-15,CAD,5,0.022010125915827187,SYNTHETIC: seeded teaching dataset; not observed market data,2026-09-01T00:00:00+00:00
2026-01-15,CAD,10,0.02161838981013487,SYNTHETIC: seeded teaching dataset; not observed market data,2026-09-01T00:00:00+00:00
2026-01-15,CAD,30,0.03875928587255212,SYNTHETIC: seeded teaching dataset; not observed market data,2026-09-01T00:00:00+00:00
2026-01-15,USD,1,0.0337644083145069,SYNTHETIC: seeded teaching dataset; not observed market data,2026-09-01T00:00:00+00:00
2026-01-15,USD,2,0.030447564980702113,SYNTHETIC: seeded teaching dataset; not observed market data,2026-09-01T00:00:00+00:00
2026-01-15,USD,5,0.02918245747468747,SYNTHETIC: seeded teaching dataset; not observed market data,2026-09-01T00:00:00+00:00
2026-01-15,USD,10,0.023234670424549114,SYNTHETIC: seeded teaching dataset; not observed market data,2026-09-01T00:00:00+00:00
2026-01-15,USD,30,0.029734375400339023,SYNTHETIC: seeded teaching dataset; not observed market data,2026-09-01T00:00:00+00:00
2026-01-16,CAD,1,0.01123534921916661,SYNTHETIC: seeded teaching dataset; not observed market data,2026-09-01T00:00:00+00:00
2026-01-16,CAD,2,0.016243977677169542,SYNTHETIC: seeded teaching dataset; not observed market data,2026-09-01T00:00:00+00:00
2026-01-16,CAD,5,0.021305607025534554,SYNTHETIC: seeded teaching dataset; not observed market data,2026-09-01T00:00:00+00:00
2026-01-16,CAD,10,0.02177767529298707,SYNTHETIC: seeded teaching dataset; not observed market data,2026-09-01T00:00:00+00:00
2026-01-16,CAD,30,0.039074891522811635,SYNTHETIC: seeded teaching dataset; not observed market data,2026-09-01T00:00:00+00:00
2026-01-16,USD,1,0.03317388789727378,SYNTHETIC: seeded teaching dataset; not observed market data,2026-09-01T00:00:00+00:00
2026-01-16,USD,2,0.030529436144566484,SYNTHETIC: seeded teaching dataset; not observed market data,2026-09-01T00:00:00+00:00
2026-01-16,USD,5,0.028606675190036828,SYNTHETIC: seeded teaching dataset; not observed market data,2026-09-01T00:00:00+00:00
2026-01-16,USD,10,0.022924508856967663,SYNTHETIC: seeded teaching dataset; not observed market data,2026-09-01T00:00:00+00:00
2026-01-16,USD,30,0.029444733283440636,SYNTHETIC: seeded teaching dataset; not observed market data,2026-09-01T00:00:00+00:00
2026-01-19,CAD,1,0.011220857952818793,SYNTHETIC: seeded teaching dataset; not observed market data,2026-09-01T00:00:00+00:00
2026-01-19,CAD,2,0.016202536067616437,SYNTHETIC: seeded teaching dataset; not observed market data,2026-09-01T00:00:00+00:00
2026-01-19,CAD,5,0.02094715732260691,SYNTHETIC: seeded teaching dataset; not observed market data,2026-09-01T00:00:00+00:00
2026-01-19,CAD,10,0.02159124956889931,SYNTHETIC: seeded teaching dataset; not observed market data,2026-09-01T00:00:00+00:00
2026-01-19,CAD,30,0.03865090580339612,SYNTHETIC: seeded teaching dataset; not observed market data,2026-09-01T00:00:00+00:00
2026-01-19,USD,1,0.03312875974473983,SYNTHETIC: seeded teaching dataset; not observed market data,2026-09-01T00:00:00+00:00
2026-01-19,USD,2,0.030518238279758025,SYNTHETIC: seeded teaching dataset; not observed market data,2026-09-01T00:00:00+00:00
2026-01-19,USD,5,0.028926396507860438,SYNTHETIC: seeded teaching dataset; not observed market data,2026-09-01T00:00:00+00:00
2026-01-19,USD,10,0.023065566459401884,SYNTHETIC: seeded teaching dataset; not observed market data,2026-09-01T00:00:00+00:00
2026-01-19,USD,30,0.02935012696251026,SYNTHETIC: seeded teaching dataset; not observed market data,2026-09-01T00:00:00+00:00
2026-01-20,CAD,1,0.01210058559030527,SYNTHETIC: seeded teaching dataset; not observed market data,2026-09-01T00:00:00+00:00
2026-01-20,CAD,2,0.016666312772077606,SYNTHETIC: seeded teaching dataset; not observed market data,2026-09-01T00:00:00+00:00
2026-01-20,CAD,5,0.021117010261207148,SYNTHETIC: seeded teaching dataset; not observed market data,2026-09-01T00:00:00+00:00
2026-01-20,CAD,10,0.02162737122854811,SYNTHETIC: seeded teaching dataset; not observed market data,2026-09-01T00:00:00+00:00
2026-01-20,CAD,30,0.039445596396972586,SYNTHETIC: seeded teaching dataset; not observed market data,2026-09-01T00:00:00+00:00
2026-01-20,USD,1,0.03318809418498861,SYNTHETIC: seeded teaching dataset; not observed market data,2026-09-01T00:00:00+00:00
2026-01-20,USD,2,0.030598574924537582,SYNTHETIC: seeded teaching dataset; not observed market data,2026-09-01T00:00:00+00:00
2026-01-20,USD,5,0.02991333305682263,SYNTHETIC: seeded teaching dataset; not observed market data,2026-09-01T00:00:00+00:00
2026-01-20,USD,10,0.023643539484960164,SYNTHETIC: seeded teaching dataset; not observed market data,2026-09-01T00:00:00+00:00
2026-01-20,USD,30,0.029905395616395925,SYNTHETIC: seeded teaching dataset; not observed market data,2026-09-01T00:00:00+00:00
2026-01-21,CAD,1,0.013154810698056959,SYNTHETIC: seeded teaching dataset; not observed market data,2026-09-01T00:00:00+00:00
2026-01-21,CAD,2,0.01697209666756709,SYNTHETIC: seeded teaching dataset; not observed market data,2026-09-01T00:00:00+00:00
2026-01-21,CAD,5,0.021604510847596303,SYNTHETIC: seeded teaching dataset; not observed market data,2026-09-01T00:00:00+00:00
2026-01-21,CAD,10,0.022207438021184613,SYNTHETIC: seeded teaching dataset; not observed market data,2026-09-01T00:00:00+00:00
2026-01-21,CAD,30,0.03976243108970547,SYNTHETIC: seeded teaching dataset; not observed market data,2026-09-01T00:00:00+00:00
2026-01-21,USD,1,0.033455283681863804,SYNTHETIC: seeded teaching dataset; not observed market data,2026-09-01T00:00:00+00:00
2026-01-21,USD,2,0.03132990060426819,SYNTHETIC: seeded teaching dataset; not observed market data,2026-09-01T00:00:00+00:00
2026-01-21,USD,5,0.03082956880526986,SYNTHETIC: seeded teaching dataset; not observed market data,2026-09-01T00:00:00+00:00
2026-01-21,USD,10,0.024378849238763652,SYNTHETIC: seeded teaching dataset; not observed market data,2026-09-01T00:00:00+00:00
2026-01-21,USD,30,0.03074485783737892,SYNTHETIC: seeded teaching dataset; not observed market data,2026-09-01T00:00:00+00:00
2026-01-22,CAD,1,0.013014364453901913,SYNTHETIC: seeded teaching dataset; not observed market data,2026-09-01T00:00:00+00:00
2026-01-22,CAD,2,0.016788701543847734,SYNTHETIC: seeded teaching dataset; not observed market data,2026-09-01T00:00:00+00:00
2026-01-22,CAD,5,0.021588484705772033,SYNTHETIC: seeded teaching dataset; not observed market data,2026-09-01T00:00:00+00:00
2026-01-22,CAD,10,0.021811035616774534,SYNTHETIC: seeded teaching dataset; not observed market data,2026-09-01T00:00:00+00:00
2026-01-22,CAD,30,0.039312740263106855,SYNTHETIC: seeded teaching dataset; not observed market data,2026-09-01T00:00:00+00:00
2026-01-22,USD,1,0.03335894140359007,SYNTHETIC: seeded teaching dataset; not observed market data,2026-09-01T00:00:00+00:00
2026-01-22,USD,2,0.030832657374944457,SYNTHETIC: seeded teaching dataset; not observed market data,2026-09-01T00:00:00+00:00
2026-01-22,USD,5,0.030267933533839456,SYNTHETIC: seeded teaching dataset; not observed market data,2026-09-01T00:00:00+00:00
2026-01-22,USD,10,0.023830348010400352,SYNTHETIC: seeded teaching dataset; not observed market data,2026-09-01T00:00:00+00:00
2026-01-22,USD,30,0.030354834788321964,SYNTHETIC: seeded teaching dataset; not observed market data,2026-09-01T00:00:00+00:00
2026-01-23,CAD,1,0.0138586638484719,SYNTHETIC: seeded teaching dataset; not observed market data,2026-09-01T00:00:00+00:00
2026-01-23,CAD,2,0.017556880971569454,SYNTHETIC: seeded teaching dataset; not observed market data,2026-09-01T00:00:00+00:00
2026-01-23,CAD,5,0.022527571704770415,SYNTHETIC: seeded teaching dataset; not observed market data,2026-09-01T00:00:00+00:00
2026-01-23,CAD,10,0.022504710117715883,SYNTHETIC: seeded teaching dataset; not observed market data,2026-09-01T00:00:00+00:00
2026-01-23,CAD,30,0.0402919429236094,SYNTHETIC: seeded teaching dataset; not observed market data,2026-09-01T00:00:00+00:00
2026-01-23,USD,1,0.034313027972078455,SYNTHETIC: seeded teaching dataset; not observed market data,2026-09-01T00:00:00+00:00
2026-01-23,USD,2,0.03127644138588889,SYNTHETIC: seeded teaching dataset; not observed market data,2026-09-01T00:00:00+00:00
2026-01-23,USD,5,0.03143256956547404,SYNTHETIC: seeded teaching dataset; not observed market data,2026-09-01T00:00:00+00:00
2026-01-23,USD,10,0.0242896507206003,SYNTHETIC: seeded teaching dataset; not observed market data,2026-09-01T00:00:00+00:00
2026-01-23,USD,30,0.03154837392148066,SYNTHETIC: seeded teaching dataset; not observed market data,2026-09-01T00:00:00+00:00
2026-01-26,CAD,1,0.013607482676703652,SYNTHETIC: seeded teaching dataset; not observed market data,2026-09-01T00:00:00+00:00
2026-01-26,CAD,2,0.017514805192986566,SYNTHETIC: seeded teaching dataset; not observed market data,2026-09-01T00:00:00+00:00
2026-01-26,CAD,5,0.022248770639453765,SYNTHETIC: seeded teaching dataset; not observed market data,2026-09-01T00:00:00+00:00
2026-01-26,CAD,10,0.02233992846200602,SYNTHETIC: seeded teaching dataset; not observed market data,2026-09-01T00:00:00+00:00
2026-01-26,CAD,30,0.039996455039068034,SYNTHETIC: seeded teaching dataset; not observed market data,2026-09-01T00:00:00+00:00
2026-01-26,USD,1,0.03473880935872041,SYNTHETIC: seeded teaching dataset; not observed market data,2026-09-01T00:00:00+00:00
2026-01-26,USD,2,0.031109246653015073,SYNTHETIC: seeded teaching dataset; not observed market data,2026-09-01T00:00:00+00:00
2026-01-26,USD,5,0.030847138558770436,SYNTHETIC: seeded teaching dataset; not observed market data,2026-09-01T00:00:00+00:00
2026-01-26,USD,10,0.02398482188048619,SYNTHETIC: seeded teaching dataset; not observed market data,2026-09-01T00:00:00+00:00
2026-01-26,USD,30,0.0312058931699201,SYNTHETIC: seeded teaching dataset; not observed market data,2026-09-01T00:00:00+00:00
2026-01-27,CAD,1,0.013208434856954842,SYNTHETIC: seeded teaching dataset; not observed market data,2026-09-01T00:00:00+00:00
2026-01-27,CAD,2,0.016917989563833648,SYNTHETIC: seeded teaching dataset; not observed market data,2026-09-01T00:00:00+00:00
2026-01-27,CAD,5,0.02206261731254251,SYNTHETIC: seeded teaching dataset; not observed market data,2026-09-01T00:00:00+00:00
2026-01-27,CAD,10,0.021896954769612127,SYNTHETIC: seeded teaching dataset; not observed market data,2026-09-01T00:00:00+00:00
2026-01-27,CAD,30,0.039246810161845044,SYNTHETIC: seeded teaching dataset; not observed market data,2026-09-01T00:00:00+00:00
2026-01-27,USD,1,0.03424623868154515,SYNTHETIC: seeded teaching dataset; not observed market data,2026-09-01T00:00:00+00:00
2026-01-27,USD,2,0.030598148913539715,SYNTHETIC: seeded teaching dataset; not observed market data,2026-09-01T00:00:00+00:00
2026-01-27,USD,5,0.030216503182762405,SYNTHETIC: seeded teaching dataset; not observed market data,2026-09-01T00:00:00+00:00
2026-01-27,USD,10,0.023811139216171073,SYNTHETIC: seeded teaching dataset; not observed market data,2026-09-01T00:00:00+00:00
2026-01-27,USD,30,0.0313990225683833,SYNTHETIC: seeded teaching dataset; not observed market data,2026-09-01T00:00:00+00:00
2026-01-28,CAD,1,0.013085823258343749,SYNTHETIC: seeded teaching dataset; not observed market data,2026-09-01T00:00:00+00:00
2026-01-28,CAD,2,0.017331600681530793,SYNTHETIC: seeded teaching dataset; not observed market data,2026-09-01T00:00:00+00:00
2026-01-28,CAD,5,0.02300265920530666,SYNTHETIC: seeded teaching dataset; not observed market data,2026-09-01T00:00:00+00:00
2026-01-28,CAD,10,0.021732440584878464,SYNTHETIC: seeded teaching dataset; not observed market data,2026-09-01T00:00:00+00:00
2026-01-28,CAD,30,0.03953071889028635,SYNTHETIC: seeded teaching dataset; not observed market data,2026-09-01T00:00:00+00:00
2026-01-28,USD,1,0.03404646517186656,SYNTHETIC: seeded teaching dataset; not observed market data,2026-09-01T00:00:00+00:00
2026-01-28,USD,2,0.0307834494279089,SYNTHETIC: seeded teaching dataset; not observed market data,2026-09-01T00:00:00+00:00
2026-01-28,USD,5,0.029781672922955194,SYNTHETIC: seeded teaching dataset; not observed market data,2026-09-01T00:00:00+00:00
2026-01-28,USD,10,0.024036405879529908,SYNTHETIC: seeded teaching dataset; not observed market data,2026-09-01T00:00:00+00:00
2026-01-28,USD,30,0.031098905246004633,SYNTHETIC: seeded teaching dataset; not observed market data,2026-09-01T00:00:00+00:00
2026-01-29,CAD,1,0.013631698933932606,SYNTHETIC: seeded teaching dataset; not observed market data,2026-09-01T00:00:00+00:00
2026-01-29,CAD,2,0.017319058188207608,SYNTHETIC: seeded teaching dataset; not observed market data,2026-09-01T00:00:00+00:00
2026-01-29,CAD,5,0.023064574087617692,SYNTHETIC: seeded teaching dataset; not observed market data,2026-09-01T00:00:00+00:00
2026-01-29,CAD,10,0.02197615595714178,SYNTHETIC: seeded teaching dataset; not observed market data,2026-09-01T00:00:00+00:00
2026-01-29,CAD,30,0.039399161852062076,SYNTHETIC: seeded teaching dataset; not observed market data,2026-09-01T00:00:00+00:00
2026-01-29,USD,1,0.034061116756757895,SYNTHETIC: seeded teaching dataset; not observed market data,2026-09-01T00:00:00+00:00
2026-01-29,USD,2,0.030708787491848293,SYNTHETIC: seeded teaching dataset; not observed market data,2026-09-01T00:00:00+00:00
2026-01-29,USD,5,0.029835140802093627,SYNTHETIC: seeded teaching dataset; not observed market data,2026-09-01T00:00:00+00:00
2026-01-29,USD,10,0.024419205027088945,SYNTHETIC: seeded teaching dataset; not observed market data,2026-09-01T00:00:00+00:00
2026-01-29,USD,30,0.031210243357461063,SYNTHETIC: seeded teaching dataset; not observed market data,2026-09-01T00:00:00+00:00
2026-01-30,CAD,1,0.014639879652211644,SYNTHETIC: seeded teaching dataset; not observed market data,2026-09-01T00:00:00+00:00
2026-01-30,CAD,2,0.01764538701494607,SYNTHETIC: seeded teaching dataset; not observed market data,2026-09-01T00:00:00+00:00
2026-01-30,CAD,5,0.023837223698886193,SYNTHETIC: seeded teaching dataset; not observed market data,2026-09-01T00:00:00+00:00
2026-01-30,CAD,10,0.02199429020644099,SYNTHETIC: seeded teaching dataset; not observed market data,2026-09-01T00:00:00+00:00
2026-01-30,CAD,30,0.039763828250162364,SYNTHETIC: seeded teaching dataset; not observed market data,2026-09-01T00:00:00+00:00
2026-01-30,USD,1,0.03410399849354273,SYNTHETIC: seeded teaching dataset; not observed market data,2026-09-01T00:00:00+00:00
2026-01-30,USD,2,0.03129127063667136,SYNTHETIC: seeded teaching dataset; not observed market data,2026-09-01T00:00:00+00:00
2026-01-30,USD,5,0.030584628490367076,SYNTHETIC: seeded teaching dataset; not observed market data,2026-09-01T00:00:00+00:00
2026-01-30,USD,10,0.024769467591605056,SYNTHETIC: seeded teaching dataset; not observed market data,2026-09-01T00:00:00+00:00
2026-01-30,USD,30,0.031251687444675984,SYNTHETIC: seeded teaching dataset; not observed market data,2026-09-01T00:00:00+00:00
2026-02-02,CAD,1,0.014655122199659813,SYNTHETIC: seeded teaching dataset; not observed market data,2026-09-01T00:00:00+00:00
2026-02-02,CAD,2,0.017537595916814995,SYNTHETIC: seeded teaching dataset; not observed market data,2026-09-01T00:00:00+00:00
2026-02-02,CAD,5,0.022982697524448443,SYNTHETIC: seeded teaching dataset; not observed market data,2026-09-01T00:00:00+00:00
2026-02-02,CAD,10,0.021964301875247325,SYNTHETIC: seeded teaching dataset; not observed market data,2026-09-01T00:00:00+00:00
2026-02-02,CAD,30,0.03985779420177909,SYNTHETIC: seeded teaching dataset; not observed market data,2026-09-01T00:00:00+00:00
2026-02-02,USD,1,0.03300021821853477,SYNTHETIC: seeded teaching dataset; not observed market data,2026-09-01T00:00:00+00:00
2026-02-02,USD,2,0.031781581727980956,SYNTHETIC: seeded teaching dataset; not observed market data,2026-09-01T00:00:00+00:00
2026-02-02,USD,5,0.030764376647847338,SYNTHETIC: seeded teaching dataset; not observed market data,2026-09-01T00:00:00+00:00
2026-02-02,USD,10,0.024678523391197502,SYNTHETIC: seeded teaching dataset; not observed market data,2026-09-01T00:00:00+00:00
2026-02-02,USD,30,0.031344899866481084,SYNTHETIC: seeded teaching dataset; not observed market data,2026-09-01T00:00:00+00:00
2026-02-03,CAD,1,0.014131144976514635,SYNTHETIC: seeded teaching dataset; not observed market data,2026-09-01T00:00:00+00:00
2026-02-03,CAD,2,0.01698648798276086,SYNTHETIC: seeded teaching dataset; not observed market data,2026-09-01T00:00:00+00:00
2026-02-03,CAD,5,0.022252580927033954,SYNTHETIC: seeded teaching dataset; not observed market data,2026-09-01T00:00:00+00:00
2026-02-03,CAD,10,0.022149809648427894,SYNTHETIC: seeded teaching dataset; not observed market data,2026-09-01T00:00:00+00:00
2026-02-03,CAD,30,0.03992791063844713,SYNTHETIC: seeded teaching dataset; not observed market data,2026-09-01T00:00:00+00:00
2026-02-03,USD,1,0.0327742815592859,SYNTHETIC: seeded teaching dataset; not observed market data,2026-09-01T00:00:00+00:00
2026-02-03,USD,2,0.030913885369394767,SYNTHETIC: seeded teaching dataset; not observed market data,2026-09-01T00:00:00+00:00
2026-02-03,USD,5,0.030064502821272782,SYNTHETIC: seeded teaching dataset; not observed market data,2026-09-01T00:00:00+00:00
2026-02-03,USD,10,0.023946958305531892,SYNTHETIC: seeded teaching dataset; not observed market data,2026-09-01T00:00:00+00:00
2026-02-03,USD,30,0.0310667067335646,SYNTHETIC: seeded teaching dataset; not observed market data,2026-09-01T00:00:00+00:00
2026-02-04,CAD,1,0.013998289579700503,SYNTHETIC: seeded teaching dataset; not observed market data,2026-09-01T00:00:00+00:00
2026-02-04,CAD,2,0.016973093855716076,SYNTHETIC: seeded teaching dataset; not observed market data,2026-09-01T00:00:00+00:00
2026-02-04,CAD,5,0.022306529570078917,SYNTHETIC: seeded teaching dataset; not observed market data,2026-09-01T00:00:00+00:00
2026-02-04,CAD,10,0.022897098962596105,SYNTHETIC: seeded teaching dataset; not observed market data,2026-09-01T00:00:00+00:00
2026-02-04,CAD,30,0.040517670246174566,SYNTHETIC: seeded teaching dataset; not observed market data,2026-09-01T00:00:00+00:00
2026-02-04,USD,1,0.0334875355625556,SYNTHETIC: seeded teaching dataset; not observed market data,2026-09-01T00:00:00+00:00
2026-02-04,USD,2,0.030402048308956965,SYNTHETIC: seeded teaching dataset; not observed market data,2026-09-01T00:00:00+00:00
2026-02-04,USD,5,0.030080898627226335,SYNTHETIC: seeded teaching dataset; not observed market data,2026-09-01T00:00:00+00:00
2026-02-04,USD,10,0.02407914139350931,SYNTHETIC: seeded teaching dataset; not observed market data,2026-09-01T00:00:00+00:00
2026-02-04,USD,30,0.030977247135116504,SYNTHETIC: seeded teaching dataset; not observed market data,2026-09-01T00:00:00+00:00
2026-02-05,CAD,1,0.014057839361084578,SYNTHETIC: seeded teaching dataset; not observed market data,2026-09-01T00:00:00+00:00
2026-02-05,CAD,2,0.016947344731511084,SYNTHETIC: seeded teaching dataset; not observed market data,2026-09-01T00:00:00+00:00
2026-02-05,CAD,5,0.021870206876604643,SYNTHETIC: seeded teaching dataset; not observed market data,2026-09-01T00:00:00+00:00
2026-02-05,CAD,10,0.02266961073543885,SYNTHETIC: seeded teaching dataset; not observed market data,2026-09-01T00:00:00+00:00
2026-02-05,CAD,30,0.03993371741841546,SYNTHETIC: seeded teaching dataset; not observed market data,2026-09-01T00:00:00+00:00
2026-02-05,USD,1,0.03341478892939925,SYNTHETIC: seeded teaching dataset; not observed market data,2026-09-01T00:00:00+00:00
2026-02-05,USD,2,0.03019718865419621,SYNTHETIC: seeded teaching dataset; not observed market data,2026-09-01T00:00:00+00:00
2026-02-05,USD,5,0.029642395905111488,SYNTHETIC: seeded teaching dataset; not observed market data,2026-09-01T00:00:00+00:00
2026-02-05,USD,10,0.02396761773007174,SYNTHETIC: seeded teaching dataset; not observed market data,2026-09-01T00:00:00+00:00
2026-02-05,USD,30,0.0299280954226708,SYNTHETIC: seeded teaching dataset; not observed market data,2026-09-01T00:00:00+00:00
2026-02-06,CAD,1,0.013911196633466485,SYNTHETIC: seeded teaching dataset; not observed market data,2026-09-01T00:00:00+00:00
2026-02-06,CAD,2,0.016553259645795383,SYNTHETIC: seeded teaching dataset; not observed market data,2026-09-01T00:00:00+00:00
2026-02-06,CAD,5,0.021544997669948534,SYNTHETIC: seeded teaching dataset; not observed market data,2026-09-01T00:00:00+00:00
2026-02-06,CAD,10,0.022491302582954897,SYNTHETIC: seeded teaching dataset; not observed market data,2026-09-01T00:00:00+00:00
2026-02-06,CAD,30,0.03955654732926836,SYNTHETIC: seeded teaching dataset; not observed market data,2026-09-01T00:00:00+00:00
2026-02-06,USD,1,0.032601269773839134,SYNTHETIC: seeded teaching dataset; not observed market data,2026-09-01T00:00:00+00:00
2026-02-06,USD,2,0.030332526811809903,SYNTHETIC: seeded teaching dataset; not observed market data,2026-09-01T00:00:00+00:00
2026-02-06,USD,5,0.029360974696161907,SYNTHETIC: seeded teaching dataset; not observed market data,2026-09-01T00:00:00+00:00
2026-02-06,USD,10,0.023526603008164542,SYNTHETIC: seeded teaching dataset; not observed market data,2026-09-01T00:00:00+00:00
2026-02-06,USD,30,0.029897397700444136,SYNTHETIC: seeded teaching dataset; not observed market data,2026-09-01T00:00:00+00:00
2026-02-09,CAD,1,0.013543751796890293,SYNTHETIC: seeded teaching dataset; not observed market data,2026-09-01T00:00:00+00:00
2026-02-09,CAD,2,0.016713087770017745,SYNTHETIC: seeded teaching dataset; not observed market data,2026-09-01T00:00:00+00:00
2026-02-09,CAD,5,0.021354472638445112,SYNTHETIC: seeded teaching dataset; not observed market data,2026-09-01T00:00:00+00:00
2026-02-09,CAD,10,0.022268210047182442,SYNTHETIC: seeded teaching dataset; not observed market data,2026-09-01T00:00:00+00:00
2026-02-09,CAD,30,0.03949810861135993,SYNTHETIC: seeded teaching dataset; not observed market data,2026-09-01T00:00:00+00:00
2026-02-09,USD,1,0.032483966266180456,SYNTHETIC: seeded teaching dataset; not observed market data,2026-09-01T00:00:00+00:00
2026-02-09,USD,2,0.03034091776815697,SYNTHETIC: seeded teaching dataset; not observed market data,2026-09-01T00:00:00+00:00
2026-02-09,USD,5,0.02884549717847603,SYNTHETIC: seeded teaching dataset; not observed market data,2026-09-01T00:00:00+00:00
2026-02-09,USD,10,0.023490968902687804,SYNTHETIC: seeded teaching dataset; not observed market data,2026-09-01T00:00:00+00:00
2026-02-09,USD,30,0.02957322317536479,SYNTHETIC: seeded teaching dataset; not observed market data,2026-09-01T00:00:00+00:00
2026-02-10,CAD,1,0.01270126721852172,SYNTHETIC: seeded teaching dataset; not observed market data,2026-09-01T00:00:00+00:00
2026-02-10,CAD,2,0.016405560188964816,SYNTHETIC: seeded teaching dataset; not observed market data,2026-09-01T00:00:00+00:00
2026-02-10,CAD,5,0.02068494820275772,SYNTHETIC: seeded teaching dataset; not observed market data,2026-09-01T00:00:00+00:00
2026-02-10,CAD,10,0.02192502457201393,SYNTHETIC: seeded teaching dataset; not observed market data,2026-09-01T00:00:00+00:00
2026-02-10,CAD,30,0.03893930749169365,SYNTHETIC: seeded teaching dataset; not observed market data,2026-09-01T00:00:00+00:00
2026-02-10,USD,1,0.03210515636685675,SYNTHETIC: seeded teaching dataset; not observed market data,2026-09-01T00:00:00+00:00
2026-02-10,USD,2,0.03011847746014369,SYNTHETIC: seeded teaching dataset; not observed market data,2026-09-01T00:00:00+00:00
2026-02-10,USD,5,0.028073148916720716,SYNTHETIC: seeded teaching dataset; not observed market data,2026-09-01T00:00:00+00:00
2026-02-10,USD,10,0.023081556829698837,SYNTHETIC: seeded teaching dataset; not observed market data,2026-09-01T00:00:00+00:00
2026-02-10,USD,30,0.029100996391944817,SYNTHETIC: seeded teaching dataset; not observed market data,2026-09-01T00:00:00+00:00
2026-02-11,CAD,1,0.01186697320559912,SYNTHETIC: seeded teaching dataset; not observed market data,2026-09-01T00:00:00+00:00
2026-02-11,CAD,2,0.015626903525742294,SYNTHETIC: seeded teaching dataset; not observed market data,2026-09-01T00:00:00+00:00
2026-02-11,CAD,5,0.020071823737198884,SYNTHETIC: seeded teaching dataset; not observed market data,2026-09-01T00:00:00+00:00
2026-02-11,CAD,10,0.021415199629626132,SYNTHETIC: seeded teaching dataset; not observed market data,2026-09-01T00:00:00+00:00
2026-02-11,CAD,30,0.03884070613876821,SYNTHETIC: seeded teaching dataset; not observed market data,2026-09-01T00:00:00+00:00
2026-02-11,USD,1,0.03164647318969549,SYNTHETIC: seeded teaching dataset; not observed market data,2026-09-01T00:00:00+00:00
2026-02-11,USD,2,0.02980909929294711,SYNTHETIC: seeded teaching dataset; not observed market data,2026-09-01T00:00:00+00:00
2026-02-11,USD,5,0.02788842893917507,SYNTHETIC: seeded teaching dataset; not observed market data,2026-09-01T00:00:00+00:00
2026-02-11,USD,10,0.02231974872336266,SYNTHETIC: seeded teaching dataset; not observed market data,2026-09-01T00:00:00+00:00
2026-02-11,USD,30,0.028576106730028052,SYNTHETIC: seeded teaching dataset; not observed market data,2026-09-01T00:00:00+00:00
2026-02-12,CAD,1,0.012052385274900042,SYNTHETIC: seeded teaching dataset; not observed market data,2026-09-01T00:00:00+00:00
2026-02-12,CAD,2,0.01637877615104477,SYNTHETIC: seeded teaching dataset; not observed market data,2026-09-01T00:00:00+00:00
2026-02-12,CAD,5,0.020207649792238592,SYNTHETIC: seeded teaching dataset; not observed market data,2026-09-01T00:00:00+00:00
2026-02-12,CAD,10,0.021799129562665102,SYNTHETIC: seeded teaching dataset; not observed market data,2026-09-01T00:00:00+00:00
2026-02-12,CAD,30,0.03920772575338255,SYNTHETIC: seeded teaching dataset; not observed market data,2026-09-01T00:00:00+00:00
2026-02-12,USD,1,0.032221807446500966,SYNTHETIC: seeded teaching dataset; not observed market data,2026-09-01T00:00:00+00:00
2026-02-12,USD,2,0.030601681477052646,SYNTHETIC: seeded teaching dataset; not observed market data,2026-09-01T00:00:00+00:00
2026-02-12,USD,5,0.02856492241274286,SYNTHETIC: seeded teaching dataset; not observed market data,2026-09-01T00:00:00+00:00
2026-02-12,USD,10,0.02365968820552407,SYNTHETIC: seeded teaching dataset; not observed market data,2026-09-01T00:00:00+00:00
2026-02-12,USD,30,0.029224328375423807,SYNTHETIC: seeded teaching dataset; not observed market data,2026-09-01T00:00:00+00:00
2026-02-13,CAD,1,0.012247850445197942,SYNTHETIC: seeded teaching dataset; not observed market data,2026-09-01T00:00:00+00:00
2026-02-13,CAD,2,0.017035549111110757,SYNTHETIC: seeded teaching dataset; not observed market data,2026-09-01T00:00:00+00:00
2026-02-13,CAD,5,0.02053084424647542,SYNTHETIC: seeded teaching dataset; not observed market data,2026-09-01T00:00:00+00:00
2026-02-13,CAD,10,0.022261375376524062,SYNTHETIC: seeded teaching dataset; not observed market data,2026-09-01T00:00:00+00:00
2026-02-13,CAD,30,0.03929084911423814,SYNTHETIC: seeded teaching dataset; not observed market data,2026-09-01T00:00:00+00:00
2026-02-13,USD,1,0.03188415334164703,SYNTHETIC: seeded teaching dataset; not observed market data,2026-09-01T00:00:00+00:00
2026-02-13,USD,2,0.03107414991444457,SYNTHETIC: seeded teaching dataset; not observed market data,2026-09-01T00:00:00+00:00
2026-02-13,USD,5,0.028991656799605123,SYNTHETIC: seeded teaching dataset; not observed market data,2026-09-01T00:00:00+00:00
2026-02-13,USD,10,0.02368954419240878,SYNTHETIC: seeded teaching dataset; not observed market data,2026-09-01T00:00:00+00:00
2026-02-13,USD,30,0.029224518164118102,SYNTHETIC: seeded teaching dataset; not observed market data,2026-09-01T00:00:00+00:00
2026-02-16,CAD,1,0.011650287881224509,SYNTHETIC: seeded teaching dataset; not observed market data,2026-09-01T00:00:00+00:00
2026-02-16,CAD,2,0.017008617040610158,SYNTHETIC: seeded teaching dataset; not observed market data,2026-09-01T00:00:00+00:00
2026-02-16,CAD,5,0.02073610761020041,SYNTHETIC: seeded teaching dataset; not observed market data,2026-09-01T00:00:00+00:00
2026-02-16,CAD,10,0.021621868926130723,SYNTHETIC: seeded teaching dataset; not observed market data,2026-09-01T00:00:00+00:00
2026-02-16,CAD,30,0.03885354909044449,SYNTHETIC: seeded teaching dataset; not observed market data,2026-09-01T00:00:00+00:00
2026-02-16,USD,1,0.031310982833776216,SYNTHETIC: seeded teaching dataset; not observed market data,2026-09-01T00:00:00+00:00
2026-02-16,USD,2,0.03150519721556423,SYNTHETIC: seeded teaching dataset; not observed market data,2026-09-01T00:00:00+00:00
2026-02-16,USD,5,0.028855210060075544,SYNTHETIC: seeded teaching dataset; not observed market data,2026-09-01T00:00:00+00:00
2026-02-16,USD,10,0.023133672043103116,SYNTHETIC: seeded teaching dataset; not observed market data,2026-09-01T00:00:00+00:00
2026-02-16,USD,30,0.02917013047727775,SYNTHETIC: seeded teaching dataset; not observed market data,2026-09-01T00:00:00+00:00
2026-02-17,CAD,1,0.012368091917652705,SYNTHETIC: seeded teaching dataset; not observed market data,2026-09-01T00:00:00+00:00
2026-02-17,CAD,2,0.017587076313728224,SYNTHETIC: seeded teaching dataset; not observed market data,2026-09-01T00:00:00+00:00
2026-02-17,CAD,5,0.02104226724199013,SYNTHETIC: seeded teaching dataset; not observed market data,2026-09-01T00:00:00+00:00
2026-02-17,CAD,10,0.022123562517483736,SYNTHETIC: seeded teaching dataset; not observed market data,2026-09-01T00:00:00+00:00
2026-02-17,CAD,30,0.03912753576559256,SYNTHETIC: seeded teaching dataset; not observed market data,2026-09-01T00:00:00+00:00
2026-02-17,USD,1,0.031345494008012315,SYNTHETIC: seeded teaching dataset; not observed market data,2026-09-01T00:00:00+00:00
2026-02-17,USD,2,0.03148395111125018,SYNTHETIC: seeded teaching dataset; not observed market data,2026-09-01T00:00:00+00:00
2026-02-17,USD,5,0.029034382479908437,SYNTHETIC: seeded teaching dataset; not observed market data,2026-09-01T00:00:00+00:00
2026-02-17,USD,10,0.02370837109020547,SYNTHETIC: seeded teaching dataset; not observed market data,2026-09-01T00:00:00+00:00
2026-02-17,USD,30,0.028960503534128632,SYNTHETIC: seeded teaching dataset; not observed market data,2026-09-01T00:00:00+00:00
2026-02-18,CAD,1,0.011596242352897964,SYNTHETIC: seeded teaching dataset; not observed market data,2026-09-01T00:00:00+00:00
2026-02-18,CAD,2,0.017255047044222226,SYNTHETIC: seeded teaching dataset; not observed market data,2026-09-01T00:00:00+00:00
2026-02-18,CAD,5,0.02087510877160609,SYNTHETIC: seeded teaching dataset; not observed market data,2026-09-01T00:00:00+00:00
2026-02-18,CAD,10,0.021399957285588835,SYNTHETIC: seeded teaching dataset; not observed market data,2026-09-01T00:00:00+00:00
2026-02-18,CAD,30,0.03835536157175581,SYNTHETIC: seeded teaching dataset; not observed market data,2026-09-01T00:00:00+00:00
2026-02-18,USD,1,0.03082478762883502,SYNTHETIC: seeded teaching dataset; not observed market data,2026-09-01T00:00:00+00:00
2026-02-18,USD,2,0.03099492018720773,SYNTHETIC: seeded teaching dataset; not observed market data,2026-09-01T00:00:00+00:00
2026-02-18,USD,5,0.02929745696225477,SYNTHETIC: seeded teaching dataset; not observed market data,2026-09-01T00:00:00+00:00
2026-02-18,USD,10,0.02317901454786177,SYNTHETIC: seeded teaching dataset; not observed market data,2026-09-01T00:00:00+00:00
2026-02-18,USD,30,0.028407790136034842,SYNTHETIC: seeded teaching dataset; not observed market data,2026-09-01T00:00:00+00:00
2026-02-19,CAD,1,0.010933866119686202,SYNTHETIC: seeded teaching dataset; not observed market data,2026-09-01T00:00:00+00:00
2026-02-19,CAD,2,0.016951321101109675,SYNTHETIC: seeded teaching dataset; not observed market data,2026-09-01T00:00:00+00:00
2026-02-19,CAD,5,0.0201446681706231,SYNTHETIC: seeded teaching dataset; not observed market data,2026-09-01T00:00:00+00:00
2026-02-19,CAD,10,0.020940548326699504,SYNTHETIC: seeded teaching dataset; not observed market data,2026-09-01T00:00:00+00:00
2026-02-19,CAD,30,0.03808065711971823,SYNTHETIC: seeded teaching dataset; not observed market data,2026-09-01T00:00:00+00:00
2026-02-19,USD,1,0.029849811090656053,SYNTHETIC: seeded teaching dataset; not observed market data,2026-09-01T00:00:00+00:00
2026-02-19,USD,2,0.03024509735083735,SYNTHETIC: seeded teaching dataset; not observed market data,2026-09-01T00:00:00+00:00
2026-02-19,USD,5,0.028875186472130027,SYNTHETIC: seeded teaching dataset; not observed market data,2026-09-01T00:00:00+00:00
2026-02-19,USD,10,0.02303827608947955,SYNTHETIC: seeded teaching dataset; not observed market data,2026-09-01T00:00:00+00:00
2026-02-19,USD,30,0.028166792634793245,SYNTHETIC: seeded teaching dataset; not observed market data,2026-09-01T00:00:00+00:00
2026-02-20,CAD,1,0.01109621481388395,SYNTHETIC: seeded teaching dataset; not observed market data,2026-09-01T00:00:00+00:00
2026-02-20,CAD,2,0.017610924962872372,SYNTHETIC: seeded teaching dataset; not observed market data,2026-09-01T00:00:00+00:00
2026-02-20,CAD,5,0.020129528798284262,SYNTHETIC: seeded teaching dataset; not observed market data,2026-09-01T00:00:00+00:00
2026-02-20,CAD,10,0.020673978928602628,SYNTHETIC: seeded teaching dataset; not observed market data,2026-09-01T00:00:00+00:00
2026-02-20,CAD,30,0.03812524338896298,SYNTHETIC: seeded teaching dataset; not observed market data,2026-09-01T00:00:00+00:00
2026-02-20,USD,1,0.0299835400970057,SYNTHETIC: seeded teaching dataset; not observed market data,2026-09-01T00:00:00+00:00
2026-02-20,USD,2,0.030473292283981213,SYNTHETIC: seeded teaching dataset; not observed market data,2026-09-01T00:00:00+00:00
2026-02-20,USD,5,0.028996067070846426,SYNTHETIC: seeded teaching dataset; not observed market data,2026-09-01T00:00:00+00:00
2026-02-20,USD,10,0.022814986859873137,SYNTHETIC: seeded teaching dataset; not observed market data,2026-09-01T00:00:00+00:00
2026-02-20,USD,30,0.02774305005154096,SYNTHETIC: seeded teaching dataset; not observed market data,2026-09-01T00:00:00+00:00
2026-02-23,CAD,1,0.011070890183938222,SYNTHETIC: seeded teaching dataset; not observed market data,2026-09-01T00:00:00+00:00
2026-02-23,CAD,2,0.01716043730535019,SYNTHETIC: seeded teaching dataset; not observed market data,2026-09-01T00:00:00+00:00
2026-02-23,CAD,5,0.020046493135584726,SYNTHETIC: seeded teaching dataset; not observed market data,2026-09-01T00:00:00+00:00
2026-02-23,CAD,10,0.020762565296067098,SYNTHETIC: seeded teaching dataset; not observed market data,2026-09-01T00:00:00+00:00
2026-02-23,CAD,30,0.038493874231014656,SYNTHETIC: seeded teaching dataset; not observed market data,2026-09-01T00:00:00+00:00
2026-02-23,USD,1,0.029335484546589,SYNTHETIC: seeded teaching dataset; not observed market data,2026-09-01T00:00:00+00:00
2026-02-23,USD,2,0.030255143412848344,SYNTHETIC: seeded teaching dataset; not observed market data,2026-09-01T00:00:00+00:00
2026-02-23,USD,5,0.028910792477312236,SYNTHETIC: seeded teaching dataset; not observed market data,2026-09-01T00:00:00+00:00
2026-02-23,USD,10,0.02252775034676362,SYNTHETIC: seeded teaching dataset; not observed market data,2026-09-01T00:00:00+00:00
2026-02-23,USD,30,0.02790714928852778,SYNTHETIC: seeded teaching dataset; not observed market data,2026-09-01T00:00:00+00:00
2026-02-24,CAD,1,0.011799826613907317,SYNTHETIC: seeded teaching dataset; not observed market data,2026-09-01T00:00:00+00:00
2026-02-24,CAD,2,0.017580646392414627,SYNTHETIC: seeded teaching dataset; not observed market data,2026-09-01T00:00:00+00:00
2026-02-24,CAD,5,0.020253539589917057,SYNTHETIC: seeded teaching dataset; not observed market data,2026-09-01T00:00:00+00:00
2026-02-24,CAD,10,0.021481795602848137,SYNTHETIC: seeded teaching dataset; not observed market data,2026-09-01T00:00:00+00:00
2026-02-24,CAD,30,0.03887846886124227,SYNTHETIC: seeded teaching dataset; not observed market data,2026-09-01T00:00:00+00:00
2026-02-24,USD,1,0.030627767500242663,SYNTHETIC: seeded teaching dataset; not observed market data,2026-09-01T00:00:00+00:00
2026-02-24,USD,2,0.03120201929191358,SYNTHETIC: seeded teaching dataset; not observed market data,2026-09-01T00:00:00+00:00
2026-02-24,USD,5,0.029611296053603648,SYNTHETIC: seeded teaching dataset; not observed market data,2026-09-01T00:00:00+00:00
2026-02-24,USD,10,0.023528017942223447,SYNTHETIC: seeded teaching dataset; not observed market data,2026-09-01T00:00:00+00:00
2026-02-24,USD,30,0.028727936314303704,SYNTHETIC: seeded teaching dataset; not observed market data,2026-09-01T00:00:00+00:00
2026-02-25,CAD,1,0.010471409376049939,SYNTHETIC: seeded teaching dataset; not observed market data,2026-09-01T00:00:00+00:00
2026-02-25,CAD,2,0.016846289149048267,SYNTHETIC: seeded teaching dataset; not observed market data,2026-09-01T00:00:00+00:00
2026-02-25,CAD,5,0.01928617693633537,SYNTHETIC: seeded teaching dataset; not observed market data,2026-09-01T00:00:00+00:00
2026-02-25,CAD,10,0.02083144692497451,SYNTHETIC: seeded teaching dataset; not observed market data,2026-09-01T00:00:00+00:00
2026-02-25,CAD,30,0.03775250646464442,SYNTHETIC: seeded teaching dataset; not observed market data,2026-09-01T00:00:00+00:00
2026-02-25,USD,1,0.02997770968628687,SYNTHETIC: seeded teaching dataset; not observed market data,2026-09-01T00:00:00+00:00
2026-02-25,USD,2,0.030293881732179707,SYNTHETIC: seeded teaching dataset; not observed market data,2026-09-01T00:00:00+00:00
2026-02-25,USD,5,0.029225540483482002,SYNTHETIC: seeded teaching dataset; not observed market data,2026-09-01T00:00:00+00:00
2026-02-25,USD,10,0.023046775284737555,SYNTHETIC: seeded teaching dataset; not observed market data,2026-09-01T00:00:00+00:00
2026-02-25,USD,30,0.027463548062735,SYNTHETIC: seeded teaching dataset; not observed market data,2026-09-01T00:00:00+00:00
2026-02-26,CAD,1,0.011156951880842415,SYNTHETIC: seeded teaching dataset; not observed market data,2026-09-01T00:00:00+00:00
2026-02-26,CAD,2,0.016814096976622214,SYNTHETIC: seeded teaching dataset; not observed market data,2026-09-01T00:00:00+00:00
2026-02-26,CAD,5,0.01909716643384422,SYNTHETIC: seeded teaching dataset; not observed market data,2026-09-01T00:00:00+00:00
2026-02-26,CAD,10,0.021153211807049703,SYNTHETIC: seeded teaching dataset; not observed market data,2026-09-01T00:00:00+00:00
2026-02-26,CAD,30,0.03832926014280499,SYNTHETIC: seeded teaching dataset; not observed market data,2026-09-01T00:00:00+00:00
2026-02-26,USD,1,0.029807294272672227,SYNTHETIC: seeded teaching dataset; not observed market data,2026-09-01T00:00:00+00:00
2026-02-26,USD,2,0.030736625251277593,SYNTHETIC: seeded teaching dataset; not observed market data,2026-09-01T00:00:00+00:00
2026-02-26,USD,5,0.028831942887386598,SYNTHETIC: seeded teaching dataset; not observed market data,2026-09-01T00:00:00+00:00
2026-02-26,USD,10,0.023453200977911,SYNTHETIC: seeded teaching dataset; not observed market data,2026-09-01T00:00:00+00:00
2026-02-26,USD,30,0.02811727626445537,SYNTHETIC: seeded teaching dataset; not observed market data,2026-09-01T00:00:00+00:00
2026-02-27,CAD,1,0.011880913470301572,SYNTHETIC: seeded teaching dataset; not observed market data,2026-09-01T00:00:00+00:00
2026-02-27,CAD,2,0.016633097527415264,SYNTHETIC: seeded teaching dataset; not observed market data,2026-09-01T00:00:00+00:00
2026-02-27,CAD,5,0.018933987864045296,SYNTHETIC: seeded teaching dataset; not observed market data,2026-09-01T00:00:00+00:00
2026-02-27,CAD,10,0.021304674961958134,SYNTHETIC: seeded teaching dataset; not observed market data,2026-09-01T00:00:00+00:00
2026-02-27,CAD,30,0.038254151666276215,SYNTHETIC: seeded teaching dataset; not observed market data,2026-09-01T00:00:00+00:00
2026-02-27,USD,1,0.03003238988509496,SYNTHETIC: seeded teaching dataset; not observed market data,2026-09-01T00:00:00+00:00
2026-02-27,USD,2,0.030016365406545613,SYNTHETIC: seeded teaching dataset; not observed market data,2026-09-01T00:00:00+00:00
2026-02-27,USD,5,0.02861737079742778,SYNTHETIC: seeded teaching dataset; not observed market data,2026-09-01T00:00:00+00:00
2026-02-27,USD,10,0.023247271536121838,SYNTHETIC: seeded teaching dataset; not observed market data,2026-09-01T00:00:00+00:00
2026-02-27,USD,30,0.028331268986821066,SYNTHETIC: seeded teaching dataset; not observed market data,2026-09-01T00:00:00+00:00
2026-03-02,CAD,1,0.013112587296035216,SYNTHETIC: seeded teaching dataset; not observed market data,2026-09-01T00:00:00+00:00
2026-03-02,CAD,2,0.0172226485887736,SYNTHETIC: seeded teaching dataset; not observed market data,2026-09-01T00:00:00+00:00
2026-03-02,CAD,5,0.019999510298614413,SYNTHETIC: seeded teaching dataset; not observed market data,2026-09-01T00:00:00+00:00
2026-03-02,CAD,10,0.02264191132627643,SYNTHETIC: seeded teaching dataset; not observed market data,2026-09-01T00:00:00+00:00
2026-03-02,CAD,30,0.0391672825145627,SYNTHETIC: seeded teaching dataset; not observed market data,2026-09-01T00:00:00+00:00
2026-03-02,USD,1,0.0312349225601793,SYNTHETIC: seeded teaching dataset; not observed market data,2026-09-01T00:00:00+00:00
2026-03-02,USD,2,0.030598313542337323,SYNTHETIC: seeded teaching dataset; not observed market data,2026-09-01T00:00:00+00:00
2026-03-02,USD,5,0.029425356084668862,SYNTHETIC: seeded teaching dataset; not observed market data,2026-09-01T00:00:00+00:00
2026-03-02,USD,10,0.023827359271189414,SYNTHETIC: seeded teaching dataset; not observed market data,2026-09-01T00:00:00+00:00
2026-03-02,USD,30,0.029791684735883697,SYNTHETIC: seeded teaching dataset; not observed market data,2026-09-01T00:00:00+00:00
2026-03-03,CAD,1,0.013061468275405035,SYNTHETIC: seeded teaching dataset; not observed market data,2026-09-01T00:00:00+00:00
2026-03-03,CAD,2,0.01746963421120818,SYNTHETIC: seeded teaching dataset; not observed market data,2026-09-01T00:00:00+00:00
2026-03-03,CAD,5,0.02032692999077169,SYNTHETIC: seeded teaching dataset; not observed market data,2026-09-01T00:00:00+00:00
2026-03-03,CAD,10,0.02313630151669257,SYNTHETIC: seeded teaching dataset; not observed market data,2026-09-01T00:00:00+00:00
2026-03-03,CAD,30,0.03929029184280986,SYNTHETIC: seeded teaching dataset; not observed market data,2026-09-01T00:00:00+00:00
2026-03-03,USD,1,0.03124845506350307,SYNTHETIC: seeded teaching dataset; not observed market data,2026-09-01T00:00:00+00:00
2026-03-03,USD,2,0.031226690490250536,SYNTHETIC: seeded teaching dataset; not observed market data,2026-09-01T00:00:00+00:00
2026-03-03,USD,5,0.029258112139193056,SYNTHETIC: seeded teaching dataset; not observed market data,2026-09-01T00:00:00+00:00
2026-03-03,USD,10,0.024279391942638433,SYNTHETIC: seeded teaching dataset; not observed market data,2026-09-01T00:00:00+00:00
2026-03-03,USD,30,0.030477068521584157,SYNTHETIC: seeded teaching dataset; not observed market data,2026-09-01T00:00:00+00:00
2026-03-04,CAD,1,0.013163284502111811,SYNTHETIC: seeded teaching dataset; not observed market data,2026-09-01T00:00:00+00:00
2026-03-04,CAD,2,0.017117497286218003,SYNTHETIC: seeded teaching dataset; not observed market data,2026-09-01T00:00:00+00:00
2026-03-04,CAD,5,0.019871942324445533,SYNTHETIC: seeded teaching dataset; not observed market data,2026-09-01T00:00:00+00:00
2026-03-04,CAD,10,0.02223714615605977,SYNTHETIC: seeded teaching dataset; not observed market data,2026-09-01T00:00:00+00:00
2026-03-04,CAD,30,0.0393035393680684,SYNTHETIC: seeded teaching dataset; not observed market data,2026-09-01T00:00:00+00:00
2026-03-04,USD,1,0.03103458514334666,SYNTHETIC: seeded teaching dataset; not observed market data,2026-09-01T00:00:00+00:00
2026-03-04,USD,2,0.030970874230314582,SYNTHETIC: seeded teaching dataset; not observed market data,2026-09-01T00:00:00+00:00
2026-03-04,USD,5,0.028842518521787645,SYNTHETIC: seeded teaching dataset; not observed market data,2026-09-01T00:00:00+00:00
2026-03-04,USD,10,0.024296583679593777,SYNTHETIC: seeded teaching dataset; not observed market data,2026-09-01T00:00:00+00:00
2026-03-04,USD,30,0.030893367800956684,SYNTHETIC: seeded teaching dataset; not observed market data,2026-09-01T00:00:00+00:00
2026-03-05,CAD,1,0.01393315049347452,SYNTHETIC: seeded teaching dataset; not observed market data,2026-09-01T00:00:00+00:00
2026-03-05,CAD,2,0.01741479097871678,SYNTHETIC: seeded teaching dataset; not observed market data,2026-09-01T00:00:00+00:00
2026-03-05,CAD,5,0.02061753402906164,SYNTHETIC: seeded teaching dataset; not observed market data,2026-09-01T00:00:00+00:00
2026-03-05,CAD,10,0.022641963604782107,SYNTHETIC: seeded teaching dataset; not observed market data,2026-09-01T00:00:00+00:00
2026-03-05,CAD,30,0.03964444950388998,SYNTHETIC: seeded teaching dataset; not observed market data,2026-09-01T00:00:00+00:00
2026-03-05,USD,1,0.030532480025966074,SYNTHETIC: seeded teaching dataset; not observed market data,2026-09-01T00:00:00+00:00
2026-03-05,USD,2,0.031568852527544385,SYNTHETIC: seeded teaching dataset; not observed market data,2026-09-01T00:00:00+00:00
2026-03-05,USD,5,0.028406498106200946,SYNTHETIC: seeded teaching dataset; not observed market data,2026-09-01T00:00:00+00:00
2026-03-05,USD,10,0.024049594564432803,SYNTHETIC: seeded teaching dataset; not observed market data,2026-09-01T00:00:00+00:00
2026-03-05,USD,30,0.031110939195027932,SYNTHETIC: seeded teaching dataset; not observed market data,2026-09-01T00:00:00+00:00
2026-03-06,CAD,1,0.012920320484404477,SYNTHETIC: seeded teaching dataset; not observed market data,2026-09-01T00:00:00+00:00
2026-03-06,CAD,2,0.01740560094078661,SYNTHETIC: seeded teaching dataset; not observed market data,2026-09-01T00:00:00+00:00
2026-03-06,CAD,5,0.020712039793886836,SYNTHETIC: seeded teaching dataset; not observed market data,2026-09-01T00:00:00+00:00
2026-03-06,CAD,10,0.02205019511673286,SYNTHETIC: seeded teaching dataset; not observed market data,2026-09-01T00:00:00+00:00
2026-03-06,CAD,30,0.0392983416687363,SYNTHETIC: seeded teaching dataset; not observed market data,2026-09-01T00:00:00+00:00
2026-03-06,USD,1,0.030480181175468805,SYNTHETIC: seeded teaching dataset; not observed market data,2026-09-01T00:00:00+00:00
2026-03-06,USD,2,0.03144895414197125,SYNTHETIC: seeded teaching dataset; not observed market data,2026-09-01T00:00:00+00:00
2026-03-06,USD,5,0.028809990383851573,SYNTHETIC: seeded teaching dataset; not observed market data,2026-09-01T00:00:00+00:00
2026-03-06,USD,10,0.02458400295261386,SYNTHETIC: seeded teaching dataset; not observed market data,2026-09-01T00:00:00+00:00
2026-03-06,USD,30,0.03158875027567844,SYNTHETIC: seeded teaching dataset; not observed market data,2026-09-01T00:00:00+00:00
2026-03-09,CAD,1,0.012922574716776974,SYNTHETIC: seeded teaching dataset; not observed market data,2026-09-01T00:00:00+00:00
2026-03-09,CAD,2,0.017942764619540044,SYNTHETIC: seeded teaching dataset; not observed market data,2026-09-01T00:00:00+00:00
2026-03-09,CAD,5,0.020982187206987146,SYNTHETIC: seeded teaching dataset; not observed market data,2026-09-01T00:00:00+00:00
2026-03-09,CAD,10,0.0221173064189625,SYNTHETIC: seeded teaching dataset; not observed market data,2026-09-01T00:00:00+00:00
2026-03-09,CAD,30,0.040505601476573026,SYNTHETIC: seeded teaching dataset; not observed market data,2026-09-01T00:00:00+00:00
2026-03-09,USD,1,0.030969852178670283,SYNTHETIC: seeded teaching dataset; not observed market data,2026-09-01T00:00:00+00:00
2026-03-09,USD,2,0.03167152648688303,SYNTHETIC: seeded teaching dataset; not observed market data,2026-09-01T00:00:00+00:00
2026-03-09,USD,5,0.029201411956507807,SYNTHETIC: seeded teaching dataset; not observed market data,2026-09-01T00:00:00+00:00
2026-03-09,USD,10,0.024501078023880987,SYNTHETIC: seeded teaching dataset; not observed market data,2026-09-01T00:00:00+00:00
2026-03-09,USD,30,0.03246111499278432,SYNTHETIC: seeded teaching dataset; not observed market data,2026-09-01T00:00:00+00:00
2026-03-10,CAD,1,0.013427209535743927,SYNTHETIC: seeded teaching dataset; not observed market data,2026-09-01T00:00:00+00:00
2026-03-10,CAD,2,0.017975954891503963,SYNTHETIC: seeded teaching dataset; not observed market data,2026-09-01T00:00:00+00:00
2026-03-10,CAD,5,0.021264859719612835,SYNTHETIC: seeded teaching dataset; not observed market data,2026-09-01T00:00:00+00:00
2026-03-10,CAD,10,0.02276170362788752,SYNTHETIC: seeded teaching dataset; not observed market data,2026-09-01T00:00:00+00:00
2026-03-10,CAD,30,0.04140824595824106,SYNTHETIC: seeded teaching dataset; not observed market data,2026-09-01T00:00:00+00:00
2026-03-10,USD,1,0.030750908062746964,SYNTHETIC: seeded teaching dataset; not observed market data,2026-09-01T00:00:00+00:00
2026-03-10,USD,2,0.03243090422457678,SYNTHETIC: seeded teaching dataset; not observed market data,2026-09-01T00:00:00+00:00
2026-03-10,USD,5,0.029678359217977533,SYNTHETIC: seeded teaching dataset; not observed market data,2026-09-01T00:00:00+00:00
2026-03-10,USD,10,0.02498088416912601,SYNTHETIC: seeded teaching dataset; not observed market data,2026-09-01T00:00:00+00:00
2026-03-10,USD,30,0.03332268228905408,SYNTHETIC: seeded teaching dataset; not observed market data,2026-09-01T00:00:00+00:00
2026-03-11,CAD,1,0.013466944071141938,SYNTHETIC: seeded teaching dataset; not observed market data,2026-09-01T00:00:00+00:00
2026-03-11,CAD,2,0.018251629442943916,SYNTHETIC: seeded teaching dataset; not observed market data,2026-09-01T00:00:00+00:00
2026-03-11,CAD,5,0.02131497250126418,SYNTHETIC: seeded teaching dataset; not observed market data,2026-09-01T00:00:00+00:00
2026-03-11,CAD,10,0.023585889575651275,SYNTHETIC: seeded teaching dataset; not observed market data,2026-09-01T00:00:00+00:00
2026-03-11,CAD,30,0.04165087139838453,SYNTHETIC: seeded teaching dataset; not observed market data,2026-09-01T00:00:00+00:00
2026-03-11,USD,1,0.031347274308182155,SYNTHETIC: seeded teaching dataset; not observed market data,2026-09-01T00:00:00+00:00
2026-03-11,USD,2,0.03319954569160239,SYNTHETIC: seeded teaching dataset; not observed market data,2026-09-01T00:00:00+00:00
2026-03-11,USD,5,0.030446109239769887,SYNTHETIC: seeded teaching dataset; not observed market data,2026-09-01T00:00:00+00:00
2026-03-11,USD,10,0.025048946501094804,SYNTHETIC: seeded teaching dataset; not observed market data,2026-09-01T00:00:00+00:00
2026-03-11,USD,30,0.033414721291365926,SYNTHETIC: seeded teaching dataset; not observed market data,2026-09-01T00:00:00+00:00
2026-03-12,CAD,1,0.012726730689920331,SYNTHETIC: seeded teaching dataset; not observed market data,2026-09-01T00:00:00+00:00
2026-03-12,CAD,2,0.01860459641051279,SYNTHETIC: seeded teaching dataset; not observed market data,2026-09-01T00:00:00+00:00
2026-03-12,CAD,5,0.020985548952731286,SYNTHETIC: seeded teaching dataset; not observed market data,2026-09-01T00:00:00+00:00
2026-03-12,CAD,10,0.024038571796849588,SYNTHETIC: seeded teaching dataset; not observed market data,2026-09-01T00:00:00+00:00
2026-03-12,CAD,30,0.041571499950319134,SYNTHETIC: seeded teaching dataset; not observed market data,2026-09-01T00:00:00+00:00
2026-03-12,USD,1,0.030733187753073325,SYNTHETIC: seeded teaching dataset; not observed market data,2026-09-01T00:00:00+00:00
2026-03-12,USD,2,0.03290680521346806,SYNTHETIC: seeded teaching dataset; not observed market data,2026-09-01T00:00:00+00:00
2026-03-12,USD,5,0.030230247619500543,SYNTHETIC: seeded teaching dataset; not observed market data,2026-09-01T00:00:00+00:00
2026-03-12,USD,10,0.02444423002041855,SYNTHETIC: seeded teaching dataset; not observed market data,2026-09-01T00:00:00+00:00
2026-03-12,USD,30,0.03326795763061538,SYNTHETIC: seeded teaching dataset; not observed market data,2026-09-01T00:00:00+00:00
2026-03-13,CAD,1,0.01330852113509828,SYNTHETIC: seeded teaching dataset; not observed market data,2026-09-01T00:00:00+00:00
2026-03-13,CAD,2,0.019148386697669467,SYNTHETIC: seeded teaching dataset; not observed market data,2026-09-01T00:00:00+00:00
2026-03-13,CAD,5,0.021427956894588828,SYNTHETIC: seeded teaching dataset; not observed market data,2026-09-01T00:00:00+00:00
2026-03-13,CAD,10,0.02415572159836899,SYNTHETIC: seeded teaching dataset; not observed market data,2026-09-01T00:00:00+00:00
2026-03-13,CAD,30,0.041489534598789346,SYNTHETIC: seeded teaching dataset; not observed market data,2026-09-01T00:00:00+00:00
2026-03-13,USD,1,0.0308862392851157,SYNTHETIC: seeded teaching dataset; not observed market data,2026-09-01T00:00:00+00:00
2026-03-13,USD,2,0.03310739430100495,SYNTHETIC: seeded teaching dataset; not observed market data,2026-09-01T00:00:00+00:00
2026-03-13,USD,5,0.030428717260720644,SYNTHETIC: seeded teaching dataset; not observed market data,2026-09-01T00:00:00+00:00
2026-03-13,USD,10,0.02467418493121788,SYNTHETIC: seeded teaching dataset; not observed market data,2026-09-01T00:00:00+00:00
2026-03-13,USD,30,0.0339532774760008,SYNTHETIC: seeded teaching dataset; not observed market data,2026-09-01T00:00:00+00:00
2026-03-16,CAD,1,0.013540103805456994,SYNTHETIC: seeded teaching dataset; not observed market data,2026-09-01T00:00:00+00:00
2026-03-16,CAD,2,0.018919797642645286,SYNTHETIC: seeded teaching dataset; not observed market data,2026-09-01T00:00:00+00:00
2026-03-16,CAD,5,0.021059316083668258,SYNTHETIC: seeded teaching dataset; not observed market data,2026-09-01T00:00:00+00:00
2026-03-16,CAD,10,0.024029280973986003,SYNTHETIC: seeded teaching dataset; not observed market data,2026-09-01T00:00:00+00:00
2026-03-16,CAD,30,0.04208582116111656,SYNTHETIC: seeded teaching dataset; not observed market data,2026-09-01T00:00:00+00:00
2026-03-16,USD,1,0.030597235707361486,SYNTHETIC: seeded teaching dataset; not observed market data,2026-09-01T00:00:00+00:00
2026-03-16,USD,2,0.03341817990714359,SYNTHETIC: seeded teaching dataset; not observed market data,2026-09-01T00:00:00+00:00
2026-03-16,USD,5,0.03117283076838345,SYNTHETIC: seeded teaching dataset; not observed market data,2026-09-01T00:00:00+00:00
2026-03-16,USD,10,0.024564678667442597,SYNTHETIC: seeded teaching dataset; not observed market data,2026-09-01T00:00:00+00:00
2026-03-16,USD,30,0.03454114379715455,SYNTHETIC: seeded teaching dataset; not observed market data,2026-09-01T00:00:00+00:00
2026-03-17,CAD,1,0.013360831274906653,SYNTHETIC: seeded teaching dataset; not observed market data,2026-09-01T00:00:00+00:00
2026-03-17,CAD,2,0.01806727481609073,SYNTHETIC: seeded teaching dataset; not observed market data,2026-09-01T00:00:00+00:00
2026-03-17,CAD,5,0.02094224467168161,SYNTHETIC: seeded teaching dataset; not observed market data,2026-09-01T00:00:00+00:00
2026-03-17,CAD,10,0.023479465396170754,SYNTHETIC: seeded teaching dataset; not observed market data,2026-09-01T00:00:00+00:00
2026-03-17,CAD,30,0.04157125148118223,SYNTHETIC: seeded teaching dataset; not observed market data,2026-09-01T00:00:00+00:00
2026-03-17,USD,1,0.030429130603048946,SYNTHETIC: seeded teaching dataset; not observed market data,2026-09-01T00:00:00+00:00
2026-03-17,USD,2,0.033323758083752014,SYNTHETIC: seeded teaching dataset; not observed market data,2026-09-01T00:00:00+00:00
2026-03-17,USD,5,0.030436711317693405,SYNTHETIC: seeded teaching dataset; not observed market data,2026-09-01T00:00:00+00:00
2026-03-17,USD,10,0.024642048664573247,SYNTHETIC: seeded teaching dataset; not observed market data,2026-09-01T00:00:00+00:00
2026-03-17,USD,30,0.03426623015338703,SYNTHETIC: seeded teaching dataset; not observed market data,2026-09-01T00:00:00+00:00
2026-03-18,CAD,1,0.014043098824875946,SYNTHETIC: seeded teaching dataset; not observed market data,2026-09-01T00:00:00+00:00
2026-03-18,CAD,2,0.017829360282140286,SYNTHETIC: seeded teaching dataset; not observed market data,2026-09-01T00:00:00+00:00
2026-03-18,CAD,5,0.020797183545795097,SYNTHETIC: seeded teaching dataset; not observed market data,2026-09-01T00:00:00+00:00
2026-03-18,CAD,10,0.02350422976519769,SYNTHETIC: seeded teaching dataset; not observed market data,2026-09-01T00:00:00+00:00
2026-03-18,CAD,30,0.04213702289750624,SYNTHETIC: seeded teaching dataset; not observed market data,2026-09-01T00:00:00+00:00
2026-03-18,USD,1,0.030798617501415156,SYNTHETIC: seeded teaching dataset; not observed market data,2026-09-01T00:00:00+00:00
2026-03-18,USD,2,0.03261227960806314,SYNTHETIC: seeded teaching dataset; not observed market data,2026-09-01T00:00:00+00:00
2026-03-18,USD,5,0.031216060851884296,SYNTHETIC: seeded teaching dataset; not observed market data,2026-09-01T00:00:00+00:00
2026-03-18,USD,10,0.024474908450839227,SYNTHETIC: seeded teaching dataset; not observed market data,2026-09-01T00:00:00+00:00
2026-03-18,USD,30,0.03419150686564578,SYNTHETIC: seeded teaching dataset; not observed market data,2026-09-01T00:00:00+00:00
2026-03-19,CAD,1,0.014194450963276744,SYNTHETIC: seeded teaching dataset; not observed market data,2026-09-01T00:00:00+00:00
2026-03-19,CAD,2,0.01818369329734449,SYNTHETIC: seeded teaching dataset; not observed market data,2026-09-01T00:00:00+00:00
2026-03-19,CAD,5,0.020642801071145325,SYNTHETIC: seeded teaching dataset; not observed market data,2026-09-01T00:00:00+00:00
2026-03-19,CAD,10,0.024131569997435397,SYNTHETIC: seeded teaching dataset; not observed market data,2026-09-01T00:00:00+00:00
2026-03-19,CAD,30,0.041956322969002716,SYNTHETIC: seeded teaching dataset; not observed market data,2026-09-01T00:00:00+00:00
2026-03-19,USD,1,0.030544410863184285,SYNTHETIC: seeded teaching dataset; not observed market data,2026-09-01T00:00:00+00:00
2026-03-19,USD,2,0.0328283940252368,SYNTHETIC: seeded teaching dataset; not observed market data,2026-09-01T00:00:00+00:00
2026-03-19,USD,5,0.030778667340446868,SYNTHETIC: seeded teaching dataset; not observed market data,2026-09-01T00:00:00+00:00
2026-03-19,USD,10,0.024557533695687108,SYNTHETIC: seeded teaching dataset; not observed market data,2026-09-01T00:00:00+00:00
2026-03-19,USD,30,0.034200463015956147,SYNTHETIC: seeded teaching dataset; not observed market data,2026-09-01T00:00:00+00:00
2026-03-20,CAD,1,0.015931586650460957,SYNTHETIC: seeded teaching dataset; not observed market data,2026-09-01T00:00:00+00:00
2026-03-20,CAD,2,0.019135581872962437,SYNTHETIC: seeded teaching dataset; not observed market data,2026-09-01T00:00:00+00:00
2026-03-20,CAD,5,0.02176212932413035,SYNTHETIC: seeded teaching dataset; not observed market data,2026-09-01T00:00:00+00:00
2026-03-20,CAD,10,0.02481800501929516,SYNTHETIC: seeded teaching dataset; not observed market data,2026-09-01T00:00:00+00:00
2026-03-20,CAD,30,0.042896219729486894,SYNTHETIC: seeded teaching dataset; not observed market data,2026-09-01T00:00:00+00:00
2026-03-20,USD,1,0.03155528391085437,SYNTHETIC: seeded teaching dataset; not observed market data,2026-09-01T00:00:00+00:00
2026-03-20,USD,2,0.03331725153273122,SYNTHETIC: seeded teaching dataset; not observed market data,2026-09-01T00:00:00+00:00
2026-03-20,USD,5,0.031900380374050415,SYNTHETIC: seeded teaching dataset; not observed market data,2026-09-01T00:00:00+00:00
2026-03-20,USD,10,0.026216377520244732,SYNTHETIC: seeded teaching dataset; not observed market data,2026-09-01T00:00:00+00:00
2026-03-20,USD,30,0.03532078613741054,SYNTHETIC: seeded teaching dataset; not observed market data,2026-09-01T00:00:00+00:00
2026-03-23,CAD,1,0.01645430449174216,SYNTHETIC: seeded teaching dataset; not observed market data,2026-09-01T00:00:00+00:00
2026-03-23,CAD,2,0.019258626277294792,SYNTHETIC: seeded teaching dataset; not observed market data,2026-09-01T00:00:00+00:00
2026-03-23,CAD,5,0.022509949876906573,SYNTHETIC: seeded teaching dataset; not observed market data,2026-09-01T00:00:00+00:00
2026-03-23,CAD,10,0.025034672593411723,SYNTHETIC: seeded teaching dataset; not observed market data,2026-09-01T00:00:00+00:00
2026-03-23,CAD,30,0.043410348366895564,SYNTHETIC: seeded teaching dataset; not observed market data,2026-09-01T00:00:00+00:00
2026-03-23,USD,1,0.032317384065277746,SYNTHETIC: seeded teaching dataset; not observed market data,2026-09-01T00:00:00+00:00
2026-03-23,USD,2,0.03414173967018589,SYNTHETIC: seeded teaching dataset; not observed market data,2026-09-01T00:00:00+00:00
2026-03-23,USD,5,0.03251542381161124,SYNTHETIC: seeded teaching dataset; not observed market data,2026-09-01T00:00:00+00:00
2026-03-23,USD,10,0.026469020953277213,SYNTHETIC: seeded teaching dataset; not observed market data,2026-09-01T00:00:00+00:00
2026-03-23,USD,30,0.03587091559956824,SYNTHETIC: seeded teaching dataset; not observed market data,2026-09-01T00:00:00+00:00
2026-03-24,CAD,1,0.016991623099967487,SYNTHETIC: seeded teaching dataset; not observed market data,2026-09-01T00:00:00+00:00
2026-03-24,CAD,2,0.020162553500509543,SYNTHETIC: seeded teaching dataset; not observed market data,2026-09-01T00:00:00+00:00
2026-03-24,CAD,5,0.02408422891199016,SYNTHETIC: seeded teaching dataset; not observed market data,2026-09-01T00:00:00+00:00
2026-03-24,CAD,10,0.0257586796617501,SYNTHETIC: seeded teaching dataset; not observed market data,2026-09-01T00:00:00+00:00
2026-03-24,CAD,30,0.04426842739548305,SYNTHETIC: seeded teaching dataset; not observed market data,2026-09-01T00:00:00+00:00
2026-03-24,USD,1,0.03351959596032149,SYNTHETIC: seeded teaching dataset; not observed market data,2026-09-01T00:00:00+00:00
2026-03-24,USD,2,0.03475470151150766,SYNTHETIC: seeded teaching dataset; not observed market data,2026-09-01T00:00:00+00:00
2026-03-24,USD,5,0.0334952155405554,SYNTHETIC: seeded teaching dataset; not observed market data,2026-09-01T00:00:00+00:00
2026-03-24,USD,10,0.027041560713425738,SYNTHETIC: seeded teaching dataset; not observed market data,2026-09-01T00:00:00+00:00
2026-03-24,USD,30,0.036644804944526585,SYNTHETIC: seeded teaching dataset; not observed market data,2026-09-01T00:00:00+00:00
2026-03-25,CAD,1,0.017568961405670432,SYNTHETIC: seeded teaching dataset; not observed market data,2026-09-01T00:00:00+00:00
2026-03-25,CAD,2,0.020791490051097136,SYNTHETIC: seeded teaching dataset; not observed market data,2026-09-01T00:00:00+00:00
2026-03-25,CAD,5,0.025111999550908645,SYNTHETIC: seeded teaching dataset; not observed market data,2026-09-01T00:00:00+00:00
2026-03-25,CAD,10,0.026978414837576112,SYNTHETIC: seeded teaching dataset; not observed market data,2026-09-01T00:00:00+00:00
2026-03-25,CAD,30,0.045400731090732276,SYNTHETIC: seeded teaching dataset; not observed market data,2026-09-01T00:00:00+00:00
2026-03-25,USD,1,0.03490756152793162,SYNTHETIC: seeded teaching dataset; not observed market data,2026-09-01T00:00:00+00:00
2026-03-25,USD,2,0.034818526492453664,SYNTHETIC: seeded teaching dataset; not observed market data,2026-09-01T00:00:00+00:00
2026-03-25,USD,5,0.034161495059673794,SYNTHETIC: seeded teaching dataset; not observed market data,2026-09-01T00:00:00+00:00
2026-03-25,USD,10,0.028326515750896463,SYNTHETIC: seeded teaching dataset; not observed market data,2026-09-01T00:00:00+00:00
2026-03-25,USD,30,0.03729482657603306,SYNTHETIC: seeded teaching dataset; not observed market data,2026-09-01T00:00:00+00:00
2026-03-26,CAD,1,0.016789044334347008,SYNTHETIC: seeded teaching dataset; not observed market data,2026-09-01T00:00:00+00:00
2026-03-26,CAD,2,0.020630331986474355,SYNTHETIC: seeded teaching dataset; not observed market data,2026-09-01T00:00:00+00:00
2026-03-26,CAD,5,0.025058408869654502,SYNTHETIC: seeded teaching dataset; not observed market data,2026-09-01T00:00:00+00:00
2026-03-26,CAD,10,0.025468737992114077,SYNTHETIC: seeded teaching dataset; not observed market data,2026-09-01T00:00:00+00:00
2026-03-26,CAD,30,0.045726785180092794,SYNTHETIC: seeded teaching dataset; not observed market data,2026-09-01T00:00:00+00:00
2026-03-26,USD,1,0.0341712519023972,SYNTHETIC: seeded teaching dataset; not observed market data,2026-09-01T00:00:00+00:00
2026-03-26,USD,2,0.03463855484308672,SYNTHETIC: seeded teaching dataset; not observed market data,2026-09-01T00:00:00+00:00
2026-03-26,USD,5,0.033705859010324704,SYNTHETIC: seeded teaching dataset; not observed market data,2026-09-01T00:00:00+00:00
2026-03-26,USD,10,0.027997339811380525,SYNTHETIC: seeded teaching dataset; not observed market data,2026-09-01T00:00:00+00:00
2026-03-26,USD,30,0.036576815078288666,SYNTHETIC: seeded teaching dataset; not observed market data,2026-09-01T00:00:00+00:00
2026-03-27,CAD,1,0.01718635835880748,SYNTHETIC: seeded teaching dataset; not observed market data,2026-09-01T00:00:00+00:00
2026-03-27,CAD,2,0.020137966368220225,SYNTHETIC: seeded teaching dataset; not observed market data,2026-09-01T00:00:00+00:00
2026-03-27,CAD,5,0.024829949209755033,SYNTHETIC: seeded teaching dataset; not observed market data,2026-09-01T00:00:00+00:00
2026-03-27,CAD,10,0.02520813729771522,SYNTHETIC: seeded teaching dataset; not observed market data,2026-09-01T00:00:00+00:00
2026-03-27,CAD,30,0.04477826823598937,SYNTHETIC: seeded teaching dataset; not observed market data,2026-09-01T00:00:00+00:00
2026-03-27,USD,1,0.03356057333888458,SYNTHETIC: seeded teaching dataset; not observed market data,2026-09-01T00:00:00+00:00
2026-03-27,USD,2,0.0345482779475759,SYNTHETIC: seeded teaching dataset; not observed market data,2026-09-01T00:00:00+00:00
2026-03-27,USD,5,0.03365821505085958,SYNTHETIC: seeded teaching dataset; not observed market data,2026-09-01T00:00:00+00:00
2026-03-27,USD,10,0.027930118124545076,SYNTHETIC: seeded teaching dataset; not observed market data,2026-09-01T00:00:00+00:00
2026-03-27,USD,30,0.0367052131030598,SYNTHETIC: seeded teaching dataset; not observed market data,2026-09-01T00:00:00+00:00
2026-03-30,CAD,1,0.01735834499856725,SYNTHETIC: seeded teaching dataset; not observed market data,2026-09-01T00:00:00+00:00
2026-03-30,CAD,2,0.02030208227577511,SYNTHETIC: seeded teaching dataset; not observed market data,2026-09-01T00:00:00+00:00
2026-03-30,CAD,5,0.025870350271130483,SYNTHETIC: seeded teaching dataset; not observed market data,2026-09-01T00:00:00+00:00
2026-03-30,CAD,10,0.025423588937010397,SYNTHETIC: seeded teaching dataset; not observed market data,2026-09-01T00:00:00+00:00
2026-03-30,CAD,30,0.044867983396060594,SYNTHETIC: seeded teaching dataset; not observed market data,2026-09-01T00:00:00+00:00
2026-03-30,USD,1,0.03388888833030847,SYNTHETIC: seeded teaching dataset; not observed market data,2026-09-01T00:00:00+00:00
2026-03-30,USD,2,0.034658132348509084,SYNTHETIC: seeded teaching dataset; not observed market data,2026-09-01T00:00:00+00:00
2026-03-30,USD,5,0.033569779130397034,SYNTHETIC: seeded teaching dataset; not observed market data,2026-09-01T00:00:00+00:00
2026-03-30,USD,10,0.02801638822681157,SYNTHETIC: seeded teaching dataset; not observed market data,2026-09-01T00:00:00+00:00
2026-03-30,USD,30,0.036850388088541436,SYNTHETIC: seeded teaching dataset; not observed market data,2026-09-01T00:00:00+00:00
2026-03-31,CAD,1,0.01752289502241044,SYNTHETIC: seeded teaching dataset; not observed market data,2026-09-01T00:00:00+00:00
2026-03-31,CAD,2,0.020595597796246375,SYNTHETIC: seeded teaching dataset; not observed market data,2026-09-01T00:00:00+00:00
2026-03-31,CAD,5,0.026387308491902874,SYNTHETIC: seeded teaching dataset; not observed market data,2026-09-01T00:00:00+00:00
2026-03-31,CAD,10,0.0254746302488836,SYNTHETIC: seeded teaching dataset; not observed market data,2026-09-01T00:00:00+00:00
2026-03-31,CAD,30,0.04400142964653294,SYNTHETIC: seeded teaching dataset; not observed market data,2026-09-01T00:00:00+00:00
2026-03-31,USD,1,0.033553693860107606,SYNTHETIC: seeded teaching dataset; not observed market data,2026-09-01T00:00:00+00:00
2026-03-31,USD,2,0.03476076043945857,SYNTHETIC: seeded teaching dataset; not observed market data,2026-09-01T00:00:00+00:00
2026-03-31,USD,5,0.03327748159727413,SYNTHETIC: seeded teaching dataset; not observed market data,2026-09-01T00:00:00+00:00
2026-03-31,USD,10,0.028252378611968092,SYNTHETIC: seeded teaching dataset; not observed market data,2026-09-01T00:00:00+00:00
2026-03-31,USD,30,0.03704764867951432,SYNTHETIC: seeded teaching dataset; not observed market data,2026-09-01T00:00:00+00:00
2026-04-01,CAD,1,0.017373815435732975,SYNTHETIC: seeded teaching dataset; not observed market data,2026-09-01T00:00:00+00:00
2026-04-01,CAD,2,0.02110582682075785,SYNTHETIC: seeded teaching dataset; not observed market data,2026-09-01T00:00:00+00:00
2026-04-01,CAD,5,0.026021247722281805,SYNTHETIC: seeded teaching dataset; not observed market data,2026-09-01T00:00:00+00:00
2026-04-01,CAD,10,0.025438704483705138,SYNTHETIC: seeded teaching dataset; not observed market data,2026-09-01T00:00:00+00:00
2026-04-01,CAD,30,0.04404659426100954,SYNTHETIC: seeded teaching dataset; not observed market data,2026-09-01T00:00:00+00:00
2026-04-01,USD,1,0.033755780485498474,SYNTHETIC: seeded teaching dataset; not observed market data,2026-09-01T00:00:00+00:00
2026-04-01,USD,2,0.033749819921108856,SYNTHETIC: seeded teaching dataset; not observed market data,2026-09-01T00:00:00+00:00
2026-04-01,USD,5,0.03315777055832474,SYNTHETIC: seeded teaching dataset; not observed market data,2026-09-01T00:00:00+00:00
2026-04-01,USD,10,0.028224695391350977,SYNTHETIC: seeded teaching dataset; not observed market data,2026-09-01T00:00:00+00:00
2026-04-01,USD,30,0.036953481088615764,SYNTHETIC: seeded teaching dataset; not observed market data,2026-09-01T00:00:00+00:00
2026-04-02,CAD,1,0.017286023854460587,SYNTHETIC: seeded teaching dataset; not observed market data,2026-09-01T00:00:00+00:00
2026-04-02,CAD,2,0.020723571152963007,SYNTHETIC: seeded teaching dataset; not observed market data,2026-09-01T00:00:00+00:00
2026-04-02,CAD,5,0.02578580889262432,SYNTHETIC: seeded teaching dataset; not observed market data,2026-09-01T00:00:00+00:00
2026-04-02,CAD,10,0.02500181268963462,SYNTHETIC: seeded teaching dataset; not observed market data,2026-09-01T00:00:00+00:00
2026-04-02,CAD,30,0.04374850238970475,SYNTHETIC: seeded teaching dataset; not observed market data,2026-09-01T00:00:00+00:00
2026-04-02,USD,1,0.03368632706793562,SYNTHETIC: seeded teaching dataset; not observed market data,2026-09-01T00:00:00+00:00
2026-04-02,USD,2,0.03309116479852081,SYNTHETIC: seeded teaching dataset; not observed market data,2026-09-01T00:00:00+00:00
2026-04-02,USD,5,0.033078931682208254,SYNTHETIC: seeded teaching dataset; not observed market data,2026-09-01T00:00:00+00:00
2026-04-02,USD,10,0.02831077107025842,SYNTHETIC: seeded teaching dataset; not observed market data,2026-09-01T00:00:00+00:00
2026-04-02,USD,30,0.03682110049984461,SYNTHETIC: seeded teaching dataset; not observed market data,2026-09-01T00:00:00+00:00
2026-04-03,CAD,1,0.01694711581933134,SYNTHETIC: seeded teaching dataset; not observed market data,2026-09-01T00:00:00+00:00
2026-04-03,CAD,2,0.021043632685821878,SYNTHETIC: seeded teaching dataset; not observed market data,2026-09-01T00:00:00+00:00
2026-04-03,CAD,5,0.026278873454434918,SYNTHETIC: seeded teaching dataset; not observed market data,2026-09-01T00:00:00+00:00
2026-04-03,CAD,10,0.026121327068903695,SYNTHETIC: seeded teaching dataset; not observed market data,2026-09-01T00:00:00+00:00
2026-04-03,CAD,30,0.044592925976044195,SYNTHETIC: seeded teaching dataset; not observed market data,2026-09-01T00:00:00+00:00
2026-04-03,USD,1,0.03387380469309893,SYNTHETIC: seeded teaching dataset; not observed market data,2026-09-01T00:00:00+00:00
2026-04-03,USD,2,0.03308496409273856,SYNTHETIC: seeded teaching dataset; not observed market data,2026-09-01T00:00:00+00:00
2026-04-03,USD,5,0.03291928571005456,SYNTHETIC: seeded teaching dataset; not observed market data,2026-09-01T00:00:00+00:00
2026-04-03,USD,10,0.027679045757198113,SYNTHETIC: seeded teaching dataset; not observed market data,2026-09-01T00:00:00+00:00
2026-04-03,USD,30,0.03742379433968835,SYNTHETIC: seeded teaching dataset; not observed market data,2026-09-01T00:00:00+00:00
2026-04-06,CAD,1,0.017524416662271478,SYNTHETIC: seeded teaching dataset; not observed market data,2026-09-01T00:00:00+00:00
2026-04-06,CAD,2,0.02174182801849965,SYNTHETIC: seeded teaching dataset; not observed market data,2026-09-01T00:00:00+00:00
2026-04-06,CAD,5,0.02599771045692822,SYNTHETIC: seeded teaching dataset; not observed market data,2026-09-01T00:00:00+00:00
2026-04-06,CAD,10,0.025748597252551554,SYNTHETIC: seeded teaching dataset; not observed market data,2026-09-01T00:00:00+00:00
2026-04-06,CAD,30,0.0443931443705029,SYNTHETIC: seeded teaching dataset; not observed market data,2026-09-01T00:00:00+00:00
2026-04-06,USD,1,0.03404901726609179,SYNTHETIC: seeded teaching dataset; not observed market data,2026-09-01T00:00:00+00:00
2026-04-06,USD,2,0.03326737809625094,SYNTHETIC: seeded teaching dataset; not observed market data,2026-09-01T00:00:00+00:00
2026-04-06,USD,5,0.03320612917778742,SYNTHETIC: seeded teaching dataset; not observed market data,2026-09-01T00:00:00+00:00
2026-04-06,USD,10,0.027730844738533583,SYNTHETIC: seeded teaching dataset; not observed market data,2026-09-01T00:00:00+00:00
2026-04-06,USD,30,0.03767236948654828,SYNTHETIC: seeded teaching dataset; not observed market data,2026-09-01T00:00:00+00:00
2026-04-07,CAD,1,0.016968616367201258,SYNTHETIC: seeded teaching dataset; not observed market data,2026-09-01T00:00:00+00:00
2026-04-07,CAD,2,0.02139700798083083,SYNTHETIC: seeded teaching dataset; not observed market data,2026-09-01T00:00:00+00:00
2026-04-07,CAD,5,0.025481137712110847,SYNTHETIC: seeded teaching dataset; not observed market data,2026-09-01T00:00:00+00:00
2026-04-07,CAD,10,0.025034375822857856,SYNTHETIC: seeded teaching dataset; not observed market data,2026-09-01T00:00:00+00:00
2026-04-07,CAD,30,0.04369080159584587,SYNTHETIC: seeded teaching dataset; not observed market data,2026-09-01T00:00:00+00:00
2026-04-07,USD,1,0.03314877401584693,SYNTHETIC: seeded teaching dataset; not observed market data,2026-09-01T00:00:00+00:00
2026-04-07,USD,2,0.03207153271088246,SYNTHETIC: seeded teaching dataset; not observed market data,2026-09-01T00:00:00+00:00
2026-04-07,USD,5,0.03261561907478654,SYNTHETIC: seeded teaching dataset; not observed market data,2026-09-01T00:00:00+00:00
2026-04-07,USD,10,0.027829096599375238,SYNTHETIC: seeded teaching dataset; not observed market data,2026-09-01T00:00:00+00:00
2026-04-07,USD,30,0.03682771106667594,SYNTHETIC: seeded teaching dataset; not observed market data,2026-09-01T00:00:00+00:00
2026-04-08,CAD,1,0.0177983258864283,SYNTHETIC: seeded teaching dataset; not observed market data,2026-09-01T00:00:00+00:00
2026-04-08,CAD,2,0.021926275960194322,SYNTHETIC: seeded teaching dataset; not observed market data,2026-09-01T00:00:00+00:00
2026-04-08,CAD,5,0.025743580636224627,SYNTHETIC: seeded teaching dataset; not observed market data,2026-09-01T00:00:00+00:00
2026-04-08,CAD,10,0.02520192563332809,SYNTHETIC: seeded teaching dataset; not observed market data,2026-09-01T00:00:00+00:00
2026-04-08,CAD,30,0.04339237790156249,SYNTHETIC: seeded teaching dataset; not observed market data,2026-09-01T00:00:00+00:00
2026-04-08,USD,1,0.03397675182755486,SYNTHETIC: seeded teaching dataset; not observed market data,2026-09-01T00:00:00+00:00
2026-04-08,USD,2,0.03213359383438236,SYNTHETIC: seeded teaching dataset; not observed market data,2026-09-01T00:00:00+00:00
2026-04-08,USD,5,0.032174342829924533,SYNTHETIC: seeded teaching dataset; not observed market data,2026-09-01T00:00:00+00:00
2026-04-08,USD,10,0.027537427333656276,SYNTHETIC: seeded teaching dataset; not observed market data,2026-09-01T00:00:00+00:00
2026-04-08,USD,30,0.03713928499616921,SYNTHETIC: seeded teaching dataset; not observed market data,2026-09-01T00:00:00+00:00
2026-04-09,CAD,1,0.018350203275166854,SYNTHETIC: seeded teaching dataset; not observed market data,2026-09-01T00:00:00+00:00
2026-04-09,CAD,2,0.022033758287357624,SYNTHETIC: seeded teaching dataset; not observed market data,2026-09-01T00:00:00+00:00
2026-04-09,CAD,5,0.02615182485633256,SYNTHETIC: seeded teaching dataset; not observed market data,2026-09-01T00:00:00+00:00
2026-04-09,CAD,10,0.02539354903206526,SYNTHETIC: seeded teaching dataset; not observed market data,2026-09-01T00:00:00+00:00
2026-04-09,CAD,30,0.04317659208863193,SYNTHETIC: seeded teaching dataset; not observed market data,2026-09-01T00:00:00+00:00
2026-04-09,USD,1,0.03389721696908887,SYNTHETIC: seeded teaching dataset; not observed market data,2026-09-01T00:00:00+00:00
2026-04-09,USD,2,0.03234053486145042,SYNTHETIC: seeded teaching dataset; not observed market data,2026-09-01T00:00:00+00:00
2026-04-09,USD,5,0.03284261289946944,SYNTHETIC: seeded teaching dataset; not observed market data,2026-09-01T00:00:00+00:00
2026-04-09,USD,10,0.028037736105399388,SYNTHETIC: seeded teaching dataset; not observed market data,2026-09-01T00:00:00+00:00
2026-04-09,USD,30,0.03733667235396458,SYNTHETIC: seeded teaching dataset; not observed market data,2026-09-01T00:00:00+00:00
2026-04-10,CAD,1,0.01750102361387069,SYNTHETIC: seeded teaching dataset; not observed market data,2026-09-01T00:00:00+00:00
2026-04-10,CAD,2,0.021979636935599726,SYNTHETIC: seeded teaching dataset; not observed market data,2026-09-01T00:00:00+00:00
2026-04-10,CAD,5,0.026058019661809966,SYNTHETIC: seeded teaching dataset; not observed market data,2026-09-01T00:00:00+00:00
2026-04-10,CAD,10,0.024520073475855504,SYNTHETIC: seeded teaching dataset; not observed market data,2026-09-01T00:00:00+00:00
2026-04-10,CAD,30,0.042497189375065664,SYNTHETIC: seeded teaching dataset; not observed market data,2026-09-01T00:00:00+00:00
2026-04-10,USD,1,0.033688971075629334,SYNTHETIC: seeded teaching dataset; not observed market data,2026-09-01T00:00:00+00:00
2026-04-10,USD,2,0.032642331395764494,SYNTHETIC: seeded teaching dataset; not observed market data,2026-09-01T00:00:00+00:00
2026-04-10,USD,5,0.03233151457110141,SYNTHETIC: seeded teaching dataset; not observed market data,2026-09-01T00:00:00+00:00
2026-04-10,USD,10,0.028042577493611238,SYNTHETIC: seeded teaching dataset; not observed market data,2026-09-01T00:00:00+00:00
2026-04-10,USD,30,0.03673766752658106,SYNTHETIC: seeded teaching dataset; not observed market data,2026-09-01T00:00:00+00:00
2026-04-13,CAD,1,0.01748315963788156,SYNTHETIC: seeded teaching dataset; not observed market data,2026-09-01T00:00:00+00:00
2026-04-13,CAD,2,0.022906130360917612,SYNTHETIC: seeded teaching dataset; not observed market data,2026-09-01T00:00:00+00:00
2026-04-13,CAD,5,0.026208365700146386,SYNTHETIC: seeded teaching dataset; not observed market data,2026-09-01T00:00:00+00:00
2026-04-13,CAD,10,0.02448341786197754,SYNTHETIC: seeded teaching dataset; not observed market data,2026-09-01T00:00:00+00:00
2026-04-13,CAD,30,0.04277287206705174,SYNTHETIC: seeded teaching dataset; not observed market data,2026-09-01T00:00:00+00:00
2026-04-13,USD,1,0.03392598386331781,SYNTHETIC: seeded teaching dataset; not observed market data,2026-09-01T00:00:00+00:00
2026-04-13,USD,2,0.03221867276673337,SYNTHETIC: seeded teaching dataset; not observed market data,2026-09-01T00:00:00+00:00
2026-04-13,USD,5,0.032845187995075575,SYNTHETIC: seeded teaching dataset; not observed market data,2026-09-01T00:00:00+00:00
2026-04-13,USD,10,0.028569441996734894,SYNTHETIC: seeded teaching dataset; not observed market data,2026-09-01T00:00:00+00:00
2026-04-13,USD,30,0.0365742181799623,SYNTHETIC: seeded teaching dataset; not observed market data,2026-09-01T00:00:00+00:00
2026-04-14,CAD,1,0.017054931755837218,SYNTHETIC: seeded teaching dataset; not observed market data,2026-09-01T00:00:00+00:00
2026-04-14,CAD,2,0.02276409202114947,SYNTHETIC: seeded teaching dataset; not observed market data,2026-09-01T00:00:00+00:00
2026-04-14,CAD,5,0.025630417392477862,SYNTHETIC: seeded teaching dataset; not observed market data,2026-09-01T00:00:00+00:00
2026-04-14,CAD,10,0.024957784224287793,SYNTHETIC: seeded teaching dataset; not observed market data,2026-09-01T00:00:00+00:00
2026-04-14,CAD,30,0.04218403506914468,SYNTHETIC: seeded teaching dataset; not observed market data,2026-09-01T00:00:00+00:00
2026-04-14,USD,1,0.034242134668883276,SYNTHETIC: seeded teaching dataset; not observed market data,2026-09-01T00:00:00+00:00
2026-04-14,USD,2,0.03205076975329543,SYNTHETIC: seeded teaching dataset; not observed market data,2026-09-01T00:00:00+00:00
2026-04-14,USD,5,0.03287013889003579,SYNTHETIC: seeded teaching dataset; not observed market data,2026-09-01T00:00:00+00:00
2026-04-14,USD,10,0.028135367721042453,SYNTHETIC: seeded teaching dataset; not observed market data,2026-09-01T00:00:00+00:00
2026-04-14,USD,30,0.03689719126282806,SYNTHETIC: seeded teaching dataset; not observed market data,2026-09-01T00:00:00+00:00
2026-04-15,CAD,1,0.016859275980882733,SYNTHETIC: seeded teaching dataset; not observed market data,2026-09-01T00:00:00+00:00
2026-04-15,CAD,2,0.02251001714911844,SYNTHETIC: seeded teaching dataset; not observed market data,2026-09-01T00:00:00+00:00
2026-04-15,CAD,5,0.02596890781252321,SYNTHETIC: seeded teaching dataset; not observed market data,2026-09-01T00:00:00+00:00
2026-04-15,CAD,10,0.024801235679634097,SYNTHETIC: seeded teaching dataset; not observed market data,2026-09-01T00:00:00+00:00
2026-04-15,CAD,30,0.04233209213525865,SYNTHETIC: seeded teaching dataset; not observed market data,2026-09-01T00:00:00+00:00
2026-04-15,USD,1,0.03380706198254242,SYNTHETIC: seeded teaching dataset; not observed market data,2026-09-01T00:00:00+00:00
2026-04-15,USD,2,0.03213410504214652,SYNTHETIC: seeded teaching dataset; not observed market data,2026-09-01T00:00:00+00:00
2026-04-15,USD,5,0.03300989763983736,SYNTHETIC: seeded teaching dataset; not observed market data,2026-09-01T00:00:00+00:00
2026-04-15,USD,10,0.028155325022341793,SYNTHETIC: seeded teaching dataset; not observed market data,2026-09-01T00:00:00+00:00
2026-04-15,USD,30,0.036478326917566,SYNTHETIC: seeded teaching dataset; not observed market data,2026-09-01T00:00:00+00:00
2026-04-16,CAD,1,0.01718612668374685,SYNTHETIC: seeded teaching dataset; not observed market data,2026-09-01T00:00:00+00:00
2026-04-16,CAD,2,0.022573442583206794,SYNTHETIC: seeded teaching dataset; not observed market data,2026-09-01T00:00:00+00:00
2026-04-16,CAD,5,0.02541739039110662,SYNTHETIC: seeded teaching dataset; not observed market data,2026-09-01T00:00:00+00:00
2026-04-16,CAD,10,0.025060936115979114,SYNTHETIC: seeded teaching dataset; not observed market data,2026-09-01T00:00:00+00:00
2026-04-16,CAD,30,0.04294198037358386,SYNTHETIC: seeded teaching dataset; not observed market data,2026-09-01T00:00:00+00:00
2026-04-16,USD,1,0.03443336985046398,SYNTHETIC: seeded teaching dataset; not observed market data,2026-09-01T00:00:00+00:00
2026-04-16,USD,2,0.032058942979077486,SYNTHETIC: seeded teaching dataset; not observed market data,2026-09-01T00:00:00+00:00
2026-04-16,USD,5,0.033528967450173114,SYNTHETIC: seeded teaching dataset; not observed market data,2026-09-01T00:00:00+00:00
2026-04-16,USD,10,0.028166268010232056,SYNTHETIC: seeded teaching dataset; not observed market data,2026-09-01T00:00:00+00:00
2026-04-16,USD,30,0.036361313472731964,SYNTHETIC: seeded teaching dataset; not observed market data,2026-09-01T00:00:00+00:00
2026-04-17,CAD,1,0.017786454861332148,SYNTHETIC: seeded teaching dataset; not observed market data,2026-09-01T00:00:00+00:00
2026-04-17,CAD,2,0.02304679364287293,SYNTHETIC: seeded teaching dataset; not observed market data,2026-09-01T00:00:00+00:00
2026-04-17,CAD,5,0.026217133189928705,SYNTHETIC: seeded teaching dataset; not observed market data,2026-09-01T00:00:00+00:00
2026-04-17,CAD,10,0.02629655617650512,SYNTHETIC: seeded teaching dataset; not observed market data,2026-09-01T00:00:00+00:00
2026-04-17,CAD,30,0.04338335916358237,SYNTHETIC: seeded teaching dataset; not observed market data,2026-09-01T00:00:00+00:00
2026-04-17,USD,1,0.03456369283313382,SYNTHETIC: seeded teaching dataset; not observed market data,2026-09-01T00:00:00+00:00
2026-04-17,USD,2,0.03315952538876147,SYNTHETIC: seeded teaching dataset; not observed market data,2026-09-01T00:00:00+00:00
2026-04-17,USD,5,0.0340717365750358,SYNTHETIC: seeded teaching dataset; not observed market data,2026-09-01T00:00:00+00:00
2026-04-17,USD,10,0.02825643176889087,SYNTHETIC: seeded teaching dataset; not observed market data,2026-09-01T00:00:00+00:00
2026-04-17,USD,30,0.036729014712029114,SYNTHETIC: seeded teaching dataset; not observed market data,2026-09-01T00:00:00+00:00
2026-04-20,CAD,1,0.017650634265446472,SYNTHETIC: seeded teaching dataset; not observed market data,2026-09-01T00:00:00+00:00
2026-04-20,CAD,2,0.02341163129288585,SYNTHETIC: seeded teaching dataset; not observed market data,2026-09-01T00:00:00+00:00
2026-04-20,CAD,5,0.026327252504510106,SYNTHETIC: seeded teaching dataset; not observed market data,2026-09-01T00:00:00+00:00
2026-04-20,CAD,10,0.026783118246448794,SYNTHETIC: seeded teaching dataset; not observed market data,2026-09-01T00:00:00+00:00
2026-04-20,CAD,30,0.043345670313801946,SYNTHETIC: seeded teaching dataset; not observed market data,2026-09-01T00:00:00+00:00
2026-04-20,USD,1,0.03504701174800211,SYNTHETIC: seeded teaching dataset; not observed market data,2026-09-01T00:00:00+00:00
2026-04-20,USD,2,0.03321941886057422,SYNTHETIC: seeded teaching dataset; not observed market data,2026-09-01T00:00:00+00:00
2026-04-20,USD,5,0.03440096952144607,SYNTHETIC: seeded teaching dataset; not observed market data,2026-09-01T00:00:00+00:00
2026-04-20,USD,10,0.027770090895717237,SYNTHETIC: seeded teaching dataset; not observed market data,2026-09-01T00:00:00+00:00
2026-04-20,USD,30,0.03740809789106191,SYNTHETIC: seeded teaching dataset; not observed market data,2026-09-01T00:00:00+00:00
2026-04-21,CAD,1,0.016909413825687,SYNTHETIC: seeded teaching dataset; not observed market data,2026-09-01T00:00:00+00:00
2026-04-21,CAD,2,0.02321951703048057,SYNTHETIC: seeded teaching dataset; not observed market data,2026-09-01T00:00:00+00:00
2026-04-21,CAD,5,0.0266545693861055,SYNTHETIC: seeded teaching dataset; not observed market data,2026-09-01T00:00:00+00:00
2026-04-21,CAD,10,0.02670431871045261,SYNTHETIC: seeded teaching dataset; not observed market data,2026-09-01T00:00:00+00:00
2026-04-21,CAD,30,0.04296578565709206,SYNTHETIC: seeded teaching dataset; not observed market data,2026-09-01T00:00:00+00:00
2026-04-21,USD,1,0.03504278612929773,SYNTHETIC: seeded teaching dataset; not observed market data,2026-09-01T00:00:00+00:00
2026-04-21,USD,2,0.032762797480063985,SYNTHETIC: seeded teaching dataset; not observed market data,2026-09-01T00:00:00+00:00
2026-04-21,USD,5,0.03379978023787223,SYNTHETIC: seeded teaching dataset; not observed market data,2026-09-01T00:00:00+00:00
2026-04-21,USD,10,0.02748437204381893,SYNTHETIC: seeded teaching dataset; not observed market data,2026-09-01T00:00:00+00:00
2026-04-21,USD,30,0.03732074261675413,SYNTHETIC: seeded teaching dataset; not observed market data,2026-09-01T00:00:00+00:00
2026-04-22,CAD,1,0.017557443933461123,SYNTHETIC: seeded teaching dataset; not observed market data,2026-09-01T00:00:00+00:00
2026-04-22,CAD,2,0.02413682220261172,SYNTHETIC: seeded teaching dataset; not observed market data,2026-09-01T00:00:00+00:00
2026-04-22,CAD,5,0.02710425734021502,SYNTHETIC: seeded teaching dataset; not observed market data,2026-09-01T00:00:00+00:00
2026-04-22,CAD,10,0.02736467792234569,SYNTHETIC: seeded teaching dataset; not observed market data,2026-09-01T00:00:00+00:00
2026-04-22,CAD,30,0.043733755159577316,SYNTHETIC: seeded teaching dataset; not observed market data,2026-09-01T00:00:00+00:00
2026-04-22,USD,1,0.035175127930136815,SYNTHETIC: seeded teaching dataset; not observed market data,2026-09-01T00:00:00+00:00
2026-04-22,USD,2,0.033282398302301466,SYNTHETIC: seeded teaching dataset; not observed market data,2026-09-01T00:00:00+00:00
2026-04-22,USD,5,0.0339231341355171,SYNTHETIC: seeded teaching dataset; not observed market data,2026-09-01T00:00:00+00:00
2026-04-22,USD,10,0.028233920865159034,SYNTHETIC: seeded teaching dataset; not observed market data,2026-09-01T00:00:00+00:00
2026-04-22,USD,30,0.03730688380370835,SYNTHETIC: seeded teaching dataset; not observed market data,2026-09-01T00:00:00+00:00
2026-04-23,CAD,1,0.01797650038303868,SYNTHETIC: seeded teaching dataset; not observed market data,2026-09-01T00:00:00+00:00
2026-04-23,CAD,2,0.024720402841555994,SYNTHETIC: seeded teaching dataset; not observed market data,2026-09-01T00:00:00+00:00
2026-04-23,CAD,5,0.02733273492368334,SYNTHETIC: seeded teaching dataset; not observed market data,2026-09-01T00:00:00+00:00
2026-04-23,CAD,10,0.027819491098747214,SYNTHETIC: seeded teaching dataset; not observed market data,2026-09-01T00:00:00+00:00
2026-04-23,CAD,30,0.04370093673967368,SYNTHETIC: seeded teaching dataset; not observed market data,2026-09-01T00:00:00+00:00
2026-04-23,USD,1,0.035746790201745995,SYNTHETIC: seeded teaching dataset; not observed market data,2026-09-01T00:00:00+00:00
2026-04-23,USD,2,0.03337891716446418,SYNTHETIC: seeded teaching dataset; not observed market data,2026-09-01T00:00:00+00:00
2026-04-23,USD,5,0.03497257697694164,SYNTHETIC: seeded teaching dataset; not observed market data,2026-09-01T00:00:00+00:00
2026-04-23,USD,10,0.02869302946626998,SYNTHETIC: seeded teaching dataset; not observed market data,2026-09-01T00:00:00+00:00
2026-04-23,USD,30,0.03767010045579744,SYNTHETIC: seeded teaching dataset; not observed market data,2026-09-01T00:00:00+00:00
2026-04-24,CAD,1,0.018215931932934425,SYNTHETIC: seeded teaching dataset; not observed market data,2026-09-01T00:00:00+00:00
2026-04-24,CAD,2,0.025033399543496114,SYNTHETIC: seeded teaching dataset; not observed market data,2026-09-01T00:00:00+00:00
2026-04-24,CAD,5,0.027281117232645657,SYNTHETIC: seeded teaching dataset; not observed market data,2026-09-01T00:00:00+00:00
2026-04-24,CAD,10,0.027415050365308932,SYNTHETIC: seeded teaching dataset; not observed market data,2026-09-01T00:00:00+00:00
2026-04-24,CAD,30,0.0432843218615872,SYNTHETIC: seeded teaching dataset; not observed market data,2026-09-01T00:00:00+00:00
2026-04-24,USD,1,0.0355410034717461,SYNTHETIC: seeded teaching dataset; not observed market data,2026-09-01T00:00:00+00:00
2026-04-24,USD,2,0.032726256390087846,SYNTHETIC: seeded teaching dataset; not observed market data,2026-09-01T00:00:00+00:00
2026-04-24,USD,5,0.03433036587994731,SYNTHETIC: seeded teaching dataset; not observed market data,2026-09-01T00:00:00+00:00
2026-04-24,USD,10,0.028494071354557723,SYNTHETIC: seeded teaching dataset; not observed market data,2026-09-01T00:00:00+00:00
2026-04-24,USD,30,0.037567904400408414,SYNTHETIC: seeded teaching dataset; not observed market data,2026-09-01T00:00:00+00:00
2026-04-27,CAD,1,0.018825894422284824,SYNTHETIC: seeded teaching dataset; not observed market data,2026-09-01T00:00:00+00:00
2026-04-27,CAD,2,0.025461513041534024,SYNTHETIC: seeded teaching dataset; not observed market data,2026-09-01T00:00:00+00:00
2026-04-27,CAD,5,0.027415312171180064,SYNTHETIC: seeded teaching dataset; not observed market data,2026-09-01T00:00:00+00:00
2026-04-27,CAD,10,0.0273368389102515,SYNTHETIC: seeded teaching dataset; not observed market data,2026-09-01T00:00:00+00:00
2026-04-27,CAD,30,0.042877044888427605,SYNTHETIC: seeded teaching dataset; not observed market data,2026-09-01T00:00:00+00:00
2026-04-27,USD,1,0.03578150239015211,SYNTHETIC: seeded teaching dataset; not observed market data,2026-09-01T00:00:00+00:00
2026-04-27,USD,2,0.03317682798076704,SYNTHETIC: seeded teaching dataset; not observed market data,2026-09-01T00:00:00+00:00
2026-04-27,USD,5,0.03462637995083709,SYNTHETIC: seeded teaching dataset; not observed market data,2026-09-01T00:00:00+00:00
2026-04-27,USD,10,0.02856216861261571,SYNTHETIC: seeded teaching dataset; not observed market data,2026-09-01T00:00:00+00:00
2026-04-27,USD,30,0.038285195873234396,SYNTHETIC: seeded teaching dataset; not observed market data,2026-09-01T00:00:00+00:00
2026-04-28,CAD,1,0.018739877347718047,SYNTHETIC: seeded teaching dataset; not observed market data,2026-09-01T00:00:00+00:00
2026-04-28,CAD,2,0.025794116580131143,SYNTHETIC: seeded teaching dataset; not observed market data,2026-09-01T00:00:00+00:00
2026-04-28,CAD,5,0.02764415063537032,SYNTHETIC: seeded teaching dataset; not observed market data,2026-09-01T00:00:00+00:00
2026-04-28,CAD,10,0.027336803157538468,SYNTHETIC: seeded teaching dataset; not observed market data,2026-09-01T00:00:00+00:00
2026-04-28,CAD,30,0.04245210003140232,SYNTHETIC: seeded teaching dataset; not observed market data,2026-09-01T00:00:00+00:00
2026-04-28,USD,1,0.03618430985498908,SYNTHETIC: seeded teaching dataset; not observed market data,2026-09-01T00:00:00+00:00
2026-04-28,USD,2,0.0327566410881533,SYNTHETIC: seeded teaching dataset; not observed market data,2026-09-01T00:00:00+00:00
2026-04-28,USD,5,0.03426456526013775,SYNTHETIC: seeded teaching dataset; not observed market data,2026-09-01T00:00:00+00:00
2026-04-28,USD,10,0.028782697153634736,SYNTHETIC: seeded teaching dataset; not observed market data,2026-09-01T00:00:00+00:00
2026-04-28,USD,30,0.03748792483622023,SYNTHETIC: seeded teaching dataset; not observed market data,2026-09-01T00:00:00+00:00
2026-04-29,CAD,1,0.018580694616958552,SYNTHETIC: seeded teaching dataset; not observed market data,2026-09-01T00:00:00+00:00
2026-04-29,CAD,2,0.0256968725218766,SYNTHETIC: seeded teaching dataset; not observed market data,2026-09-01T00:00:00+00:00
2026-04-29,CAD,5,0.027464714966921096,SYNTHETIC: seeded teaching dataset; not observed market data,2026-09-01T00:00:00+00:00
2026-04-29,CAD,10,0.0276073779013285,SYNTHETIC: seeded teaching dataset; not observed market data,2026-09-01T00:00:00+00:00
2026-04-29,CAD,30,0.041720117577498814,SYNTHETIC: seeded teaching dataset; not observed market data,2026-09-01T00:00:00+00:00
2026-04-29,USD,1,0.03643704771345091,SYNTHETIC: seeded teaching dataset; not observed market data,2026-09-01T00:00:00+00:00
2026-04-29,USD,2,0.03278025848462591,SYNTHETIC: seeded teaching dataset; not observed market data,2026-09-01T00:00:00+00:00
2026-04-29,USD,5,0.03427006366456839,SYNTHETIC: seeded teaching dataset; not observed market data,2026-09-01T00:00:00+00:00
2026-04-29,USD,10,0.029145210062241658,SYNTHETIC: seeded teaching dataset; not observed market data,2026-09-01T00:00:00+00:00
2026-04-29,USD,30,0.03725436540927307,SYNTHETIC: seeded teaching dataset; not observed market data,2026-09-01T00:00:00+00:00
2026-04-30,CAD,1,0.01899403133419762,SYNTHETIC: seeded teaching dataset; not observed market data,2026-09-01T00:00:00+00:00
2026-04-30,CAD,2,0.026190514431520283,SYNTHETIC: seeded teaching dataset; not observed market data,2026-09-01T00:00:00+00:00
2026-04-30,CAD,5,0.02738663019232251,SYNTHETIC: seeded teaching dataset; not observed market data,2026-09-01T00:00:00+00:00
2026-04-30,CAD,10,0.027605433011642234,SYNTHETIC: seeded teaching dataset; not observed market data,2026-09-01T00:00:00+00:00
2026-04-30,CAD,30,0.04137814581890692,SYNTHETIC: seeded teaching dataset; not observed market data,2026-09-01T00:00:00+00:00
2026-04-30,USD,1,0.036800189751813,SYNTHETIC: seeded teaching dataset; not observed market data,2026-09-01T00:00:00+00:00
2026-04-30,USD,2,0.032697931408655914,SYNTHETIC: seeded teaching dataset; not observed market data,2026-09-01T00:00:00+00:00
2026-04-30,USD,5,0.034530569636698046,SYNTHETIC: seeded teaching dataset; not observed market data,2026-09-01T00:00:00+00:00
2026-04-30,USD,10,0.0295039686292034,SYNTHETIC: seeded teaching dataset; not observed market data,2026-09-01T00:00:00+00:00
2026-04-30,USD,30,0.037821239612288414,SYNTHETIC: seeded teaching dataset; not observed market data,2026-09-01T00:00:00+00:00
2026-05-01,CAD,1,0.01871935203935177,SYNTHETIC: seeded teaching dataset; not observed market data,2026-09-01T00:00:00+00:00
2026-05-01,CAD,2,0.0264444309890315,SYNTHETIC: seeded teaching dataset; not observed market data,2026-09-01T00:00:00+00:00
2026-05-01,CAD,5,0.02703194074164098,SYNTHETIC: seeded teaching dataset; not observed market data,2026-09-01T00:00:00+00:00
2026-05-01,CAD,10,0.02762086189268989,SYNTHETIC: seeded teaching dataset; not observed market data,2026-09-01T00:00:00+00:00
2026-05-01,CAD,30,0.04082944406311742,SYNTHETIC: seeded teaching dataset; not observed market data,2026-09-01T00:00:00+00:00
2026-05-01,USD,1,0.03662352077848487,SYNTHETIC: seeded teaching dataset; not observed market data,2026-09-01T00:00:00+00:00
2026-05-01,USD,2,0.03253070832691,SYNTHETIC: seeded teaching dataset; not observed market data,2026-09-01T00:00:00+00:00
2026-05-01,USD,5,0.03450665905668542,SYNTHETIC: seeded teaching dataset; not observed market data,2026-09-01T00:00:00+00:00
2026-05-01,USD,10,0.029209853199420845,SYNTHETIC: seeded teaching dataset; not observed market data,2026-09-01T00:00:00+00:00
2026-05-01,USD,30,0.03746338224765743,SYNTHETIC: seeded teaching dataset; not observed market data,2026-09-01T00:00:00+00:00
2026-05-04,CAD,1,0.018988858404197204,SYNTHETIC: seeded teaching dataset; not observed market data,2026-09-01T00:00:00+00:00
2026-05-04,CAD,2,0.026446769482996346,SYNTHETIC: seeded teaching dataset; not observed market data,2026-09-01T00:00:00+00:00
2026-05-04,CAD,5,0.0267623326299266,SYNTHETIC: seeded teaching dataset; not observed market data,2026-09-01T00:00:00+00:00
2026-05-04,CAD,10,0.027419013192625366,SYNTHETIC: seeded teaching dataset; not observed market data,2026-09-01T00:00:00+00:00
2026-05-04,CAD,30,0.039876200188451366,SYNTHETIC: seeded teaching dataset; not observed market data,2026-09-01T00:00:00+00:00
2026-05-04,USD,1,0.03684035699930467,SYNTHETIC: seeded teaching dataset; not observed market data,2026-09-01T00:00:00+00:00
2026-05-04,USD,2,0.03183729312507851,SYNTHETIC: seeded teaching dataset; not observed market data,2026-09-01T00:00:00+00:00
2026-05-04,USD,5,0.03422814832890533,SYNTHETIC: seeded teaching dataset; not observed market data,2026-09-01T00:00:00+00:00
2026-05-04,USD,10,0.02892547249965551,SYNTHETIC: seeded teaching dataset; not observed market data,2026-09-01T00:00:00+00:00
2026-05-04,USD,30,0.0375901555772882,SYNTHETIC: seeded teaching dataset; not observed market data,2026-09-01T00:00:00+00:00
2026-05-05,CAD,1,0.019597685507622645,SYNTHETIC: seeded teaching dataset; not observed market data,2026-09-01T00:00:00+00:00
2026-05-05,CAD,2,0.02633429346694042,SYNTHETIC: seeded teaching dataset; not observed market data,2026-09-01T00:00:00+00:00
2026-05-05,CAD,5,0.026803689563860766,SYNTHETIC: seeded teaching dataset; not observed market data,2026-09-01T00:00:00+00:00
2026-05-05,CAD,10,0.027068006466368214,SYNTHETIC: seeded teaching dataset; not observed market data,2026-09-01T00:00:00+00:00
2026-05-05,CAD,30,0.0399882960853586,SYNTHETIC: seeded teaching dataset; not observed market data,2026-09-01T00:00:00+00:00
2026-05-05,USD,1,0.036979267128592536,SYNTHETIC: seeded teaching dataset; not observed market data,2026-09-01T00:00:00+00:00
2026-05-05,USD,2,0.03184870604549417,SYNTHETIC: seeded teaching dataset; not observed market data,2026-09-01T00:00:00+00:00
2026-05-05,USD,5,0.034650668055230184,SYNTHETIC: seeded teaching dataset; not observed market data,2026-09-01T00:00:00+00:00
2026-05-05,USD,10,0.029026880460499917,SYNTHETIC: seeded teaching dataset; not observed market data,2026-09-01T00:00:00+00:00
2026-05-05,USD,30,0.038087812548531226,SYNTHETIC: seeded teaching dataset; not observed market data,2026-09-01T00:00:00+00:00
2026-05-06,CAD,1,0.019318078024155246,SYNTHETIC: seeded teaching dataset; not observed market data,2026-09-01T00:00:00+00:00
2026-05-06,CAD,2,0.025760693887953497,SYNTHETIC: seeded teaching dataset; not observed market data,2026-09-01T00:00:00+00:00
2026-05-06,CAD,5,0.02657621379135598,SYNTHETIC: seeded teaching dataset; not observed market data,2026-09-01T00:00:00+00:00
2026-05-06,CAD,10,0.026642654769759543,SYNTHETIC: seeded teaching dataset; not observed market data,2026-09-01T00:00:00+00:00
2026-05-06,CAD,30,0.03975557936590775,SYNTHETIC: seeded teaching dataset; not observed market data,2026-09-01T00:00:00+00:00
2026-05-06,USD,1,0.03650801138000748,SYNTHETIC: seeded teaching dataset; not observed market data,2026-09-01T00:00:00+00:00
2026-05-06,USD,2,0.03143344828974445,SYNTHETIC: seeded teaching dataset; not observed market data,2026-09-01T00:00:00+00:00
2026-05-06,USD,5,0.0345385298190725,SYNTHETIC: seeded teaching dataset; not observed market data,2026-09-01T00:00:00+00:00
2026-05-06,USD,10,0.02827495625477725,SYNTHETIC: seeded teaching dataset; not observed market data,2026-09-01T00:00:00+00:00
2026-05-06,USD,30,0.038049963974581553,SYNTHETIC: seeded teaching dataset; not observed market data,2026-09-01T00:00:00+00:00
2026-05-07,CAD,1,0.019751141926230547,SYNTHETIC: seeded teaching dataset; not observed market data,2026-09-01T00:00:00+00:00
2026-05-07,CAD,2,0.026348570154685565,SYNTHETIC: seeded teaching dataset; not observed market data,2026-09-01T00:00:00+00:00
2026-05-07,CAD,5,0.02663567848372952,SYNTHETIC: seeded teaching dataset; not observed market data,2026-09-01T00:00:00+00:00
2026-05-07,CAD,10,0.027451961184793712,SYNTHETIC: seeded teaching dataset; not observed market data,2026-09-01T00:00:00+00:00
2026-05-07,CAD,30,0.04020812217680017,SYNTHETIC: seeded teaching dataset; not observed market data,2026-09-01T00:00:00+00:00
2026-05-07,USD,1,0.03644991464782914,SYNTHETIC: seeded teaching dataset; not observed market data,2026-09-01T00:00:00+00:00
2026-05-07,USD,2,0.030768976516014478,SYNTHETIC: seeded teaching dataset; not observed market data,2026-09-01T00:00:00+00:00
2026-05-07,USD,5,0.03573463221191574,SYNTHETIC: seeded teaching dataset; not observed market data,2026-09-01T00:00:00+00:00
2026-05-07,USD,10,0.029422149005246066,SYNTHETIC: seeded teaching dataset; not observed market data,2026-09-01T00:00:00+00:00
2026-05-07,USD,30,0.038501286993777195,SYNTHETIC: seeded teaching dataset; not observed market data,2026-09-01T00:00:00+00:00
2026-05-08,CAD,1,0.019773597202050863,SYNTHETIC: seeded teaching dataset; not observed market data,2026-09-01T00:00:00+00:00
2026-05-08,CAD,2,0.02669437375271074,SYNTHETIC: seeded teaching dataset; not observed market data,2026-09-01T00:00:00+00:00
2026-05-08,CAD,5,0.026400354096833566,SYNTHETIC: seeded teaching dataset; not observed market data,2026-09-01T00:00:00+00:00
2026-05-08,CAD,10,0.027208889788796063,SYNTHETIC: seeded teaching dataset; not observed market data,2026-09-01T00:00:00+00:00
2026-05-08,CAD,30,0.040109814388616515,SYNTHETIC: seeded teaching dataset; not observed market data,2026-09-01T00:00:00+00:00
2026-05-08,USD,1,0.03721095507049699,SYNTHETIC: seeded teaching dataset; not observed market data,2026-09-01T00:00:00+00:00
2026-05-08,USD,2,0.030792123210437332,SYNTHETIC: seeded teaching dataset; not observed market data,2026-09-01T00:00:00+00:00
2026-05-08,USD,5,0.035234629475027444,SYNTHETIC: seeded teaching dataset; not observed market data,2026-09-01T00:00:00+00:00
2026-05-08,USD,10,0.030030308462566862,SYNTHETIC: seeded teaching dataset; not observed market data,2026-09-01T00:00:00+00:00
2026-05-08,USD,30,0.03853751676425242,SYNTHETIC: seeded teaching dataset; not observed market data,2026-09-01T00:00:00+00:00
2026-05-11,CAD,1,0.020172480350813333,SYNTHETIC: seeded teaching dataset; not observed market data,2026-09-01T00:00:00+00:00
2026-05-11,CAD,2,0.027298948460907115,SYNTHETIC: seeded teaching dataset; not observed market data,2026-09-01T00:00:00+00:00
2026-05-11,CAD,5,0.026916238867331774,SYNTHETIC: seeded teaching dataset; not observed market data,2026-09-01T00:00:00+00:00
2026-05-11,CAD,10,0.027591827374023555,SYNTHETIC: seeded teaching dataset; not observed market data,2026-09-01T00:00:00+00:00
2026-05-11,CAD,30,0.04123690653119014,SYNTHETIC: seeded teaching dataset; not observed market data,2026-09-01T00:00:00+00:00
2026-05-11,USD,1,0.037162367348448175,SYNTHETIC: seeded teaching dataset; not observed market data,2026-09-01T00:00:00+00:00
2026-05-11,USD,2,0.030744707161192007,SYNTHETIC: seeded teaching dataset; not observed market data,2026-09-01T00:00:00+00:00
2026-05-11,USD,5,0.03519888512468309,SYNTHETIC: seeded teaching dataset; not observed market data,2026-09-01T00:00:00+00:00
2026-05-11,USD,10,0.030811343298764327,SYNTHETIC: seeded teaching dataset; not observed market data,2026-09-01T00:00:00+00:00
2026-05-11,USD,30,0.03854055679950368,SYNTHETIC: seeded teaching dataset; not observed market data,2026-09-01T00:00:00+00:00
2026-05-12,CAD,1,0.02042104477718842,SYNTHETIC: seeded teaching dataset; not observed market data,2026-09-01T00:00:00+00:00
2026-05-12,CAD,2,0.027630658024923697,SYNTHETIC: seeded teaching dataset; not observed market data,2026-09-01T00:00:00+00:00
2026-05-12,CAD,5,0.027390553512307594,SYNTHETIC: seeded teaching dataset; not observed market data,2026-09-01T00:00:00+00:00
2026-05-12,CAD,10,0.0275074530090721,SYNTHETIC: seeded teaching dataset; not observed market data,2026-09-01T00:00:00+00:00
2026-05-12,CAD,30,0.04192121308880581,SYNTHETIC: seeded teaching dataset; not observed market data,2026-09-01T00:00:00+00:00
2026-05-12,USD,1,0.03807019364127108,SYNTHETIC: seeded teaching dataset; not observed market data,2026-09-01T00:00:00+00:00
2026-05-12,USD,2,0.03171799012963763,SYNTHETIC: seeded teaching dataset; not observed market data,2026-09-01T00:00:00+00:00
2026-05-12,USD,5,0.035651096829403726,SYNTHETIC: seeded teaching dataset; not observed market data,2026-09-01T00:00:00+00:00
2026-05-12,USD,10,0.031046080899831043,SYNTHETIC: seeded teaching dataset; not observed market data,2026-09-01T00:00:00+00:00
2026-05-12,USD,30,0.038606164100606515,SYNTHETIC: seeded teaching dataset; not observed market data,2026-09-01T00:00:00+00:00
2026-05-13,CAD,1,0.020703980917896724,SYNTHETIC: seeded teaching dataset; not observed market data,2026-09-01T00:00:00+00:00
2026-05-13,CAD,2,0.026760943644023746,SYNTHETIC: seeded teaching dataset; not observed market data,2026-09-01T00:00:00+00:00
2026-05-13,CAD,5,0.0272985599227485,SYNTHETIC: seeded teaching dataset; not observed market data,2026-09-01T00:00:00+00:00
2026-05-13,CAD,10,0.027087212855080298,SYNTHETIC: seeded teaching dataset; not observed market data,2026-09-01T00:00:00+00:00
2026-05-13,CAD,30,0.041355627322194576,SYNTHETIC: seeded teaching dataset; not observed market data,2026-09-01T00:00:00+00:00
2026-05-13,USD,1,0.037739804843627225,SYNTHETIC: seeded teaching dataset; not observed market data,2026-09-01T00:00:00+00:00
2026-05-13,USD,2,0.030943003467904184,SYNTHETIC: seeded teaching dataset; not observed market data,2026-09-01T00:00:00+00:00
2026-05-13,USD,5,0.034475865379167504,SYNTHETIC: seeded teaching dataset; not observed market data,2026-09-01T00:00:00+00:00
2026-05-13,USD,10,0.03075896574934735,SYNTHETIC: seeded teaching dataset; not observed market data,2026-09-01T00:00:00+00:00
2026-05-13,USD,30,0.038615368838500544,SYNTHETIC: seeded teaching dataset; not observed market data,2026-09-01T00:00:00+00:00
2026-05-14,CAD,1,0.02018317507661972,SYNTHETIC: seeded teaching dataset; not observed market data,2026-09-01T00:00:00+00:00
2026-05-14,CAD,2,0.0268092318655654,SYNTHETIC: seeded teaching dataset; not observed market data,2026-09-01T00:00:00+00:00
2026-05-14,CAD,5,0.027381708537062715,SYNTHETIC: seeded teaching dataset; not observed market data,2026-09-01T00:00:00+00:00
2026-05-14,CAD,10,0.027053825550270853,SYNTHETIC: seeded teaching dataset; not observed market data,2026-09-01T00:00:00+00:00
2026-05-14,CAD,30,0.04115290563172787,SYNTHETIC: seeded teaching dataset; not observed market data,2026-09-01T00:00:00+00:00
2026-05-14,USD,1,0.03791839872159154,SYNTHETIC: seeded teaching dataset; not observed market data,2026-09-01T00:00:00+00:00
2026-05-14,USD,2,0.031023609138258912,SYNTHETIC: seeded teaching dataset; not observed market data,2026-09-01T00:00:00+00:00
2026-05-14,USD,5,0.034663913704682164,SYNTHETIC: seeded teaching dataset; not observed market data,2026-09-01T00:00:00+00:00
2026-05-14,USD,10,0.03135720858280866,SYNTHETIC: seeded teaching dataset; not observed market data,2026-09-01T00:00:00+00:00
2026-05-14,USD,30,0.038760231128873446,SYNTHETIC: seeded teaching dataset; not observed market data,2026-09-01T00:00:00+00:00
2026-05-15,CAD,1,0.02023774494885663,SYNTHETIC: seeded teaching dataset; not observed market data,2026-09-01T00:00:00+00:00
2026-05-15,CAD,2,0.02585794192983823,SYNTHETIC: seeded teaching dataset; not observed market data,2026-09-01T00:00:00+00:00
2026-05-15,CAD,5,0.02752312265705206,SYNTHETIC: seeded teaching dataset; not observed market data,2026-09-01T00:00:00+00:00
2026-05-15,CAD,10,0.02661760282466808,SYNTHETIC: seeded teaching dataset; not observed market data,2026-09-01T00:00:00+00:00
2026-05-15,CAD,30,0.0412199175917505,SYNTHETIC: seeded teaching dataset; not observed market data,2026-09-01T00:00:00+00:00
2026-05-15,USD,1,0.03819285674792838,SYNTHETIC: seeded teaching dataset; not observed market data,2026-09-01T00:00:00+00:00
2026-05-15,USD,2,0.0309901624417383,SYNTHETIC: seeded teaching dataset; not observed market data,2026-09-01T00:00:00+00:00
2026-05-15,USD,5,0.03472141824088286,SYNTHETIC: seeded teaching dataset; not observed market data,2026-09-01T00:00:00+00:00
2026-05-15,USD,10,0.030921912289718936,SYNTHETIC: seeded teaching dataset; not observed market data,2026-09-01T00:00:00+00:00
2026-05-15,USD,30,0.0387463520911263,SYNTHETIC: seeded teaching dataset; not observed market data,2026-09-01T00:00:00+00:00
2026-05-18,CAD,1,0.02111459962520781,SYNTHETIC: seeded teaching dataset; not observed market data,2026-09-01T00:00:00+00:00
2026-05-18,CAD,2,0.026372595263946322,SYNTHETIC: seeded teaching dataset; not observed market data,2026-09-01T00:00:00+00:00
2026-05-18,CAD,5,0.0273378461921444,SYNTHETIC: seeded teaching dataset; not observed market data,2026-09-01T00:00:00+00:00
2026-05-18,CAD,10,0.026643836181087475,SYNTHETIC: seeded teaching dataset; not observed market data,2026-09-01T00:00:00+00:00
2026-05-18,CAD,30,0.04122600508258599,SYNTHETIC: seeded teaching dataset; not observed market data,2026-09-01T00:00:00+00:00
2026-05-18,USD,1,0.037853225550997766,SYNTHETIC: seeded teaching dataset; not observed market data,2026-09-01T00:00:00+00:00
2026-05-18,USD,2,0.030510577213529802,SYNTHETIC: seeded teaching dataset; not observed market data,2026-09-01T00:00:00+00:00
2026-05-18,USD,5,0.03538541305745939,SYNTHETIC: seeded teaching dataset; not observed market data,2026-09-01T00:00:00+00:00
2026-05-18,USD,10,0.03072492574178638,SYNTHETIC: seeded teaching dataset; not observed market data,2026-09-01T00:00:00+00:00
2026-05-18,USD,30,0.03855606418261644,SYNTHETIC: seeded teaching dataset; not observed market data,2026-09-01T00:00:00+00:00
2026-05-19,CAD,1,0.02113836611629433,SYNTHETIC: seeded teaching dataset; not observed market data,2026-09-01T00:00:00+00:00
2026-05-19,CAD,2,0.02645405741218495,SYNTHETIC: seeded teaching dataset; not observed market data,2026-09-01T00:00:00+00:00
2026-05-19,CAD,5,0.02763506385664678,SYNTHETIC: seeded teaching dataset; not observed market data,2026-09-01T00:00:00+00:00
2026-05-19,CAD,10,0.026923023028611284,SYNTHETIC: seeded teaching dataset; not observed market data,2026-09-01T00:00:00+00:00
2026-05-19,CAD,30,0.04154318518326103,SYNTHETIC: seeded teaching dataset; not observed market data,2026-09-01T00:00:00+00:00
2026-05-19,USD,1,0.03822147314432063,SYNTHETIC: seeded teaching dataset; not observed market data,2026-09-01T00:00:00+00:00
2026-05-19,USD,2,0.03101880716599261,SYNTHETIC: seeded teaching dataset; not observed market data,2026-09-01T00:00:00+00:00
2026-05-19,USD,5,0.03504671461929029,SYNTHETIC: seeded teaching dataset; not observed market data,2026-09-01T00:00:00+00:00
2026-05-19,USD,10,0.0305039935248906,SYNTHETIC: seeded teaching dataset; not observed market data,2026-09-01T00:00:00+00:00
2026-05-19,USD,30,0.03799770958751187,SYNTHETIC: seeded teaching dataset; not observed market data,2026-09-01T00:00:00+00:00
2026-05-20,CAD,1,0.0210585281451449,SYNTHETIC: seeded teaching dataset; not observed market data,2026-09-01T00:00:00+00:00
2026-05-20,CAD,2,0.026611670624465213,SYNTHETIC: seeded teaching dataset; not observed market data,2026-09-01T00:00:00+00:00
2026-05-20,CAD,5,0.028458101167410498,SYNTHETIC: seeded teaching dataset; not observed market data,2026-09-01T00:00:00+00:00
2026-05-20,CAD,10,0.02723597727904408,SYNTHETIC: seeded teaching dataset; not observed market data,2026-09-01T00:00:00+00:00
2026-05-20,CAD,30,0.042296507051351476,SYNTHETIC: seeded teaching dataset; not observed market data,2026-09-01T00:00:00+00:00
2026-05-20,USD,1,0.03855701188458491,SYNTHETIC: seeded teaching dataset; not observed market data,2026-09-01T00:00:00+00:00
2026-05-20,USD,2,0.03145808941444424,SYNTHETIC: seeded teaching dataset; not observed market data,2026-09-01T00:00:00+00:00
2026-05-20,USD,5,0.03473513592489231,SYNTHETIC: seeded teaching dataset; not observed market data,2026-09-01T00:00:00+00:00
2026-05-20,USD,10,0.03018324688824885,SYNTHETIC: seeded teaching dataset; not observed market data,2026-09-01T00:00:00+00:00
2026-05-20,USD,30,0.03830559331389227,SYNTHETIC: seeded teaching dataset; not observed market data,2026-09-01T00:00:00+00:00
2026-05-21,CAD,1,0.02117634814675112,SYNTHETIC: seeded teaching dataset; not observed market data,2026-09-01T00:00:00+00:00
2026-05-21,CAD,2,0.02662809392484021,SYNTHETIC: seeded teaching dataset; not observed market data,2026-09-01T00:00:00+00:00
2026-05-21,CAD,5,0.028391414984019137,SYNTHETIC: seeded teaching dataset; not observed market data,2026-09-01T00:00:00+00:00
2026-05-21,CAD,10,0.02693707741930973,SYNTHETIC: seeded teaching dataset; not observed market data,2026-09-01T00:00:00+00:00
2026-05-21,CAD,30,0.041766479353933086,SYNTHETIC: seeded teaching dataset; not observed market data,2026-09-01T00:00:00+00:00
2026-05-21,USD,1,0.038243494422751975,SYNTHETIC: seeded teaching dataset; not observed market data,2026-09-01T00:00:00+00:00
2026-05-21,USD,2,0.031205258888067473,SYNTHETIC: seeded teaching dataset; not observed market data,2026-09-01T00:00:00+00:00
2026-05-21,USD,5,0.034170157388653644,SYNTHETIC: seeded teaching dataset; not observed market data,2026-09-01T00:00:00+00:00
2026-05-21,USD,10,0.02933637649742436,SYNTHETIC: seeded teaching dataset; not observed market data,2026-09-01T00:00:00+00:00
2026-05-21,USD,30,0.03833952213506183,SYNTHETIC: seeded teaching dataset; not observed market data,2026-09-01T00:00:00+00:00
2026-05-22,CAD,1,0.021325784661746002,SYNTHETIC: seeded teaching dataset; not observed market data,2026-09-01T00:00:00+00:00
2026-05-22,CAD,2,0.026659659546506315,SYNTHETIC: seeded teaching dataset; not observed market data,2026-09-01T00:00:00+00:00
2026-05-22,CAD,5,0.028568628408507737,SYNTHETIC: seeded teaching dataset; not observed market data,2026-09-01T00:00:00+00:00
2026-05-22,CAD,10,0.026781707726749003,SYNTHETIC: seeded teaching dataset; not observed market data,2026-09-01T00:00:00+00:00
2026-05-22,CAD,30,0.0424403072926168,SYNTHETIC: seeded teaching dataset; not observed market data,2026-09-01T00:00:00+00:00
2026-05-22,USD,1,0.038427852134272064,SYNTHETIC: seeded teaching dataset; not observed market data,2026-09-01T00:00:00+00:00
2026-05-22,USD,2,0.03138193185134155,SYNTHETIC: seeded teaching dataset; not observed market data,2026-09-01T00:00:00+00:00
2026-05-22,USD,5,0.03463458584808678,SYNTHETIC: seeded teaching dataset; not observed market data,2026-09-01T00:00:00+00:00
2026-05-22,USD,10,0.03016147573360391,SYNTHETIC: seeded teaching dataset; not observed market data,2026-09-01T00:00:00+00:00
2026-05-22,USD,30,0.03929693919592748,SYNTHETIC: seeded teaching dataset; not observed market data,2026-09-01T00:00:00+00:00
2026-05-25,CAD,1,0.022034083785371344,SYNTHETIC: seeded teaching dataset; not observed market data,2026-09-01T00:00:00+00:00
2026-05-25,CAD,2,0.02728364809559141,SYNTHETIC: seeded teaching dataset; not observed market data,2026-09-01T00:00:00+00:00
2026-05-25,CAD,5,0.029188165052038122,SYNTHETIC: seeded teaching dataset; not observed market data,2026-09-01T00:00:00+00:00
2026-05-25,CAD,10,0.02718488050324709,SYNTHETIC: seeded teaching dataset; not observed market data,2026-09-01T00:00:00+00:00
2026-05-25,CAD,30,0.0433198028432161,SYNTHETIC: seeded teaching dataset; not observed market data,2026-09-01T00:00:00+00:00
2026-05-25,USD,1,0.038695281681373705,SYNTHETIC: seeded teaching dataset; not observed market data,2026-09-01T00:00:00+00:00
2026-05-25,USD,2,0.03204926584338585,SYNTHETIC: seeded teaching dataset; not observed market data,2026-09-01T00:00:00+00:00
2026-05-25,USD,5,0.03564234913654042,SYNTHETIC: seeded teaching dataset; not observed market data,2026-09-01T00:00:00+00:00
2026-05-25,USD,10,0.030416208851143444,SYNTHETIC: seeded teaching dataset; not observed market data,2026-09-01T00:00:00+00:00
2026-05-25,USD,30,0.040598511351211175,SYNTHETIC: seeded teaching dataset; not observed market data,2026-09-01T00:00:00+00:00
2026-05-26,CAD,1,0.02301191774432119,SYNTHETIC: seeded teaching dataset; not observed market data,2026-09-01T00:00:00+00:00
2026-05-26,CAD,2,0.02827829951799391,SYNTHETIC: seeded teaching dataset; not observed market data,2026-09-01T00:00:00+00:00
2026-05-26,CAD,5,0.0303151690998817,SYNTHETIC: seeded teaching dataset; not observed market data,2026-09-01T00:00:00+00:00
2026-05-26,CAD,10,0.028087432338838612,SYNTHETIC: seeded teaching dataset; not observed market data,2026-09-01T00:00:00+00:00
2026-05-26,CAD,30,0.043410037741333556,SYNTHETIC: seeded teaching dataset; not observed market data,2026-09-01T00:00:00+00:00
2026-05-26,USD,1,0.039300768118558815,SYNTHETIC: seeded teaching dataset; not observed market data,2026-09-01T00:00:00+00:00
2026-05-26,USD,2,0.03281958956251519,SYNTHETIC: seeded teaching dataset; not observed market data,2026-09-01T00:00:00+00:00
2026-05-26,USD,5,0.036515321804644806,SYNTHETIC: seeded teaching dataset; not observed market data,2026-09-01T00:00:00+00:00
2026-05-26,USD,10,0.030964194792711886,SYNTHETIC: seeded teaching dataset; not observed market data,2026-09-01T00:00:00+00:00
2026-05-26,USD,30,0.04080841907840596,SYNTHETIC: seeded teaching dataset; not observed market data,2026-09-01T00:00:00+00:00
2026-05-27,CAD,1,0.022950669050474968,SYNTHETIC: seeded teaching dataset; not observed market data,2026-09-01T00:00:00+00:00
2026-05-27,CAD,2,0.02794287142042881,SYNTHETIC: seeded teaching dataset; not observed market data,2026-09-01T00:00:00+00:00
2026-05-27,CAD,5,0.030575624367648973,SYNTHETIC: seeded teaching dataset; not observed market data,2026-09-01T00:00:00+00:00
2026-05-27,CAD,10,0.028485916245915538,SYNTHETIC: seeded teaching dataset; not observed market data,2026-09-01T00:00:00+00:00
2026-05-27,CAD,30,0.043043373858005614,SYNTHETIC: seeded teaching dataset; not observed market data,2026-09-01T00:00:00+00:00
2026-05-27,USD,1,0.038646000344688305,SYNTHETIC: seeded teaching dataset; not observed market data,2026-09-01T00:00:00+00:00
2026-05-27,USD,2,0.03258609670487771,SYNTHETIC: seeded teaching dataset; not observed market data,2026-09-01T00:00:00+00:00
2026-05-27,USD,5,0.03640745887286838,SYNTHETIC: seeded teaching dataset; not observed market data,2026-09-01T00:00:00+00:00
2026-05-27,USD,10,0.031207847412657048,SYNTHETIC: seeded teaching dataset; not observed market data,2026-09-01T00:00:00+00:00
2026-05-27,USD,30,0.04062841358236691,SYNTHETIC: seeded teaching dataset; not observed market data,2026-09-01T00:00:00+00:00
2026-05-28,CAD,1,0.02339849605957704,SYNTHETIC: seeded teaching dataset; not observed market data,2026-09-01T00:00:00+00:00
2026-05-28,CAD,2,0.028639618642710654,SYNTHETIC: seeded teaching dataset; not observed market data,2026-09-01T00:00:00+00:00
2026-05-28,CAD,5,0.031072636993913137,SYNTHETIC: seeded teaching dataset; not observed market data,2026-09-01T00:00:00+00:00
2026-05-28,CAD,10,0.029072534326935566,SYNTHETIC: seeded teaching dataset; not observed market data,2026-09-01T00:00:00+00:00
2026-05-28,CAD,30,0.04356051820554687,SYNTHETIC: seeded teaching dataset; not observed market data,2026-09-01T00:00:00+00:00
2026-05-28,USD,1,0.03860681318983124,SYNTHETIC: seeded teaching dataset; not observed market data,2026-09-01T00:00:00+00:00
2026-05-28,USD,2,0.03332842200457817,SYNTHETIC: seeded teaching dataset; not observed market data,2026-09-01T00:00:00+00:00
2026-05-28,USD,5,0.036859731295750944,SYNTHETIC: seeded teaching dataset; not observed market data,2026-09-01T00:00:00+00:00
2026-05-28,USD,10,0.031858871313317744,SYNTHETIC: seeded teaching dataset; not observed market data,2026-09-01T00:00:00+00:00
2026-05-28,USD,30,0.041243658748485956,SYNTHETIC: seeded teaching dataset; not observed market data,2026-09-01T00:00:00+00:00
2026-05-29,CAD,1,0.023673158335197116,SYNTHETIC: seeded teaching dataset; not observed market data,2026-09-01T00:00:00+00:00
2026-05-29,CAD,2,0.028728561690815425,SYNTHETIC: seeded teaching dataset; not observed market data,2026-09-01T00:00:00+00:00
2026-05-29,CAD,5,0.03113594935048249,SYNTHETIC: seeded teaching dataset; not observed market data,2026-09-01T00:00:00+00:00
2026-05-29,CAD,10,0.029510461577323094,SYNTHETIC: seeded teaching dataset; not observed market data,2026-09-01T00:00:00+00:00
2026-05-29,CAD,30,0.043332372447142324,SYNTHETIC: seeded teaching dataset; not observed market data,2026-09-01T00:00:00+00:00
2026-05-29,USD,1,0.03838136915950216,SYNTHETIC: seeded teaching dataset; not observed market data,2026-09-01T00:00:00+00:00
2026-05-29,USD,2,0.03375743554460102,SYNTHETIC: seeded teaching dataset; not observed market data,2026-09-01T00:00:00+00:00
2026-05-29,USD,5,0.036815141288797544,SYNTHETIC: seeded teaching dataset; not observed market data,2026-09-01T00:00:00+00:00
2026-05-29,USD,10,0.03209147660628277,SYNTHETIC: seeded teaching dataset; not observed market data,2026-09-01T00:00:00+00:00
2026-05-29,USD,30,0.041986192406508374,SYNTHETIC: seeded teaching dataset; not observed market data,2026-09-01T00:00:00+00:00
2026-06-01,CAD,1,0.02337807546852348,SYNTHETIC: seeded teaching dataset; not observed market data,2026-09-01T00:00:00+00:00
2026-06-01,CAD,2,0.028805763712810295,SYNTHETIC: seeded teaching dataset; not observed market data,2026-09-01T00:00:00+00:00
2026-06-01,CAD,5,0.030882152741048798,SYNTHETIC: seeded teaching dataset; not observed market data,2026-09-01T00:00:00+00:00
2026-06-01,CAD,10,0.029308950136337393,SYNTHETIC: seeded teaching dataset; not observed market data,2026-09-01T00:00:00+00:00
2026-06-01,CAD,30,0.042352308949814114,SYNTHETIC: seeded teaching dataset; not observed market data,2026-09-01T00:00:00+00:00
2026-06-01,USD,1,0.037782293014754734,SYNTHETIC: seeded teaching dataset; not observed market data,2026-09-01T00:00:00+00:00
2026-06-01,USD,2,0.03370817725073346,SYNTHETIC: seeded teaching dataset; not observed market data,2026-09-01T00:00:00+00:00
2026-06-01,USD,5,0.03610782013457034,SYNTHETIC: seeded teaching dataset; not observed market data,2026-09-01T00:00:00+00:00
2026-06-01,USD,10,0.03217577462548667,SYNTHETIC: seeded teaching dataset; not observed market data,2026-09-01T00:00:00+00:00
2026-06-01,USD,30,0.041527105674572795,SYNTHETIC: seeded teaching dataset; not observed market data,2026-09-01T00:00:00+00:00
2026-06-02,CAD,1,0.022549626526979342,SYNTHETIC: seeded teaching dataset; not observed market data,2026-09-01T00:00:00+00:00
2026-06-02,CAD,2,0.02876221379662256,SYNTHETIC: seeded teaching dataset; not observed market data,2026-09-01T00:00:00+00:00
2026-06-02,CAD,5,0.02996616955398956,SYNTHETIC: seeded teaching dataset; not observed market data,2026-09-01T00:00:00+00:00
2026-06-02,CAD,10,0.0276709953201063,SYNTHETIC: seeded teaching dataset; not observed market data,2026-09-01T00:00:00+00:00
2026-06-02,CAD,30,0.041607986507584405,SYNTHETIC: seeded teaching dataset; not observed market data,2026-09-01T00:00:00+00:00
2026-06-02,USD,1,0.036417018680101096,SYNTHETIC: seeded teaching dataset; not observed market data,2026-09-01T00:00:00+00:00
2026-06-02,USD,2,0.03278705286342525,SYNTHETIC: seeded teaching dataset; not observed market data,2026-09-01T00:00:00+00:00
2026-06-02,USD,5,0.034986433144195,SYNTHETIC: seeded teaching dataset; not observed market data,2026-09-01T00:00:00+00:00
2026-06-02,USD,10,0.03176969820528676,SYNTHETIC: seeded teaching dataset; not observed market data,2026-09-01T00:00:00+00:00
2026-06-02,USD,30,0.04032076809441305,SYNTHETIC: seeded teaching dataset; not observed market data,2026-09-01T00:00:00+00:00
2026-06-03,CAD,1,0.02300143311647609,SYNTHETIC: seeded teaching dataset; not observed market data,2026-09-01T00:00:00+00:00
2026-06-03,CAD,2,0.029111822755737253,SYNTHETIC: seeded teaching dataset; not observed market data,2026-09-01T00:00:00+00:00
2026-06-03,CAD,5,0.030051603120495807,SYNTHETIC: seeded teaching dataset; not observed market data,2026-09-01T00:00:00+00:00
2026-06-03,CAD,10,0.027524493876399693,SYNTHETIC: seeded teaching dataset; not observed market data,2026-09-01T00:00:00+00:00
2026-06-03,CAD,30,0.042114562063407204,SYNTHETIC: seeded teaching dataset; not observed market data,2026-09-01T00:00:00+00:00
2026-06-03,USD,1,0.036329972613200395,SYNTHETIC: seeded teaching dataset; not observed market data,2026-09-01T00:00:00+00:00
2026-06-03,USD,2,0.03302020459024501,SYNTHETIC: seeded teaching dataset; not observed market data,2026-09-01T00:00:00+00:00
2026-06-03,USD,5,0.034592271879913976,SYNTHETIC: seeded teaching dataset; not observed market data,2026-09-01T00:00:00+00:00
2026-06-03,USD,10,0.03201178484455994,SYNTHETIC: seeded teaching dataset; not observed market data,2026-09-01T00:00:00+00:00
2026-06-03,USD,30,0.04030519517044054,SYNTHETIC: seeded teaching dataset; not observed market data,2026-09-01T00:00:00+00:00
2026-06-04,CAD,1,0.023977574114616467,SYNTHETIC: seeded teaching dataset; not observed market data,2026-09-01T00:00:00+00:00
2026-06-04,CAD,2,0.030344343526422984,SYNTHETIC: seeded teaching dataset; not observed market data,2026-09-01T00:00:00+00:00
2026-06-04,CAD,5,0.030742625981352942,SYNTHETIC: seeded teaching dataset; not observed market data,2026-09-01T00:00:00+00:00
2026-06-04,CAD,10,0.028636487401382825,SYNTHETIC: seeded teaching dataset; not observed market data,2026-09-01T00:00:00+00:00
2026-06-04,CAD,30,0.042493495618516314,SYNTHETIC: seeded teaching dataset; not observed market data,2026-09-01T00:00:00+00:00
2026-06-04,USD,1,0.03749030603567517,SYNTHETIC: seeded teaching dataset; not observed market data,2026-09-01T00:00:00+00:00
2026-06-04,USD,2,0.03366629564487156,SYNTHETIC: seeded teaching dataset; not observed market data,2026-09-01T00:00:00+00:00
2026-06-04,USD,5,0.03530838725321996,SYNTHETIC: seeded teaching dataset; not observed market data,2026-09-01T00:00:00+00:00
2026-06-04,USD,10,0.03216677356947863,SYNTHETIC: seeded teaching dataset; not observed market data,2026-09-01T00:00:00+00:00
2026-06-04,USD,30,0.04106658913659205,SYNTHETIC: seeded teaching dataset; not observed market data,2026-09-01T00:00:00+00:00
2026-06-05,CAD,1,0.02432684675888112,SYNTHETIC: seeded teaching dataset; not observed market data,2026-09-01T00:00:00+00:00
2026-06-05,CAD,2,0.030362377813605873,SYNTHETIC: seeded teaching dataset; not observed market data,2026-09-01T00:00:00+00:00
2026-06-05,CAD,5,0.03119306989473362,SYNTHETIC: seeded teaching dataset; not observed market data,2026-09-01T00:00:00+00:00
2026-06-05,CAD,10,0.028791218743777797,SYNTHETIC: seeded teaching dataset; not observed market data,2026-09-01T00:00:00+00:00
2026-06-05,CAD,30,0.04227781069507131,SYNTHETIC: seeded teaching dataset; not observed market data,2026-09-01T00:00:00+00:00
2026-06-05,USD,1,0.03811709077455974,SYNTHETIC: seeded teaching dataset; not observed market data,2026-09-01T00:00:00+00:00
2026-06-05,USD,2,0.034253011749014774,SYNTHETIC: seeded teaching dataset; not observed market data,2026-09-01T00:00:00+00:00
2026-06-05,USD,5,0.03571266320725655,SYNTHETIC: seeded teaching dataset; not observed market data,2026-09-01T00:00:00+00:00
2026-06-05,USD,10,0.0319358990082806,SYNTHETIC: seeded teaching dataset; not observed market data,2026-09-01T00:00:00+00:00
2026-06-05,USD,30,0.04094410172567938,SYNTHETIC: seeded teaching dataset; not observed market data,2026-09-01T00:00:00+00:00
2026-06-08,CAD,1,0.02453980458720721,SYNTHETIC: seeded teaching dataset; not observed market data,2026-09-01T00:00:00+00:00
2026-06-08,CAD,2,0.029771591240096873,SYNTHETIC: seeded teaching dataset; not observed market data,2026-09-01T00:00:00+00:00
2026-06-08,CAD,5,0.030743063302569647,SYNTHETIC: seeded teaching dataset; not observed market data,2026-09-01T00:00:00+00:00
2026-06-08,CAD,10,0.029228178277247642,SYNTHETIC: seeded teaching dataset; not observed market data,2026-09-01T00:00:00+00:00
2026-06-08,CAD,30,0.04142338832229888,SYNTHETIC: seeded teaching dataset; not observed market data,2026-09-01T00:00:00+00:00
2026-06-08,USD,1,0.037605939913046296,SYNTHETIC: seeded teaching dataset; not observed market data,2026-09-01T00:00:00+00:00
2026-06-08,USD,2,0.03422521564168066,SYNTHETIC: seeded teaching dataset; not observed market data,2026-09-01T00:00:00+00:00
2026-06-08,USD,5,0.03475856351152736,SYNTHETIC: seeded teaching dataset; not observed market data,2026-09-01T00:00:00+00:00
2026-06-08,USD,10,0.03147347146311301,SYNTHETIC: seeded teaching dataset; not observed market data,2026-09-01T00:00:00+00:00
2026-06-08,USD,30,0.04056204002477134,SYNTHETIC: seeded teaching dataset; not observed market data,2026-09-01T00:00:00+00:00
2026-06-09,CAD,1,0.024357942535546625,SYNTHETIC: seeded teaching dataset; not observed market data,2026-09-01T00:00:00+00:00
2026-06-09,CAD,2,0.030117825139057114,SYNTHETIC: seeded teaching dataset; not observed market data,2026-09-01T00:00:00+00:00
2026-06-09,CAD,5,0.030588758499746706,SYNTHETIC: seeded teaching dataset; not observed market data,2026-09-01T00:00:00+00:00
2026-06-09,CAD,10,0.02948645342937587,SYNTHETIC: seeded teaching dataset; not observed market data,2026-09-01T00:00:00+00:00
2026-06-09,CAD,30,0.041139006398769516,SYNTHETIC: seeded teaching dataset; not observed market data,2026-09-01T00:00:00+00:00
2026-06-09,USD,1,0.03861987095857489,SYNTHETIC: seeded teaching dataset; not observed market data,2026-09-01T00:00:00+00:00
2026-06-09,USD,2,0.0344171395912821,SYNTHETIC: seeded teaching dataset; not observed market data,2026-09-01T00:00:00+00:00
2026-06-09,USD,5,0.03467378671439933,SYNTHETIC: seeded teaching dataset; not observed market data,2026-09-01T00:00:00+00:00
2026-06-09,USD,10,0.03195890002332474,SYNTHETIC: seeded teaching dataset; not observed market data,2026-09-01T00:00:00+00:00
2026-06-09,USD,30,0.04098354183731231,SYNTHETIC: seeded teaching dataset; not observed market data,2026-09-01T00:00:00+00:00
2026-06-10,CAD,1,0.023941729499830294,SYNTHETIC: seeded teaching dataset; not observed market data,2026-09-01T00:00:00+00:00
2026-06-10,CAD,2,0.02969451578450269,SYNTHETIC: seeded teaching dataset; not observed market data,2026-09-01T00:00:00+00:00
2026-06-10,CAD,5,0.030161226240758527,SYNTHETIC: seeded teaching dataset; not observed market data,2026-09-01T00:00:00+00:00
2026-06-10,CAD,10,0.02996665730281845,SYNTHETIC: seeded teaching dataset; not observed market data,2026-09-01T00:00:00+00:00
2026-06-10,CAD,30,0.04094461738062702,SYNTHETIC: seeded teaching dataset; not observed market data,2026-09-01T00:00:00+00:00
2026-06-10,USD,1,0.03830091231664633,SYNTHETIC: seeded teaching dataset; not observed market data,2026-09-01T00:00:00+00:00
2026-06-10,USD,2,0.034216786653390105,SYNTHETIC: seeded teaching dataset; not observed market data,2026-09-01T00:00:00+00:00
2026-06-10,USD,5,0.03424467470512646,SYNTHETIC: seeded teaching dataset; not observed market data,2026-09-01T00:00:00+00:00
2026-06-10,USD,10,0.03150420161561367,SYNTHETIC: seeded teaching dataset; not observed market data,2026-09-01T00:00:00+00:00
2026-06-10,USD,30,0.04119942961767556,SYNTHETIC: seeded teaching dataset; not observed market data,2026-09-01T00:00:00+00:00
2026-06-11,CAD,1,0.023767484903185056,SYNTHETIC: seeded teaching dataset; not observed market data,2026-09-01T00:00:00+00:00
2026-06-11,CAD,2,0.029899950815284737,SYNTHETIC: seeded teaching dataset; not observed market data,2026-09-01T00:00:00+00:00
2026-06-11,CAD,5,0.030613549940196143,SYNTHETIC: seeded teaching dataset; not observed market data,2026-09-01T00:00:00+00:00
2026-06-11,CAD,10,0.029151854328505103,SYNTHETIC: seeded teaching dataset; not observed market data,2026-09-01T00:00:00+00:00
2026-06-11,CAD,30,0.04046515344019201,SYNTHETIC: seeded teaching dataset; not observed market data,2026-09-01T00:00:00+00:00
2026-06-11,USD,1,0.03798202833186318,SYNTHETIC: seeded teaching dataset; not observed market data,2026-09-01T00:00:00+00:00
2026-06-11,USD,2,0.03361962068738087,SYNTHETIC: seeded teaching dataset; not observed market data,2026-09-01T00:00:00+00:00
2026-06-11,USD,5,0.034236984295572155,SYNTHETIC: seeded teaching dataset; not observed market data,2026-09-01T00:00:00+00:00
2026-06-11,USD,10,0.031466667014117905,SYNTHETIC: seeded teaching dataset; not observed market data,2026-09-01T00:00:00+00:00
2026-06-11,USD,30,0.04086511958314443,SYNTHETIC: seeded teaching dataset; not observed market data,2026-09-01T00:00:00+00:00
2026-06-12,CAD,1,0.024218270347196213,SYNTHETIC: seeded teaching dataset; not observed market data,2026-09-01T00:00:00+00:00
2026-06-12,CAD,2,0.029896818236195805,SYNTHETIC: seeded teaching dataset; not observed market data,2026-09-01T00:00:00+00:00
2026-06-12,CAD,5,0.030796418747824624,SYNTHETIC: seeded teaching dataset; not observed market data,2026-09-01T00:00:00+00:00
2026-06-12,CAD,10,0.02973926238699616,SYNTHETIC: seeded teaching dataset; not observed market data,2026-09-01T00:00:00+00:00
2026-06-12,CAD,30,0.04009689119514949,SYNTHETIC: seeded teaching dataset; not observed market data,2026-09-01T00:00:00+00:00
2026-06-12,USD,1,0.038115685097513674,SYNTHETIC: seeded teaching dataset; not observed market data,2026-09-01T00:00:00+00:00
2026-06-12,USD,2,0.03377791393714632,SYNTHETIC: seeded teaching dataset; not observed market data,2026-09-01T00:00:00+00:00
2026-06-12,USD,5,0.03399117513273041,SYNTHETIC: seeded teaching dataset; not observed market data,2026-09-01T00:00:00+00:00
2026-06-12,USD,10,0.03171574117478361,SYNTHETIC: seeded teaching dataset; not observed market data,2026-09-01T00:00:00+00:00
2026-06-12,USD,30,0.04120693891804244,SYNTHETIC: seeded teaching dataset; not observed market data,2026-09-01T00:00:00+00:00
2026-06-15,CAD,1,0.024085270919915584,SYNTHETIC: seeded teaching dataset; not observed market data,2026-09-01T00:00:00+00:00
2026-06-15,CAD,2,0.029494882944977784,SYNTHETIC: seeded teaching dataset; not observed market data,2026-09-01T00:00:00+00:00
2026-06-15,CAD,5,0.03013939570032256,SYNTHETIC: seeded teaching dataset; not observed market data,2026-09-01T00:00:00+00:00
2026-06-15,CAD,10,0.029079930568629904,SYNTHETIC: seeded teaching dataset; not observed market data,2026-09-01T00:00:00+00:00
2026-06-15,CAD,30,0.03948799689814131,SYNTHETIC: seeded teaching dataset; not observed market data,2026-09-01T00:00:00+00:00
2026-06-15,USD,1,0.03740700574105084,SYNTHETIC: seeded teaching dataset; not observed market data,2026-09-01T00:00:00+00:00
2026-06-15,USD,2,0.0339074239353195,SYNTHETIC: seeded teaching dataset; not observed market data,2026-09-01T00:00:00+00:00
2026-06-15,USD,5,0.033976267483351454,SYNTHETIC: seeded teaching dataset; not observed market data,2026-09-01T00:00:00+00:00
2026-06-15,USD,10,0.03100850928468721,SYNTHETIC: seeded teaching dataset; not observed market data,2026-09-01T00:00:00+00:00
2026-06-15,USD,30,0.04021931099351595,SYNTHETIC: seeded teaching dataset; not observed market data,2026-09-01T00:00:00+00:00
2026-06-16,CAD,1,0.02407944516880049,SYNTHETIC: seeded teaching dataset; not observed market data,2026-09-01T00:00:00+00:00
2026-06-16,CAD,2,0.02899403908700681,SYNTHETIC: seeded teaching dataset; not observed market data,2026-09-01T00:00:00+00:00
2026-06-16,CAD,5,0.030771639812622733,SYNTHETIC: seeded teaching dataset; not observed market data,2026-09-01T00:00:00+00:00
2026-06-16,CAD,10,0.029050146142297305,SYNTHETIC: seeded teaching dataset; not observed market data,2026-09-01T00:00:00+00:00
2026-06-16,CAD,30,0.039985560836395664,SYNTHETIC: seeded teaching dataset; not observed market data,2026-09-01T00:00:00+00:00
2026-06-16,USD,1,0.03718934336574739,SYNTHETIC: seeded teaching dataset; not observed market data,2026-09-01T00:00:00+00:00
2026-06-16,USD,2,0.0339059048371383,SYNTHETIC: seeded teaching dataset; not observed market data,2026-09-01T00:00:00+00:00
2026-06-16,USD,5,0.03330119085936174,SYNTHETIC: seeded teaching dataset; not observed market data,2026-09-01T00:00:00+00:00
2026-06-16,USD,10,0.03082296277286573,SYNTHETIC: seeded teaching dataset; not observed market data,2026-09-01T00:00:00+00:00
2026-06-16,USD,30,0.04035062343860729,SYNTHETIC: seeded teaching dataset; not observed market data,2026-09-01T00:00:00+00:00
2026-06-17,CAD,1,0.02388743810359618,SYNTHETIC: seeded teaching dataset; not observed market data,2026-09-01T00:00:00+00:00
2026-06-17,CAD,2,0.0287503785729031,SYNTHETIC: seeded teaching dataset; not observed market data,2026-09-01T00:00:00+00:00
2026-06-17,CAD,5,0.029894845479692785,SYNTHETIC: seeded teaching dataset; not observed market data,2026-09-01T00:00:00+00:00
2026-06-17,CAD,10,0.029284537841130172,SYNTHETIC: seeded teaching dataset; not observed market data,2026-09-01T00:00:00+00:00
2026-06-17,CAD,30,0.03967760926774498,SYNTHETIC: seeded teaching dataset; not observed market data,2026-09-01T00:00:00+00:00
2026-06-17,USD,1,0.036446713581897786,SYNTHETIC: seeded teaching dataset; not observed market data,2026-09-01T00:00:00+00:00
2026-06-17,USD,2,0.03321317269931883,SYNTHETIC: seeded teaching dataset; not observed market data,2026-09-01T00:00:00+00:00
2026-06-17,USD,5,0.03332916084102494,SYNTHETIC: seeded teaching dataset; not observed market data,2026-09-01T00:00:00+00:00
2026-06-17,USD,10,0.03043759036022579,SYNTHETIC: seeded teaching dataset; not observed market data,2026-09-01T00:00:00+00:00
2026-06-17,USD,30,0.04015259532123473,SYNTHETIC: seeded teaching dataset; not observed market data,2026-09-01T00:00:00+00:00
2026-06-18,CAD,1,0.023952816338749485,SYNTHETIC: seeded teaching dataset; not observed market data,2026-09-01T00:00:00+00:00
2026-06-18,CAD,2,0.02874755203791736,SYNTHETIC: seeded teaching dataset; not observed market data,2026-09-01T00:00:00+00:00
2026-06-18,CAD,5,0.029970052112986045,SYNTHETIC: seeded teaching dataset; not observed market data,2026-09-01T00:00:00+00:00
2026-06-18,CAD,10,0.028638645796484077,SYNTHETIC: seeded teaching dataset; not observed market data,2026-09-01T00:00:00+00:00
2026-06-18,CAD,30,0.03926784110985425,SYNTHETIC: seeded teaching dataset; not observed market data,2026-09-01T00:00:00+00:00
2026-06-18,USD,1,0.03617873503626787,SYNTHETIC: seeded teaching dataset; not observed market data,2026-09-01T00:00:00+00:00
2026-06-18,USD,2,0.03279231767297141,SYNTHETIC: seeded teaching dataset; not observed market data,2026-09-01T00:00:00+00:00
2026-06-18,USD,5,0.03290608781296252,SYNTHETIC: seeded teaching dataset; not observed market data,2026-09-01T00:00:00+00:00
2026-06-18,USD,10,0.029639653323624112,SYNTHETIC: seeded teaching dataset; not observed market data,2026-09-01T00:00:00+00:00
2026-06-18,USD,30,0.039988797744989445,SYNTHETIC: seeded teaching dataset; not observed market data,2026-09-01T00:00:00+00:00
2026-06-19,CAD,1,0.024801257523739833,SYNTHETIC: seeded teaching dataset; not observed market data,2026-09-01T00:00:00+00:00
2026-06-19,CAD,2,0.0293448542559223,SYNTHETIC: seeded teaching dataset; not observed market data,2026-09-01T00:00:00+00:00
2026-06-19,CAD,5,0.030155019212994575,SYNTHETIC: seeded teaching dataset; not observed market data,2026-09-01T00:00:00+00:00
2026-06-19,CAD,10,0.02906550798121644,SYNTHETIC: seeded teaching dataset; not observed market data,2026-09-01T00:00:00+00:00
2026-06-19,CAD,30,0.03988394478993768,SYNTHETIC: seeded teaching dataset; not observed market data,2026-09-01T00:00:00+00:00
2026-06-19,USD,1,0.036184873107157345,SYNTHETIC: seeded teaching dataset; not observed market data,2026-09-01T00:00:00+00:00
2026-06-19,USD,2,0.03338840530798641,SYNTHETIC: seeded teaching dataset; not observed market data,2026-09-01T00:00:00+00:00
2026-06-19,USD,5,0.03314391310593684,SYNTHETIC: seeded teaching dataset; not observed market data,2026-09-01T00:00:00+00:00
2026-06-19,USD,10,0.030130274754431672,SYNTHETIC: seeded teaching dataset; not observed market data,2026-09-01T00:00:00+00:00
2026-06-19,USD,30,0.040668529847713616,SYNTHETIC: seeded teaching dataset; not observed market data,2026-09-01T00:00:00+00:00
2026-06-22,CAD,1,0.025467233984671236,SYNTHETIC: seeded teaching dataset; not observed market data,2026-09-01T00:00:00+00:00
2026-06-22,CAD,2,0.03108359719570339,SYNTHETIC: seeded teaching dataset; not observed market data,2026-09-01T00:00:00+00:00
2026-06-22,CAD,5,0.03153451273284137,SYNTHETIC: seeded teaching dataset; not observed market data,2026-09-01T00:00:00+00:00
2026-06-22,CAD,10,0.03023964302279291,SYNTHETIC: seeded teaching dataset; not observed market data,2026-09-01T00:00:00+00:00
2026-06-22,CAD,30,0.040408600989793896,SYNTHETIC: seeded teaching dataset; not observed market data,2026-09-01T00:00:00+00:00
2026-06-22,USD,1,0.03775025249718944,SYNTHETIC: seeded teaching dataset; not observed market data,2026-09-01T00:00:00+00:00
2026-06-22,USD,2,0.03438611194147372,SYNTHETIC: seeded teaching dataset; not observed market data,2026-09-01T00:00:00+00:00
2026-06-22,USD,5,0.03477371301500205,SYNTHETIC: seeded teaching dataset; not observed market data,2026-09-01T00:00:00+00:00
2026-06-22,USD,10,0.031048521629255445,SYNTHETIC: seeded teaching dataset; not observed market data,2026-09-01T00:00:00+00:00
2026-06-22,USD,30,0.04153368063199043,SYNTHETIC: seeded teaching dataset; not observed market data,2026-09-01T00:00:00+00:00
2026-06-23,CAD,1,0.02575583999525324,SYNTHETIC: seeded teaching dataset; not observed market data,2026-09-01T00:00:00+00:00
2026-06-23,CAD,2,0.031113215313202984,SYNTHETIC: seeded teaching dataset; not observed market data,2026-09-01T00:00:00+00:00
2026-06-23,CAD,5,0.0307915096203383,SYNTHETIC: seeded teaching dataset; not observed market data,2026-09-01T00:00:00+00:00
2026-06-23,CAD,10,0.029710581371511183,SYNTHETIC: seeded teaching dataset; not observed market data,2026-09-01T00:00:00+00:00
2026-06-23,CAD,30,0.040407605407133396,SYNTHETIC: seeded teaching dataset; not observed market data,2026-09-01T00:00:00+00:00
2026-06-23,USD,1,0.03706379420635071,SYNTHETIC: seeded teaching dataset; not observed market data,2026-09-01T00:00:00+00:00
2026-06-23,USD,2,0.03408447743321074,SYNTHETIC: seeded teaching dataset; not observed market data,2026-09-01T00:00:00+00:00
2026-06-23,USD,5,0.03381943121854734,SYNTHETIC: seeded teaching dataset; not observed market data,2026-09-01T00:00:00+00:00
2026-06-23,USD,10,0.030426876590060884,SYNTHETIC: seeded teaching dataset; not observed market data,2026-09-01T00:00:00+00:00
2026-06-23,USD,30,0.04083912374844432,SYNTHETIC: seeded teaching dataset; not observed market data,2026-09-01T00:00:00+00:00
2026-06-24,CAD,1,0.026610660422366126,SYNTHETIC: seeded teaching dataset; not observed market data,2026-09-01T00:00:00+00:00
2026-06-24,CAD,2,0.031474283428802347,SYNTHETIC: seeded teaching dataset; not observed market data,2026-09-01T00:00:00+00:00
2026-06-24,CAD,5,0.0310215395806902,SYNTHETIC: seeded teaching dataset; not observed market data,2026-09-01T00:00:00+00:00
2026-06-24,CAD,10,0.030021302398848267,SYNTHETIC: seeded teaching dataset; not observed market data,2026-09-01T00:00:00+00:00
2026-06-24,CAD,30,0.04035986497506659,SYNTHETIC: seeded teaching dataset; not observed market data,2026-09-01T00:00:00+00:00
2026-06-24,USD,1,0.036962413549816456,SYNTHETIC: seeded teaching dataset; not observed market data,2026-09-01T00:00:00+00:00
2026-06-24,USD,2,0.034411874320574944,SYNTHETIC: seeded teaching dataset; not observed market data,2026-09-01T00:00:00+00:00
2026-06-24,USD,5,0.0340852387985121,SYNTHETIC: seeded teaching dataset; not observed market data,2026-09-01T00:00:00+00:00
2026-06-24,USD,10,0.030585549912048083,SYNTHETIC: seeded teaching dataset; not observed market data,2026-09-01T00:00:00+00:00
2026-06-24,USD,30,0.041066463347620985,SYNTHETIC: seeded teaching dataset; not observed market data,2026-09-01T00:00:00+00:00
2026-06-25,CAD,1,0.027140673132346135,SYNTHETIC: seeded teaching dataset; not observed market data,2026-09-01T00:00:00+00:00
2026-06-25,CAD,2,0.03145724862568648,SYNTHETIC: seeded teaching dataset; not observed market data,2026-09-01T00:00:00+00:00
2026-06-25,CAD,5,0.03170068536060183,SYNTHETIC: seeded teaching dataset; not observed market data,2026-09-01T00:00:00+00:00
2026-06-25,CAD,10,0.029615554766494613,SYNTHETIC: seeded teaching dataset; not observed market data,2026-09-01T00:00:00+00:00
2026-06-25,CAD,30,0.040207335761105904,SYNTHETIC: seeded teaching dataset; not observed market data,2026-09-01T00:00:00+00:00
2026-06-25,USD,1,0.0365645648155008,SYNTHETIC: seeded teaching dataset; not observed market data,2026-09-01T00:00:00+00:00
2026-06-25,USD,2,0.03434852951214757,SYNTHETIC: seeded teaching dataset; not observed market data,2026-09-01T00:00:00+00:00
2026-06-25,USD,5,0.0343706905410115,SYNTHETIC: seeded teaching dataset; not observed market data,2026-09-01T00:00:00+00:00
2026-06-25,USD,10,0.03155035002393254,SYNTHETIC: seeded teaching dataset; not observed market data,2026-09-01T00:00:00+00:00
2026-06-25,USD,30,0.04156258945522706,SYNTHETIC: seeded teaching dataset; not observed market data,2026-09-01T00:00:00+00:00
2026-06-26,CAD,1,0.027201071078160385,SYNTHETIC: seeded teaching dataset; not observed market data,2026-09-01T00:00:00+00:00
2026-06-26,CAD,2,0.031191191649274107,SYNTHETIC: seeded teaching dataset; not observed market data,2026-09-01T00:00:00+00:00
2026-06-26,CAD,5,0.03137556236634349,SYNTHETIC: seeded teaching dataset; not observed market data,2026-09-01T00:00:00+00:00
2026-06-26,CAD,10,0.029451618476351207,SYNTHETIC: seeded teaching dataset; not observed market data,2026-09-01T00:00:00+00:00
2026-06-26,CAD,30,0.03973744555233621,SYNTHETIC: seeded teaching dataset; not observed market data,2026-09-01T00:00:00+00:00
2026-06-26,USD,1,0.03627113297307462,SYNTHETIC: seeded teaching dataset; not observed market data,2026-09-01T00:00:00+00:00
2026-06-26,USD,2,0.034482641586783686,SYNTHETIC: seeded teaching dataset; not observed market data,2026-09-01T00:00:00+00:00
2026-06-26,USD,5,0.03462145242529365,SYNTHETIC: seeded teaching dataset; not observed market data,2026-09-01T00:00:00+00:00
2026-06-26,USD,10,0.031819627056864,SYNTHETIC: seeded teaching dataset; not observed market data,2026-09-01T00:00:00+00:00
2026-06-26,USD,30,0.041471648934626106,SYNTHETIC: seeded teaching dataset; not observed market data,2026-09-01T00:00:00+00:00
2026-06-29,CAD,1,0.027417900111387925,SYNTHETIC: seeded teaching dataset; not observed market data,2026-09-01T00:00:00+00:00
2026-06-29,CAD,2,0.03085843300493893,SYNTHETIC: seeded teaching dataset; not observed market data,2026-09-01T00:00:00+00:00
2026-06-29,CAD,5,0.030667177277018672,SYNTHETIC: seeded teaching dataset; not observed market data,2026-09-01T00:00:00+00:00
2026-06-29,CAD,10,0.028701924084610274,SYNTHETIC: seeded teaching dataset; not observed market data,2026-09-01T00:00:00+00:00
2026-06-29,CAD,30,0.03913061313731058,SYNTHETIC: seeded teaching dataset; not observed market data,2026-09-01T00:00:00+00:00
2026-06-29,USD,1,0.03616026285021362,SYNTHETIC: seeded teaching dataset; not observed market data,2026-09-01T00:00:00+00:00
2026-06-29,USD,2,0.033987097906991406,SYNTHETIC: seeded teaching dataset; not observed market data,2026-09-01T00:00:00+00:00
2026-06-29,USD,5,0.03458591906019081,SYNTHETIC: seeded teaching dataset; not observed market data,2026-09-01T00:00:00+00:00
2026-06-29,USD,10,0.031246066371156265,SYNTHETIC: seeded teaching dataset; not observed market data,2026-09-01T00:00:00+00:00
2026-06-29,USD,30,0.0413607318860528,SYNTHETIC: seeded teaching dataset; not observed market data,2026-09-01T00:00:00+00:00
2026-06-30,CAD,1,0.027868645302910566,SYNTHETIC: seeded teaching dataset; not observed market data,2026-09-01T00:00:00+00:00
2026-06-30,CAD,2,0.030623488101172783,SYNTHETIC: seeded teaching dataset; not observed market data,2026-09-01T00:00:00+00:00
2026-06-30,CAD,5,0.030996859052610844,SYNTHETIC: seeded teaching dataset; not observed market data,2026-09-01T00:00:00+00:00
2026-06-30,CAD,10,0.029278173228070928,SYNTHETIC: seeded teaching dataset; not observed market data,2026-09-01T00:00:00+00:00
2026-06-30,CAD,30,0.03954254626073978,SYNTHETIC: seeded teaching dataset; not observed market data,2026-09-01T00:00:00+00:00
2026-06-30,USD,1,0.03641715951627651,SYNTHETIC: seeded teaching dataset; not observed market data,2026-09-01T00:00:00+00:00
2026-06-30,USD,2,0.033997768500424116,SYNTHETIC: seeded teaching dataset; not observed market data,2026-09-01T00:00:00+00:00
2026-06-30,USD,5,0.03481305258670484,SYNTHETIC: seeded teaching dataset; not observed market data,2026-09-01T00:00:00+00:00
2026-06-30,USD,10,0.03160476629390312,SYNTHETIC: seeded teaching dataset; not observed market data,2026-09-01T00:00:00+00:00
2026-06-30,USD,30,0.04199020825570041,SYNTHETIC: seeded teaching dataset; not observed market data,2026-09-01T00:00:00+00:00
2026-07-01,CAD,1,0.02858722483703936,SYNTHETIC: seeded teaching dataset; not observed market data,2026-09-01T00:00:00+00:00
2026-07-01,CAD,2,0.03092076190313442,SYNTHETIC: seeded teaching dataset; not observed market data,2026-09-01T00:00:00+00:00
2026-07-01,CAD,5,0.03173927111993938,SYNTHETIC: seeded teaching dataset; not observed market data,2026-09-01T00:00:00+00:00
2026-07-01,CAD,10,0.029251628755101476,SYNTHETIC: seeded teaching dataset; not observed market data,2026-09-01T00:00:00+00:00
2026-07-01,CAD,30,0.03967931683908828,SYNTHETIC: seeded teaching dataset; not observed market data,2026-09-01T00:00:00+00:00
2026-07-01,USD,1,0.03666938164334588,SYNTHETIC: seeded teaching dataset; not observed market data,2026-09-01T00:00:00+00:00
2026-07-01,USD,2,0.03461223366192453,SYNTHETIC: seeded teaching dataset; not observed market data,2026-09-01T00:00:00+00:00
2026-07-01,USD,5,0.034630449844267115,SYNTHETIC: seeded teaching dataset; not observed market data,2026-09-01T00:00:00+00:00
2026-07-01,USD,10,0.03184345344163074,SYNTHETIC: seeded teaching dataset; not observed market data,2026-09-01T00:00:00+00:00
2026-07-01,USD,30,0.041937201972674365,SYNTHETIC: seeded teaching dataset; not observed market data,2026-09-01T00:00:00+00:00
2026-07-02,CAD,1,0.027811957594598678,SYNTHETIC: seeded teaching dataset; not observed market data,2026-09-01T00:00:00+00:00
2026-07-02,CAD,2,0.03113067531263624,SYNTHETIC: seeded teaching dataset; not observed market data,2026-09-01T00:00:00+00:00
2026-07-02,CAD,5,0.03189162227442238,SYNTHETIC: seeded teaching dataset; not observed market data,2026-09-01T00:00:00+00:00
2026-07-02,CAD,10,0.02949092389578676,SYNTHETIC: seeded teaching dataset; not observed market data,2026-09-01T00:00:00+00:00
2026-07-02,CAD,30,0.03943244822875533,SYNTHETIC: seeded teaching dataset; not observed market data,2026-09-01T00:00:00+00:00
2026-07-02,USD,1,0.03590258155774512,SYNTHETIC: seeded teaching dataset; not observed market data,2026-09-01T00:00:00+00:00
2026-07-02,USD,2,0.034123613725481367,SYNTHETIC: seeded teaching dataset; not observed market data,2026-09-01T00:00:00+00:00
2026-07-02,USD,5,0.03436900988268446,SYNTHETIC: seeded teaching dataset; not observed market data,2026-09-01T00:00:00+00:00
2026-07-02,USD,10,0.03168263848091914,SYNTHETIC: seeded teaching dataset; not observed market data,2026-09-01T00:00:00+00:00
2026-07-02,USD,30,0.04186700046318477,SYNTHETIC: seeded teaching dataset; not observed market data,2026-09-01T00:00:00+00:00
2026-07-03,CAD,1,0.028822462039774132,SYNTHETIC: seeded teaching dataset; not observed market data,2026-09-01T00:00:00+00:00
2026-07-03,CAD,2,0.03172804876200106,SYNTHETIC: seeded teaching dataset; not observed market data,2026-09-01T00:00:00+00:00
2026-07-03,CAD,5,0.03193241420066889,SYNTHETIC: seeded teaching dataset; not observed market data,2026-09-01T00:00:00+00:00
2026-07-03,CAD,10,0.02962330202108439,SYNTHETIC: seeded teaching dataset; not observed market data,2026-09-01T00:00:00+00:00
2026-07-03,CAD,30,0.039645607661040305,SYNTHETIC: seeded teaching dataset; not observed market data,2026-09-01T00:00:00+00:00
2026-07-03,USD,1,0.036454717419181645,SYNTHETIC: seeded teaching dataset; not observed market data,2026-09-01T00:00:00+00:00
2026-07-03,USD,2,0.03425507096037289,SYNTHETIC: seeded teaching dataset; not observed market data,2026-09-01T00:00:00+00:00
2026-07-03,USD,5,0.03527135195508624,SYNTHETIC: seeded teaching dataset; not observed market data,2026-09-01T00:00:00+00:00
2026-07-03,USD,10,0.032170725595850574,SYNTHETIC: seeded teaching dataset; not observed market data,2026-09-01T00:00:00+00:00
2026-07-03,USD,30,0.0416614785129614,SYNTHETIC: seeded teaching dataset; not observed market data,2026-09-01T00:00:00+00:00
2026-07-06,CAD,1,0.02927413957533209,SYNTHETIC: seeded teaching dataset; not observed market data,2026-09-01T00:00:00+00:00
2026-07-06,CAD,2,0.03242624126731423,SYNTHETIC: seeded teaching dataset; not observed market data,2026-09-01T00:00:00+00:00
2026-07-06,CAD,5,0.03188715840242258,SYNTHETIC: seeded teaching dataset; not observed market data,2026-09-01T00:00:00+00:00
2026-07-06,CAD,10,0.029643639147368145,SYNTHETIC: seeded teaching dataset; not observed market data,2026-09-01T00:00:00+00:00
2026-07-06,CAD,30,0.04005941931453228,SYNTHETIC: seeded teaching dataset; not observed market data,2026-09-01T00:00:00+00:00
2026-07-06,USD,1,0.03645357231494151,SYNTHETIC: seeded teaching dataset; not observed market data,2026-09-01T00:00:00+00:00
2026-07-06,USD,2,0.03490874062702207,SYNTHETIC: seeded teaching dataset; not observed market data,2026-09-01T00:00:00+00:00
2026-07-06,USD,5,0.03589040385413618,SYNTHETIC: seeded teaching dataset; not observed market data,2026-09-01T00:00:00+00:00
2026-07-06,USD,10,0.03236277600236581,SYNTHETIC: seeded teaching dataset; not observed market data,2026-09-01T00:00:00+00:00
2026-07-06,USD,30,0.04215580257601325,SYNTHETIC: seeded teaching dataset; not observed market data,2026-09-01T00:00:00+00:00
2026-07-07,CAD,1,0.029952762809206984,SYNTHETIC: seeded teaching dataset; not observed market data,2026-09-01T00:00:00+00:00
2026-07-07,CAD,2,0.03210275374637288,SYNTHETIC: seeded teaching dataset; not observed market data,2026-09-01T00:00:00+00:00
2026-07-07,CAD,5,0.03191808335084091,SYNTHETIC: seeded teaching dataset; not observed market data,2026-09-01T00:00:00+00:00
2026-07-07,CAD,10,0.029894117422947564,SYNTHETIC: seeded teaching dataset; not observed market data,2026-09-01T00:00:00+00:00
2026-07-07,CAD,30,0.04011458612379737,SYNTHETIC: seeded teaching dataset; not observed market data,2026-09-01T00:00:00+00:00
2026-07-07,USD,1,0.03587625318526369,SYNTHETIC: seeded teaching dataset; not observed market data,2026-09-01T00:00:00+00:00
2026-07-07,USD,2,0.034785071700415414,SYNTHETIC: seeded teaching dataset; not observed market data,2026-09-01T00:00:00+00:00
2026-07-07,USD,5,0.03536441548117407,SYNTHETIC: seeded teaching dataset; not observed market data,2026-09-01T00:00:00+00:00
2026-07-07,USD,10,0.03204024915390777,SYNTHETIC: seeded teaching dataset; not observed market data,2026-09-01T00:00:00+00:00
2026-07-07,USD,30,0.041972222395763537,SYNTHETIC: seeded teaching dataset; not observed market data,2026-09-01T00:00:00+00:00
2026-07-08,CAD,1,0.02958959895228219,SYNTHETIC: seeded teaching dataset; not observed market data,2026-09-01T00:00:00+00:00
2026-07-08,CAD,2,0.03257536381177659,SYNTHETIC: seeded teaching dataset; not observed market data,2026-09-01T00:00:00+00:00
2026-07-08,CAD,5,0.031461645787210335,SYNTHETIC: seeded teaching dataset; not observed market data,2026-09-01T00:00:00+00:00
2026-07-08,CAD,10,0.02952799745930513,SYNTHETIC: seeded teaching dataset; not observed market data,2026-09-01T00:00:00+00:00
2026-07-08,CAD,30,0.04001991131631114,SYNTHETIC: seeded teaching dataset; not observed market data,2026-09-01T00:00:00+00:00
2026-07-08,USD,1,0.03551417288083519,SYNTHETIC: seeded teaching dataset; not observed market data,2026-09-01T00:00:00+00:00
2026-07-08,USD,2,0.034665663337383634,SYNTHETIC: seeded teaching dataset; not observed market data,2026-09-01T00:00:00+00:00
2026-07-08,USD,5,0.035621917153321574,SYNTHETIC: seeded teaching dataset; not observed market data,2026-09-01T00:00:00+00:00
2026-07-08,USD,10,0.03126461987369347,SYNTHETIC: seeded teaching dataset; not observed market data,2026-09-01T00:00:00+00:00
2026-07-08,USD,30,0.041566483980078756,SYNTHETIC: seeded teaching dataset; not observed market data,2026-09-01T00:00:00+00:00
2026-07-09,CAD,1,0.03002263746252232,SYNTHETIC: seeded teaching dataset; not observed market data,2026-09-01T00:00:00+00:00
2026-07-09,CAD,2,0.033016258806977415,SYNTHETIC: seeded teaching dataset; not observed market data,2026-09-01T00:00:00+00:00
2026-07-09,CAD,5,0.030954099664223588,SYNTHETIC: seeded teaching dataset; not observed market data,2026-09-01T00:00:00+00:00
2026-07-09,CAD,10,0.029743633661198414,SYNTHETIC: seeded teaching dataset; not observed market data,2026-09-01T00:00:00+00:00
2026-07-09,CAD,30,0.040382465340169954,SYNTHETIC: seeded teaching dataset; not observed market data,2026-09-01T00:00:00+00:00
2026-07-09,USD,1,0.03538144489201396,SYNTHETIC: seeded teaching dataset; not observed market data,2026-09-01T00:00:00+00:00
2026-07-09,USD,2,0.03463334846881147,SYNTHETIC: seeded teaching dataset; not observed market data,2026-09-01T00:00:00+00:00
2026-07-09,USD,5,0.035347910719233225,SYNTHETIC: seeded teaching dataset; not observed market data,2026-09-01T00:00:00+00:00
2026-07-09,USD,10,0.031188965900740235,SYNTHETIC: seeded teaching dataset; not observed market data,2026-09-01T00:00:00+00:00
2026-07-09,USD,30,0.04128380905461133,SYNTHETIC: seeded teaching dataset; not observed market data,2026-09-01T00:00:00+00:00
2026-07-10,CAD,1,0.03089365732895488,SYNTHETIC: seeded teaching dataset; not observed market data,2026-09-01T00:00:00+00:00
2026-07-10,CAD,2,0.03334798837405123,SYNTHETIC: seeded teaching dataset; not observed market data,2026-09-01T00:00:00+00:00
2026-07-10,CAD,5,0.031744854894728516,SYNTHETIC: seeded teaching dataset; not observed market data,2026-09-01T00:00:00+00:00
2026-07-10,CAD,10,0.029936905727234182,SYNTHETIC: seeded teaching dataset; not observed market data,2026-09-01T00:00:00+00:00
2026-07-10,CAD,30,0.04074885709084269,SYNTHETIC: seeded teaching dataset; not observed market data,2026-09-01T00:00:00+00:00
2026-07-10,USD,1,0.034715575803546075,SYNTHETIC: seeded teaching dataset; not observed market data,2026-09-01T00:00:00+00:00
2026-07-10,USD,2,0.03564637799337161,SYNTHETIC: seeded teaching dataset; not observed market data,2026-09-01T00:00:00+00:00
2026-07-10,USD,5,0.03545530631514227,SYNTHETIC: seeded teaching dataset; not observed market data,2026-09-01T00:00:00+00:00
2026-07-10,USD,10,0.03148449206056951,SYNTHETIC: seeded teaching dataset; not observed market data,2026-09-01T00:00:00+00:00
2026-07-10,USD,30,0.04193813913589514,SYNTHETIC: seeded teaching dataset; not observed market data,2026-09-01T00:00:00+00:00
2026-07-13,CAD,1,0.03087448323419213,SYNTHETIC: seeded teaching dataset; not observed market data,2026-09-01T00:00:00+00:00
2026-07-13,CAD,2,0.03350902273766002,SYNTHETIC: seeded teaching dataset; not observed market data,2026-09-01T00:00:00+00:00
2026-07-13,CAD,5,0.03189875864603628,SYNTHETIC: seeded teaching dataset; not observed market data,2026-09-01T00:00:00+00:00
2026-07-13,CAD,10,0.030142132493330177,SYNTHETIC: seeded teaching dataset; not observed market data,2026-09-01T00:00:00+00:00
2026-07-13,CAD,30,0.0408551712061742,SYNTHETIC: seeded teaching dataset; not observed market data,2026-09-01T00:00:00+00:00
2026-07-13,USD,1,0.03489149825074345,SYNTHETIC: seeded teaching dataset; not observed market data,2026-09-01T00:00:00+00:00
2026-07-13,USD,2,0.035967325505560636,SYNTHETIC: seeded teaching dataset; not observed market data,2026-09-01T00:00:00+00:00
2026-07-13,USD,5,0.035325508493063394,SYNTHETIC: seeded teaching dataset; not observed market data,2026-09-01T00:00:00+00:00
2026-07-13,USD,10,0.03131836963286834,SYNTHETIC: seeded teaching dataset; not observed market data,2026-09-01T00:00:00+00:00
2026-07-13,USD,30,0.04192501710852811,SYNTHETIC: seeded teaching dataset; not observed market data,2026-09-01T00:00:00+00:00
2026-07-14,CAD,1,0.03077181969933247,SYNTHETIC: seeded teaching dataset; not observed market data,2026-09-01T00:00:00+00:00
2026-07-14,CAD,2,0.03350983151799317,SYNTHETIC: seeded teaching dataset; not observed market data,2026-09-01T00:00:00+00:00
2026-07-14,CAD,5,0.03143446998099449,SYNTHETIC: seeded teaching dataset; not observed market data,2026-09-01T00:00:00+00:00
2026-07-14,CAD,10,0.03021139479090154,SYNTHETIC: seeded teaching dataset; not observed market data,2026-09-01T00:00:00+00:00
2026-07-14,CAD,30,0.040622269923710715,SYNTHETIC: seeded teaching dataset; not observed market data,2026-09-01T00:00:00+00:00
2026-07-14,USD,1,0.03497270301856069,SYNTHETIC: seeded teaching dataset; not observed market data,2026-09-01T00:00:00+00:00
2026-07-14,USD,2,0.035905526161662225,SYNTHETIC: seeded teaching dataset; not observed market data,2026-09-01T00:00:00+00:00
2026-07-14,USD,5,0.03535011072057663,SYNTHETIC: seeded teaching dataset; not observed market data,2026-09-01T00:00:00+00:00
2026-07-14,USD,10,0.0318079973084965,SYNTHETIC: seeded teaching dataset; not observed market data,2026-09-01T00:00:00+00:00
2026-07-14,USD,30,0.04171694827663244,SYNTHETIC: seeded teaching dataset; not observed market data,2026-09-01T00:00:00+00:00
2026-07-15,CAD,1,0.030863604629806026,SYNTHETIC: seeded teaching dataset; not observed market data,2026-09-01T00:00:00+00:00
2026-07-15,CAD,2,0.033511367153710434,SYNTHETIC: seeded teaching dataset; not observed market data,2026-09-01T00:00:00+00:00
2026-07-15,CAD,5,0.03200661252393963,SYNTHETIC: seeded teaching dataset; not observed market data,2026-09-01T00:00:00+00:00
2026-07-15,CAD,10,0.030168567748998718,SYNTHETIC: seeded teaching dataset; not observed market data,2026-09-01T00:00:00+00:00
2026-07-15,CAD,30,0.04055855995695796,SYNTHETIC: seeded teaching dataset; not observed market data,2026-09-01T00:00:00+00:00
2026-07-15,USD,1,0.034264070552216294,SYNTHETIC: seeded teaching dataset; not observed market data,2026-09-01T00:00:00+00:00
2026-07-15,USD,2,0.035841002020161994,SYNTHETIC: seeded teaching dataset; not observed market data,2026-09-01T00:00:00+00:00
2026-07-15,USD,5,0.03496600523001477,SYNTHETIC: seeded teaching dataset; not observed market data,2026-09-01T00:00:00+00:00
2026-07-15,USD,10,0.031617094008840885,SYNTHETIC: seeded teaching dataset; not observed market data,2026-09-01T00:00:00+00:00
2026-07-15,USD,30,0.0415099125646705,SYNTHETIC: seeded teaching dataset; not observed market data,2026-09-01T00:00:00+00:00
2026-07-16,CAD,1,0.030784394175002516,SYNTHETIC: seeded teaching dataset; not observed market data,2026-09-01T00:00:00+00:00
2026-07-16,CAD,2,0.033528377977824035,SYNTHETIC: seeded teaching dataset; not observed market data,2026-09-01T00:00:00+00:00
2026-07-16,CAD,5,0.03185328777861343,SYNTHETIC: seeded teaching dataset; not observed market data,2026-09-01T00:00:00+00:00
2026-07-16,CAD,10,0.029588648792913813,SYNTHETIC: seeded teaching dataset; not observed market data,2026-09-01T00:00:00+00:00
2026-07-16,CAD,30,0.04070866767806609,SYNTHETIC: seeded teaching dataset; not observed market data,2026-09-01T00:00:00+00:00
2026-07-16,USD,1,0.03401004744299252,SYNTHETIC: seeded teaching dataset; not observed market data,2026-09-01T00:00:00+00:00
2026-07-16,USD,2,0.0357516488893652,SYNTHETIC: seeded teaching dataset; not observed market data,2026-09-01T00:00:00+00:00
2026-07-16,USD,5,0.03486809035746601,SYNTHETIC: seeded teaching dataset; not observed market data,2026-09-01T00:00:00+00:00
2026-07-16,USD,10,0.03150333340528795,SYNTHETIC: seeded teaching dataset; not observed market data,2026-09-01T00:00:00+00:00
2026-07-16,USD,30,0.041031317949633085,SYNTHETIC: seeded teaching dataset; not observed market data,2026-09-01T00:00:00+00:00
2026-07-17,CAD,1,0.031319481564453425,SYNTHETIC: seeded teaching dataset; not observed market data,2026-09-01T00:00:00+00:00
2026-07-17,CAD,2,0.03387956982913653,SYNTHETIC: seeded teaching dataset; not observed market data,2026-09-01T00:00:00+00:00
2026-07-17,CAD,5,0.03281051815064022,SYNTHETIC: seeded teaching dataset; not observed market data,2026-09-01T00:00:00+00:00
2026-07-17,CAD,10,0.030314579182262984,SYNTHETIC: seeded teaching dataset; not observed market data,2026-09-01T00:00:00+00:00
2026-07-17,CAD,30,0.04156433690955125,SYNTHETIC: seeded teaching dataset; not observed market data,2026-09-01T00:00:00+00:00
2026-07-17,USD,1,0.03482946948931244,SYNTHETIC: seeded teaching dataset; not observed market data,2026-09-01T00:00:00+00:00
2026-07-17,USD,2,0.03630638651118493,SYNTHETIC: seeded teaching dataset; not observed market data,2026-09-01T00:00:00+00:00
2026-07-17,USD,5,0.03516633072515081,SYNTHETIC: seeded teaching dataset; not observed market data,2026-09-01T00:00:00+00:00
2026-07-17,USD,10,0.03191183086284402,SYNTHETIC: seeded teaching dataset; not observed market data,2026-09-01T00:00:00+00:00
2026-07-17,USD,30,0.0412115189191367,SYNTHETIC: seeded teaching dataset; not observed market data,2026-09-01T00:00:00+00:00
2026-07-20,CAD,1,0.031487095757816,SYNTHETIC: seeded teaching dataset; not observed market data,2026-09-01T00:00:00+00:00
2026-07-20,CAD,2,0.03378253965784707,SYNTHETIC: seeded teaching dataset; not observed market data,2026-09-01T00:00:00+00:00
2026-07-20,CAD,5,0.033576444487817145,SYNTHETIC: seeded teaching dataset; not observed market data,2026-09-01T00:00:00+00:00
2026-07-20,CAD,10,0.03078851653989524,SYNTHETIC: seeded teaching dataset; not observed market data,2026-09-01T00:00:00+00:00
2026-07-20,CAD,30,0.0414170090338636,SYNTHETIC: seeded teaching dataset; not observed market data,2026-09-01T00:00:00+00:00
2026-07-20,USD,1,0.03545749944613945,SYNTHETIC: seeded teaching dataset; not observed market data,2026-09-01T00:00:00+00:00
2026-07-20,USD,2,0.03662823420014765,SYNTHETIC: seeded teaching dataset; not observed market data,2026-09-01T00:00:00+00:00
2026-07-20,USD,5,0.03517202022235782,SYNTHETIC: seeded teaching dataset; not observed market data,2026-09-01T00:00:00+00:00
2026-07-20,USD,10,0.03276595548229273,SYNTHETIC: seeded teaching dataset; not observed market data,2026-09-01T00:00:00+00:00
2026-07-20,USD,30,0.04142565208761471,SYNTHETIC: seeded teaching dataset; not observed market data,2026-09-01T00:00:00+00:00
2026-07-21,CAD,1,0.03182010910437928,SYNTHETIC: seeded teaching dataset; not observed market data,2026-09-01T00:00:00+00:00
2026-07-21,CAD,2,0.03384090182665772,SYNTHETIC: seeded teaching dataset; not observed market data,2026-09-01T00:00:00+00:00
2026-07-21,CAD,5,0.03390331737284305,SYNTHETIC: seeded teaching dataset; not observed market data,2026-09-01T00:00:00+00:00
2026-07-21,CAD,10,0.030595111040361195,SYNTHETIC: seeded teaching dataset; not observed market data,2026-09-01T00:00:00+00:00
2026-07-21,CAD,30,0.0411315767242017,SYNTHETIC: seeded teaching dataset; not observed market data,2026-09-01T00:00:00+00:00
2026-07-21,USD,1,0.03533984111209226,SYNTHETIC: seeded teaching dataset; not observed market data,2026-09-01T00:00:00+00:00
2026-07-21,USD,2,0.036889550728764785,SYNTHETIC: seeded teaching dataset; not observed market data,2026-09-01T00:00:00+00:00
2026-07-21,USD,5,0.03515161617778682,SYNTHETIC: seeded teaching dataset; not observed market data,2026-09-01T00:00:00+00:00
2026-07-21,USD,10,0.03298645889941294,SYNTHETIC: seeded teaching dataset; not observed market data,2026-09-01T00:00:00+00:00
2026-07-21,USD,30,0.04054158888443576,SYNTHETIC: seeded teaching dataset; not observed market data,2026-09-01T00:00:00+00:00
2026-07-22,CAD,1,0.03136798208977716,SYNTHETIC: seeded teaching dataset; not observed market data,2026-09-01T00:00:00+00:00
2026-07-22,CAD,2,0.03399803729631717,SYNTHETIC: seeded teaching dataset; not observed market data,2026-09-01T00:00:00+00:00
2026-07-22,CAD,5,0.03411344896009136,SYNTHETIC: seeded teaching dataset; not observed market data,2026-09-01T00:00:00+00:00
2026-07-22,CAD,10,0.030438504497211867,SYNTHETIC: seeded teaching dataset; not observed market data,2026-09-01T00:00:00+00:00
2026-07-22,CAD,30,0.04083563789082368,SYNTHETIC: seeded teaching dataset; not observed market data,2026-09-01T00:00:00+00:00
2026-07-22,USD,1,0.035090713178328445,SYNTHETIC: seeded teaching dataset; not observed market data,2026-09-01T00:00:00+00:00
2026-07-22,USD,2,0.03676789479666064,SYNTHETIC: seeded teaching dataset; not observed market data,2026-09-01T00:00:00+00:00
2026-07-22,USD,5,0.03483025282905877,SYNTHETIC: seeded teaching dataset; not observed market data,2026-09-01T00:00:00+00:00
2026-07-22,USD,10,0.032833282502739244,SYNTHETIC: seeded teaching dataset; not observed market data,2026-09-01T00:00:00+00:00
2026-07-22,USD,30,0.04117688103934295,SYNTHETIC: seeded teaching dataset; not observed market data,2026-09-01T00:00:00+00:00
2026-07-23,CAD,1,0.03171274081877952,SYNTHETIC: seeded teaching dataset; not observed market data,2026-09-01T00:00:00+00:00
2026-07-23,CAD,2,0.03343655710502754,SYNTHETIC: seeded teaching dataset; not observed market data,2026-09-01T00:00:00+00:00
2026-07-23,CAD,5,0.03369170774877908,SYNTHETIC: seeded teaching dataset; not observed market data,2026-09-01T00:00:00+00:00
2026-07-23,CAD,10,0.030917969175620105,SYNTHETIC: seeded teaching dataset; not observed market data,2026-09-01T00:00:00+00:00
2026-07-23,CAD,30,0.04081727009624075,SYNTHETIC: seeded teaching dataset; not observed market data,2026-09-01T00:00:00+00:00
2026-07-23,USD,1,0.03465005593140774,SYNTHETIC: seeded teaching dataset; not observed market data,2026-09-01T00:00:00+00:00
2026-07-23,USD,2,0.03681228824997721,SYNTHETIC: seeded teaching dataset; not observed market data,2026-09-01T00:00:00+00:00
2026-07-23,USD,5,0.03506366353929983,SYNTHETIC: seeded teaching dataset; not observed market data,2026-09-01T00:00:00+00:00
2026-07-23,USD,10,0.032454585799380584,SYNTHETIC: seeded teaching dataset; not observed market data,2026-09-01T00:00:00+00:00
2026-07-23,USD,30,0.041633631986465865,SYNTHETIC: seeded teaching dataset; not observed market data,2026-09-01T00:00:00+00:00
2026-07-24,CAD,1,0.03216496317038839,SYNTHETIC: seeded teaching dataset; not observed market data,2026-09-01T00:00:00+00:00
2026-07-24,CAD,2,0.03442129472566643,SYNTHETIC: seeded teaching dataset; not observed market data,2026-09-01T00:00:00+00:00
2026-07-24,CAD,5,0.03371051667977913,SYNTHETIC: seeded teaching dataset; not observed market data,2026-09-01T00:00:00+00:00
2026-07-24,CAD,10,0.03092683654322024,SYNTHETIC: seeded teaching dataset; not observed market data,2026-09-01T00:00:00+00:00
2026-07-24,CAD,30,0.04129799677469997,SYNTHETIC: seeded teaching dataset; not observed market data,2026-09-01T00:00:00+00:00
2026-07-24,USD,1,0.03511578764365256,SYNTHETIC: seeded teaching dataset; not observed market data,2026-09-01T00:00:00+00:00
2026-07-24,USD,2,0.037094206468799434,SYNTHETIC: seeded teaching dataset; not observed market data,2026-09-01T00:00:00+00:00
2026-07-24,USD,5,0.035113509394477625,SYNTHETIC: seeded teaching dataset; not observed market data,2026-09-01T00:00:00+00:00
2026-07-24,USD,10,0.03236392318862946,SYNTHETIC: seeded teaching dataset; not observed market data,2026-09-01T00:00:00+00:00
2026-07-24,USD,30,0.04166129756419699,SYNTHETIC: seeded teaching dataset; not observed market data,2026-09-01T00:00:00+00:00
2026-07-27,CAD,1,0.032296470319391216,SYNTHETIC: seeded teaching dataset; not observed market data,2026-09-01T00:00:00+00:00
2026-07-27,CAD,2,0.0349928309891737,SYNTHETIC: seeded teaching dataset; not observed market data,2026-09-01T00:00:00+00:00
2026-07-27,CAD,5,0.03360875838849722,SYNTHETIC: seeded teaching dataset; not observed market data,2026-09-01T00:00:00+00:00
2026-07-27,CAD,10,0.031859608914031355,SYNTHETIC: seeded teaching dataset; not observed market data,2026-09-01T00:00:00+00:00
2026-07-27,CAD,30,0.04189140619523761,SYNTHETIC: seeded teaching dataset; not observed market data,2026-09-01T00:00:00+00:00
2026-07-27,USD,1,0.035564601821153174,SYNTHETIC: seeded teaching dataset; not observed market data,2026-09-01T00:00:00+00:00
2026-07-27,USD,2,0.037990967175945786,SYNTHETIC: seeded teaching dataset; not observed market data,2026-09-01T00:00:00+00:00
2026-07-27,USD,5,0.03579057535276047,SYNTHETIC: seeded teaching dataset; not observed market data,2026-09-01T00:00:00+00:00
2026-07-27,USD,10,0.033199699638662816,SYNTHETIC: seeded teaching dataset; not observed market data,2026-09-01T00:00:00+00:00
2026-07-27,USD,30,0.04191758899484591,SYNTHETIC: seeded teaching dataset; not observed market data,2026-09-01T00:00:00+00:00
2026-07-28,CAD,1,0.03177955299153798,SYNTHETIC: seeded teaching dataset; not observed market data,2026-09-01T00:00:00+00:00
2026-07-28,CAD,2,0.03505342193028368,SYNTHETIC: seeded teaching dataset; not observed market data,2026-09-01T00:00:00+00:00
2026-07-28,CAD,5,0.033475443840714214,SYNTHETIC: seeded teaching dataset; not observed market data,2026-09-01T00:00:00+00:00
2026-07-28,CAD,10,0.03205045652964128,SYNTHETIC: seeded teaching dataset; not observed market data,2026-09-01T00:00:00+00:00
2026-07-28,CAD,30,0.041190697728327993,SYNTHETIC: seeded teaching dataset; not observed market data,2026-09-01T00:00:00+00:00
2026-07-28,USD,1,0.035712370085240724,SYNTHETIC: seeded teaching dataset; not observed market data,2026-09-01T00:00:00+00:00
2026-07-28,USD,2,0.03843186627496468,SYNTHETIC: seeded teaching dataset; not observed market data,2026-09-01T00:00:00+00:00
2026-07-28,USD,5,0.03526732639243349,SYNTHETIC: seeded teaching dataset; not observed market data,2026-09-01T00:00:00+00:00
2026-07-28,USD,10,0.033297747037090944,SYNTHETIC: seeded teaching dataset; not observed market data,2026-09-01T00:00:00+00:00
2026-07-28,USD,30,0.04215573454734109,SYNTHETIC: seeded teaching dataset; not observed market data,2026-09-01T00:00:00+00:00
2026-07-29,CAD,1,0.0322460738515256,SYNTHETIC: seeded teaching dataset; not observed market data,2026-09-01T00:00:00+00:00
2026-07-29,CAD,2,0.03527033571936321,SYNTHETIC: seeded teaching dataset; not observed market data,2026-09-01T00:00:00+00:00
2026-07-29,CAD,5,0.033509466415823835,SYNTHETIC: seeded teaching dataset; not observed market data,2026-09-01T00:00:00+00:00
2026-07-29,CAD,10,0.03308736664419023,SYNTHETIC: seeded teaching dataset; not observed market data,2026-09-01T00:00:00+00:00
2026-07-29,CAD,30,0.04127764491805633,SYNTHETIC: seeded teaching dataset; not observed market data,2026-09-01T00:00:00+00:00
2026-07-29,USD,1,0.03628265561822468,SYNTHETIC: seeded teaching dataset; not observed market data,2026-09-01T00:00:00+00:00
2026-07-29,USD,2,0.03855250984345004,SYNTHETIC: seeded teaching dataset; not observed market data,2026-09-01T00:00:00+00:00
2026-07-29,USD,5,0.035466778685863634,SYNTHETIC: seeded teaching dataset; not observed market data,2026-09-01T00:00:00+00:00
2026-07-29,USD,10,0.03383030186349999,SYNTHETIC: seeded teaching dataset; not observed market data,2026-09-01T00:00:00+00:00
2026-07-29,USD,30,0.04291057712104284,SYNTHETIC: seeded teaching dataset; not observed market data,2026-09-01T00:00:00+00:00
2026-07-30,CAD,1,0.03145195142721616,SYNTHETIC: seeded teaching dataset; not observed market data,2026-09-01T00:00:00+00:00
2026-07-30,CAD,2,0.034480798770553704,SYNTHETIC: seeded teaching dataset; not observed market data,2026-09-01T00:00:00+00:00
2026-07-30,CAD,5,0.03292611646521179,SYNTHETIC: seeded teaching dataset; not observed market data,2026-09-01T00:00:00+00:00
2026-07-30,CAD,10,0.03219695185574917,SYNTHETIC: seeded teaching dataset; not observed market data,2026-09-01T00:00:00+00:00
2026-07-30,CAD,30,0.04112809109567501,SYNTHETIC: seeded teaching dataset; not observed market data,2026-09-01T00:00:00+00:00
2026-07-30,USD,1,0.03574281160477916,SYNTHETIC: seeded teaching dataset; not observed market data,2026-09-01T00:00:00+00:00
2026-07-30,USD,2,0.037743334528953856,SYNTHETIC: seeded teaching dataset; not observed market data,2026-09-01T00:00:00+00:00
2026-07-30,USD,5,0.03399026352664268,SYNTHETIC: seeded teaching dataset; not observed market data,2026-09-01T00:00:00+00:00
2026-07-30,USD,10,0.033559670078090326,SYNTHETIC: seeded teaching dataset; not observed market data,2026-09-01T00:00:00+00:00
2026-07-30,USD,30,0.042428506252658864,SYNTHETIC: seeded teaching dataset; not observed market data,2026-09-01T00:00:00+00:00
2026-07-31,CAD,1,0.031914500471035445,SYNTHETIC: seeded teaching dataset; not observed market data,2026-09-01T00:00:00+00:00
2026-07-31,CAD,2,0.03448439614097291,SYNTHETIC: seeded teaching dataset; not observed market data,2026-09-01T00:00:00+00:00
2026-07-31,CAD,5,0.03313920435884983,SYNTHETIC: seeded teaching dataset; not observed market data,2026-09-01T00:00:00+00:00
2026-07-31,CAD,10,0.032615343104218576,SYNTHETIC: seeded teaching dataset; not observed market data,2026-09-01T00:00:00+00:00
2026-07-31,CAD,30,0.041476682682533655,SYNTHETIC: seeded teaching dataset; not observed market data,2026-09-01T00:00:00+00:00
2026-07-31,USD,1,0.03593444089405676,SYNTHETIC: seeded teaching dataset; not observed market data,2026-09-01T00:00:00+00:00
2026-07-31,USD,2,0.03807197937382449,SYNTHETIC: seeded teaching dataset; not observed market data,2026-09-01T00:00:00+00:00
2026-07-31,USD,5,0.034479300831340945,SYNTHETIC: seeded teaching dataset; not observed market data,2026-09-01T00:00:00+00:00
2026-07-31,USD,10,0.03466918399871387,SYNTHETIC: seeded teaching dataset; not observed market data,2026-09-01T00:00:00+00:00
2026-07-31,USD,30,0.04262751037384714,SYNTHETIC: seeded teaching dataset; not observed market data,2026-09-01T00:00:00+00:00
2026-08-03,CAD,1,0.03157824262947799,SYNTHETIC: seeded teaching dataset; not observed market data,2026-09-01T00:00:00+00:00
2026-08-03,CAD,2,0.033609690662665774,SYNTHETIC: seeded teaching dataset; not observed market data,2026-09-01T00:00:00+00:00
2026-08-03,CAD,5,0.03259586791357495,SYNTHETIC: seeded teaching dataset; not observed market data,2026-09-01T00:00:00+00:00
2026-08-03,CAD,10,0.031772855970702826,SYNTHETIC: seeded teaching dataset; not observed market data,2026-09-01T00:00:00+00:00
2026-08-03,CAD,30,0.04058363621055646,SYNTHETIC: seeded teaching dataset; not observed market data,2026-09-01T00:00:00+00:00
2026-08-03,USD,1,0.03553071635566718,SYNTHETIC: seeded teaching dataset; not observed market data,2026-09-01T00:00:00+00:00
2026-08-03,USD,2,0.0374020104581358,SYNTHETIC: seeded teaching dataset; not observed market data,2026-09-01T00:00:00+00:00
2026-08-03,USD,5,0.034326080784604814,SYNTHETIC: seeded teaching dataset; not observed market data,2026-09-01T00:00:00+00:00
2026-08-03,USD,10,0.0334554995716347,SYNTHETIC: seeded teaching dataset; not observed market data,2026-09-01T00:00:00+00:00
2026-08-03,USD,30,0.04211130141681524,SYNTHETIC: seeded teaching dataset; not observed market data,2026-09-01T00:00:00+00:00
2026-08-04,CAD,1,0.032178525916404466,SYNTHETIC: seeded teaching dataset; not observed market data,2026-09-01T00:00:00+00:00
2026-08-04,CAD,2,0.03383901956286072,SYNTHETIC: seeded teaching dataset; not observed market data,2026-09-01T00:00:00+00:00
2026-08-04,CAD,5,0.03305335050061263,SYNTHETIC: seeded teaching dataset; not observed market data,2026-09-01T00:00:00+00:00
2026-08-04,CAD,10,0.03306789264350761,SYNTHETIC: seeded teaching dataset; not observed market data,2026-09-01T00:00:00+00:00
2026-08-04,CAD,30,0.041451250081282656,SYNTHETIC: seeded teaching dataset; not observed market data,2026-09-01T00:00:00+00:00
2026-08-04,USD,1,0.03494537258295351,SYNTHETIC: seeded teaching dataset; not observed market data,2026-09-01T00:00:00+00:00
2026-08-04,USD,2,0.0372103896948699,SYNTHETIC: seeded teaching dataset; not observed market data,2026-09-01T00:00:00+00:00
2026-08-04,USD,5,0.03491309423273694,SYNTHETIC: seeded teaching dataset; not observed market data,2026-09-01T00:00:00+00:00
2026-08-04,USD,10,0.03409312873331885,SYNTHETIC: seeded teaching dataset; not observed market data,2026-09-01T00:00:00+00:00
2026-08-04,USD,30,0.0427969321660305,SYNTHETIC: seeded teaching dataset; not observed market data,2026-09-01T00:00:00+00:00
2026-08-05,CAD,1,0.03154837406233417,SYNTHETIC: seeded teaching dataset; not observed market data,2026-09-01T00:00:00+00:00
2026-08-05,CAD,2,0.03376398337491495,SYNTHETIC: seeded teaching dataset; not observed market data,2026-09-01T00:00:00+00:00
2026-08-05,CAD,5,0.032935370233933184,SYNTHETIC: seeded teaching dataset; not observed market data,2026-09-01T00:00:00+00:00
2026-08-05,CAD,10,0.032987585185747285,SYNTHETIC: seeded teaching dataset; not observed market data,2026-09-01T00:00:00+00:00
2026-08-05,CAD,30,0.040988581203293184,SYNTHETIC: seeded teaching dataset; not observed market data,2026-09-01T00:00:00+00:00
2026-08-05,USD,1,0.03479740733439869,SYNTHETIC: seeded teaching dataset; not observed market data,2026-09-01T00:00:00+00:00
2026-08-05,USD,2,0.03620052015169623,SYNTHETIC: seeded teaching dataset; not observed market data,2026-09-01T00:00:00+00:00
2026-08-05,USD,5,0.034596894175989004,SYNTHETIC: seeded teaching dataset; not observed market data,2026-09-01T00:00:00+00:00
2026-08-05,USD,10,0.032887712823690254,SYNTHETIC: seeded teaching dataset; not observed market data,2026-09-01T00:00:00+00:00
2026-08-05,USD,30,0.04208695763922665,SYNTHETIC: seeded teaching dataset; not observed market data,2026-09-01T00:00:00+00:00
2026-08-06,CAD,1,0.03145026446941368,SYNTHETIC: seeded teaching dataset; not observed market data,2026-09-01T00:00:00+00:00
2026-08-06,CAD,2,0.032492029515776316,SYNTHETIC: seeded teaching dataset; not observed market data,2026-09-01T00:00:00+00:00
2026-08-06,CAD,5,0.032131513886280605,SYNTHETIC: seeded teaching dataset; not observed market data,2026-09-01T00:00:00+00:00
2026-08-06,CAD,10,0.03249718470775547,SYNTHETIC: seeded teaching dataset; not observed market data,2026-09-01T00:00:00+00:00
2026-08-06,CAD,30,0.04019155979457922,SYNTHETIC: seeded teaching dataset; not observed market data,2026-09-01T00:00:00+00:00
2026-08-06,USD,1,0.034801826574876654,SYNTHETIC: seeded teaching dataset; not observed market data,2026-09-01T00:00:00+00:00
2026-08-06,USD,2,0.03534170726091627,SYNTHETIC: seeded teaching dataset; not observed market data,2026-09-01T00:00:00+00:00
2026-08-06,USD,5,0.03379005450248142,SYNTHETIC: seeded teaching dataset; not observed market data,2026-09-01T00:00:00+00:00
2026-08-06,USD,10,0.03221214047539467,SYNTHETIC: seeded teaching dataset; not observed market data,2026-09-01T00:00:00+00:00
2026-08-06,USD,30,0.041249204321920294,SYNTHETIC: seeded teaching dataset; not observed market data,2026-09-01T00:00:00+00:00
2026-08-07,CAD,1,0.03126247080252771,SYNTHETIC: seeded teaching dataset; not observed market data,2026-09-01T00:00:00+00:00
2026-08-07,CAD,2,0.032181550167602775,SYNTHETIC: seeded teaching dataset; not observed market data,2026-09-01T00:00:00+00:00
2026-08-07,CAD,5,0.031365219295643246,SYNTHETIC: seeded teaching dataset; not observed market data,2026-09-01T00:00:00+00:00
2026-08-07,CAD,10,0.03223088587612697,SYNTHETIC: seeded teaching dataset; not observed market data,2026-09-01T00:00:00+00:00
2026-08-07,CAD,30,0.03984761400386893,SYNTHETIC: seeded teaching dataset; not observed market data,2026-09-01T00:00:00+00:00
2026-08-07,USD,1,0.033846277103463496,SYNTHETIC: seeded teaching dataset; not observed market data,2026-09-01T00:00:00+00:00
2026-08-07,USD,2,0.03482254756839497,SYNTHETIC: seeded teaching dataset; not observed market data,2026-09-01T00:00:00+00:00
2026-08-07,USD,5,0.03312129867548371,SYNTHETIC: seeded teaching dataset; not observed market data,2026-09-01T00:00:00+00:00
2026-08-07,USD,10,0.0321749511124433,SYNTHETIC: seeded teaching dataset; not observed market data,2026-09-01T00:00:00+00:00
2026-08-07,USD,30,0.04155205936059342,SYNTHETIC: seeded teaching dataset; not observed market data,2026-09-01T00:00:00+00:00
2026-08-10,CAD,1,0.03103582580570507,SYNTHETIC: seeded teaching dataset; not observed market data,2026-09-01T00:00:00+00:00
2026-08-10,CAD,2,0.03186430742015474,SYNTHETIC: seeded teaching dataset; not observed market data,2026-09-01T00:00:00+00:00
2026-08-10,CAD,5,0.031151537698172815,SYNTHETIC: seeded teaching dataset; not observed market data,2026-09-01T00:00:00+00:00
2026-08-10,CAD,10,0.03155705681215287,SYNTHETIC: seeded teaching dataset; not observed market data,2026-09-01T00:00:00+00:00
2026-08-10,CAD,30,0.038805394335574964,SYNTHETIC: seeded teaching dataset; not observed market data,2026-09-01T00:00:00+00:00
2026-08-10,USD,1,0.032726523610103156,SYNTHETIC: seeded teaching dataset; not observed market data,2026-09-01T00:00:00+00:00
2026-08-10,USD,2,0.0341142867440364,SYNTHETIC: seeded teaching dataset; not observed market data,2026-09-01T00:00:00+00:00
2026-08-10,USD,5,0.032673475792390626,SYNTHETIC: seeded teaching dataset; not observed market data,2026-09-01T00:00:00+00:00
2026-08-10,USD,10,0.03209974118643977,SYNTHETIC: seeded teaching dataset; not observed market data,2026-09-01T00:00:00+00:00
2026-08-10,USD,30,0.04113430608832302,SYNTHETIC: seeded teaching dataset; not observed market data,2026-09-01T00:00:00+00:00
2026-08-11,CAD,1,0.030896825955022442,SYNTHETIC: seeded teaching dataset; not observed market data,2026-09-01T00:00:00+00:00
2026-08-11,CAD,2,0.03211242355760277,SYNTHETIC: seeded teaching dataset; not observed market data,2026-09-01T00:00:00+00:00
2026-08-11,CAD,5,0.031040149387587545,SYNTHETIC: seeded teaching dataset; not observed market data,2026-09-01T00:00:00+00:00
2026-08-11,CAD,10,0.03179458644999666,SYNTHETIC: seeded teaching dataset; not observed market data,2026-09-01T00:00:00+00:00
2026-08-11,CAD,30,0.038594818903557114,SYNTHETIC: seeded teaching dataset; not observed market data,2026-09-01T00:00:00+00:00
2026-08-11,USD,1,0.032924183872669766,SYNTHETIC: seeded teaching dataset; not observed market data,2026-09-01T00:00:00+00:00
2026-08-11,USD,2,0.034365359872339345,SYNTHETIC: seeded teaching dataset; not observed market data,2026-09-01T00:00:00+00:00
2026-08-11,USD,5,0.03217573347453925,SYNTHETIC: seeded teaching dataset; not observed market data,2026-09-01T00:00:00+00:00
2026-08-11,USD,10,0.03214552815704044,SYNTHETIC: seeded teaching dataset; not observed market data,2026-09-01T00:00:00+00:00
2026-08-11,USD,30,0.040607428808907484,SYNTHETIC: seeded teaching dataset; not observed market data,2026-09-01T00:00:00+00:00
2026-08-12,CAD,1,0.03043308412425331,SYNTHETIC: seeded teaching dataset; not observed market data,2026-09-01T00:00:00+00:00
2026-08-12,CAD,2,0.03145567493058148,SYNTHETIC: seeded teaching dataset; not observed market data,2026-09-01T00:00:00+00:00
2026-08-12,CAD,5,0.031083373731292923,SYNTHETIC: seeded teaching dataset; not observed market data,2026-09-01T00:00:00+00:00
2026-08-12,CAD,10,0.03160673895169839,SYNTHETIC: seeded teaching dataset; not observed market data,2026-09-01T00:00:00+00:00
2026-08-12,CAD,30,0.03850300310875979,SYNTHETIC: seeded teaching dataset; not observed market data,2026-09-01T00:00:00+00:00
2026-08-12,USD,1,0.03180158182329135,SYNTHETIC: seeded teaching dataset; not observed market data,2026-09-01T00:00:00+00:00
2026-08-12,USD,2,0.03403744725260202,SYNTHETIC: seeded teaching dataset; not observed market data,2026-09-01T00:00:00+00:00
2026-08-12,USD,5,0.03140654074401403,SYNTHETIC: seeded teaching dataset; not observed market data,2026-09-01T00:00:00+00:00
2026-08-12,USD,10,0.03217654281170211,SYNTHETIC: seeded teaching dataset; not observed market data,2026-09-01T00:00:00+00:00
2026-08-12,USD,30,0.03968861919820663,SYNTHETIC: seeded teaching dataset; not observed market data,2026-09-01T00:00:00+00:00
2026-08-13,CAD,1,0.030768048628943907,SYNTHETIC: seeded teaching dataset; not observed market data,2026-09-01T00:00:00+00:00
2026-08-13,CAD,2,0.03135616459923852,SYNTHETIC: seeded teaching dataset; not observed market data,2026-09-01T00:00:00+00:00
2026-08-13,CAD,5,0.031172385286817466,SYNTHETIC: seeded teaching dataset; not observed market data,2026-09-01T00:00:00+00:00
2026-08-13,CAD,10,0.031974272288962824,SYNTHETIC: seeded teaching dataset; not observed market data,2026-09-01T00:00:00+00:00
2026-08-13,CAD,30,0.038557603550592665,SYNTHETIC: seeded teaching dataset; not observed market data,2026-09-01T00:00:00+00:00
2026-08-13,USD,1,0.0317227446362152,SYNTHETIC: seeded teaching dataset; not observed market data,2026-09-01T00:00:00+00:00
2026-08-13,USD,2,0.034211320054383154,SYNTHETIC: seeded teaching dataset; not observed market data,2026-09-01T00:00:00+00:00
2026-08-13,USD,5,0.03204756684848932,SYNTHETIC: seeded teaching dataset; not observed market data,2026-09-01T00:00:00+00:00
2026-08-13,USD,10,0.03219414294866897,SYNTHETIC: seeded teaching dataset; not observed market data,2026-09-01T00:00:00+00:00
2026-08-13,USD,30,0.0395950465142709,SYNTHETIC: seeded teaching dataset; not observed market data,2026-09-01T00:00:00+00:00
2026-08-14,CAD,1,0.03138854385308172,SYNTHETIC: seeded teaching dataset; not observed market data,2026-09-01T00:00:00+00:00
2026-08-14,CAD,2,0.03206637678280837,SYNTHETIC: seeded teaching dataset; not observed market data,2026-09-01T00:00:00+00:00
2026-08-14,CAD,5,0.031850280314473026,SYNTHETIC: seeded teaching dataset; not observed market data,2026-09-01T00:00:00+00:00
2026-08-14,CAD,10,0.03257534690833138,SYNTHETIC: seeded teaching dataset; not observed market data,2026-09-01T00:00:00+00:00
2026-08-14,CAD,30,0.03944048369305823,SYNTHETIC: seeded teaching dataset; not observed market data,2026-09-01T00:00:00+00:00
2026-08-14,USD,1,0.03209430398871109,SYNTHETIC: seeded teaching dataset; not observed market data,2026-09-01T00:00:00+00:00
2026-08-14,USD,2,0.034666693897211456,SYNTHETIC: seeded teaching dataset; not observed market data,2026-09-01T00:00:00+00:00
2026-08-14,USD,5,0.03272565387419123,SYNTHETIC: seeded teaching dataset; not observed market data,2026-09-01T00:00:00+00:00
2026-08-14,USD,10,0.03277395283613188,SYNTHETIC: seeded teaching dataset; not observed market data,2026-09-01T00:00:00+00:00
2026-08-14,USD,30,0.040319613105265835,SYNTHETIC: seeded teaching dataset; not observed market data,2026-09-01T00:00:00+00:00
2026-08-17,CAD,1,0.031174650251488367,SYNTHETIC: seeded teaching dataset; not observed market data,2026-09-01T00:00:00+00:00
2026-08-17,CAD,2,0.031769171879544436,SYNTHETIC: seeded teaching dataset; not observed market data,2026-09-01T00:00:00+00:00
2026-08-17,CAD,5,0.032108548343217025,SYNTHETIC: seeded teaching dataset; not observed market data,2026-09-01T00:00:00+00:00
2026-08-17,CAD,10,0.0330380629531868,SYNTHETIC: seeded teaching dataset; not observed market data,2026-09-01T00:00:00+00:00
2026-08-17,CAD,30,0.0389142445209791,SYNTHETIC: seeded teaching dataset; not observed market data,2026-09-01T00:00:00+00:00
2026-08-17,USD,1,0.030969395594856144,SYNTHETIC: seeded teaching dataset; not observed market data,2026-09-01T00:00:00+00:00
2026-08-17,USD,2,0.03436243929574739,SYNTHETIC: seeded teaching dataset; not observed market data,2026-09-01T00:00:00+00:00
2026-08-17,USD,5,0.0328992284781348,SYNTHETIC: seeded teaching dataset; not observed market data,2026-09-01T00:00:00+00:00
2026-08-17,USD,10,0.03291273849823628,SYNTHETIC: seeded teaching dataset; not observed market data,2026-09-01T00:00:00+00:00
2026-08-17,USD,30,0.04095683845745445,SYNTHETIC: seeded teaching dataset; not observed market data,2026-09-01T00:00:00+00:00
2026-08-18,CAD,1,0.030198805156093144,SYNTHETIC: seeded teaching dataset; not observed market data,2026-09-01T00:00:00+00:00
2026-08-18,CAD,2,0.03124208584124972,SYNTHETIC: seeded teaching dataset; not observed market data,2026-09-01T00:00:00+00:00
2026-08-18,CAD,5,0.031506904810159664,SYNTHETIC: seeded teaching dataset; not observed market data,2026-09-01T00:00:00+00:00
2026-08-18,CAD,10,0.03260088839032415,SYNTHETIC: seeded teaching dataset; not observed market data,2026-09-01T00:00:00+00:00
2026-08-18,CAD,30,0.03822155166181055,SYNTHETIC: seeded teaching dataset; not observed market data,2026-09-01T00:00:00+00:00
2026-08-18,USD,1,0.03044625109385939,SYNTHETIC: seeded teaching dataset; not observed market data,2026-09-01T00:00:00+00:00
2026-08-18,USD,2,0.0344134908782277,SYNTHETIC: seeded teaching dataset; not observed market data,2026-09-01T00:00:00+00:00
2026-08-18,USD,5,0.03249473990433142,SYNTHETIC: seeded teaching dataset; not observed market data,2026-09-01T00:00:00+00:00
2026-08-18,USD,10,0.032535077186064756,SYNTHETIC: seeded teaching dataset; not observed market data,2026-09-01T00:00:00+00:00
2026-08-18,USD,30,0.04058410876151821,SYNTHETIC: seeded teaching dataset; not observed market data,2026-09-01T00:00:00+00:00
2026-08-19,CAD,1,0.03062917858437807,SYNTHETIC: seeded teaching dataset; not observed market data,2026-09-01T00:00:00+00:00
2026-08-19,CAD,2,0.031571817244940875,SYNTHETIC: seeded teaching dataset; not observed market data,2026-09-01T00:00:00+00:00
2026-08-19,CAD,5,0.03140388099224416,SYNTHETIC: seeded teaching dataset; not observed market data,2026-09-01T00:00:00+00:00
2026-08-19,CAD,10,0.032830271398393236,SYNTHETIC: seeded teaching dataset; not observed market data,2026-09-01T00:00:00+00:00
2026-08-19,CAD,30,0.03828672588818645,SYNTHETIC: seeded teaching dataset; not observed market data,2026-09-01T00:00:00+00:00
2026-08-19,USD,1,0.030740209877108137,SYNTHETIC: seeded teaching dataset; not observed market data,2026-09-01T00:00:00+00:00
2026-08-19,USD,2,0.03447929954283166,SYNTHETIC: seeded teaching dataset; not observed market data,2026-09-01T00:00:00+00:00
2026-08-19,USD,5,0.0321036745452008,SYNTHETIC: seeded teaching dataset; not observed market data,2026-09-01T00:00:00+00:00
2026-08-19,USD,10,0.032608875980486396,SYNTHETIC: seeded teaching dataset; not observed market data,2026-09-01T00:00:00+00:00
2026-08-19,USD,30,0.04084066350635367,SYNTHETIC: seeded teaching dataset; not observed market data,2026-09-01T00:00:00+00:00
2026-08-20,CAD,1,0.03125937034175301,SYNTHETIC: seeded teaching dataset; not observed market data,2026-09-01T00:00:00+00:00
2026-08-20,CAD,2,0.03165892052210869,SYNTHETIC: seeded teaching dataset; not observed market data,2026-09-01T00:00:00+00:00
2026-08-20,CAD,5,0.031350725022741346,SYNTHETIC: seeded teaching dataset; not observed market data,2026-09-01T00:00:00+00:00
2026-08-20,CAD,10,0.03318683711285641,SYNTHETIC: seeded teaching dataset; not observed market data,2026-09-01T00:00:00+00:00
2026-08-20,CAD,30,0.03813524698246815,SYNTHETIC: seeded teaching dataset; not observed market data,2026-09-01T00:00:00+00:00
2026-08-20,USD,1,0.03102126815656701,SYNTHETIC: seeded teaching dataset; not observed market data,2026-09-01T00:00:00+00:00
2026-08-20,USD,2,0.033950820927991086,SYNTHETIC: seeded teaching dataset; not observed market data,2026-09-01T00:00:00+00:00
2026-08-20,USD,5,0.03210036798105198,SYNTHETIC: seeded teaching dataset; not observed market data,2026-09-01T00:00:00+00:00
2026-08-20,USD,10,0.03303917650312403,SYNTHETIC: seeded teaching dataset; not observed market data,2026-09-01T00:00:00+00:00
2026-08-20,USD,30,0.04042026671558457,SYNTHETIC: seeded teaching dataset; not observed market data,2026-09-01T00:00:00+00:00
2026-08-21,CAD,1,0.03160337348114002,SYNTHETIC: seeded teaching dataset; not observed market data,2026-09-01T00:00:00+00:00
2026-08-21,CAD,2,0.03159184660224548,SYNTHETIC: seeded teaching dataset; not observed market data,2026-09-01T00:00:00+00:00
2026-08-21,CAD,5,0.03167944231987886,SYNTHETIC: seeded teaching dataset; not observed market data,2026-09-01T00:00:00+00:00
2026-08-21,CAD,10,0.03342105954348301,SYNTHETIC: seeded teaching dataset; not observed market data,2026-09-01T00:00:00+00:00
2026-08-21,CAD,30,0.03840455800437761,SYNTHETIC: seeded teaching dataset; not observed market data,2026-09-01T00:00:00+00:00
2026-08-21,USD,1,0.031707440590069955,SYNTHETIC: seeded teaching dataset; not observed market data,2026-09-01T00:00:00+00:00
2026-08-21,USD,2,0.03364758757929513,SYNTHETIC: seeded teaching dataset; not observed market data,2026-09-01T00:00:00+00:00
2026-08-21,USD,5,0.032246382530787585,SYNTHETIC: seeded teaching dataset; not observed market data,2026-09-01T00:00:00+00:00
2026-08-21,USD,10,0.03379915788019196,SYNTHETIC: seeded teaching dataset; not observed market data,2026-09-01T00:00:00+00:00
2026-08-21,USD,30,0.04073007981211947,SYNTHETIC: seeded teaching dataset; not observed market data,2026-09-01T00:00:00+00:00
2026-08-24,CAD,1,0.031346600568490424,SYNTHETIC: seeded teaching dataset; not observed market data,2026-09-01T00:00:00+00:00
2026-08-24,CAD,2,0.030802625629209907,SYNTHETIC: seeded teaching dataset; not observed market data,2026-09-01T00:00:00+00:00
2026-08-24,CAD,5,0.03165845747807737,SYNTHETIC: seeded teaching dataset; not observed market data,2026-09-01T00:00:00+00:00
2026-08-24,CAD,10,0.032877195653000124,SYNTHETIC: seeded teaching dataset; not observed market data,2026-09-01T00:00:00+00:00
2026-08-24,CAD,30,0.03757405561971524,SYNTHETIC: seeded teaching dataset; not observed market data,2026-09-01T00:00:00+00:00
2026-08-24,USD,1,0.031974480914671546,SYNTHETIC: seeded teaching dataset; not observed market data,2026-09-01T00:00:00+00:00
2026-08-24,USD,2,0.03326124855790797,SYNTHETIC: seeded teaching dataset; not observed market data,2026-09-01T00:00:00+00:00
2026-08-24,USD,5,0.03229440292076077,SYNTHETIC: seeded teaching dataset; not observed market data,2026-09-01T00:00:00+00:00
2026-08-24,USD,10,0.03301062753229407,SYNTHETIC: seeded teaching dataset; not observed market data,2026-09-01T00:00:00+00:00
2026-08-24,USD,30,0.04016552610304384,SYNTHETIC: seeded teaching dataset; not observed market data,2026-09-01T00:00:00+00:00
2026-08-25,CAD,1,0.030714522049912495,SYNTHETIC: seeded teaching dataset; not observed market data,2026-09-01T00:00:00+00:00
2026-08-25,CAD,2,0.030715614297917616,SYNTHETIC: seeded teaching dataset; not observed market data,2026-09-01T00:00:00+00:00
2026-08-25,CAD,5,0.031177755437998455,SYNTHETIC: seeded teaching dataset; not observed market data,2026-09-01T00:00:00+00:00
2026-08-25,CAD,10,0.032706827116253084,SYNTHETIC: seeded teaching dataset; not observed market data,2026-09-01T00:00:00+00:00
2026-08-25,CAD,30,0.03763019676951457,SYNTHETIC: seeded teaching dataset; not observed market data,2026-09-01T00:00:00+00:00
2026-08-25,USD,1,0.031421083652345805,SYNTHETIC: seeded teaching dataset; not observed market data,2026-09-01T00:00:00+00:00
2026-08-25,USD,2,0.032708889403131526,SYNTHETIC: seeded teaching dataset; not observed market data,2026-09-01T00:00:00+00:00
2026-08-25,USD,5,0.031000850452725444,SYNTHETIC: seeded teaching dataset; not observed market data,2026-09-01T00:00:00+00:00
2026-08-25,USD,10,0.032504985916022536,SYNTHETIC: seeded teaching dataset; not observed market data,2026-09-01T00:00:00+00:00
2026-08-25,USD,30,0.03954707295977787,SYNTHETIC: seeded teaching dataset; not observed market data,2026-09-01T00:00:00+00:00
2026-08-26,CAD,1,0.030344805073849176,SYNTHETIC: seeded teaching dataset; not observed market data,2026-09-01T00:00:00+00:00
2026-08-26,CAD,2,0.03048102349853927,SYNTHETIC: seeded teaching dataset; not observed market data,2026-09-01T00:00:00+00:00
2026-08-26,CAD,5,0.031211241200756298,SYNTHETIC: seeded teaching dataset; not observed market data,2026-09-01T00:00:00+00:00
2026-08-26,CAD,10,0.03229033855299555,SYNTHETIC: seeded teaching dataset; not observed market data,2026-09-01T00:00:00+00:00
2026-08-26,CAD,30,0.037859744474270964,SYNTHETIC: seeded teaching dataset; not observed market data,2026-09-01T00:00:00+00:00
2026-08-26,USD,1,0.030490335624701697,SYNTHETIC: seeded teaching dataset; not observed market data,2026-09-01T00:00:00+00:00
2026-08-26,USD,2,0.03184725780607224,SYNTHETIC: seeded teaching dataset; not observed market data,2026-09-01T00:00:00+00:00
2026-08-26,USD,5,0.03013557697744568,SYNTHETIC: seeded teaching dataset; not observed market data,2026-09-01T00:00:00+00:00
2026-08-26,USD,10,0.03199888207397421,SYNTHETIC: seeded teaching dataset; not observed market data,2026-09-01T00:00:00+00:00
2026-08-26,USD,30,0.03935842136321181,SYNTHETIC: seeded teaching dataset; not observed market data,2026-09-01T00:00:00+00:00
2026-08-27,CAD,1,0.030426595856968035,SYNTHETIC: seeded teaching dataset; not observed market data,2026-09-01T00:00:00+00:00
2026-08-27,CAD,2,0.03092747978127435,SYNTHETIC: seeded teaching dataset; not observed market data,2026-09-01T00:00:00+00:00
2026-08-27,CAD,5,0.031253293970999935,SYNTHETIC: seeded teaching dataset; not observed market data,2026-09-01T00:00:00+00:00
2026-08-27,CAD,10,0.03299805100899449,SYNTHETIC: seeded teaching dataset; not observed market data,2026-09-01T00:00:00+00:00
2026-08-27,CAD,30,0.0381321665915945,SYNTHETIC: seeded teaching dataset; not observed market data,2026-09-01T00:00:00+00:00
2026-08-27,USD,1,0.031002876954334718,SYNTHETIC: seeded teaching dataset; not observed market data,2026-09-01T00:00:00+00:00
2026-08-27,USD,2,0.031723246309946974,SYNTHETIC: seeded teaching dataset; not observed market data,2026-09-01T00:00:00+00:00
2026-08-27,USD,5,0.031282922238766164,SYNTHETIC: seeded teaching dataset; not observed market data,2026-09-01T00:00:00+00:00
2026-08-27,USD,10,0.03219969392571716,SYNTHETIC: seeded teaching dataset; not observed market data,2026-09-01T00:00:00+00:00
2026-08-27,USD,30,0.03897120942980684,SYNTHETIC: seeded teaching dataset; not observed market data,2026-09-01T00:00:00+00:00
2026-08-28,CAD,1,0.03028358810063998,SYNTHETIC: seeded teaching dataset; not observed market data,2026-09-01T00:00:00+00:00
2026-08-28,CAD,2,0.030657357657313374,SYNTHETIC: seeded teaching dataset; not observed market data,2026-09-01T00:00:00+00:00
2026-08-28,CAD,5,0.030901293875311955,SYNTHETIC: seeded teaching dataset; not observed market data,2026-09-01T00:00:00+00:00
2026-08-28,CAD,10,0.032603322384939924,SYNTHETIC: seeded teaching dataset; not observed market data,2026-09-01T00:00:00+00:00
2026-08-28,CAD,30,0.038610286473887465,SYNTHETIC: seeded teaching dataset; not observed market data,2026-09-01T00:00:00+00:00
2026-08-28,USD,1,0.030300558010159056,SYNTHETIC: seeded teaching dataset; not observed market data,2026-09-01T00:00:00+00:00
2026-08-28,USD,2,0.03082927427151292,SYNTHETIC: seeded teaching dataset; not observed market data,2026-09-01T00:00:00+00:00
2026-08-28,USD,5,0.03109970118916712,SYNTHETIC: seeded teaching dataset; not observed market data,2026-09-01T00:00:00+00:00
2026-08-28,USD,10,0.03246517523628423,SYNTHETIC: seeded teaching dataset; not observed market data,2026-09-01T00:00:00+00:00
2026-08-28,USD,30,0.038333616076377336,SYNTHETIC: seeded teaching dataset; not observed market data,2026-09-01T00:00:00+00:00
2026-08-31,CAD,1,0.030300000000000004,SYNTHETIC: seeded teaching dataset; not observed market data,2026-09-01T00:00:00+00:00
2026-08-31,CAD,2,0.030600000000000002,SYNTHETIC: seeded teaching dataset; not observed market data,2026-09-01T00:00:00+00:00
2026-08-31,CAD,5,0.0315,SYNTHETIC: seeded teaching dataset; not observed market data,2026-09-01T00:00:00+00:00
2026-08-31,CAD,10,0.033,SYNTHETIC: seeded teaching dataset; not observed market data,2026-09-01T00:00:00+00:00
2026-08-31,CAD,30,0.039,SYNTHETIC: seeded teaching dataset; not observed market data,2026-09-01T00:00:00+00:00
2026-08-31,USD,1,0.030300000000000004,SYNTHETIC: seeded teaching dataset; not observed market data,2026-09-01T00:00:00+00:00
2026-08-31,USD,2,0.030600000000000002,SYNTHETIC: seeded teaching dataset; not observed market data,2026-09-01T00:00:00+00:00
2026-08-31,USD,5,0.0315,SYNTHETIC: seeded teaching dataset; not observed market data,2026-09-01T00:00:00+00:00
2026-08-31,USD,10,0.033,SYNTHETIC: seeded teaching dataset; not observed market data,2026-09-01T00:00:00+00:00
2026-08-31,USD,30,0.039,SYNTHETIC: seeded teaching dataset; not observed market data,2026-09-01T00:00:00+00:00
