Date,Open,High,Low,Close,Adj Close,Volume,Dividends,Stock Splits,Capital Gains
2023-09-01 00:00:00-04:00,95.80000305175781,95.81999969482422,94.62000274658203,94.8499984741211,83.53480529785156,32469700,0.289,0.0,0.0
2023-09-05 00:00:00-04:00,94.27999877929688,94.29000091552734,93.48999786376953,93.5199966430664,82.36345672607422,29435900,0.0,0.0,0.0
2023-09-06 00:00:00-04:00,94.08999633789062,94.11000061035156,93.45999908447266,93.75,82.5660400390625,23636300,0.0,0.0,0.0
2023-09-07 00:00:00-04:00,94.0,94.06999969482422,93.68000030517578,94.01000213623047,82.79501342773438,18091500,0.0,0.0,0.0
2023-09-08 00:00:00-04:00,94.37999725341797,94.9000015258789,94.16999816894531,94.37000274658203,83.11204528808594,17052100,0.0,0.0,0.0
2023-09-11 00:00:00-04:00,93.69999694824219,93.9800033569336,93.55000305175781,93.69000244140625,82.51319885253906,17061500,0.0,0.0,0.0
2023-09-12 00:00:00-04:00,93.88999938964844,94.23999786376953,93.58000183105469,94.2300033569336,82.98880767822266,20034300,0.0,0.0,0.0
2023-09-13 00:00:00-04:00,93.91999816894531,94.52999877929688,93.81999969482422,94.20999908447266,82.97116088867188,23332300,0.0,0.0,0.0
2023-09-14 00:00:00-04:00,93.94000244140625,94.20999908447266,93.4000015258789,93.52999877929688,82.37226867675781,27800600,0.0,0.0,0.0
2023-09-15 00:00:00-04:00,93.45999908447266,93.4800033569336,92.95999908447266,92.95999908447266,81.87027740478516,25642900,0.0,0.0,0.0
2023-09-18 00:00:00-04:00,92.8499984741211,93.52999877929688,92.81999969482422,93.48999786376953,82.3370361328125,17963400,0.0,0.0,0.0
2023-09-19 00:00:00-04:00,93.08000183105469,93.43000030517578,92.80000305175781,92.80000305175781,81.72936248779297,24941800,0.0,0.0,0.0
2023-09-20 00:00:00-04:00,93.29000091552734,93.5999984741211,93.04000091552734,93.08999633789062,81.98477172851562,29451200,0.0,0.0,0.0
2023-09-21 00:00:00-04:00,91.29000091552734,91.37000274658203,90.69000244140625,90.69999694824219,79.8798828125,59958700,0.0,0.0,0.0
2023-09-22 00:00:00-04:00,90.80999755859375,91.61000061035156,90.66999816894531,91.43000030517578,80.52281188964844,29524500,0.0,0.0,0.0
2023-09-25 00:00:00-04:00,89.66000366210938,90.04000091552734,89.1500015258789,89.18000030517578,78.54118347167969,45587900,0.0,0.0,0.0
2023-09-26 00:00:00-04:00,89.43000030517578,89.62000274658203,88.70999908447266,88.87000274658203,78.26820373535156,38104100,0.0,0.0,0.0
2023-09-27 00:00:00-04:00,89.54000091552734,89.62000274658203,88.08999633789062,88.41000366210938,77.86306762695312,47111200,0.0,0.0,0.0
2023-09-28 00:00:00-04:00,87.62000274658203,88.7300033569336,87.0999984741211,88.68000030517578,78.10086822509766,60238000,0.0,0.0,0.0
2023-09-29 00:00:00-04:00,89.2699966430664,89.48999786376953,88.12999725341797,88.69000244140625,78.10966491699219,49010100,0.0,0.0,0.0
2023-10-02 00:00:00-04:00,87.81999969482422,87.93000030517578,86.70999908447266,86.93000030517578,76.8021011352539,44704300,0.28,0.0,0.0
2023-10-03 00:00:00-04:00,86.30999755859375,86.6500015258789,84.88999938964844,85.05999755859375,75.14997100830078,71362600,0.0,0.0,0.0
2023-10-04 00:00:00-04:00,85.7699966430664,86.30999755859375,85.37000274658203,86.26000213623047,76.21015167236328,56281600,0.0,0.0,0.0
2023-10-05 00:00:00-04:00,86.11000061035156,86.19000244140625,85.63999938964844,85.83000183105469,75.83026123046875,35758800,0.0,0.0,0.0
2023-10-06 00:00:00-04:00,84.19999694824219,85.69000244140625,84.05999755859375,84.79000091552734,74.91143035888672,62787900,0.0,0.0,0.0
2023-10-09 00:00:00-04:00,85.5,86.80000305175781,84.94999694824219,86.77999877929688,76.6695785522461,29424900,0.0,0.0,0.0
2023-10-10 00:00:00-04:00,85.8499984741211,87.16999816894531,85.5199966430664,86.66000366210938,76.56355285644531,54743900,0.0,0.0,0.0
2023-10-11 00:00:00-04:00,87.8499984741211,88.47000122070312,87.5999984741211,88.47000122070312,78.16268157958984,58517700,0.0,0.0,0.0
2023-10-12 00:00:00-04:00,88.05000305175781,88.19000244140625,85.93000030517578,86.06999969482422,76.04228210449219,66986700,0.0,0.0,0.0
2023-10-13 00:00:00-04:00,87.5999984741211,87.83000183105469,87.16999816894531,87.61000061035156,77.40288543701172,44183800,0.0,0.0,0.0
2023-10-16 00:00:00-04:00,86.19000244140625,86.37000274658203,85.9000015258789,86.19999694824219,76.15716552734375,38309800,0.0,0.0,0.0
2023-10-17 00:00:00-04:00,84.88999938964844,85.62999725341797,84.5,85.25,75.31781768798828,52949100,0.0,0.0,0.0
2023-10-18 00:00:00-04:00,84.37999725341797,84.72000122070312,83.8499984741211,84.5,74.65522003173828,63724600,0.0,0.0,0.0
2023-10-19 00:00:00-04:00,83.87999725341797,84.56999969482422,82.73999786376953,82.7699966430664,73.12676239013672,87696900,0.0,0.0,0.0
2023-10-20 00:00:00-04:00,82.98999786376953,83.54000091552734,82.7699966430664,83.23999786376953,73.54199981689453,52188800,0.0,0.0,0.0
2023-10-23 00:00:00-04:00,82.80999755859375,84.86000061035156,82.41999816894531,84.23999786376953,74.4255142211914,70890400,0.0,0.0,0.0
2023-10-24 00:00:00-04:00,84.44000244140625,85.3499984741211,84.08999633789062,85.3499984741211,75.40618896484375,46267700,0.0,0.0,0.0
2023-10-25 00:00:00-04:00,84.0199966430664,84.12999725341797,83.12999725341797,83.44999694824219,73.7275619506836,60737200,0.0,0.0,0.0
2023-10-26 00:00:00-04:00,83.4800033569336,84.81999969482422,83.4000015258789,84.7300033569336,74.8584213256836,49704100,0.0,0.0,0.0
2023-10-27 00:00:00-04:00,84.19000244140625,84.97000122070312,83.73999786376953,84.37000274658203,74.54036712646484,32362300,0.0,0.0,0.0
2023-10-30 00:00:00-04:00,83.80999755859375,84.5,83.23999786376953,83.98999786376953,74.20464324951172,45026900,0.0,0.0,0.0
2023-10-31 00:00:00-04:00,84.37000274658203,84.7699966430664,83.55000305175781,83.58000183105469,73.84241485595703,37269200,0.0,0.0,0.0
2023-11-01 00:00:00-04:00,84.04000091552734,85.12000274658203,84.0199966430664,85.0999984741211,75.4434585571289,72308500,0.286,0.0,0.0
2023-11-02 00:00:00-04:00,86.68000030517578,87.30999755859375,86.22000122070312,87.04000091552734,77.16331481933594,69739400,0.0,0.0,0.0
2023-11-03 00:00:00-04:00,88.80999755859375,89.05000305175781,87.58000183105469,87.62999725341797,77.68635559082031,77692300,0.0,0.0,0.0
2023-11-06 00:00:00-05:00,87.06999969482422,87.19999694824219,86.5999984741211,86.77999877929688,76.93283081054688,41341900,0.0,0.0,0.0
2023-11-07 00:00:00-05:00,87.61000061035156,88.5,87.58999633789062,88.05999755859375,78.06758117675781,37834200,0.0,0.0,0.0
2023-11-08 00:00:00-05:00,88.4800033569336,89.62000274658203,88.44999694824219,89.55999755859375,79.39738464355469,53893400,0.0,0.0,0.0
2023-11-09 00:00:00-05:00,88.94000244140625,89.02999877929688,86.73999786376953,87.5,77.57113647460938,88975100,0.0,0.0,0.0
2023-11-10 00:00:00-05:00,88.2300033569336,88.43000030517578,87.7699966430664,87.98999786376953,78.00553894042969,36516400,0.0,0.0,0.0
2023-11-13 00:00:00-05:00,87.22000122070312,87.94000244140625,86.9000015258789,87.79000091552734,77.8282241821289,25661500,0.0,0.0,0.0
2023-11-14 00:00:00-05:00,90.0,90.1500015258789,89.29000091552734,89.77999877929688,79.59239959716797,65666800,0.0,0.0,0.0
2023-11-15 00:00:00-05:00,89.01000213623047,89.13999938964844,88.30999755859375,88.5199966430664,78.47541809082031,56205300,0.0,0.0,0.0
2023-11-16 00:00:00-05:00,89.30000305175781,89.95999908447266,89.25,89.62000274658203,79.45056915283203,49473900,0.0,0.0,0.0
2023-11-17 00:00:00-05:00,90.16000366210938,90.43000030517578,89.63999938964844,90.04000091552734,79.82292938232422,44091400,0.0,0.0,0.0
2023-11-20 00:00:00-05:00,89.62000274658203,90.66000366210938,89.61000061035156,90.58999633789062,80.31050872802734,40477800,0.0,0.0,0.0
2023-11-21 00:00:00-05:00,90.5,90.80000305175781,89.88999938964844,90.55000305175781,80.27503204345703,27721000,0.0,0.0,0.0
2023-11-22 00:00:00-05:00,91.12000274658203,91.31999969482422,90.37999725341797,90.87000274658203,80.55873107910156,31197500,0.0,0.0,0.0
2023-11-24 00:00:00-05:00,90.0999984741211,90.26000213623047,89.79000091552734,89.80000305175781,79.61014556884766,20199600,0.0,0.0,0.0
2023-11-27 00:00:00-05:00,90.30000305175781,91.33999633789062,90.20999908447266,91.30000305175781,80.93995666503906,39804400,0.0,0.0,0.0
2023-11-28 00:00:00-05:00,90.91000366210938,91.52999877929688,90.79000091552734,91.4800033569336,81.09950256347656,44989300,0.0,0.0,0.0
2023-11-29 00:00:00-05:00,92.11000061035156,92.69999694824219,91.77999877929688,92.62999725341797,82.11898040771484,61647800,0.0,0.0,0.0
2023-11-30 00:00:00-05:00,91.97000122070312,92.29000091552734,91.16000366210938,91.55999755859375,81.17045593261719,60520900,0.0,0.0,0.0
2023-12-01 00:00:00-05:00,91.30999755859375,93.05999755859375,91.12999725341797,92.98999786376953,82.69918060302734,64172200,0.289,0.0,0.0
2023-12-04 00:00:00-05:00,92.48999786376953,92.83000183105469,92.08999633789062,92.62000274658203,82.3701400756836,33766300,0.0,0.0,0.0
2023-12-05 00:00:00-05:00,93.62999725341797,94.62000274658203,93.56999969482422,94.61000061035156,84.13992309570312,73588600,0.0,0.0,0.0
2023-12-06 00:00:00-05:00,95.08000183105469,96.05000305175781,94.87000274658203,95.87000274658203,85.26045989990234,61606100,0.0,0.0,0.0
2023-12-07 00:00:00-05:00,95.18000030517578,96.08000183105469,95.05999755859375,95.31999969482422,84.7713394165039,47970200,0.0,0.0,0.0
2023-12-08 00:00:00-05:00,94.41999816894531,94.72000122070312,93.91000366210938,94.54000091552734,84.07768249511719,44809200,0.0,0.0,0.0
2023-12-11 00:00:00-05:00,94.01000213623047,94.44000244140625,93.52999877929688,94.33999633789062,83.89978790283203,33909700,0.0,0.0,0.0
2023-12-12 00:00:00-05:00,94.1500015258789,94.69999694824219,93.9000015258789,94.62000274658203,84.14879608154297,36996900,0.0,0.0,0.0
2023-12-13 00:00:00-05:00,95.16999816894531,96.9800033569336,95.0199966430664,96.83999633789062,86.12313079833984,70828500,0.0,0.0,0.0
2023-12-14 00:00:00-05:00,97.66000366210938,99.04000091552734,97.41999816894531,99.04000091552734,88.36344909667969,87798600,0.311,0.0,0.0
2023-12-15 00:00:00-05:00,98.69000244140625,99.3499984741211,98.58000183105469,99.1500015258789,88.46160125732422,59941300,0.0,0.0,0.0
2023-12-18 00:00:00-05:00,98.5,98.5,98.0199966430664,98.36000061035156,87.75676727294922,34746000,0.0,0.0,0.0
2023-12-19 00:00:00-05:00,98.86000061035156,99.26000213623047,98.66000366210938,98.88999938964844,88.2296371459961,30018400,0.0,0.0,0.0
2023-12-20 00:00:00-05:00,99.11000061035156,99.69000244140625,98.58000183105469,99.55999755859375,88.82740020751953,51229400,0.0,0.0,0.0
2023-12-21 00:00:00-05:00,99.73999786376953,99.83999633789062,98.75,98.93000030517578,88.26530456542969,65231200,0.0,0.0,0.0
2023-12-22 00:00:00-05:00,99.37999725341797,99.37999725341797,98.23999786376953,98.4800033569336,87.86380767822266,29244200,0.0,0.0,0.0
2023-12-26 00:00:00-05:00,98.54000091552734,98.87000274658203,98.4800033569336,98.76000213623047,88.11365509033203,24019700,0.0,0.0,0.0
2023-12-27 00:00:00-05:00,99.77999877929688,100.52999877929688,99.5,100.51000213623047,89.67497253417969,45082800,0.0,0.0,0.0
2023-12-28 00:00:00-05:00,100.08999633789062,100.56999969482422,99.55999755859375,99.77999877929688,89.02366638183594,36213000,0.0,0.0,0.0
2023-12-29 00:00:00-05:00,99.12999725341797,99.81999969482422,98.80000305175781,98.87999725341797,88.22071075439453,41616200,0.0,0.0,0.0
2024-01-02 00:00:00-05:00,98.2300033569336,98.6500015258789,98.0,98.30999755859375,87.71215057373047,47797400,0.0,0.0,0.0
2024-01-03 00:00:00-05:00,97.37999725341797,98.8499984741211,97.1500015258789,98.72000122070312,88.07795715332031,58159500,0.0,0.0,0.0
2024-01-04 00:00:00-05:00,97.41999816894531,97.63999938964844,97.06999969482422,97.22000122070312,86.7396469116211,52604500,0.0,0.0,0.0
2024-01-05 00:00:00-05:00,96.5,97.68000030517578,96.20999908447266,96.29000091552734,85.9098892211914,45894800,0.0,0.0,0.0
2024-01-08 00:00:00-05:00,96.2300033569336,97.37999725341797,96.08999633789062,97.23999786376953,86.75749206542969,39485800,0.0,0.0,0.0
2024-01-09 00:00:00-05:00,96.63999938964844,97.16999816894531,96.58999633789062,96.62000274658203,86.20433044433594,34374000,0.0,0.0,0.0
2024-01-10 00:00:00-05:00,96.91999816894531,97.05000305175781,96.12000274658203,96.16999816894531,85.8028335571289,48227800,0.0,0.0,0.0
2024-01-11 00:00:00-05:00,96.16999816894531,96.83000183105469,95.70999908447266,96.70999908447266,86.28462219238281,78858900,0.0,0.0,0.0
2024-01-12 00:00:00-05:00,96.77999877929688,97.2699966430664,96.2699966430664,96.5199966430664,86.11510467529297,38883900,0.0,0.0,0.0
2024-01-16 00:00:00-05:00,95.62000274658203,95.79000091552734,94.51000213623047,94.81999969482422,84.59835815429688,61716700,0.0,0.0,0.0
2024-01-17 00:00:00-05:00,94.5999984741211,95.0,94.16000366210938,94.66999816894531,84.46452331542969,55506800,0.0,0.0,0.0
2024-01-18 00:00:00-05:00,94.45999908447266,94.58000183105469,93.51000213623047,93.79000091552734,83.67941284179688,77339100,0.0,0.0,0.0
2024-01-19 00:00:00-05:00,93.70999908447266,94.16999816894531,93.26000213623047,94.08999633789062,83.94705963134766,47030900,0.0,0.0,0.0
2024-01-22 00:00:00-05:00,94.81999969482422,95.08000183105469,94.38999938964844,94.6500015258789,84.44670867919922,35756400,0.0,0.0,0.0
2024-01-23 00:00:00-05:00,93.88999938964844,93.98999786376953,93.43000030517578,93.9000015258789,83.77754211425781,35786700,0.0,0.0,0.0
2024-01-24 00:00:00-05:00,94.51000213623047,94.54000091552734,93.0999984741211,93.3499984741211,83.28685760498047,54574900,0.0,0.0,0.0
2024-01-25 00:00:00-05:00,94.0,94.22000122070312,93.56999969482422,93.95999908447266,83.83106994628906,57019400,0.0,0.0,0.0
2024-01-26 00:00:00-05:00,93.93000030517578,94.06999969482422,93.48999786376953,93.77999877929688,83.67047119140625,29276900,0.0,0.0,0.0
2024-01-29 00:00:00-05:00,94.30999755859375,95.16999816894531,94.12000274658203,94.86000061035156,84.63404083251953,38243600,0.0,0.0,0.0
2024-01-30 00:00:00-05:00,95.4800033569336,95.83999633789062,94.73999786376953,95.72000122070312,85.4013442993164,40151400,0.0,0.0,0.0
2024-01-31 00:00:00-05:00,96.22000122070312,96.91000366210938,96.0,96.66000366210938,86.24000549316406,80646700,0.0,0.0,0.0
2024-02-01 00:00:00-05:00,97.41999816894531,98.66999816894531,97.19000244140625,98.23999786376953,87.93167877197266,84291200,0.31,0.0,0.0
2024-02-02 00:00:00-05:00,96.2699966430664,96.62000274658203,95.69000244140625,96.06999969482422,85.9894027709961,63823300,0.0,0.0,0.0
2024-02-05 00:00:00-05:00,94.62999725341797,94.8499984741211,94.0199966430664,94.12999725341797,84.25294494628906,53827400,0.0,0.0,0.0
2024-02-06 00:00:00-05:00,94.23999786376953,95.1500015258789,94.20999908447266,95.05000305175781,85.07642364501953,33411500,0.0,0.0,0.0
2024-02-07 00:00:00-05:00,94.56999969482422,95.2300033569336,94.5199966430664,94.58999633789062,84.66468811035156,40120200,0.0,0.0,0.0
2024-02-08 00:00:00-05:00,94.0199966430664,94.30000305175781,93.66000366210938,94.04000091552734,84.17239379882812,50087700,0.0,0.0,0.0
2024-02-09 00:00:00-05:00,93.76000213623047,94.01000213623047,93.66000366210938,93.8499984741211,84.00232696533203,27951300,0.0,0.0,0.0
2024-02-12 00:00:00-05:00,93.9000015258789,94.13999938964844,93.5,93.95999908447266,84.1008071899414,27890300,0.0,0.0,0.0
2024-02-13 00:00:00-05:00,92.86000061035156,93.05999755859375,92.33000183105469,92.3499984741211,82.65972900390625,49768500,0.0,0.0,0.0
2024-02-14 00:00:00-05:00,92.30000305175781,93.05000305175781,92.2300033569336,92.81999969482422,83.08040618896484,44191600,0.0,0.0,0.0
2024-02-15 00:00:00-05:00,93.55999755859375,93.72000122070312,93.0,93.30000305175781,83.51004791259766,49598500,0.0,0.0,0.0
2024-02-16 00:00:00-05:00,92.4800033569336,92.8499984741211,92.33999633789062,92.76000213623047,83.02670288085938,33116800,0.0,0.0,0.0
2024-02-20 00:00:00-05:00,92.79000091552734,93.19000244140625,92.72000122070312,92.83999633789062,83.09832763671875,24469300,0.0,0.0,0.0
2024-02-21 00:00:00-05:00,92.83000183105469,92.9000015258789,92.01000213623047,92.18000030517578,82.50756072998047,36343100,0.0,0.0,0.0
2024-02-22 00:00:00-05:00,92.33000183105469,92.76000213623047,92.2699966430664,92.62999725341797,82.91035461425781,45190700,0.0,0.0,0.0
2024-02-23 00:00:00-05:00,92.75,94.0,92.75,93.87000274658203,84.02023315429688,38406700,0.0,0.0,0.0
2024-02-26 00:00:00-05:00,94.0,94.02999877929688,93.19000244140625,93.58999633789062,83.76963806152344,27855000,0.0,0.0,0.0
2024-02-27 00:00:00-05:00,93.23999786376953,93.47000122070312,92.8499984741211,92.93000030517578,83.17888641357422,30242000,0.0,0.0,0.0
2024-02-28 00:00:00-05:00,93.08000183105469,93.5999984741211,92.9000015258789,93.5199966430664,83.70697021484375,34574200,0.0,0.0,0.0
2024-02-29 00:00:00-05:00,93.81999969482422,94.30000305175781,93.77999877929688,94.18000030517578,84.2977066040039,51038600,0.0,0.0,0.0
2024-03-01 00:00:00-05:00,93.44000244140625,94.51000213623047,93.01000213623047,94.47000122070312,84.82296752929688,45832800,0.295,0.0,0.0
2024-03-04 00:00:00-05:00,93.69999694824219,94.16000366210938,93.68000030517578,94.08999633789062,84.48177337646484,23864200,0.0,0.0,0.0
2024-03-05 00:00:00-05:00,95.2300033569336,95.68000030517578,94.97000122070312,95.43000030517578,85.68495178222656,37721900,0.0,0.0,0.0
2024-03-06 00:00:00-05:00,95.48999786376953,96.16999816894531,95.41000366210938,95.98999786376953,86.18773651123047,40571600,0.0,0.0,0.0
2024-03-07 00:00:00-05:00,96.36000061035156,96.4000015258789,95.4800033569336,95.9000015258789,86.1069564819336,39075000,0.0,0.0,0.0
2024-03-08 00:00:00-05:00,95.80000305175781,96.05000305175781,95.4800033569336,95.7300033569336,85.95429229736328,25023200,0.0,0.0,0.0
2024-03-11 00:00:00-04:00,95.95999908447266,96.01000213623047,95.37000274658203,95.68000030517578,85.90941619873047,17787900,0.0,0.0,0.0
2024-03-12 00:00:00-04:00,95.04000091552734,95.20999908447266,94.69000244140625,94.87999725341797,85.19110107421875,29566000,0.0,0.0,0.0
2024-03-13 00:00:00-04:00,94.5,94.73999786376953,94.20999908447266,94.41999816894531,84.77806854248047,38270100,0.0,0.0,0.0
2024-03-14 00:00:00-04:00,93.7300033569336,93.75,92.86000061035156,92.97000122070312,83.47615051269531,58365600,0.0,0.0,0.0
2024-03-15 00:00:00-04:00,93.05999755859375,93.19000244140625,92.79000091552734,92.94000244140625,83.44921875,34997700,0.0,0.0,0.0
2024-03-18 00:00:00-04:00,92.7300033569336,92.98999786376953,92.5,92.66000366210938,83.19779205322266,29519500,0.0,0.0,0.0
2024-03-19 00:00:00-04:00,92.8499984741211,93.2699966430664,92.69000244140625,92.91999816894531,83.4312515258789,26953100,0.0,0.0,0.0
2024-03-20 00:00:00-04:00,93.0999984741211,93.79000091552734,92.29000091552734,92.88999938964844,83.404296875,43460100,0.0,0.0,0.0
2024-03-21 00:00:00-04:00,93.2699966430664,93.43000030517578,92.7300033569336,93.08999633789062,83.58390045166016,34276600,0.0,0.0,0.0
2024-03-22 00:00:00-04:00,94.19000244140625,94.20999908447266,93.77999877929688,93.9800033569336,84.38301086425781,30262300,0.0,0.0,0.0
2024-03-25 00:00:00-04:00,93.70999908447266,93.75,93.30000305175781,93.51000213623047,83.96099853515625,24011800,0.0,0.0,0.0
2024-03-26 00:00:00-04:00,93.51000213623047,93.87000274658203,93.27999877929688,93.7699966430664,84.19445037841797,34423000,0.0,0.0,0.0
2024-03-27 00:00:00-04:00,93.98999786376953,94.69999694824219,93.94000244140625,94.69999694824219,85.02947998046875,50157800,0.0,0.0,0.0
2024-03-28 00:00:00-04:00,94.48999786376953,95.0199966430664,94.31999969482422,94.62000274658203,84.9576644897461,34540400,0.0,0.0,0.0
2024-04-01 00:00:00-04:00,93.29000091552734,93.30000305175781,92.45999908447266,92.55000305175781,83.37394714355469,48945400,0.312,0.0,0.0
2024-04-02 00:00:00-04:00,91.56999969482422,92.19999694824219,91.33999633789062,92.04000091552734,82.91452026367188,43086300,0.0,0.0,0.0
2024-04-03 00:00:00-04:00,91.26000213623047,92.05000305175781,91.05000305175781,92.0199966430664,82.8965072631836,45494400,0.0,0.0,0.0
2024-04-04 00:00:00-04:00,92.62999725341797,92.76000213623047,92.04000091552734,92.68000030517578,83.49105834960938,47957400,0.0,0.0,0.0
2024-04-05 00:00:00-04:00,91.69000244140625,92.18000030517578,91.37999725341797,91.38999938964844,82.3289566040039,42495900,0.0,0.0,0.0
2024-04-08 00:00:00-04:00,91.2300033569336,91.58999633789062,91.12999725341797,91.37999725341797,82.3199462890625,37879800,0.0,0.0,0.0
2024-04-09 00:00:00-04:00,91.87000274658203,92.36000061035156,91.83999633789062,92.2300033569336,83.085693359375,32522000,0.0,0.0,0.0
2024-04-10 00:00:00-04:00,91.19999694824219,91.30000305175781,90.05000305175781,90.22000122070312,81.27498626708984,74368900,0.0,0.0,0.0
2024-04-11 00:00:00-04:00,90.37999725341797,90.44000244140625,89.51000213623047,89.80999755859375,80.9056167602539,65751200,0.0,0.0,0.0
2024-04-12 00:00:00-04:00,90.63999938964844,90.94999694824219,90.27999877929688,90.29000091552734,81.33802795410156,47900100,0.0,0.0,0.0
2024-04-15 00:00:00-04:00,89.22000122070312,89.26000213623047,88.5199966430664,88.88999938964844,80.07683563232422,55993100,0.0,0.0,0.0
2024-04-16 00:00:00-04:00,88.05000305175781,88.58000183105469,87.79000091552734,88.30000305175781,79.5453109741211,45103200,0.0,0.0,0.0
2024-04-17 00:00:00-04:00,88.87000274658203,89.37999725341797,88.45999908447266,89.27999877929688,80.42816162109375,57947000,0.0,0.0,0.0
2024-04-18 00:00:00-04:00,89.23999786376953,89.2699966430664,88.58999633789062,88.83000183105469,80.02278900146484,43839500,0.0,0.0,0.0
2024-04-19 00:00:00-04:00,89.38999938964844,89.38999938964844,88.91000366210938,89.1500015258789,80.3110580444336,44826800,0.0,0.0,0.0
2024-04-22 00:00:00-04:00,88.68000030517578,89.12000274658203,88.6500015258789,89.0,80.17591094970703,24969000,0.0,0.0,0.0
2024-04-23 00:00:00-04:00,88.7300033569336,89.54000091552734,88.55000305175781,89.02999877929688,80.20293426513672,27222700,0.0,0.0,0.0
2024-04-24 00:00:00-04:00,88.55999755859375,88.62999725341797,87.5,88.4000015258789,79.63542175292969,48986800,0.0,0.0,0.0
2024-04-25 00:00:00-04:00,87.45999908447266,87.9000015258789,87.33999633789062,87.77999877929688,79.07689666748047,49282600,0.0,0.0,0.0
2024-04-26 00:00:00-04:00,88.25,88.61000061035156,88.05000305175781,88.23999786376953,79.49126434326172,31589800,0.0,0.0,0.0
2024-04-29 00:00:00-04:00,88.66000366210938,89.0199966430664,88.4800033569336,88.9800033569336,80.15790557861328,39228600,0.0,0.0,0.0
2024-04-30 00:00:00-04:00,88.41999816894531,88.7300033569336,88.0999984741211,88.22000122070312,79.47325134277344,41054700,0.0,0.0,0.0
2024-05-01 00:00:00-04:00,88.5999984741211,89.20999908447266,88.23999786376953,88.55999755859375,80.05904388427734,59679500,0.308,0.0,0.0
2024-05-02 00:00:00-04:00,88.20999908447266,89.01000213623047,88.02999877929688,88.94000244140625,80.40259552001953,58925400,0.0,0.0,0.0
2024-05-03 00:00:00-04:00,89.93000030517578,90.12000274658203,89.2699966430664,89.83999633789062,81.21620178222656,50066100,0.0,0.0,0.0
2024-05-06 00:00:00-04:00,89.87000274658203,90.25,89.66999816894531,90.19000244140625,81.5325927734375,23868200,0.0,0.0,0.0
2024-05-07 00:00:00-04:00,90.9000015258789,91.23999786376953,90.61000061035156,90.73999786376953,82.02979278564453,30525800,0.0,0.0,0.0
2024-05-08 00:00:00-04:00,90.30999755859375,90.45999908447266,90.16000366210938,90.19000244140625,81.5325927734375,31171700,0.0,0.0,0.0
2024-05-09 00:00:00-04:00,89.87000274658203,90.7699966430664,89.81999969482422,90.62999725341797,81.93035125732422,39606700,0.0,0.0,0.0
2024-05-10 00:00:00-04:00,90.27999877929688,90.37999725341797,89.95999908447266,90.12000274658203,81.46932220458984,21913800,0.0,0.0,0.0
2024-05-13 00:00:00-04:00,90.55000305175781,90.61000061035156,90.30999755859375,90.3499984741211,81.67724609375,23157500,0.0,0.0,0.0
2024-05-14 00:00:00-04:00,90.6500015258789,90.91999816894531,90.41999816894531,90.86000061035156,82.13829803466797,25746400,0.0,0.0,0.0
2024-05-15 00:00:00-04:00,91.87000274658203,92.26000213623047,91.62999725341797,92.0999984741211,83.25924682617188,65142900,0.0,0.0,0.0
2024-05-16 00:00:00-04:00,92.38999938964844,92.41999816894531,91.94000244140625,92.01000213623047,83.17790222167969,37902400,0.0,0.0,0.0
2024-05-17 00:00:00-04:00,91.63999938964844,91.80000305175781,91.33999633789062,91.38999938964844,82.6174087524414,24755000,0.0,0.0,0.0
2024-05-20 00:00:00-04:00,91.08000183105469,91.31999969482422,91.01000213623047,91.12000274658203,82.37333679199219,17922800,0.0,0.0,0.0
2024-05-21 00:00:00-04:00,91.7300033569336,91.7699966430664,91.43000030517578,91.58999633789062,82.79821014404297,15334400,0.0,0.0,0.0
2024-05-22 00:00:00-04:00,91.2699966430664,91.77999877929688,91.26000213623047,91.69999694824219,82.89763641357422,38073700,0.0,0.0,0.0
2024-05-23 00:00:00-04:00,91.80000305175781,91.80000305175781,90.81999969482422,91.11000061035156,82.36430358886719,51294700,0.0,0.0,0.0
2024-05-24 00:00:00-04:00,90.97000122070312,91.47000122070312,90.9000015258789,91.37999725341797,82.60836791992188,19164400,0.0,0.0,0.0
2024-05-28 00:00:00-04:00,91.33000183105469,91.36000061035156,90.02999877929688,90.06999969482422,81.42414093017578,45973700,0.0,0.0,0.0
2024-05-29 00:00:00-04:00,89.33999633789062,89.4000015258789,88.68000030517578,88.9800033569336,80.43875122070312,45508400,0.0,0.0,0.0
2024-05-30 00:00:00-04:00,89.5999984741211,89.97000122070312,89.44000244140625,89.83999633789062,81.21620178222656,29548600,0.0,0.0,0.0
2024-05-31 00:00:00-04:00,90.4800033569336,90.66000366210938,90.25,90.44999694824219,81.76763153076172,41308800,0.0,0.0,0.0
2024-06-03 00:00:00-04:00,90.63999938964844,91.66999816894531,90.61000061035156,91.5999984741211,83.09019470214844,42272100,0.308,0.0,0.0
2024-06-04 00:00:00-04:00,92.19999694824219,92.80000305175781,91.98999786376953,92.66999816894531,84.06077575683594,42581500,0.0,0.0,0.0
2024-06-05 00:00:00-04:00,93.0,93.3499984741211,92.38999938964844,93.3499984741211,84.67761993408203,43153900,0.0,0.0,0.0
2024-06-06 00:00:00-04:00,92.91999816894531,93.43000030517578,92.86000061035156,93.20999908447266,84.55062866210938,22891900,0.0,0.0,0.0
2024-06-07 00:00:00-04:00,91.83000183105469,91.83000183105469,91.4000015258789,91.5,82.99946594238281,35240500,0.0,0.0,0.0
2024-06-10 00:00:00-04:00,91.0,91.05999755859375,90.6500015258789,90.88999938964844,82.44615173339844,20586500,0.0,0.0,0.0
2024-06-11 00:00:00-04:00,91.02999877929688,91.87000274658203,90.91999816894531,91.83000183105469,83.29882049560547,30329200,0.0,0.0,0.0
2024-06-12 00:00:00-04:00,93.0199966430664,93.56999969482422,92.48999786376953,92.5199966430664,83.92471313476562,42554600,0.0,0.0,0.0
2024-06-13 00:00:00-04:00,93.22000122070312,93.98999786376953,92.94999694824219,93.87999725341797,85.15836334228516,33093800,0.0,0.0,0.0
2024-06-14 00:00:00-04:00,94.41999816894531,94.83999633789062,94.23999786376953,94.66999816894531,85.87494659423828,28776700,0.0,0.0,0.0
2024-06-17 00:00:00-04:00,93.5199966430664,93.80999755859375,93.27999877929688,93.7300033569336,85.0223159790039,31040200,0.0,0.0,0.0
2024-06-18 00:00:00-04:00,93.88999938964844,94.5999984741211,93.7300033569336,94.58999633789062,85.80242919921875,26881000,0.0,0.0,0.0
2024-06-20 00:00:00-04:00,93.41000366210938,94.0,93.33999633789062,93.95999908447266,85.23094940185547,30246300,0.0,0.0,0.0
2024-06-21 00:00:00-04:00,94.23999786376953,94.4800033569336,93.58999633789062,93.95999908447266,85.23094940185547,22596400,0.0,0.0,0.0
2024-06-24 00:00:00-04:00,94.05000305175781,94.33999633789062,93.73999786376953,94.33999633789062,85.57565307617188,56939100,0.0,0.0,0.0
2024-06-25 00:00:00-04:00,94.06999969482422,94.55000305175781,94.04000091552734,94.5,85.72077178955078,22890200,0.0,0.0,0.0
2024-06-26 00:00:00-04:00,93.27999877929688,93.47000122070312,93.11000061035156,93.1500015258789,84.49620056152344,38489100,0.0,0.0,0.0
2024-06-27 00:00:00-04:00,93.5199966430664,93.70999908447266,93.41999816894531,93.5199966430664,84.83179473876953,23140800,0.0,0.0,0.0
2024-06-28 00:00:00-04:00,93.7300033569336,93.7699966430664,91.77999877929688,91.77999877929688,83.25347137451172,55119600,0.0,0.0,0.0
2024-07-01 00:00:00-04:00,90.41999816894531,91.08000183105469,89.81999969482422,89.91000366210938,81.81659698486328,49735400,0.291,0.0,0.0
2024-07-02 00:00:00-04:00,90.68000030517578,90.80999755859375,90.08000183105469,90.61000061035156,82.45360565185547,34204700,0.0,0.0,0.0
2024-07-03 00:00:00-04:00,91.16999816894531,91.88999938964844,91.08999633789062,91.80000305175781,83.53648376464844,35563300,0.0,0.0,0.0
2024-07-05 00:00:00-04:00,92.2699966430664,92.7300033569336,91.9000015258789,92.55999755859375,84.2280502319336,34895500,0.0,0.0,0.0
2024-07-08 00:00:00-04:00,92.54000091552734,92.8499984741211,92.22000122070312,92.76000213623047,84.4100570678711,16095700,0.0,0.0,0.0
2024-07-09 00:00:00-04:00,92.47000122070312,92.68000030517578,91.87000274658203,92.3499984741211,84.03695678710938,30289800,0.0,0.0,0.0
2024-07-10 00:00:00-04:00,92.44999694824219,92.68000030517578,92.26000213623047,92.63999938964844,84.30084991455078,23572500,0.0,0.0,0.0
2024-07-11 00:00:00-04:00,93.68000030517578,94.13999938964844,93.47000122070312,93.54000091552734,85.11984252929688,49761800,0.0,0.0,0.0
2024-07-12 00:00:00-04:00,93.52999877929688,93.94000244140625,93.33999633789062,93.94000244140625,85.48383331298828,27796500,0.0,0.0,0.0
2024-07-15 00:00:00-04:00,93.0,93.30000305175781,92.77999877929688,92.86000061035156,84.50106048583984,37918900,0.0,0.0,0.0
2024-07-16 00:00:00-04:00,93.52999877929688,94.20999908447266,93.38999938964844,94.16999816894531,85.6931381225586,36383700,0.0,0.0,0.0
2024-07-17 00:00:00-04:00,93.91999816894531,94.4000015258789,93.69000244140625,94.19000244140625,85.7113265991211,29036800,0.0,0.0,0.0
2024-07-18 00:00:00-04:00,93.68000030517578,94.13999938964844,93.37999725341797,93.47000122070312,85.05614471435547,34553100,0.0,0.0,0.0
2024-07-19 00:00:00-04:00,93.04000091552734,93.16000366210938,92.81999969482422,92.91999816894531,84.5556411743164,32164700,0.0,0.0,0.0
2024-07-22 00:00:00-04:00,93.4000015258789,93.5199966430664,92.30000305175781,92.6500015258789,84.3099594116211,36160400,0.0,0.0,0.0
2024-07-23 00:00:00-04:00,92.80999755859375,93.02999877929688,92.48999786376953,92.5199966430664,84.19164276123047,23498000,0.0,0.0,0.0
2024-07-24 00:00:00-04:00,92.58999633789062,92.8499984741211,91.47000122070312,91.5199966430664,83.28166198730469,50757100,0.0,0.0,0.0
2024-07-25 00:00:00-04:00,92.02999877929688,92.86000061035156,91.95999908447266,92.2699966430664,83.96417999267578,44999100,0.0,0.0,0.0
2024-07-26 00:00:00-04:00,92.94999694824219,93.1500015258789,92.70999908447266,92.98999786376953,84.61933898925781,34423800,0.0,0.0,0.0
2024-07-29 00:00:00-04:00,93.66999816894531,93.69000244140625,93.22000122070312,93.48999786376953,85.0743408203125,25801300,0.0,0.0,0.0
2024-07-30 00:00:00-04:00,93.75,94.05000305175781,93.30000305175781,93.8499984741211,85.40193176269531,28169800,0.0,0.0,0.0
2024-07-31 00:00:00-04:00,94.52999877929688,94.83999633789062,94.23999786376953,94.80999755859375,86.27552032470703,47445300,0.0,0.0,0.0
2024-08-01 00:00:00-04:00,95.13999938964844,95.91000366210938,95.12000274658203,95.30999755859375,87.0196304321289,77254200,0.315,0.0,0.0
2024-08-02 00:00:00-04:00,97.0,98.37000274658203,96.88999938964844,98.27999877929688,89.73129272460938,91912900,0.0,0.0,0.0
2024-08-05 00:00:00-04:00,99.69000244140625,99.94000244140625,97.9000015258789,98.80000305175781,90.20606994628906,90686300,0.0,0.0,0.0
2024-08-06 00:00:00-04:00,98.1500015258789,98.41000366210938,96.58999633789062,96.58999633789062,88.18830108642578,61316900,0.0,0.0,0.0
2024-08-07 00:00:00-04:00,95.94999694824219,96.44999694824219,95.5,95.91000366210938,87.56743621826172,51337100,0.0,0.0,0.0
2024-08-08 00:00:00-04:00,95.12000274658203,95.4000015258789,94.83999633789062,95.31999969482422,87.02876281738281,37815800,0.0,0.0,0.0
2024-08-09 00:00:00-04:00,96.51000213623047,96.54000091552734,96.08999633789062,96.26000213623047,87.88700866699219,32141800,0.0,0.0,0.0
2024-08-12 00:00:00-04:00,96.02999877929688,96.81999969482422,95.87999725341797,96.61000061035156,88.20655059814453,24261400,0.0,0.0,0.0
2024-08-13 00:00:00-04:00,97.30000305175781,97.36000061035156,96.9800033569336,97.27999877929688,88.81827545166016,30366900,0.0,0.0,0.0
2024-08-14 00:00:00-04:00,97.55000305175781,98.16000366210938,97.51000213623047,97.88999938964844,89.3752212524414,31334100,0.0,0.0,0.0
2024-08-15 00:00:00-04:00,96.41000366210938,97.0999984741211,96.20999908447266,97.0999984741211,88.65391540527344,38723700,0.0,0.0,0.0
2024-08-16 00:00:00-04:00,97.44000244140625,97.54000091552734,97.01000213623047,97.44000244140625,88.96435546875,28541000,0.0,0.0,0.0
2024-08-19 00:00:00-04:00,97.41999816894531,98.16000366210938,97.41000366210938,97.88999938964844,89.3752212524414,25322100,0.0,0.0,0.0
2024-08-20 00:00:00-04:00,98.31999969482422,98.86000061035156,98.12000274658203,98.66999816894531,90.08735656738281,25239300,0.0,0.0,0.0
2024-08-21 00:00:00-04:00,98.66999816894531,99.19999694824219,98.20999908447266,98.7300033569336,90.14215850830078,29230000,0.0,0.0,0.0
2024-08-22 00:00:00-04:00,98.2300033569336,98.30000305175781,97.43000030517578,97.75,89.24738311767578,33453800,0.0,0.0,0.0
2024-08-23 00:00:00-04:00,98.19000244140625,98.66999816894531,97.95999908447266,98.38999938964844,89.83173370361328,32005100,0.0,0.0,0.0
2024-08-26 00:00:00-04:00,98.69000244140625,98.69999694824219,98.08000183105469,98.13999938964844,89.60346984863281,23198700,0.0,0.0,0.0
2024-08-27 00:00:00-04:00,97.48999786376953,98.08000183105469,97.41000366210938,97.97000122070312,89.44824981689453,21507700,0.0,0.0,0.0
2024-08-28 00:00:00-04:00,98.01000213623047,98.19999694824219,97.7300033569336,97.8499984741211,89.33869171142578,18501400,0.0,0.0,0.0
2024-08-29 00:00:00-04:00,97.37000274658203,97.63999938964844,97.12999725341797,97.52999877929688,89.04651641845703,24988200,0.0,0.0,0.0
2024-08-30 00:00:00-04:00,97.68000030517578,97.98999786376953,96.47000122070312,96.48999786376953,88.09699249267578,42896200,0.0,0.0,0.0
2024-09-03 00:00:00-04:00,97.55999755859375,98.05999755859375,97.41999816894531,97.75,89.537841796875,48947900,0.313,0.0,0.0
2024-09-04 00:00:00-04:00,97.87999725341797,99.02999877929688,97.80999755859375,99.01000213623047,90.69198608398438,40885200,0.0,0.0,0.0
2024-09-05 00:00:00-04:00,99.33999633789062,99.68000030517578,98.77999877929688,99.56999969482422,91.2049331665039,47450900,0.0,0.0,0.0
2024-09-06 00:00:00-04:00,99.55000305175781,100.77999877929688,99.19000244140625,99.55999755859375,91.1957778930664,57406400,0.0,0.0,0.0
2024-09-09 00:00:00-04:00,99.4000015258789,100.0999984741211,99.16000366210938,99.98999786376953,91.58965301513672,26961400,0.0,0.0,0.0
2024-09-10 00:00:00-04:00,99.87000274658203,100.91000366210938,99.81999969482422,100.69000244140625,92.23084259033203,31703400,0.0,0.0,0.0
2024-09-11 00:00:00-04:00,100.48999786376953,101.23999786376953,100.3499984741211,100.61000061035156,92.1575698852539,39497100,0.0,0.0,0.0
2024-09-12 00:00:00-04:00,100.36000061035156,100.55000305175781,99.69000244140625,100.13999938964844,91.72704315185547,41618700,0.0,0.0,0.0
2024-09-13 00:00:00-04:00,100.45999908447266,100.61000061035156,100.0199966430664,100.41000366210938,91.97437286376953,25722100,0.0,0.0,0.0
2024-09-16 00:00:00-04:00,100.62999725341797,101.37000274658203,100.41000366210938,101.33000183105469,92.81707000732422,30866300,0.0,0.0,0.0
2024-09-17 00:00:00-04:00,101.47000122070312,101.63999938964844,100.73999786376953,100.83999633789062,92.36822509765625,31699400,0.0,0.0,0.0
2024-09-18 00:00:00-04:00,100.23999786376953,100.7300033569336,99.54000091552734,99.58999633789062,91.22325134277344,48897000,0.0,0.0,0.0
2024-09-19 00:00:00-04:00,98.91999816894531,99.30999755859375,98.7699966430664,99.26000213623047,90.92098236083984,39979800,0.0,0.0,0.0
2024-09-20 00:00:00-04:00,98.98999786376953,99.25,98.72000122070312,98.87999725341797,90.5728988647461,37067600,0.0,0.0,0.0
2024-09-23 00:00:00-04:00,98.5,99.08999633789062,98.0199966430664,98.66999816894531,90.38053131103516,35703900,0.0,0.0,0.0
2024-09-24 00:00:00-04:00,98.0,98.88999938964844,97.8499984741211,98.6500015258789,90.36223602294922,31005400,0.0,0.0,0.0
2024-09-25 00:00:00-04:00,98.26000213623047,98.31999969482422,97.79000091552734,97.83000183105469,89.61111450195312,36738200,0.0,0.0,0.0
2024-09-26 00:00:00-04:00,98.06999969482422,98.25,97.41999816894531,98.05999755859375,89.82178497314453,33332300,0.0,0.0,0.0
2024-09-27 00:00:00-04:00,98.54000091552734,98.76000213623047,98.20999908447266,98.56999969482422,90.28894805908203,28317600,0.0,0.0,0.0
2024-09-30 00:00:00-04:00,98.63999938964844,98.70999908447266,97.87999725341797,98.0999984741211,89.8584213256836,34175500,0.0,0.0,0.0
2024-10-01 00:00:00-04:00,98.80000305175781,99.33000183105469,98.38999938964844,98.48999786376953,90.50721740722656,45254200,0.316,0.0,0.0
2024-10-02 00:00:00-04:00,97.36000061035156,97.7300033569336,97.05999755859375,97.66000366210938,89.74447631835938,35810800,0.0,0.0,0.0
2024-10-03 00:00:00-04:00,97.33999633789062,97.51000213623047,96.73999786376953,96.73999786376953,88.89905548095703,39677800,0.0,0.0,0.0
2024-10-04 00:00:00-04:00,95.44000244140625,95.95999908447266,95.4000015258789,95.55000305175781,87.80550384521484,56954100,0.0,0.0,0.0
2024-10-07 00:00:00-04:00,94.9800033569336,95.2699966430664,94.76000213623047,94.83000183105469,87.14385986328125,42606600,0.0,0.0,0.0
2024-10-08 00:00:00-04:00,94.38999938964844,95.02999877929688,94.33999633789062,94.98999786376953,87.29090118408203,33709600,0.0,0.0,0.0
2024-10-09 00:00:00-04:00,94.66999816894531,94.91000366210938,94.2300033569336,94.44999694824219,86.79467010498047,35807700,0.0,0.0,0.0
2024-10-10 00:00:00-04:00,93.87999725341797,94.08999633789062,93.41000366210938,94.08000183105469,86.45465087890625,53667400,0.0,0.0,0.0
2024-10-11 00:00:00-04:00,93.4800033569336,94.06999969482422,93.41999816894531,93.69999694824219,86.1054458618164,27406400,0.0,0.0,0.0
2024-10-14 00:00:00-04:00,93.04000091552734,93.77999877929688,92.9800033569336,93.7699966430664,86.1697769165039,28795300,0.0,0.0,0.0
2024-10-15 00:00:00-04:00,94.45999908447266,95.0,94.37000274658203,94.91000366210938,87.21737670898438,46429100,0.0,0.0,0.0
2024-10-16 00:00:00-04:00,95.38999938964844,95.62000274658203,95.13999938964844,95.30999755859375,87.5849380493164,32281500,0.0,0.0,0.0
2024-10-17 00:00:00-04:00,94.29000091552734,94.44000244140625,93.66999816894531,93.80000305175781,86.19733428955078,43427200,0.0,0.0,0.0
2024-10-18 00:00:00-04:00,94.05000305175781,94.27999877929688,93.86000061035156,93.87000274658203,86.26167297363281,25258600,0.0,0.0,0.0
2024-10-21 00:00:00-04:00,93.0199966430664,93.08999633789062,92.2300033569336,92.2300033569336,84.7546157836914,49504700,0.0,0.0,0.0
2024-10-22 00:00:00-04:00,92.6500015258789,92.76000213623047,92.08999633789062,92.31999969482422,84.83729553222656,32096900,0.0,0.0,0.0
2024-10-23 00:00:00-04:00,91.83999633789062,92.37000274658203,91.66000366210938,92.06999969482422,84.60755920410156,33354200,0.0,0.0,0.0
2024-10-24 00:00:00-04:00,92.2300033569336,93.0,91.95999908447266,92.66000366210938,85.14973449707031,32507400,0.0,0.0,0.0
2024-10-25 00:00:00-04:00,92.98999786376953,93.04000091552734,92.0199966430664,92.13999938964844,84.67191314697266,28667100,0.0,0.0,0.0
2024-10-28 00:00:00-04:00,92.2699966430664,92.29000091552734,91.41999816894531,91.88999938964844,84.442138671875,33156500,0.0,0.0,0.0
2024-10-29 00:00:00-04:00,91.16999816894531,92.05999755859375,90.9800033569336,92.02999877929688,84.57080841064453,46545200,0.0,0.0,0.0
2024-10-30 00:00:00-04:00,92.83999633789062,93.29000091552734,92.16000366210938,92.30000305175781,84.81892395019531,41951100,0.0,0.0,0.0
2024-10-31 00:00:00-04:00,92.19999694824219,92.94000244140625,91.87000274658203,92.44999694824219,84.95675659179688,52173800,0.0,0.0,0.0
2024-11-01 00:00:00-04:00,92.26000213623047,92.5199966430664,90.80000305175781,90.83999633789062,83.7590103149414,80402000,0.311,0.0,0.0
2024-11-04 00:00:00-05:00,92.27999877929688,92.56999969482422,91.62999725341797,92.25,85.05912017822266,49747600,0.0,0.0,0.0
2024-11-05 00:00:00-05:00,92.02999877929688,92.9000015258789,91.5999984741211,92.73999786376953,85.51090240478516,46986000,0.0,0.0,0.0
2024-11-06 00:00:00-05:00,89.63999938964844,90.72000122070312,89.55000305175781,90.19999694824219,83.16890716552734,98895700,0.0,0.0,0.0
2024-11-07 00:00:00-05:00,90.75,91.62000274658203,90.6500015258789,91.33000183105469,84.2108154296875,56221400,0.0,0.0,0.0
2024-11-08 00:00:00-05:00,92.0,92.5999984741211,91.83999633789062,92.48999786376953,85.28040313720703,56756200,0.0,0.0,0.0
2024-11-11 00:00:00-05:00,92.25,92.30000305175781,91.62000274658203,92.04000091552734,84.865478515625,22369200,0.0,0.0,0.0
2024-11-12 00:00:00-05:00,91.37000274658203,91.8499984741211,90.51000213623047,90.66000366210938,83.59305572509766,57908400,0.0,0.0,0.0
2024-11-13 00:00:00-05:00,91.5199966430664,91.54000091552734,89.72000122070312,89.80000305175781,82.80008697509766,49009100,0.0,0.0,0.0
2024-11-14 00:00:00-05:00,90.55999755859375,91.02999877929688,90.2699966430664,90.31999969482422,83.279541015625,53328300,0.0,0.0,0.0
2024-11-15 00:00:00-05:00,89.91999816894531,90.6500015258789,89.51000213623047,90.08000183105469,83.05826568603516,73722400,0.0,0.0,0.0
2024-11-18 00:00:00-05:00,89.66000366210938,90.58999633789062,89.41999816894531,90.23999786376953,83.2057876586914,36010600,0.0,0.0,0.0
2024-11-19 00:00:00-05:00,90.81999969482422,91.06999969482422,90.62000274658203,90.69999694824219,83.62992858886719,29585100,0.0,0.0,0.0
2024-11-20 00:00:00-05:00,90.1500015258789,90.83000183105469,90.11000061035156,90.41000366210938,83.3625259399414,27755400,0.0,0.0,0.0
2024-11-21 00:00:00-05:00,90.44999694824219,90.8499984741211,90.0,90.33999633789062,83.29798126220703,28365700,0.0,0.0,0.0
2024-11-22 00:00:00-05:00,90.51000213623047,90.69999694824219,90.1500015258789,90.38999938964844,83.3440933227539,21547500,0.0,0.0,0.0
2024-11-25 00:00:00-05:00,92.19999694824219,92.77999877929688,91.98999786376953,92.7300033569336,85.5016860961914,56858000,0.0,0.0,0.0
2024-11-26 00:00:00-05:00,92.16000366210938,92.44000244140625,91.80999755859375,92.37000274658203,85.16976165771484,31122200,0.0,0.0,0.0
2024-11-27 00:00:00-05:00,93.04000091552734,93.37999725341797,92.66999816894531,93.01000213623047,85.75985717773438,39442200,0.0,0.0,0.0
2024-11-29 00:00:00-05:00,93.77999877929688,93.98999786376953,93.44000244140625,93.97000122070312,86.6450424194336,31905700,0.0,0.0,0.0
2024-12-02 00:00:00-05:00,93.2699966430664,94.1500015258789,93.0,93.87000274658203,86.85322570800781,39406000,0.325,0.0,0.0
2024-12-03 00:00:00-05:00,93.93000030517578,94.02999877929688,92.98999786376953,93.05999755859375,86.10376739501953,32768900,0.0,0.0,0.0
2024-12-04 00:00:00-05:00,92.61000061035156,94.19000244140625,92.54000091552734,94.05999755859375,87.02901458740234,35851100,0.0,0.0,0.0
2024-12-05 00:00:00-05:00,93.72000122070312,94.38999938964844,93.66000366210938,94.25,87.20479583740234,23695800,0.0,0.0,0.0
2024-12-06 00:00:00-05:00,94.72000122070312,94.8499984741211,94.0199966430664,94.38999938964844,87.33433532714844,31761500,0.0,0.0,0.0
2024-12-09 00:00:00-05:00,93.98999786376953,94.04000091552734,93.47000122070312,93.5199966430664,86.52937316894531,30509600,0.0,0.0,0.0
2024-12-10 00:00:00-05:00,93.0199966430664,93.30000305175781,92.91000366210938,93.08000183105469,86.12227630615234,28706500,0.0,0.0,0.0
2024-12-11 00:00:00-05:00,93.06999969482422,93.29000091552734,92.11000061035156,92.19999694824219,85.30803680419922,38748400,0.0,0.0,0.0
2024-12-12 00:00:00-05:00,91.63999938964844,91.75,91.0,91.08000183105469,84.27175903320312,45368400,0.0,0.0,0.0
2024-12-13 00:00:00-05:00,90.80000305175781,90.8499984741211,90.08000183105469,90.1500015258789,83.41130065917969,39486000,0.0,0.0,0.0
2024-12-16 00:00:00-05:00,90.55000305175781,90.62000274658203,90.05000305175781,90.41999816894531,83.66110229492188,23482300,0.0,0.0,0.0
2024-12-17 00:00:00-05:00,90.5199966430664,90.98999786376953,90.45999908447266,90.63999938964844,83.86466217041016,23839900,0.0,0.0,0.0
2024-12-18 00:00:00-05:00,89.97000122070312,90.37000274658203,89.13999938964844,89.16000366210938,82.81599426269531,61328400,0.351,0.0,0.0
2024-12-19 00:00:00-05:00,88.06999969482422,88.38999938964844,87.51000213623047,87.80999755859375,81.56204986572266,99083300,0.0,0.0,0.0
2024-12-20 00:00:00-05:00,88.52999877929688,88.91000366210938,88.29000091552734,88.30999755859375,82.0264663696289,45542400,0.0,0.0,0.0
2024-12-23 00:00:00-05:00,88.16000366210938,88.2300033569336,87.44000244140625,87.5,81.27410888671875,32764600,0.0,0.0,0.0
2024-12-24 00:00:00-05:00,87.04000091552734,87.88999938964844,86.9800033569336,87.87000274658203,81.61776733398438,22377600,0.0,0.0,0.0
2024-12-26 00:00:00-05:00,87.20999908447266,87.95999908447266,87.19999694824219,87.81999969482422,81.57132720947266,19981800,0.0,0.0,0.0
2024-12-27 00:00:00-05:00,87.4800033569336,87.77999877929688,87.05999755859375,87.0999984741211,80.90258026123047,27262300,0.0,0.0,0.0
2024-12-30 00:00:00-05:00,87.83000183105469,88.04000091552734,87.66999816894531,87.80000305175781,81.55277252197266,48519600,0.0,0.0,0.0
2024-12-31 00:00:00-05:00,88.12999725341797,88.27999877929688,87.26000213623047,87.33000183105469,81.1162109375,31917300,0.0,0.0,0.0
2025-01-02 00:00:00-05:00,87.80000305175781,88.12000274658203,87.20999908447266,87.56999969482422,81.33912658691406,27841300,0.0,0.0,0.0
2025-01-03 00:00:00-05:00,87.72000122070312,87.87999725341797,87.18000030517578,87.29000091552734,81.07903289794922,21962200,0.0,0.0,0.0
2025-01-06 00:00:00-05:00,87.05000305175781,87.2300033569336,86.66999816894531,86.9000015258789,80.71680450439453,30231500,0.0,0.0,0.0
2025-01-07 00:00:00-05:00,86.5999984741211,86.7699966430664,85.79000091552734,85.91999816894531,79.80652618408203,41757200,0.0,0.0,0.0
2025-01-08 00:00:00-05:00,85.47000122070312,86.19999694824219,85.33999633789062,86.02999877929688,79.90869140625,44590800,0.0,0.0,0.0
2025-01-10 00:00:00-05:00,85.27999877929688,85.8499984741211,85.16000366210938,85.45999908447266,79.37925720214844,47115800,0.0,0.0,0.0
2025-01-13 00:00:00-05:00,85.52999877929688,85.66000366210938,85.04000091552734,85.43000030517578,79.35138702392578,33258900,0.0,0.0,0.0
2025-01-14 00:00:00-05:00,85.2300033569336,85.36000061035156,84.88999938964844,85.29000091552734,79.22137451171875,33412900,0.0,0.0,0.0
2025-01-15 00:00:00-05:00,86.69999694824219,86.9800033569336,86.4000015258789,86.76000213623047,80.58674621582031,54120700,0.0,0.0,0.0
2025-01-16 00:00:00-05:00,86.63999938964844,87.4000015258789,86.27999877929688,87.04000091552734,80.84683990478516,34651100,0.0,0.0,0.0
2025-01-17 00:00:00-05:00,87.43000030517578,87.4800033569336,87.04000091552734,87.19000244140625,80.98616027832031,29875600,0.0,0.0,0.0
2025-01-21 00:00:00-05:00,87.88999938964844,88.16999816894531,87.62999725341797,87.97000122070312,81.71068572998047,30548600,0.0,0.0,0.0
2025-01-22 00:00:00-05:00,87.87000274658203,87.9800033569336,87.31999969482422,87.51000213623047,81.28340148925781,25278400,0.0,0.0,0.0
2025-01-23 00:00:00-05:00,86.63999938964844,86.98999786376953,86.52999877929688,86.83000183105469,80.6517562866211,31949000,0.0,0.0,0.0
2025-01-24 00:00:00-05:00,86.72000122070312,87.27999877929688,86.5999984741211,87.22000122070312,81.01400756835938,21110400,0.0,0.0,0.0
2025-01-27 00:00:00-05:00,88.16000366210938,88.43000030517578,87.8499984741211,88.25,81.9707260131836,42864200,0.0,0.0,0.0
2025-01-28 00:00:00-05:00,87.83999633789062,88.19999694824219,87.66000366210938,88.19000244140625,81.91502380371094,25519100,0.0,0.0,0.0
2025-01-29 00:00:00-05:00,88.43000030517578,88.62000274658203,87.62999725341797,88.01000213623047,81.74784088134766,25342800,0.0,0.0,0.0
2025-01-30 00:00:00-05:00,88.41000366210938,88.70999908447266,88.16999816894531,88.33999633789062,82.05433654785156,25094900,0.0,0.0,0.0
2025-01-31 00:00:00-05:00,88.37999725341797,88.66000366210938,87.43000030517578,87.76000213623047,81.515625,48790100,0.0,0.0,0.0
2025-02-03 00:00:00-05:00,88.58000183105469,89.0999984741211,87.80000305175781,88.16000366210938,82.17930603027344,70657200,0.312,0.0,0.0
2025-02-04 00:00:00-05:00,87.55000305175781,88.44999694824219,87.4800033569336,88.43000030517578,82.43098449707031,33414000,0.0,0.0,0.0
2025-02-05 00:00:00-05:00,89.44999694824219,90.18000030517578,89.38999938964844,89.88999938964844,83.79193115234375,48331200,0.0,0.0,0.0
2025-02-06 00:00:00-05:00,89.86000061035156,90.1500015258789,89.55000305175781,89.8499984741211,83.7546615600586,22509900,0.0,0.0,0.0
2025-02-07 00:00:00-05:00,89.23999786376953,89.44999694824219,88.94000244140625,89.2699966430664,83.2140121459961,31171200,0.0,0.0,0.0
2025-02-10 00:00:00-05:00,89.26000213623047,89.52999877929688,88.8499984741211,89.0,82.96232604980469,22736100,0.0,0.0,0.0
2025-02-11 00:00:00-05:00,88.52999877929688,88.68000030517578,88.37999725341797,88.43000030517578,82.43098449707031,21513000,0.0,0.0,0.0
2025-02-12 00:00:00-05:00,87.29000091552734,87.5999984741211,86.86000061035156,87.2300033569336,81.31239318847656,48536200,0.0,0.0,0.0
2025-02-13 00:00:00-05:00,88.08999633789062,88.88999938964844,88.06999969482422,88.68000030517578,82.66402435302734,42718100,0.0,0.0,0.0
2025-02-14 00:00:00-05:00,89.37999725341797,89.68000030517578,89.12000274658203,89.1500015258789,83.10214233398438,27460700,0.0,0.0,0.0
2025-02-18 00:00:00-05:00,88.54000091552734,88.83999633789062,88.04000091552734,88.0999984741211,82.12337493896484,29429200,0.0,0.0,0.0
2025-02-19 00:00:00-05:00,87.94999694824219,88.44999694824219,87.88999938964844,88.20999908447266,82.22591400146484,20584300,0.0,0.0,0.0
2025-02-20 00:00:00-05:00,88.44999694824219,88.76000213623047,88.44999694824219,88.54000091552734,82.53351593017578,27913400,0.0,0.0,0.0
2025-02-21 00:00:00-05:00,88.87000274658203,89.93000030517578,88.81999969482422,89.61000061035156,83.53094482421875,46912300,0.0,0.0,0.0
2025-02-24 00:00:00-05:00,89.33000183105469,90.05999755859375,89.26000213623047,89.87000274658203,83.7732925415039,26218000,0.0,0.0,0.0
2025-02-25 00:00:00-05:00,90.97000122070312,91.5,90.80000305175781,91.41999816894531,85.21815490722656,50125100,0.0,0.0,0.0
2025-02-26 00:00:00-05:00,91.41999816894531,92.05999755859375,91.19999694824219,91.95999908447266,85.72151947021484,32220200,0.0,0.0,0.0
2025-02-27 00:00:00-05:00,91.30999755859375,91.79000091552734,91.13999938964844,91.30999755859375,85.1156005859375,53373600,0.0,0.0,0.0
2025-02-28 00:00:00-05:00,91.8499984741211,92.4800033569336,91.47000122070312,92.43000030517578,86.15963745117188,49388600,0.0,0.0,0.0
2025-03-03 00:00:00-05:00,91.41000366210938,92.70999908447266,91.37000274658203,92.56999969482422,86.56172180175781,42904200,0.29,0.0,0.0
2025-03-04 00:00:00-05:00,92.44000244140625,92.79000091552734,91.2699966430664,91.43000030517578,85.49571990966797,56722000,0.0,0.0,0.0
2025-03-05 00:00:00-05:00,91.55999755859375,91.80000305175781,90.61000061035156,90.69999694824219,84.81310272216797,50215900,0.0,0.0,0.0
2025-03-06 00:00:00-05:00,90.4800033569336,90.80000305175781,89.7300033569336,90.4000015258789,84.5325698852539,42827500,0.0,0.0,0.0
2025-03-07 00:00:00-05:00,91.13999938964844,91.16000366210938,89.98999786376953,90.11000061035156,84.26139068603516,36903600,0.0,0.0,0.0
2025-03-10 00:00:00-04:00,91.08000183105469,91.62999725341797,90.91000366210938,91.05000305175781,85.14038848876953,41440800,0.0,0.0,0.0
2025-03-11 00:00:00-04:00,90.97000122070312,91.48999786376953,90.13999938964844,90.4000015258789,84.5325698852539,40555700,0.0,0.0,0.0
2025-03-12 00:00:00-04:00,90.0,90.37999725341797,89.77999877929688,89.86000061035156,84.02761840820312,32734600,0.0,0.0,0.0
2025-03-13 00:00:00-04:00,89.58000183105469,90.70999908447266,89.37999725341797,90.6500015258789,84.76634979248047,38675400,0.0,0.0,0.0
2025-03-14 00:00:00-04:00,90.01000213623047,90.41000366210938,89.86000061035156,90.16999816894531,84.3175048828125,24658000,0.0,0.0,0.0
2025-03-17 00:00:00-04:00,90.80000305175781,91.18000030517578,90.37999725341797,90.62000274658203,84.73829650878906,26700300,0.0,0.0,0.0
2025-03-18 00:00:00-04:00,90.13999938964844,91.0199966430664,90.12000274658203,90.70999908447266,84.82244110107422,23654700,0.0,0.0,0.0
2025-03-19 00:00:00-04:00,90.68000030517578,91.22000122070312,90.37999725341797,91.18000030517578,85.26194763183594,31378700,0.0,0.0,0.0
2025-03-20 00:00:00-04:00,92.19999694824219,92.23999786376953,91.16000366210938,91.23999786376953,85.31802368164062,35645800,0.0,0.0,0.0
2025-03-21 00:00:00-04:00,91.33000183105469,91.44000244140625,90.62000274658203,90.69999694824219,84.81310272216797,29192100,0.0,0.0,0.0
2025-03-24 00:00:00-04:00,90.19999694824219,90.26000213623047,89.69999694824219,89.7699966430664,83.94347381591797,27985600,0.0,0.0,0.0
2025-03-25 00:00:00-04:00,89.56999969482422,90.08000183105469,89.51000213623047,89.76000213623047,83.9341049194336,22333800,0.0,0.0,0.0
2025-03-26 00:00:00-04:00,89.38999938964844,89.5999984741211,89.08999633789062,89.16999816894531,83.38238525390625,25095600,0.0,0.0,0.0
2025-03-27 00:00:00-04:00,88.8499984741211,89.02999877929688,88.62999725341797,88.91000366210938,83.13928985595703,23674500,0.0,0.0,0.0
2025-03-28 00:00:00-04:00,89.87999725341797,90.33999633789062,89.80999755859375,90.13999938964844,84.28945922851562,39869400,0.0,0.0,0.0
2025-03-31 00:00:00-04:00,91.2300033569336,91.33999633789062,90.36000061035156,91.02999877929688,85.1216812133789,38824300,0.0,0.0,0.0
2025-04-01 00:00:00-04:00,91.25,91.91000366210938,91.20999908447266,91.48999786376953,85.85929870605469,39800100,0.326,0.0,0.0
2025-04-02 00:00:00-04:00,92.37000274658203,92.37000274658203,90.66000366210938,91.43000030517578,85.8030014038086,43488400,0.0,0.0,0.0
2025-04-03 00:00:00-04:00,92.5199966430664,92.7300033569336,91.83999633789062,91.8499984741211,86.19715118408203,57467400,0.0,0.0,0.0
2025-04-04 00:00:00-04:00,93.6500015258789,94.08999633789062,92.81999969482422,92.8499984741211,87.13561248779297,92794200,0.0,0.0,0.0
2025-04-07 00:00:00-04:00,91.87999725341797,92.19000244140625,89.80000305175781,90.05000305175781,84.50794219970703,124987600,0.0,0.0,0.0
2025-04-08 00:00:00-04:00,89.27999877929688,90.19999694824219,88.22000122070312,88.3499984741211,82.91255187988281,73861900,0.0,0.0,0.0
2025-04-09 00:00:00-04:00,87.2699966430664,88.91000366210938,85.88999938964844,88.87000274658203,83.40055847167969,131353500,0.0,0.0,0.0
2025-04-10 00:00:00-04:00,87.73999786376953,88.18000030517578,86.3499984741211,86.41999816894531,81.10133361816406,78592000,0.0,0.0,0.0
2025-04-11 00:00:00-04:00,85.87000274658203,87.30000305175781,85.0,86.88999938964844,81.54242706298828,94814100,0.0,0.0,0.0
2025-04-14 00:00:00-04:00,87.4000015258789,87.70999908447266,86.81999969482422,87.51000213623047,82.12425231933594,37596400,0.0,0.0,0.0
2025-04-15 00:00:00-04:00,87.1500015258789,88.19000244140625,87.04000091552734,87.81999969482422,82.41517639160156,22553900,0.0,0.0,0.0
2025-04-16 00:00:00-04:00,87.80000305175781,88.5,87.47000122070312,88.30999755859375,82.8750228881836,35607300,0.0,0.0,0.0
2025-04-17 00:00:00-04:00,88.04000091552734,88.19999694824219,87.2300033569336,87.52999877929688,82.14302062988281,31758400,0.0,0.0,0.0
2025-04-21 00:00:00-04:00,86.5999984741211,87.06999969482422,85.9800033569336,86.0,80.70718383789062,39343200,0.0,0.0,0.0
2025-04-22 00:00:00-04:00,86.81999969482422,87.0199966430664,86.4000015258789,86.4800033569336,81.15766143798828,32552100,0.0,0.0,0.0
2025-04-23 00:00:00-04:00,88.87999725341797,89.05999755859375,87.16999816894531,87.31999969482422,81.94595336914062,44082200,0.0,0.0,0.0
2025-04-24 00:00:00-04:00,88.02999877929688,88.3499984741211,87.76000213623047,88.23999786376953,82.80931854248047,24190800,0.0,0.0,0.0
2025-04-25 00:00:00-04:00,88.9000015258789,89.11000061035156,88.5999984741211,88.88999938964844,83.4193115234375,22513900,0.0,0.0,0.0
2025-04-28 00:00:00-04:00,88.66000366210938,89.52999877929688,88.61000061035156,89.44999694824219,83.94485473632812,20130500,0.0,0.0,0.0
2025-04-29 00:00:00-04:00,89.31999969482422,90.20999908447266,89.30000305175781,90.19999694824219,84.64868927001953,22129500,0.0,0.0,0.0
2025-04-30 00:00:00-04:00,89.77999877929688,90.05000305175781,89.33000183105469,89.47000122070312,83.96363067626953,42630600,0.0,0.0,0.0
2025-05-01 00:00:00-04:00,89.26000213623047,89.27999877929688,88.30000305175781,88.69000244140625,83.53788757324219,29932800,0.328,0.0,0.0
2025-05-02 00:00:00-04:00,87.70999908447266,88.06999969482422,87.54000091552734,87.7300033569336,82.63365936279297,32090400,0.0,0.0,0.0
2025-05-05 00:00:00-04:00,87.3499984741211,87.41000366210938,86.83000183105469,87.23999786376953,82.17211151123047,22862800,0.0,0.0,0.0
2025-05-06 00:00:00-04:00,86.80000305175781,87.52999877929688,86.63999938964844,87.52999877929688,82.44526672363281,21095200,0.0,0.0,0.0
2025-05-07 00:00:00-04:00,87.91999816894531,88.20999908447266,87.81999969482422,87.9000015258789,82.79377746582031,23161600,0.0,0.0,0.0
2025-05-08 00:00:00-04:00,88.0199966430664,88.05999755859375,86.88999938964844,86.91999816894531,81.8707046508789,25483700,0.0,0.0,0.0
2025-05-09 00:00:00-04:00,87.0,87.30999755859375,86.91999816894531,87.05000305175781,81.9931640625,17007900,0.0,0.0,0.0
2025-05-12 00:00:00-04:00,86.37999725341797,86.77999877929688,86.19000244140625,86.23999786376953,81.23020935058594,32115000,0.0,0.0,0.0
2025-05-13 00:00:00-04:00,86.12999725341797,86.29000091552734,85.5,85.88999938964844,80.90052795410156,53912200,0.0,0.0,0.0
2025-05-14 00:00:00-04:00,85.75,85.87000274658203,85.19999694824219,85.31999969482422,80.3636703491211,42119800,0.0,0.0,0.0
2025-05-15 00:00:00-04:00,85.62999725341797,86.31999969482422,85.4800033569336,86.06999969482422,81.0700912475586,59448000,0.0,0.0,0.0
2025-05-16 00:00:00-04:00,86.87000274658203,86.88999938964844,86.19999694824219,86.30000305175781,81.2867202758789,31778200,0.0,0.0,0.0
2025-05-19 00:00:00-04:00,84.91000366210938,86.12000274658203,84.83000183105469,86.05000305175781,81.05126953125,49361900,0.0,0.0,0.0
2025-05-20 00:00:00-04:00,85.43000030517578,85.5999984741211,85.05999755859375,85.43000030517578,80.46724700927734,35493100,0.0,0.0,0.0
2025-05-21 00:00:00-04:00,84.68000030517578,85.05999755859375,83.76000213623047,83.97000122070312,79.09207153320312,77053100,0.0,0.0,0.0
2025-05-22 00:00:00-04:00,83.5199966430664,84.43000030517578,83.30000305175781,84.41000366210938,79.50652313232422,61747900,0.0,0.0,0.0
2025-05-23 00:00:00-04:00,84.7699966430664,84.81999969482422,84.30999755859375,84.55000305175781,79.63838958740234,47139200,0.0,0.0,0.0
2025-05-27 00:00:00-04:00,85.3499984741211,86.02999877929688,85.1500015258789,85.7300033569336,80.74983215332031,56773400,0.0,0.0,0.0
2025-05-28 00:00:00-04:00,85.41000366210938,85.54000091552734,84.97000122070312,85.36000061035156,80.40132904052734,34806800,0.0,0.0,0.0
2025-05-29 00:00:00-04:00,85.7699966430664,86.26000213623047,85.63999938964844,86.1500015258789,81.14543914794922,38933200,0.0,0.0,0.0
2025-05-30 00:00:00-04:00,86.08999633789062,86.47000122070312,85.87999725341797,86.27999877929688,81.26787567138672,49042100,0.0,0.0,0.0
2025-06-02 00:00:00-04:00,85.29000091552734,85.47000122070312,84.79000091552734,85.16000366210938,80.51155853271484,46213100,0.32,0.0,0.0
2025-06-03 00:00:00-04:00,85.44000244140625,85.73999786376953,84.88999938964844,85.01000213623047,80.3697280883789,33731300,0.0,0.0,0.0
2025-06-04 00:00:00-04:00,85.79000091552734,86.6500015258789,85.6500015258789,86.38999938964844,81.67440032958984,57441500,0.0,0.0,0.0
2025-06-05 00:00:00-04:00,86.68000030517578,86.93000030517578,86.22000122070312,86.44999694824219,81.73111724853516,37664700,0.0,0.0,0.0
2025-06-06 00:00:00-04:00,85.79000091552734,85.93000030517578,85.27999877929688,85.3499984741211,80.69117736816406,38130100,0.0,0.0,0.0
2025-06-09 00:00:00-04:00,85.04000091552734,85.63999938964844,85.04000091552734,85.44000244140625,80.77626037597656,26560800,0.0,0.0,0.0
2025-06-10 00:00:00-04:00,86.0999984741211,86.18000030517578,85.5199966430664,85.87999725341797,81.19224548339844,24857000,0.0,0.0,0.0
2025-06-11 00:00:00-04:00,85.80999755859375,86.4000015258789,85.70999908447266,86.13999938964844,81.43806457519531,36334800,0.0,0.0,0.0
2025-06-12 00:00:00-04:00,86.88999938964844,87.19999694824219,86.5999984741211,87.16999816894531,82.41183471679688,43017800,0.0,0.0,0.0
2025-06-13 00:00:00-04:00,86.7300033569336,86.87999725341797,85.77999877929688,86.33000183105469,81.61768341064453,49374000,0.0,0.0,0.0
2025-06-16 00:00:00-04:00,86.08000183105469,86.43000030517578,85.45999908447266,85.45999908447266,80.79517364501953,36496600,0.0,0.0,0.0
2025-06-17 00:00:00-04:00,86.0,86.66000366210938,85.75,86.5,81.7784194946289,34521600,0.0,0.0,0.0
2025-06-18 00:00:00-04:00,86.87999725341797,87.08999633789062,86.3499984741211,86.6500015258789,81.92021942138672,38589000,0.0,0.0,0.0
2025-06-20 00:00:00-04:00,86.13999938964844,86.79000091552734,85.94999694824219,86.48999786376953,81.76895141601562,26001900,0.0,0.0,0.0
2025-06-23 00:00:00-04:00,86.93000030517578,87.44000244140625,86.7699966430664,86.7699966430664,82.03366088867188,36851800,0.0,0.0,0.0
2025-06-24 00:00:00-04:00,86.47000122070312,87.58999633789062,86.43000030517578,87.4000015258789,82.6292724609375,32959100,0.0,0.0,0.0
2025-06-25 00:00:00-04:00,87.11000061035156,87.51000213623047,86.80000305175781,87.51000213623047,82.7332763671875,26345300,0.0,0.0,0.0
2025-06-26 00:00:00-04:00,87.58999633789062,87.94999694824219,87.19999694824219,87.94999694824219,83.14926147460938,30467500,0.0,0.0,0.0
2025-06-27 00:00:00-04:00,87.56999969482422,88.16000366210938,87.23999786376953,87.38999938964844,82.61981964111328,74993500,0.0,0.0,0.0
2025-06-30 00:00:00-04:00,87.86000061035156,88.44000244140625,87.61000061035156,88.25,83.43287658691406,53695200,0.0,0.0,0.0
2025-07-01 00:00:00-04:00,88.12999725341797,88.30999755859375,87.66000366210938,88.13999938964844,83.6397476196289,38960600,0.328,0.0,0.0
2025-07-02 00:00:00-04:00,87.19000244140625,87.58999633789062,87.0999984741211,87.58000183105469,83.10836791992188,39382200,0.0,0.0,0.0
2025-07-03 00:00:00-04:00,87.16999816894531,87.29000091552734,86.8499984741211,86.97000122070312,82.52949523925781,26729100,0.0,0.0,0.0
2025-07-07 00:00:00-04:00,86.54000091552734,86.55999755859375,85.91999816894531,86.13999938964844,81.74187469482422,38314700,0.0,0.0,0.0
2025-07-08 00:00:00-04:00,85.56999969482422,86.04000091552734,85.44000244140625,86.02999877929688,81.6374740600586,31407000,0.0,0.0,0.0
2025-07-09 00:00:00-04:00,86.19000244140625,86.93000030517578,86.18000030517578,86.93000030517578,82.49153900146484,29821900,0.0,0.0,0.0
2025-07-10 00:00:00-04:00,86.83000183105469,87.05999755859375,86.48999786376953,86.98999786376953,82.54847717285156,24525500,0.0,0.0,0.0
2025-07-11 00:00:00-04:00,86.2300033569336,86.2699966430664,85.63999938964844,85.79000091552734,81.40973663330078,40764800,0.0,0.0,0.0
2025-07-14 00:00:00-04:00,85.54000091552734,85.87999725341797,85.31999969482422,85.61000061035156,81.23892211914062,24609500,0.0,0.0,0.0
2025-07-15 00:00:00-04:00,85.88999938964844,85.91000366210938,84.9000015258789,85.01000213623047,80.6695556640625,40455000,0.0,0.0,0.0
2025-07-16 00:00:00-04:00,85.27999877929688,85.66000366210938,84.19000244140625,85.12999725341797,80.78343200683594,65987700,0.0,0.0,0.0
2025-07-17 00:00:00-04:00,85.22000122070312,85.48999786376953,84.98999786376953,85.11000061035156,80.76445770263672,31875500,0.0,0.0,0.0
2025-07-18 00:00:00-04:00,85.43000030517578,85.45999908447266,85.0999984741211,85.23999786376953,80.88782501220703,27534900,0.0,0.0,0.0
2025-07-21 00:00:00-04:00,86.22000122070312,86.51000213623047,85.95999908447266,86.0,81.6090087890625,40019500,0.0,0.0,0.0
2025-07-22 00:00:00-04:00,86.16999816894531,86.7699966430664,86.11000061035156,86.5199966430664,82.10246276855469,35190300,0.0,0.0,0.0
2025-07-23 00:00:00-04:00,86.05000305175781,86.19999694824219,85.79000091552734,86.04000091552734,81.64698028564453,31008500,0.0,0.0,0.0
2025-07-24 00:00:00-04:00,85.55000305175781,86.23999786376953,85.51000213623047,85.88999938964844,81.50462341308594,25164800,0.0,0.0,0.0
2025-07-25 00:00:00-04:00,85.80000305175781,86.44000244140625,85.72000122070312,86.43000030517578,82.01705932617188,27196200,0.0,0.0,0.0
2025-07-28 00:00:00-04:00,85.98999786376953,86.19999694824219,85.83000183105469,85.87000274658203,81.48565673828125,26812500,0.0,0.0,0.0
2025-07-29 00:00:00-04:00,86.2300033569336,87.33999633789062,86.19999694824219,87.31999969482422,82.86162567138672,47828300,0.0,0.0,0.0
2025-07-30 00:00:00-04:00,86.7699966430664,86.95999908447266,86.55999755859375,86.87000274658203,82.4345932006836,40670900,0.0,0.0,0.0
2025-07-31 00:00:00-04:00,87.12999725341797,87.41000366210938,86.83999633789062,86.91999816894531,82.48204040527344,49814100,0.0,0.0,0.0
2025-08-01 00:00:00-04:00,87.55999755859375,87.93000030517578,87.5199966430664,87.81999969482422,83.65464782714844,63434500,0.331,0.0,0.0
2025-08-04 00:00:00-04:00,87.95999908447266,88.1500015258789,87.6500015258789,88.05999755859375,83.88326263427734,36425200,0.0,0.0,0.0
2025-08-05 00:00:00-04:00,87.8499984741211,88.44999694824219,87.77999877929688,88.33000183105469,84.14045715332031,28586100,0.0,0.0,0.0
2025-08-06 00:00:00-04:00,87.83999633789062,88.05000305175781,86.91999816894531,87.81999969482422,83.65464782714844,42589300,0.0,0.0,0.0
2025-08-07 00:00:00-04:00,87.91999816894531,88.25,87.58999633789062,87.66999816894531,83.51176452636719,29213100,0.0,0.0,0.0
2025-08-08 00:00:00-04:00,87.36000061035156,87.38999938964844,87.1500015258789,87.29000091552734,83.14979553222656,21596300,0.0,0.0,0.0
2025-08-11 00:00:00-04:00,87.54000091552734,87.66999816894531,87.27999877929688,87.38999938964844,83.24504089355469,20100900,0.0,0.0,0.0
2025-08-12 00:00:00-04:00,86.9000015258789,86.97000122070312,86.55000305175781,86.94999694824219,82.82591247558594,41052300,0.0,0.0,0.0
2025-08-13 00:00:00-04:00,87.44000244140625,87.80999755859375,87.43000030517578,87.66999816894531,83.51176452636719,30817500,0.0,0.0,0.0
2025-08-14 00:00:00-04:00,87.51000213623047,87.51000213623047,86.88999938964844,87.0199966430664,82.89259338378906,33397400,0.0,0.0,0.0
2025-08-15 00:00:00-04:00,86.66000366210938,86.77999877929688,86.25,86.4000015258789,82.30201721191406,36343600,0.0,0.0,0.0
2025-08-18 00:00:00-04:00,86.5,86.54000091552734,85.98999786376953,86.1500015258789,82.06385040283203,26777500,0.0,0.0,0.0
2025-08-19 00:00:00-04:00,86.44999694824219,86.75,86.44999694824219,86.6500015258789,82.54015350341797,28780600,0.0,0.0,0.0
2025-08-20 00:00:00-04:00,86.58999633789062,86.97000122070312,86.55999755859375,86.83999633789062,82.72112274169922,25912500,0.0,0.0,0.0
2025-08-21 00:00:00-04:00,86.55999755859375,86.68000030517578,86.11000061035156,86.41000366210938,82.3115234375,28643900,0.0,0.0,0.0
2025-08-22 00:00:00-04:00,86.83000183105469,87.30000305175781,86.72000122070312,87.05000305175781,82.92118835449219,49871900,0.0,0.0,0.0
2025-08-25 00:00:00-04:00,86.7300033569336,87.05000305175781,86.6500015258789,86.80000305175781,82.68303680419922,27011900,0.0,0.0,0.0
2025-08-26 00:00:00-04:00,86.51000213623047,86.79000091552734,86.22000122070312,86.75,82.63541412353516,30259300,0.0,0.0,0.0
2025-08-27 00:00:00-04:00,86.11000061035156,86.66000366210938,86.0,86.6500015258789,82.54015350341797,38142800,0.0,0.0,0.0
2025-08-28 00:00:00-04:00,86.77999877929688,87.26000213623047,86.66000366210938,87.22000122070312,83.08311462402344,32205900,0.0,0.0,0.0
2025-08-29 00:00:00-04:00,86.76000213623047,86.86000061035156,86.44000244140625,86.5999984741211,82.49250793457031,41686400,0.0,0.0,0.0
2025-09-02 00:00:00-04:00,85.62999725341797,85.83999633789062,85.4800033569336,85.62999725341797,81.8786392211914,48760600,0.328,0.0,0.0
2025-09-03 00:00:00-04:00,85.93000030517578,86.80999755859375,85.88999938964844,86.56999969482422,82.77747344970703,52499500,0.0,0.0,0.0
2025-09-04 00:00:00-04:00,87.0199966430664,87.23999786376953,86.58000183105469,87.2300033569336,83.40855407714844,40501600,0.0,0.0,0.0
2025-09-05 00:00:00-04:00,88.22000122070312,88.61000061035156,88.13999938964844,88.55999755859375,84.68028259277344,69668000,0.0,0.0,0.0
2025-09-08 00:00:00-04:00,89.16999816894531,89.76000213623047,89.12000274658203,89.73999786376953,85.8085708618164,54538700,0.0,0.0,0.0
2025-09-09 00:00:00-04:00,89.4000015258789,89.55000305175781,88.98999786376953,89.2300033569336,85.32093048095703,37126400,0.0,0.0,0.0
2025-09-10 00:00:00-04:00,89.4000015258789,90.06999969482422,89.19000244140625,89.73999786376953,85.8085708618164,40713600,0.0,0.0,0.0
2025-09-11 00:00:00-04:00,89.91000366210938,90.4800033569336,89.9000015258789,90.33999633789062,86.38228607177734,46694400,0.0,0.0,0.0
2025-09-12 00:00:00-04:00,89.83000183105469,89.9800033569336,89.48999786376953,89.94999694824219,86.00939178466797,32968600,0.0,0.0,0.0
2025-09-15 00:00:00-04:00,90.1500015258789,90.45999908447266,90.06999969482422,90.16000366210938,86.21018981933594,24820100,0.0,0.0,0.0
2025-09-16 00:00:00-04:00,90.08999633789062,90.5,90.04000091552734,90.3499984741211,86.39186096191406,26794200,0.0,0.0,0.0
2025-09-17 00:00:00-04:00,90.70999908447266,91.04000091552734,89.87000274658203,90.12000274658203,86.17193603515625,49121800,0.0,0.0,0.0
2025-09-18 00:00:00-04:00,89.26000213623047,89.47000122070312,88.9000015258789,89.19000244140625,85.28268432617188,55717900,0.0,0.0,0.0
2025-09-19 00:00:00-04:00,89.06999969482422,89.2300033569336,88.79000091552734,89.0199966430664,85.12013244628906,32509200,0.0,0.0,0.0
2025-09-22 00:00:00-04:00,88.81999969482422,88.91000366210938,88.54000091552734,88.69999694824219,84.81414794921875,24758200,0.0,0.0,0.0
2025-09-23 00:00:00-04:00,88.97000122070312,89.36000061035156,88.75,89.31999969482422,85.406982421875,26689000,0.0,0.0,0.0
2025-09-24 00:00:00-04:00,89.08000183105469,89.16000366210938,88.69999694824219,88.9800033569336,85.0818862915039,28098000,0.0,0.0,0.0
2025-09-25 00:00:00-04:00,88.8499984741211,89.02999877929688,88.45999908447266,88.9800033569336,85.0818862915039,29882500,0.0,0.0,0.0
2025-09-26 00:00:00-04:00,88.98999786376953,89.47000122070312,88.69000244140625,88.9000015258789,85.0053939819336,30955100,0.0,0.0,0.0
2025-09-29 00:00:00-04:00,89.29000091552734,89.73999786376953,89.26000213623047,89.62999725341797,85.70340728759766,32286200,0.0,0.0,0.0
2025-09-30 00:00:00-04:00,89.66000366210938,90.04000091552734,89.20999908447266,89.37000274658203,85.45480346679688,38584000,0.0,0.0,0.0
2025-10-01 00:00:00-04:00,89.44999694824219,89.63999938964844,89.08999633789062,89.29000091552734,85.67549133300781,39408900,0.31,0.0,0.0
2025-10-02 00:00:00-04:00,89.30999755859375,89.69000244140625,89.19000244140625,89.55000305175781,85.92497253417969,23208300,0.0,0.0,0.0
2025-10-03 00:00:00-04:00,89.62999725341797,89.72000122070312,89.2699966430664,89.37999725341797,85.7618408203125,25884500,0.0,0.0,0.0
2025-10-06 00:00:00-04:00,88.70999908447266,89.16000366210938,88.6500015258789,88.66999816894531,85.08058166503906,28371000,0.0,0.0,0.0
2025-10-07 00:00:00-04:00,88.97000122070312,89.37999725341797,88.80999755859375,89.18000030517578,85.5699462890625,29103300,0.0,0.0,0.0
2025-10-08 00:00:00-04:00,89.5999984741211,89.62000274658203,89.12999725341797,89.25,85.63711547851562,22506200,0.0,0.0,0.0
2025-10-09 00:00:00-04:00,89.16999816894531,89.29000091552734,89.01000213623047,89.18000030517578,85.5699462890625,21578700,0.0,0.0,0.0
2025-10-10 00:00:00-04:00,89.9800033569336,90.72000122070312,89.9000015258789,90.62000274658203,86.95166015625,59389400,0.0,0.0,0.0
2025-10-13 00:00:00-04:00,90.27999877929688,90.58000183105469,89.86000061035156,90.56999969482422,86.90367126464844,28035500,0.0,0.0,0.0
2025-10-14 00:00:00-04:00,90.6500015258789,90.91999816894531,90.43000030517578,90.86000061035156,87.18192291259766,29800000,0.0,0.0,0.0
2025-10-15 00:00:00-04:00,90.95999908447266,91.30000305175781,90.47000122070312,90.66000366210938,86.99004364013672,31333900,0.0,0.0,0.0
2025-10-16 00:00:00-04:00,90.5199966430664,91.5,90.44999694824219,91.33999633789062,87.64250946044922,39631200,0.0,0.0,0.0
2025-10-17 00:00:00-04:00,91.25,91.29000091552734,90.9000015258789,91.19999694824219,87.50814819335938,40240400,0.0,0.0,0.0
2025-10-20 00:00:00-04:00,91.45999908447266,91.55999755859375,91.27999877929688,91.55000305175781,87.84400939941406,28429300,0.0,0.0,0.0
2025-10-21 00:00:00-04:00,91.98999786376953,92.19000244140625,91.91000366210938,92.0,88.27578735351562,24514300,0.0,0.0,0.0
2025-10-22 00:00:00-04:00,91.98999786376953,92.18000030517578,91.81999969482422,92.05999755859375,88.33335876464844,30496200,0.0,0.0,0.0
2025-10-23 00:00:00-04:00,91.61000061035156,91.79000091552734,91.29000091552734,91.43000030517578,87.72886657714844,28275100,0.0,0.0,0.0
2025-10-24 00:00:00-04:00,91.58999633789062,91.5999984741211,91.16000366210938,91.47000122070312,87.76725769042969,28266000,0.0,0.0,0.0
2025-10-27 00:00:00-04:00,91.31999969482422,91.79000091552734,91.08999633789062,91.77999877929688,88.064697265625,30033600,0.0,0.0,0.0
2025-10-28 00:00:00-04:00,91.8499984741211,92.18000030517578,91.80999755859375,92.0199966430664,88.29497528076172,23564500,0.0,0.0,0.0
2025-10-29 00:00:00-04:00,91.87999725341797,91.88999938964844,91.0199966430664,91.08999633789062,87.4026107788086,39551600,0.0,0.0,0.0
2025-10-30 00:00:00-04:00,90.38999938964844,90.97000122070312,90.3499984741211,90.55999755859375,86.89407348632812,42649200,0.0,0.0,0.0
2025-10-31 00:00:00-04:00,90.55999755859375,90.66000366210938,90.19999694824219,90.29000091552734,86.63501739501953,38247300,0.0,0.0,0.0
2025-11-03 00:00:00-05:00,89.62000274658203,89.81999969482422,89.41999816894531,89.73999786376953,86.41831970214844,40752300,0.325,0.0,0.0
2025-11-04 00:00:00-05:00,89.77999877929688,90.05999755859375,89.73999786376953,89.94000244140625,86.6109390258789,26383800,0.0,0.0,0.0
2025-11-05 00:00:00-05:00,89.51000213623047,89.55000305175781,88.87999725341797,88.95999908447266,85.66720581054688,44643400,0.0,0.0,0.0
2025-11-06 00:00:00-05:00,89.55999755859375,89.8499984741211,89.52999877929688,89.76000213623047,86.4375991821289,33027400,0.0,0.0,0.0
2025-11-07 00:00:00-05:00,89.36000061035156,89.87000274658203,89.36000061035156,89.56999969482422,86.25462341308594,28530100,0.0,0.0,0.0
2025-11-10 00:00:00-05:00,89.48999786376953,89.66999816894531,89.38999938964844,89.55000305175781,86.2353744506836,24093500,0.0,0.0,0.0
2025-11-11 00:00:00-05:00,89.94999694824219,90.06999969482422,89.77999877929688,89.95999908447266,86.63018798828125,18942300,0.0,0.0,0.0
2025-11-12 00:00:00-05:00,89.94999694824219,90.31999969482422,89.87999725341797,90.12000274658203,86.7842788696289,23594900,0.0,0.0,0.0
2025-11-13 00:00:00-05:00,89.80000305175781,89.94000244140625,89.37999725341797,89.37999725341797,86.07166290283203,33825900,0.0,0.0,0.0
2025-11-14 00:00:00-05:00,89.79000091552734,89.83999633789062,88.87000274658203,88.87000274658203,85.58053588867188,38550500,0.0,0.0,0.0
2025-11-17 00:00:00-05:00,89.08000183105469,89.30000305175781,88.9800033569336,89.08999633789062,85.79238891601562,25605800,0.0,0.0,0.0
2025-11-18 00:00:00-05:00,89.3499984741211,89.44999694824219,88.80000305175781,89.05999755859375,85.76350402832031,31967400,0.0,0.0,0.0
2025-11-19 00:00:00-05:00,89.2300033569336,89.30999755859375,88.8499984741211,88.87999725341797,85.59017944335938,25782400,0.0,0.0,0.0
2025-11-20 00:00:00-05:00,88.98999786376953,89.41999816894531,88.98999786376953,89.2300033569336,85.92720794677734,32945000,0.0,0.0,0.0
2025-11-21 00:00:00-05:00,89.6500015258789,89.66999816894531,89.19999694824219,89.5,86.18722534179688,41938600,0.0,0.0,0.0
2025-11-24 00:00:00-05:00,89.94999694824219,90.06999969482422,89.77999877929688,90.01000213623047,86.67835235595703,30865700,0.0,0.0,0.0
2025-11-25 00:00:00-05:00,90.30999755859375,90.58999633789062,90.12999725341797,90.23999786376953,86.89981842041016,36503300,0.0,0.0,0.0
2025-11-26 00:00:00-05:00,90.1500015258789,90.63999938964844,89.83000183105469,90.63999938964844,87.28501892089844,34099000,0.0,0.0,0.0
2025-11-28 00:00:00-05:00,90.45999908447266,90.52999877929688,89.94999694824219,90.20999908447266,86.87094116210938,40704300,0.0,0.0,0.0
2025-12-01 00:00:00-05:00,88.8499984741211,88.98999786376953,88.70999908447266,88.7699966430664,85.78950500488281,47086600,0.321,0.0,0.0
2025-12-02 00:00:00-05:00,88.58000183105469,88.95999908447266,88.45999908447266,88.80999755859375,85.82816314697266,27605700,0.0,0.0,0.0
2025-12-03 00:00:00-05:00,88.91999816894531,89.16000366210938,88.73999786376953,89.05999755859375,86.06977081298828,23278600,0.0,0.0,0.0
2025-12-04 00:00:00-05:00,88.91000366210938,88.93000030517578,88.4800033569336,88.58000183105469,85.60588836669922,25541500,0.0,0.0,0.0
2025-12-05 00:00:00-05:00,88.55000305175781,88.55000305175781,88.05000305175781,88.16999816894531,85.20964050292969,32808100,0.0,0.0,0.0
2025-12-08 00:00:00-05:00,88.19000244140625,88.19999694824219,87.55999755859375,87.87999725341797,84.92939758300781,32255200,0.0,0.0,0.0
2025-12-09 00:00:00-05:00,88.33999633789062,88.3499984741211,87.83999633789062,87.97000122070312,85.01637268066406,25771800,0.0,0.0,0.0
2025-12-10 00:00:00-05:00,88.0,88.5199966430664,87.86000061035156,88.30999755859375,85.3449478149414,46833500,0.0,0.0,0.0
2025-12-11 00:00:00-05:00,88.69000244140625,88.83000183105469,88.16000366210938,88.19000244140625,85.22899627685547,26778700,0.0,0.0,0.0
2025-12-12 00:00:00-05:00,87.37999725341797,87.5,87.19000244140625,87.33999633789062,84.40751647949219,47030100,0.0,0.0,0.0
2025-12-15 00:00:00-05:00,87.72000122070312,87.87999725341797,87.38999938964844,87.4000015258789,84.46550750732422,28611800,0.0,0.0,0.0
2025-12-16 00:00:00-05:00,87.19000244140625,87.91999816894531,87.16999816894531,87.87999725341797,84.92939758300781,41018700,0.0,0.0,0.0
2025-12-17 00:00:00-05:00,87.62999725341797,87.98999786376953,87.58000183105469,87.80000305175781,84.85208129882812,24668300,0.0,0.0,0.0
2025-12-18 00:00:00-05:00,88.12999725341797,88.37999725341797,88.06999969482422,88.22000122070312,85.25797271728516,39048900,0.0,0.0,0.0
2025-12-19 00:00:00-05:00,87.61000061035156,87.76000213623047,87.41000366210938,87.55000305175781,84.93977355957031,37858100,0.342,0.0,0.0
2025-12-22 00:00:00-05:00,87.41999816894531,87.45999908447266,87.25,87.36000061035156,84.75541687011719,25547100,0.0,0.0,0.0
2025-12-23 00:00:00-05:00,87.06999969482422,87.58000183105469,87.02999877929688,87.5,84.89124298095703,33624100,0.0,0.0,0.0
2025-12-24 00:00:00-05:00,87.76000213623047,88.08000183105469,87.6500015258789,88.02999877929688,85.40544128417969,25942000,0.0,0.0,0.0
2025-12-26 00:00:00-05:00,88.0999984741211,88.16999816894531,87.5999984741211,87.73999786376953,85.12409210205078,26522700,0.0,0.0,0.0
2025-12-29 00:00:00-05:00,87.94999694824219,88.06999969482422,87.79000091552734,88.06999969482422,85.44425201416016,29399800,0.0,0.0,0.0
2025-12-30 00:00:00-05:00,87.73999786376953,88.04000091552734,87.66999816894531,87.86000061035156,85.24051666259766,25106800,0.0,0.0,0.0
2025-12-31 00:00:00-05:00,87.68000030517578,87.91000366210938,87.12999725341797,87.16000366210938,84.56138610839844,36500000,0.0,0.0,0.0
2026-01-02 00:00:00-05:00,87.4000015258789,87.41000366210938,87.0199966430664,87.02999877929688,84.43526458740234,40731300,0.0,0.0,0.0
2026-01-05 00:00:00-05:00,87.18000030517578,87.5199966430664,87.11000061035156,87.45999908447266,84.8524398803711,30178000,0.0,0.0,0.0
2026-01-06 00:00:00-05:00,87.1500015258789,87.33999633789062,86.9000015258789,87.27999877929688,84.67781066894531,39015200,0.0,0.0,0.0
2026-01-07 00:00:00-05:00,87.83999633789062,88.01000213623047,87.4800033569336,87.79000091552734,85.17261505126953,39930900,0.0,0.0,0.0
2026-01-08 00:00:00-05:00,87.33000183105469,87.55000305175781,87.25,87.3499984741211,84.74571990966797,28204900,0.0,0.0,0.0
2026-01-09 00:00:00-05:00,87.30000305175781,88.0,87.12000274658203,87.93000030517578,85.30843353271484,57348800,0.0,0.0,0.0
2026-01-12 00:00:00-05:00,87.5,87.91000366210938,87.41000366210938,87.66999816894531,85.05618286132812,36103100,0.0,0.0,0.0
2026-01-13 00:00:00-05:00,87.87999725341797,87.91000366210938,87.54000091552734,87.81999969482422,85.20169830322266,30451400,0.0,0.0,0.0
2026-01-14 00:00:00-05:00,87.91000366210938,88.43000030517578,87.88999938964844,88.33000183105469,85.69649505615234,39233500,0.0,0.0,0.0
2026-01-15 00:00:00-05:00,88.63999938964844,88.66000366210938,88.30999755859375,88.30999755859375,85.6771011352539,37988900,0.0,0.0,0.0
2026-01-16 00:00:00-05:00,88.12999725341797,88.31999969482422,87.70999908447266,87.80000305175781,85.18229675292969,46382400,0.0,0.0,0.0
2026-01-20 00:00:00-05:00,86.62999725341797,87.02999877929688,86.54000091552734,86.6500015258789,84.06658935546875,66009500,0.0,0.0,0.0
2026-01-21 00:00:00-05:00,86.80000305175781,87.4800033569336,86.62000274658203,87.30999755859375,84.7069091796875,51220100,0.0,0.0,0.0
2026-01-22 00:00:00-05:00,87.2699966430664,87.76000213623047,87.13999938964844,87.69000244140625,85.07559204101562,42419300,0.0,0.0,0.0
2026-01-23 00:00:00-05:00,87.83000183105469,88.02999877929688,87.5,87.93000030517578,85.30843353271484,35968800,0.0,0.0,0.0
2026-01-26 00:00:00-05:00,88.4000015258789,88.48999786376953,88.19999694824219,88.3499984741211,85.71590423583984,38882400,0.0,0.0,0.0
2026-01-27 00:00:00-05:00,88.11000061035156,88.25,87.68000030517578,87.80000305175781,85.18229675292969,35180100,0.0,0.0,0.0
2026-01-28 00:00:00-05:00,87.51000213623047,87.69999694824219,87.29000091552734,87.5999984741211,84.98827362060547,38750300,0.0,0.0,0.0
2026-01-29 00:00:00-05:00,87.1500015258789,87.73999786376953,87.08000183105469,87.62000274658203,85.0076675415039,43855000,0.0,0.0,0.0
2026-01-30 00:00:00-05:00,87.37999725341797,87.55999755859375,87.12999725341797,87.12999725341797,84.53227233886719,45832200,0.0,0.0,0.0
2026-02-02 00:00:00-05:00,87.0199966430664,87.05999755859375,86.55000305175781,86.55000305175781,84.29075622558594,38171400,0.332,0.0,0.0
2026-02-03 00:00:00-05:00,86.48999786376953,86.77999877929688,86.43000030517578,86.76000213623047,84.49527740478516,27438200,0.0,0.0,0.0
2026-02-04 00:00:00-05:00,86.62999725341797,86.77999877929688,86.45999908447266,86.54000091552734,84.28102111816406,37872900,0.0,0.0,0.0
2026-02-05 00:00:00-05:00,86.93000030517578,87.4800033569336,86.75,87.4800033569336,85.19647979736328,50268900,0.0,0.0,0.0
2026-02-06 00:00:00-05:00,87.44999694824219,87.54000091552734,87.19999694824219,87.54000091552734,85.25489807128906,33461800,0.0,0.0,0.0
2026-02-09 00:00:00-05:00,87.19999694824219,87.58000183105469,87.02999877929688,87.5199966430664,85.23543548583984,24708900,0.0,0.0,0.0
2026-02-10 00:00:00-05:00,88.23999786376953,88.52999877929688,88.22000122070312,88.52999877929688,86.21906280517578,37253700,0.0,0.0,0.0
2026-02-11 00:00:00-05:00,88.04000091552734,88.4800033569336,87.94000244140625,88.05999755859375,85.76133728027344,37014000,0.0,0.0,0.0
2026-02-12 00:00:00-05:00,88.36000061035156,89.27999877929688,88.3499984741211,89.2300033569336,86.90080261230469,48454900,0.0,0.0,0.0
2026-02-13 00:00:00-05:00,89.62999725341797,89.80999755859375,89.5199966430664,89.72000122070312,87.37799835205078,56785200,0.0,0.0,0.0
2026-02-17 00:00:00-05:00,89.93000030517578,90.12000274658203,89.76000213623047,89.87000274658203,87.52410125732422,32356700,0.0,0.0,0.0
2026-02-18 00:00:00-05:00,89.69000244140625,89.86000061035156,89.47000122070312,89.52999877929688,87.19296264648438,35415400,0.0,0.0,0.0
2026-02-19 00:00:00-05:00,89.4000015258789,89.72000122070312,89.37000274658203,89.62000274658203,87.2806167602539,28658600,0.0,0.0,0.0
2026-02-20 00:00:00-05:00,89.69999694824219,89.73999786376953,88.93000030517578,89.41000366210938,87.07610321044922,49610800,0.0,0.0,0.0
2026-02-23 00:00:00-05:00,89.55000305175781,90.0,89.52999877929688,89.73999786376953,87.3974838256836,33614600,0.0,0.0,0.0
2026-02-24 00:00:00-05:00,89.94999694824219,90.05000305175781,89.76000213623047,89.9000015258789,87.55330657958984,24933900,0.0,0.0,0.0
2026-02-25 00:00:00-05:00,89.70999908447266,90.08000183105469,89.70999908447266,89.91000366210938,87.56304168701172,23625800,0.0,0.0,0.0
2026-02-26 00:00:00-05:00,90.05999755859375,90.31999969482422,90.05000305175781,90.2699966430664,87.91364288330078,29447100,0.0,0.0,0.0
2026-02-27 00:00:00-05:00,90.69000244140625,90.86000061035156,90.55000305175781,90.81999969482422,88.44929504394531,51272000,0.0,0.0,0.0
2026-03-02 00:00:00-05:00,89.9800033569336,89.98999786376953,89.36000061035156,89.61000061035156,87.56107330322266,55465500,0.301,0.0,0.0
2026-03-03 00:00:00-05:00,88.9800033569336,89.66999816894531,88.94000244140625,89.43000030517578,87.38520050048828,51850400,0.0,0.0,0.0
2026-03-04 00:00:00-05:00,89.2699966430664,89.44000244140625,89.0999984741211,89.1500015258789,87.1115951538086,47069500,0.0,0.0,0.0
2026-03-05 00:00:00-05:00,88.62999725341797,88.94000244140625,88.51000213623047,88.79000091552734,86.75982666015625,45768900,0.0,0.0,0.0
2026-03-06 00:00:00-05:00,88.31999969482422,88.94000244140625,88.0199966430664,88.45999908447266,86.4373779296875,58136900,0.0,0.0,0.0
2026-03-09 00:00:00-04:00,88.30000305175781,89.31999969482422,88.20999908447266,89.2300033569336,87.18977355957031,52478700,0.0,0.0,0.0
2026-03-10 00:00:00-04:00,88.80000305175781,88.94999694824219,88.2699966430664,88.27999877929688,86.26148223876953,48651500,0.0,0.0,0.0
2026-03-11 00:00:00-04:00,87.75,87.80999755859375,87.08000183105469,87.13999938964844,85.14755249023438,54679900,0.0,0.0,0.0
2026-03-12 00:00:00-04:00,86.91000366210938,87.25,86.77999877929688,86.97000122070312,84.98143768310547,48977000,0.0,0.0,0.0
2026-03-13 00:00:00-04:00,86.93000030517578,87.1500015258789,86.47000122070312,86.54000091552734,84.561279296875,43460000,0.0,0.0,0.0
2026-03-16 00:00:00-04:00,87.18000030517578,87.33999633789062,86.95999908447266,87.20999908447266,85.21595001220703,37341500,0.0,0.0,0.0
2026-03-17 00:00:00-04:00,87.36000061035156,87.56999969482422,87.31999969482422,87.44999694824219,85.45045471191406,19578100,0.0,0.0,0.0
2026-03-18 00:00:00-04:00,87.36000061035156,87.4800033569336,86.93000030517578,86.95999908447266,84.97167205810547,37596600,0.0,0.0,0.0
2026-03-19 00:00:00-04:00,87.05999755859375,87.7300033569336,86.97000122070312,87.48999786376953,85.48954772949219,60307400,0.0,0.0,0.0
2026-03-20 00:00:00-04:00,86.80999755859375,86.86000061035156,85.76000213623047,85.83000183105469,83.86750030517578,78948500,0.0,0.0,0.0
2026-03-23 00:00:00-04:00,86.18000030517578,86.72000122070312,85.94000244140625,86.38999938964844,84.4146957397461,69686700,0.0,0.0,0.0
2026-03-24 00:00:00-04:00,85.72000122070312,86.29000091552734,85.55999755859375,86.01000213623047,84.04338836669922,51799400,0.0,0.0,0.0
2026-03-25 00:00:00-04:00,86.75,86.87999725341797,86.4800033569336,86.83999633789062,84.85440826416016,37861000,0.0,0.0,0.0
2026-03-26 00:00:00-04:00,86.33999633789062,86.61000061035156,85.93000030517578,86.11000061035156,84.14109802246094,39537000,0.0,0.0,0.0
2026-03-27 00:00:00-04:00,85.5,86.0999984741211,85.44999694824219,85.63999938964844,83.68185424804688,39928900,0.0,0.0,0.0
2026-03-30 00:00:00-04:00,86.62999725341797,86.94999694824219,86.48999786376953,86.77999877929688,84.7957763671875,36473200,0.0,0.0,0.0
2026-03-31 00:00:00-04:00,86.93000030517578,87.16000366210938,86.56999969482422,86.69000244140625,84.70783996582031,47112200,0.0,0.0,0.0
2026-04-01 00:00:00-04:00,86.27999877929688,86.70999908447266,86.2300033569336,86.26000213623047,84.62445831298828,31157600,0.345,0.0,0.0
2026-04-02 00:00:00-04:00,86.20999908447266,86.8499984741211,86.1500015258789,86.79000091552734,85.1444091796875,33310600,0.0,0.0,0.0
2026-04-06 00:00:00-04:00,86.5,86.8499984741211,86.38999938964844,86.6500015258789,85.00706481933594,14660300,0.0,0.0,0.0
2026-04-07 00:00:00-04:00,86.5199966430664,86.68000030517578,85.91000366210938,86.63999938964844,84.99724578857422,22747200,0.0,0.0,0.0
2026-04-08 00:00:00-04:00,87.36000061035156,87.37000274658203,86.7300033569336,86.91999816894531,85.27194213867188,22244900,0.0,0.0,0.0
2026-04-09 00:00:00-04:00,86.69000244140625,87.12999725341797,86.38999938964844,86.69999694824219,85.05610656738281,18909100,0.0,0.0,0.0
2026-04-10 00:00:00-04:00,86.5999984741211,86.68000030517578,86.33000183105469,86.48999786376953,84.85009002685547,13247700,0.0,0.0,0.0
2026-04-13 00:00:00-04:00,86.44000244140625,86.80000305175781,86.25,86.75,85.10516357421875,12719700,0.0,0.0,0.0
2026-04-14 00:00:00-04:00,86.69999694824219,87.23999786376953,86.62999725341797,87.20999908447266,85.55644226074219,16606900,0.0,0.0,0.0
2026-04-15 00:00:00-04:00,87.0199966430664,87.06999969482422,86.7300033569336,86.83000183105469,85.18364715576172,15119600,0.0,0.0,0.0
2026-04-16 00:00:00-04:00,86.91999816894531,86.97000122070312,86.19999694824219,86.27999877929688,84.64407348632812,20001000,0.0,0.0,0.0
2026-04-17 00:00:00-04:00,87.05000305175781,87.20999908447266,86.88999938964844,87.06999969482422,85.41909790039062,29604100,0.0,0.0,0.0
2026-04-20 00:00:00-04:00,87.11000061035156,87.12999725341797,86.70999908447266,87.05000305175781,85.39947509765625,14623500,0.0,0.0,0.0
2026-04-21 00:00:00-04:00,86.97000122070312,87.08999633789062,86.52999877929688,86.56999969482422,84.92858123779297,19798700,0.0,0.0,0.0
2026-04-22 00:00:00-04:00,87.05000305175781,87.16000366210938,86.70999908447266,86.73999786376953,85.09535217285156,13676800,0.0,0.0,0.0
2026-04-23 00:00:00-04:00,86.83000183105469,87.04000091552734,86.23999786376953,86.55000305175781,84.90895080566406,21106700,0.0,0.0,0.0
2026-04-24 00:00:00-04:00,86.45999908447266,86.81999969482422,86.25,86.70999908447266,85.06591796875,22285700,0.0,0.0,0.0
2026-04-27 00:00:00-04:00,86.48999786376953,86.62000274658203,86.19000244140625,86.27999877929688,84.64407348632812,19250100,0.0,0.0,0.0
2026-04-28 00:00:00-04:00,86.12000274658203,86.37000274658203,85.94000244140625,86.37000274658203,84.73236846923828,14553600,0.0,0.0,0.0
2026-04-29 00:00:00-04:00,85.98999786376953,85.98999786376953,85.55000305175781,85.69999694824219,84.07506561279297,29020800,0.0,0.0,0.0
2026-04-30 00:00:00-04:00,85.88999938964844,85.9000015258789,85.38999938964844,85.62000274658203,83.99658203125,28516200,0.0,0.0,0.0
2026-05-01 00:00:00-04:00,85.5,86.0,85.33999633789062,85.61000061035156,84.29692077636719,21281000,0.315,0.0,0.0
2026-05-04 00:00:00-04:00,85.3499984741211,85.36000061035156,84.76000213623047,84.95999908447266,83.65687561035156,27226000,0.0,0.0,0.0
2026-05-05 00:00:00-04:00,85.1500015258789,85.48999786376953,85.08999633789062,85.43000030517578,84.11967468261719,18226500,0.0,0.0,0.0
2026-05-06 00:00:00-04:00,86.05000305175781,86.16999816894531,85.91999816894531,86.08000183105469,84.75969696044922,22530700,0.0,0.0,0.0
2026-05-07 00:00:00-04:00,86.27999877929688,86.29000091552734,85.5999984741211,85.6500015258789,84.3363037109375,21178300,0.0,0.0,0.0
2026-05-08 00:00:00-04:00,86.05999755859375,86.27999877929688,85.98999786376953,86.08000183105469,84.75969696044922,30797600,0.0,0.0,0.0
2026-05-11 00:00:00-04:00,85.87999725341797,85.91999816894531,85.48999786376953,85.55999755859375,84.24767303466797,17713700,0.0,0.0,0.0
2026-05-12 00:00:00-04:00,85.19000244140625,85.19999694824219,84.91999816894531,84.98999786376953,83.68640899658203,27680600,0.0,0.0,0.0
2026-05-13 00:00:00-04:00,84.94000244140625,85.05000305175781,84.58999633789062,84.80000305175781,83.49933624267578,26295100,0.0,0.0,0.0
2026-05-14 00:00:00-04:00,85.26000213623047,85.37999725341797,84.91000366210938,84.91999816894531,83.61749267578125,25247200,0.0,0.0,0.0
2026-05-15 00:00:00-04:00,83.87000274658203,83.97000122070312,83.58999633789062,83.66000366210938,82.37682342529297,50796000,0.0,0.0,0.0
2026-05-18 00:00:00-04:00,83.69999694824219,83.91999816894531,83.31999969482422,83.55999755859375,82.2783432006836,26166200,0.0,0.0,0.0
2026-05-19 00:00:00-04:00,82.95999908447266,83.2300033569336,82.7699966430664,83.0199966430664,81.74662780761719,35346600,0.0,0.0,0.0
2026-05-20 00:00:00-04:00,83.05999755859375,84.0,83.04000091552734,83.91000366210938,82.62298583984375,44498000,0.0,0.0,0.0
2026-05-21 00:00:00-04:00,83.62000274658203,84.26000213623047,83.33000183105469,84.22000122070312,82.92823028564453,24887000,0.0,0.0,0.0
2026-05-22 00:00:00-04:00,84.61000061035156,84.68000030517578,84.13999938964844,84.68000030517578,83.38117980957031,27987700,0.0,0.0,0.0
2026-05-26 00:00:00-04:00,85.33999633789062,85.37999725341797,84.9000015258789,85.0999984741211,83.79473114013672,22531200,0.0,0.0,0.0
2026-05-27 00:00:00-04:00,85.25,85.4800033569336,85.1500015258789,85.30000305175781,83.99166870117188,23589600,0.0,0.0,0.0
2026-05-28 00:00:00-04:00,85.36000061035156,85.8499984741211,85.2699966430664,85.73999786376953,84.4249038696289,25417300,0.0,0.0,0.0
2026-05-29 00:00:00-04:00,85.80999755859375,85.95999908447266,85.55000305175781,85.76000213623047,84.44461059570312,33118600,0.0,0.0,0.0
2026-06-01 00:00:00-04:00,84.93000030517578,85.54000091552734,84.80000305175781,85.47000122070312,84.4900894165039,26322400,0.336,0.0,0.0
2026-06-02 00:00:00-04:00,85.80000305175781,85.81999969482422,85.5,85.6500015258789,84.66801452636719,20319000,0.0,0.0,0.0
2026-06-03 00:00:00-04:00,85.29000091552734,85.43000030517578,85.0999984741211,85.30999755859375,84.33191680908203,15372000,0.0,0.0,0.0
2026-06-04 00:00:00-04:00,85.61000061035156,85.70999908447266,85.41999816894531,85.5,84.51973724365234,15866500,0.0,0.0,0.0
2026-06-05 00:00:00-04:00,84.98999786376953,85.3499984741211,84.91999816894531,85.05999755859375,84.08477783203125,26461200,0.0,0.0,0.0
2026-06-08 00:00:00-04:00,85.2300033569336,85.33000183105469,84.62000274658203,84.62000274658203,83.64983367919922,22922700,0.0,0.0,0.0
2026-06-09 00:00:00-04:00,84.97000122070312,85.18000030517578,84.77999877929688,85.12000274658203,84.14409637451172,22617700,0.0,0.0,0.0
2026-06-10 00:00:00-04:00,85.12000274658203,85.30000305175781,84.69999694824219,84.87999725341797,83.90684509277344,21258300,0.0,0.0,0.0
2026-06-11 00:00:00-04:00,85.16999816894531,86.04000091552734,85.04000091552734,85.9800033569336,84.9942398071289,35190500,0.0,0.0,0.0
2026-06-12 00:00:00-04:00,85.63999938964844,85.83000183105469,85.41000366210938,85.7699966430664,84.7866439819336,23092600,0.0,0.0,0.0
2026-06-15 00:00:00-04:00,85.95999908447266,86.11000061035156,85.66999816894531,85.72000122070312,84.73721313476562,17632700,0.0,0.0,0.0
2026-06-16 00:00:00-04:00,85.95999908447266,86.37999725341797,85.93000030517578,86.19000244140625,85.20182800292969,26472500,0.0,0.0,0.0
2026-06-17 00:00:00-04:00,86.33000183105469,86.58999633789062,85.93000030517578,86.33000183105469,85.3402328491211,34507500,0.0,0.0,0.0
2026-06-18 00:00:00-04:00,87.06999969482422,87.18000030517578,86.6500015258789,86.75,85.75540924072266,32350900,0.0,0.0,0.0
2026-06-22 00:00:00-04:00,86.30000305175781,86.33000183105469,85.97000122070312,86.08999633789062,85.10297393798828,28595100,0.0,0.0,0.0
2026-06-23 00:00:00-04:00,86.12000274658203,86.43000030517578,86.0999984741211,86.19999694824219,85.21170806884766,19145500,0.0,0.0,0.0
2026-06-24 00:00:00-04:00,87.1500015258789,87.47000122070312,87.12000274658203,87.37999725341797,86.378173828125,41837000,0.0,0.0,0.0
2026-06-25 00:00:00-04:00,87.58000183105469,87.79000091552734,87.29000091552734,87.3499984741211,86.34852600097656,28380000,0.0,0.0,0.0
2026-06-26 00:00:00-04:00,87.01000213623047,87.37000274658203,87.0,87.36000061035156,86.35841369628906,21650800,0.0,0.0,0.0
2026-06-29 00:00:00-04:00,87.36000061035156,87.54000091552734,87.30000305175781,87.44999694824219,86.4473876953125,19457200,0.0,0.0,0.0
2026-06-30 00:00:00-04:00,87.1500015258789,87.18000030517578,86.37999725341797,86.41999816894531,85.42918395996094,31079500,0.0,0.0,0.0
2026-07-01 00:00:00-04:00,85.4800033569336,85.79000091552734,85.43000030517578,85.5199966430664,84.85173797607422,28109800,0.318,0.0,0.0
2026-07-02 00:00:00-04:00,85.37999725341797,85.77999877929688,85.37000274658203,85.51000213623047,84.8418197631836,20816300,0.0,0.0,0.0
2026-07-06 00:00:00-04:00,85.43000030517578,85.4800033569336,85.18000030517578,85.44999694824219,84.78227996826172,17940900,0.0,0.0,0.0
2026-07-07 00:00:00-04:00,85.12000274658203,85.16999816894531,84.54000091552734,84.55000305175781,83.88932037353516,24816400,0.0,0.0,0.0
2026-07-08 00:00:00-04:00,84.30999755859375,84.44999694824219,84.05999755859375,84.36000061035156,83.7008056640625,25806600,0.0,0.0,0.0
2026-07-09 00:00:00-04:00,84.27999877929688,84.68000030517578,84.26000213623047,84.48999786376953,83.82978057861328,18625300,0.0,0.0,0.0
2026-07-10 00:00:00-04:00,84.51000213623047,84.62999725341797,84.27999877929688,84.47000122070312,83.80994415283203,14454100,0.0,0.0,0.0
2026-07-13 00:00:00-04:00,84.19000244140625,84.27999877929688,83.93000030517578,83.97000122070312,83.31385040283203,18742500,0.0,0.0,0.0
2026-07-14 00:00:00-04:00,84.18000030517578,84.5,84.04000091552734,84.08000183105469,83.4229965209961,23793500,0.0,0.0,0.0
2026-07-15 00:00:00-04:00,84.08000183105469,84.41000366210938,84.08000183105469,84.23999786376953,83.58174133300781,17837800,0.0,0.0,0.0
2026-07-16 00:00:00-04:00,83.83999633789062,84.22000122070312,83.79000091552734,84.20999908447266,83.55197143554688,20817800,0.0,0.0,0.0
2026-07-17 00:00:00-04:00,84.62000274658203,84.81999969482422,84.48999786376953,84.5199966430664,83.85954284667969,22065600,0.0,0.0,0.0
2026-07-20 00:00:00-04:00,84.30999755859375,84.33999633789062,83.81999969482422,83.88999938964844,83.2344741821289,24289000,0.0,0.0,0.0
2026-07-21 00:00:00-04:00,83.73999786376953,83.7699966430664,83.43000030517578,83.66000366210938,83.00627899169922,14287500,0.0,0.0,0.0
2026-07-22 00:00:00-04:00,83.61000061035156,83.69999694824219,83.37999725341797,83.44000244140625,82.7879867553711,15988400,0.0,0.0,0.0
2026-07-23 00:00:00-04:00,82.98999786376953,83.25,82.95999908447266,83.16999816894531,82.52009582519531,29152800,0.0,0.0,0.0
2026-07-24 00:00:00-04:00,83.30999755859375,83.66000366210938,83.2300033569336,83.25,82.59947204589844,15106000,0.0,0.0,0.0
2026-07-27 00:00:00-04:00,83.7300033569336,83.87000274658203,83.5199966430664,83.75,83.09556579589844,23816200,0.0,0.0,0.0
2026-07-28 00:00:00-04:00,83.86000061035156,84.33999633789062,83.8499984741211,84.23999786376953,83.58174133300781,25366900,0.0,0.0,0.0
2026-07-29 00:00:00-04:00,84.0999984741211,84.1500015258789,82.69999694824219,82.8499984741211,82.20259857177734,41445200,0.0,0.0,0.0
2026-07-30 00:00:00-04:00,82.80999755859375,82.9000015258789,82.5199966430664,82.80000305175781,82.15299224853516,40407300,0.0,0.0,0.0
2026-07-31 00:00:00-04:00,82.44999694824219,82.44999694824219,81.88999938964844,82.25,81.60728454589844,50359800,0.0,0.0,0.0
2026-08-03 00:00:00-04:00,82.23999786376953,82.3499984741211,82.01000213623047,82.19000244140625,81.87625885009766,32050800,0.33,0.0,0.0
2026-08-04 00:00:00-04:00,82.6500015258789,82.83999633789062,82.56999969482422,82.81999969482422,82.50385284423828,38408600,0.0,0.0,0.0
2026-08-05 00:00:00-04:00,82.94999694824219,83.1500015258789,82.80000305175781,83.0,82.68316650390625,29465800,0.0,0.0,0.0
2026-08-06 00:00:00-04:00,82.7699966430664,82.91999816894531,82.4000015258789,82.5199966430664,82.20499420166016,27566600,0.0,0.0,0.0
2026-08-07 00:00:00-04:00,82.80000305175781,82.8499984741211,82.4800033569336,82.76000213623047,82.44408416748047,96130000,0.0,0.0,0.0
2026-08-10 00:00:00-04:00,82.4000015258789,82.44999694824219,82.02999877929688,82.05999755859375,81.74674987792969,36743600,0.0,0.0,0.0
2026-08-11 00:00:00-04:00,82.2699966430664,82.45999908447266,82.12000274658203,82.19000244140625,81.87625885009766,23268500,0.0,0.0,0.0
2026-08-12 00:00:00-04:00,82.44999694824219,82.4800033569336,82.05000305175781,82.11000061035156,81.79656219482422,21444600,0.0,0.0,0.0
2026-08-13 00:00:00-04:00,82.58999633789062,83.0,82.48999786376953,82.58999633789062,82.27472686767578,26921500,0.0,0.0,0.0
2026-08-14 00:00:00-04:00,82.2300033569336,82.36000061035156,81.81999969482422,82.04000091552734,81.7268295288086,31374800,0.0,0.0,0.0
2026-08-17 00:00:00-04:00,81.7699966430664,81.86000061035156,81.30999755859375,81.3499984741211,81.03946685791016,31557700,0.0,0.0,0.0
2026-08-18 00:00:00-04:00,81.26000213623047,81.75,81.16999816894531,81.66000366210938,81.3482894897461,25037100,0.0,0.0,0.0
2026-08-19 00:00:00-04:00,82.80999755859375,83.05999755859375,82.61000061035156,83.0199966430664,82.70308685302734,51309500,0.0,0.0,0.0
2026-08-20 00:00:00-04:00,82.36000061035156,82.7699966430664,82.1500015258789,82.33999633789062,82.02568054199219,39569900,0.0,0.0,0.0
2026-08-21 00:00:00-04:00,82.16999816894531,82.2699966430664,81.9000015258789,82.05000305175781,81.7367935180664,24269100,0.0,0.0,0.0
2026-08-24 00:00:00-04:00,82.48999786376953,82.87999725341797,82.44999694824219,82.55999755859375,82.24484252929688,29038500,0.0,0.0,0.0
2026-08-25 00:00:00-04:00,83.11000061035156,83.4800033569336,82.97000122070312,83.47000122070312,83.15137481689453,35015100,0.0,0.0,0.0
2026-08-26 00:00:00-04:00,83.2699966430664,83.30000305175781,83.06999969482422,83.30000305175781,82.98202514648438,20658800,0.0,0.0,0.0
2026-08-27 00:00:00-04:00,83.19999694824219,83.3499984741211,83.0,83.12999725341797,82.81266784667969,17361900,0.0,0.0,0.0
2026-08-28 00:00:00-04:00,83.04000091552734,83.5999984741211,82.77999877929688,82.87999725341797,82.5636215209961,35804300,0.0,0.0,0.0
2026-08-31 00:00:00-04:00,82.47000122070312,82.52999877929688,82.1500015258789,82.5199966430664,82.20499420166016,37317400,0.0,0.0,0.0
