Date,Open,High,Low,Close,Adj Close,Volume,Dividends,Stock Splits,Capital Gains
2023-09-01 00:00:00-04:00,30.899999618530273,31.1200008392334,30.889999389648438,31.079999923706055,28.602325439453125,1879000,0.0,0.0,0.0
2023-09-05 00:00:00-04:00,31.010000228881836,31.059999465942383,30.860000610351562,30.860000610351562,28.399864196777344,1297500,0.0,0.0,0.0
2023-09-06 00:00:00-04:00,30.729999542236328,30.770000457763672,30.479999542236328,30.559999465942383,28.123779296875,4241200,0.0,0.0,0.0
2023-09-07 00:00:00-04:00,30.479999542236328,30.600000381469727,30.43000030517578,30.459999084472656,28.03175163269043,2371900,0.0,0.0,0.0
2023-09-08 00:00:00-04:00,30.389999389648438,30.489999771118164,30.31999969482422,30.360000610351562,27.939725875854492,1096700,0.0,0.0,0.0
2023-09-11 00:00:00-04:00,30.489999771118164,30.59000015258789,30.3700008392334,30.540000915527344,28.105371475219727,1995400,0.0,0.0,0.0
2023-09-12 00:00:00-04:00,30.5,30.670000076293945,30.479999542236328,30.600000381469727,28.16059112548828,1614800,0.0,0.0,0.0
2023-09-13 00:00:00-04:00,30.59000015258789,30.75,30.56999969482422,30.729999542236328,28.28022575378418,2021700,0.0,0.0,0.0
2023-09-14 00:00:00-04:00,30.93000030517578,31.229999542236328,30.93000030517578,31.200000762939453,28.712759017944336,3164000,0.0,0.0,0.0
2023-09-15 00:00:00-04:00,31.239999771118164,31.329999923706055,31.149999618530273,31.25,28.758771896362305,2150400,0.0,0.0,0.0
2023-09-18 00:00:00-04:00,31.260000228881836,31.270000457763672,30.989999771118164,31.059999465942383,28.583919525146484,1113400,0.0,0.0,0.0
2023-09-19 00:00:00-04:00,30.979999542236328,31.0,30.639999389648438,30.670000076293945,28.225011825561523,2006800,0.0,0.0,0.0
2023-09-20 00:00:00-04:00,30.709999084472656,30.8700008392334,30.65999984741211,30.670000076293945,28.225011825561523,2443300,0.0,0.0,0.0
2023-09-21 00:00:00-04:00,30.450000762939453,30.5,30.0,30.010000228881836,27.61762809753418,4681800,0.0,0.0,0.0
2023-09-22 00:00:00-04:00,30.149999618530273,30.18000030517578,29.959999084472656,29.969999313354492,27.580812454223633,1715700,0.0,0.0,0.0
2023-09-25 00:00:00-04:00,29.860000610351562,30.09000015258789,29.790000915527344,30.020000457763672,27.626827239990234,1647900,0.0,0.0,0.0
2023-09-26 00:00:00-04:00,29.860000610351562,29.979999542236328,29.65999984741211,29.670000076293945,27.304729461669922,4175500,0.0,0.0,0.0
2023-09-27 00:00:00-04:00,29.770000457763672,29.799999237060547,29.31999969482422,29.5,27.148284912109375,2167600,0.0,0.0,0.0
2023-09-28 00:00:00-04:00,29.459999084472656,29.829999923706055,29.450000762939453,29.760000228881836,27.38755226135254,1996200,0.0,0.0,0.0
2023-09-29 00:00:00-04:00,29.950000762939453,29.959999084472656,29.690000534057617,29.700000762939453,27.332338333129883,2551100,0.0,0.0,0.0
2023-10-02 00:00:00-04:00,29.639999389648438,29.670000076293945,29.100000381469727,29.170000076293945,26.844589233398438,4338900,0.0,0.0,0.0
2023-10-03 00:00:00-04:00,29.010000228881836,29.06999969482422,28.809999465942383,28.90999984741211,26.605316162109375,3244500,0.0,0.0,0.0
2023-10-04 00:00:00-04:00,28.90999984741211,28.979999542236328,28.639999389648438,28.950000762939453,26.642131805419922,1987500,0.0,0.0,0.0
2023-10-05 00:00:00-04:00,28.920000076293945,29.15999984741211,28.90999984741211,29.1200008392334,26.798574447631836,1937500,0.0,0.0,0.0
2023-10-06 00:00:00-04:00,29.020000457763672,29.31999969482422,28.760000228881836,29.25,26.918210983276367,2321100,0.0,0.0,0.0
2023-10-10 00:00:00-04:00,29.610000610351562,29.770000457763672,29.479999542236328,29.670000076293945,27.304729461669922,2440900,0.0,0.0,0.0
2023-10-11 00:00:00-04:00,29.780000686645508,29.940000534057617,29.729999542236328,29.93000030517578,27.544004440307617,1994800,0.0,0.0,0.0
2023-10-12 00:00:00-04:00,29.989999771118164,29.989999771118164,29.579999923706055,29.729999542236328,27.359943389892578,2189600,0.0,0.0,0.0
2023-10-13 00:00:00-04:00,29.950000762939453,29.979999542236328,29.600000381469727,29.649999618530273,27.28632164001465,4181700,0.0,0.0,0.0
2023-10-16 00:00:00-04:00,29.709999084472656,29.940000534057617,29.600000381469727,29.90999984741211,27.525598526000977,2170200,0.0,0.0,0.0
2023-10-17 00:00:00-04:00,29.809999465942383,30.1299991607666,29.809999465942383,30.020000457763672,27.626827239990234,2580200,0.0,0.0,0.0
2023-10-18 00:00:00-04:00,29.920000076293945,29.969999313354492,29.6200008392334,29.649999618530273,27.28632164001465,3530200,0.0,0.0,0.0
2023-10-19 00:00:00-04:00,29.600000381469727,29.739999771118164,29.440000534057617,29.479999542236328,27.129873275756836,3759800,0.0,0.0,0.0
2023-10-20 00:00:00-04:00,29.360000610351562,29.40999984741211,29.1299991607666,29.1299991607666,26.807775497436523,3704900,0.0,0.0,0.0
2023-10-23 00:00:00-04:00,29.020000457763672,29.260000228881836,28.8799991607666,29.040000915527344,26.724952697753906,1986600,0.0,0.0,0.0
2023-10-24 00:00:00-04:00,29.139999389648438,29.18000030517578,28.8700008392334,28.940000534057617,26.632923126220703,2292500,0.0,0.0,0.0
2023-10-25 00:00:00-04:00,28.860000610351562,29.1299991607666,28.850000381469727,28.899999618530273,26.596113204956055,3511000,0.0,0.0,0.0
2023-10-26 00:00:00-04:00,28.8700008392334,28.950000762939453,28.68000030517578,28.780000686645508,26.485681533813477,2904900,0.0,0.0,0.0
2023-10-27 00:00:00-04:00,28.8799991607666,28.8799991607666,28.489999771118164,28.549999237060547,26.27401351928711,3024200,0.0,0.0,0.0
2023-10-30 00:00:00-04:00,28.760000228881836,28.920000076293945,28.579999923706055,28.729999542236328,26.439664840698242,3111900,0.0,0.0,0.0
2023-10-31 00:00:00-04:00,28.84000015258789,28.84000015258789,28.65999984741211,28.760000228881836,26.46727752685547,2408800,0.0,0.0,0.0
2023-11-01 00:00:00-04:00,28.860000610351562,29.110000610351562,28.809999465942383,29.079999923706055,26.761760711669922,5071900,0.0,0.0,0.0
2023-11-02 00:00:00-04:00,29.450000762939453,30.020000457763672,29.440000534057617,29.989999771118164,27.599218368530273,4950500,0.0,0.0,0.0
2023-11-03 00:00:00-04:00,30.139999389648438,30.329999923706055,30.040000915527344,30.229999542236328,27.820083618164062,2354600,0.0,0.0,0.0
2023-11-06 00:00:00-05:00,30.31999969482422,30.3799991607666,30.059999465942383,30.1200008392334,27.71885871887207,1331100,0.0,0.0,0.0
2023-11-07 00:00:00-05:00,30.020000457763672,30.020000457763672,29.81999969482422,29.899999618530273,27.51639175415039,1903000,0.0,0.0,0.0
2023-11-08 00:00:00-05:00,29.93000030517578,30.010000228881836,29.780000686645508,29.850000381469727,27.470382690429688,1383300,0.0,0.0,0.0
2023-11-09 00:00:00-05:00,29.989999771118164,30.270000457763672,29.959999084472656,29.969999313354492,27.580812454223633,4325000,0.0,0.0,0.0
2023-11-10 00:00:00-05:00,30.030000686645508,30.059999465942383,29.829999923706055,30.059999465942383,27.66363525390625,1614600,0.0,0.0,0.0
2023-11-13 00:00:00-05:00,30.040000915527344,30.260000228881836,29.979999542236328,30.190000534057617,27.78327751159668,1284500,0.0,0.0,0.0
2023-11-14 00:00:00-05:00,30.5,30.719999313354492,30.5,30.6299991607666,28.188199996948242,4215400,0.0,0.0,0.0
2023-11-15 00:00:00-05:00,30.709999084472656,30.81999969482422,30.670000076293945,30.700000762939453,28.25261688232422,1572100,0.0,0.0,0.0
2023-11-16 00:00:00-05:00,30.65999984741211,30.770000457763672,30.59000015258789,30.719999313354492,28.27102279663086,1602400,0.0,0.0,0.0
2023-11-17 00:00:00-05:00,30.850000381469727,30.989999771118164,30.81999969482422,30.950000762939453,28.48269271850586,2423400,0.0,0.0,0.0
2023-11-20 00:00:00-05:00,30.950000762939453,31.059999465942383,30.8700008392334,31.030000686645508,28.55630874633789,942200,0.0,0.0,0.0
2023-11-21 00:00:00-05:00,30.729999542236328,30.829999923706055,30.549999237060547,30.56999969482422,28.363327026367188,2183700,0.252,0.0,0.0
2023-11-22 00:00:00-05:00,30.540000915527344,30.649999618530273,30.450000762939453,30.579999923706055,28.372602462768555,1997900,0.0,0.0,0.0
2023-11-23 00:00:00-05:00,30.510000228881836,30.690000534057617,30.510000228881836,30.559999465942383,28.354045867919922,1418900,0.0,0.0,0.0
2023-11-24 00:00:00-05:00,30.5,30.6200008392334,30.479999542236328,30.540000915527344,28.33548927307129,727400,0.0,0.0,0.0
2023-11-27 00:00:00-05:00,30.520000457763672,30.540000915527344,30.40999984741211,30.420000076293945,28.224153518676758,1309000,0.0,0.0,0.0
2023-11-28 00:00:00-05:00,30.329999923706055,30.469999313354492,30.18000030517578,30.43000030517578,28.23343276977539,1697300,0.0,0.0,0.0
2023-11-29 00:00:00-05:00,30.479999542236328,30.639999389648438,30.440000534057617,30.56999969482422,28.363327026367188,2222100,0.0,0.0,0.0
2023-11-30 00:00:00-05:00,30.690000534057617,30.790000915527344,30.579999923706055,30.770000457763672,28.548891067504883,1608400,0.0,0.0,0.0
2023-12-01 00:00:00-05:00,30.639999389648438,31.09000015258789,30.6299991607666,31.06999969482422,28.82723045349121,1918500,0.0,0.0,0.0
2023-12-04 00:00:00-05:00,30.899999618530273,31.1200008392334,30.8799991607666,31.049999237060547,28.808677673339844,1726100,0.0,0.0,0.0
2023-12-05 00:00:00-05:00,31.0,31.139999389648438,30.979999542236328,31.06999969482422,28.82723045349121,1818400,0.0,0.0,0.0
2023-12-06 00:00:00-05:00,31.170000076293945,31.229999542236328,30.8700008392334,30.889999389648438,28.660226821899414,1821300,0.0,0.0,0.0
2023-12-07 00:00:00-05:00,30.979999542236328,30.979999542236328,30.799999237060547,30.8799991607666,28.650949478149414,1261800,0.0,0.0,0.0
2023-12-08 00:00:00-05:00,30.860000610351562,31.020000457763672,30.860000610351562,30.969999313354492,28.734451293945312,1069700,0.0,0.0,0.0
2023-12-11 00:00:00-05:00,30.8700008392334,31.020000457763672,30.799999237060547,31.020000457763672,28.78084373474121,966200,0.0,0.0,0.0
2023-12-12 00:00:00-05:00,30.950000762939453,30.989999771118164,30.790000915527344,30.90999984741211,28.67878532409668,1654600,0.0,0.0,0.0
2023-12-13 00:00:00-05:00,30.899999618530273,31.469999313354492,30.729999542236328,31.469999313354492,29.198360443115234,3614700,0.0,0.0,0.0
2023-12-14 00:00:00-05:00,31.68000030517578,31.780000686645508,31.579999923706055,31.700000762939453,29.411760330200195,3467900,0.0,0.0,0.0
2023-12-15 00:00:00-05:00,31.639999389648438,31.68000030517578,31.270000457763672,31.290000915527344,29.031352996826172,2727300,0.0,0.0,0.0
2023-12-18 00:00:00-05:00,31.479999542236328,31.549999237060547,31.40999984741211,31.459999084472656,29.189083099365234,2039100,0.0,0.0,0.0
2023-12-19 00:00:00-05:00,31.59000015258789,31.809999465942383,31.540000915527344,31.780000686645508,29.485986709594727,2513700,0.0,0.0,0.0
2023-12-20 00:00:00-05:00,31.81999969482422,31.8700008392334,31.40999984741211,31.420000076293945,29.151968002319336,2755700,0.0,0.0,0.0
2023-12-21 00:00:00-05:00,31.610000610351562,31.75,31.579999923706055,31.68000030517578,29.393203735351562,2145600,0.0,0.0,0.0
2023-12-22 00:00:00-05:00,31.760000228881836,31.920000076293945,31.760000228881836,31.829999923706055,29.53237533569336,2119700,0.0,0.0,0.0
2023-12-27 00:00:00-05:00,31.8700008392334,32.150001525878906,31.8700008392334,32.060001373291016,29.745771408081055,1529800,0.0,0.0,0.0
2023-12-28 00:00:00-05:00,32.0,32.09000015258789,31.920000076293945,31.959999084472656,29.652990341186523,1686900,0.0,0.0,0.0
2023-12-29 00:00:00-05:00,31.959999084472656,32.02000045776367,31.850000381469727,32.02000045776367,29.708662033081055,959300,0.0,0.0,0.0
2024-01-02 00:00:00-05:00,31.899999618530273,32.0,31.850000381469727,31.93000030517578,29.625158309936523,1542400,0.0,0.0,0.0
2024-01-03 00:00:00-05:00,31.780000686645508,31.989999771118164,31.709999084472656,31.889999389648438,29.588043212890625,1800000,0.0,0.0,0.0
2024-01-04 00:00:00-05:00,31.889999389648438,32.099998474121094,31.829999923706055,31.959999084472656,29.652990341186523,889100,0.0,0.0,0.0
2024-01-05 00:00:00-05:00,31.93000030517578,32.189998626708984,31.920000076293945,32.04999923706055,29.736494064331055,2255500,0.0,0.0,0.0
2024-01-08 00:00:00-05:00,31.950000762939453,32.27000045776367,31.950000762939453,32.25,29.92205810546875,1704400,0.0,0.0,0.0
2024-01-09 00:00:00-05:00,32.15999984741211,32.16999816894531,31.969999313354492,32.099998474121094,29.78288459777832,1357400,0.0,0.0,0.0
2024-01-10 00:00:00-05:00,32.099998474121094,32.220001220703125,32.099998474121094,32.130001068115234,29.810718536376953,1607900,0.0,0.0,0.0
2024-01-11 00:00:00-05:00,32.18000030517578,32.209999084472656,31.790000915527344,32.0099983215332,29.699378967285156,3437700,0.0,0.0,0.0
2024-01-12 00:00:00-05:00,32.2599983215332,32.310001373291016,32.02000045776367,32.08000183105469,29.764331817626953,2977500,0.0,0.0,0.0
2024-01-15 00:00:00-05:00,32.0099983215332,32.189998626708984,31.950000762939453,32.16999816894531,29.847827911376953,678700,0.0,0.0,0.0
2024-01-16 00:00:00-05:00,32.02000045776367,32.11000061035156,31.84000015258789,32.02000045776367,29.708662033081055,2193600,0.0,0.0,0.0
2024-01-17 00:00:00-05:00,31.719999313354492,31.739999771118164,31.5,31.65999984741211,29.374645233154297,4473500,0.0,0.0,0.0
2024-01-18 00:00:00-05:00,31.75,31.81999969482422,31.600000381469727,31.75,29.458148956298828,2512800,0.0,0.0,0.0
2024-01-19 00:00:00-05:00,31.739999771118164,32.0,31.610000610351562,31.989999771118164,29.680824279785156,3484700,0.0,0.0,0.0
2024-01-22 00:00:00-05:00,32.040000915527344,32.08000183105469,31.8700008392334,31.979999542236328,29.671545028686523,1775700,0.0,0.0,0.0
2024-01-23 00:00:00-05:00,32.029998779296875,32.15999984741211,32.0099983215332,32.119998931884766,29.801437377929688,1896000,0.0,0.0,0.0
2024-01-24 00:00:00-05:00,32.349998474121094,32.36000061035156,32.130001068115234,32.150001525878906,29.82927703857422,2826600,0.0,0.0,0.0
2024-01-25 00:00:00-05:00,32.2599983215332,32.27000045776367,32.119998931884766,32.2599983215332,29.931333541870117,1305500,0.0,0.0,0.0
2024-01-26 00:00:00-05:00,32.279998779296875,32.310001373291016,32.209999084472656,32.279998779296875,29.94989013671875,1453000,0.0,0.0,0.0
2024-01-29 00:00:00-05:00,32.27000045776367,32.45000076293945,32.130001068115234,32.45000076293945,30.107622146606445,1338100,0.0,0.0,0.0
2024-01-30 00:00:00-05:00,32.380001068115234,32.52000045776367,32.279998779296875,32.4900016784668,30.144731521606445,2337900,0.0,0.0,0.0
2024-01-31 00:00:00-05:00,32.470001220703125,32.52000045776367,32.150001525878906,32.18000030517578,29.857107162475586,2848700,0.0,0.0,0.0
2024-02-01 00:00:00-05:00,32.25,32.40999984741211,32.06999969482422,32.279998779296875,29.94989013671875,1946400,0.0,0.0,0.0
2024-02-02 00:00:00-05:00,32.25,32.29999923706055,32.029998779296875,32.2599983215332,29.931333541870117,1768600,0.0,0.0,0.0
2024-02-05 00:00:00-05:00,32.15999984741211,32.15999984741211,31.8799991607666,31.950000762939453,29.64371109008789,2359000,0.0,0.0,0.0
2024-02-06 00:00:00-05:00,32.0099983215332,32.099998474121094,31.950000762939453,32.06999969482422,29.755050659179688,1962200,0.0,0.0,0.0
2024-02-07 00:00:00-05:00,32.060001373291016,32.130001068115234,31.979999542236328,32.09000015258789,29.77360725402832,1287000,0.0,0.0,0.0
2024-02-08 00:00:00-05:00,32.08000183105469,32.15999984741211,31.850000381469727,32.09000015258789,29.77360725402832,1885900,0.0,0.0,0.0
2024-02-09 00:00:00-05:00,32.099998474121094,32.25,32.02000045776367,32.209999084472656,29.88494300842285,1463100,0.0,0.0,0.0
2024-02-12 00:00:00-05:00,32.22999954223633,32.400001525878906,32.20000076293945,32.27000045776367,29.940610885620117,2576400,0.0,0.0,0.0
2024-02-13 00:00:00-05:00,31.8700008392334,31.8700008392334,31.329999923706055,31.520000457763672,29.2447509765625,7514900,0.0,0.0,0.0
2024-02-14 00:00:00-05:00,31.780000686645508,32.029998779296875,31.719999313354492,32.029998779296875,29.717937469482422,4451400,0.0,0.0,0.0
2024-02-15 00:00:00-05:00,32.11000061035156,32.560001373291016,32.11000061035156,32.529998779296875,30.181848526000977,4563000,0.0,0.0,0.0
2024-02-16 00:00:00-05:00,32.560001373291016,32.70000076293945,32.5,32.58000183105469,30.228235244750977,1352200,0.0,0.0,0.0
2024-02-20 00:00:00-05:00,32.66999816894531,32.720001220703125,32.5099983215332,32.56999969482422,30.21895980834961,1817900,0.0,0.0,0.0
2024-02-21 00:00:00-05:00,32.5,32.529998779296875,32.36000061035156,32.470001220703125,30.126174926757812,1552900,0.0,0.0,0.0
2024-02-22 00:00:00-05:00,32.66999816894531,32.79999923706055,32.63999938964844,32.720001220703125,30.358129501342773,3167800,0.0,0.0,0.0
2024-02-23 00:00:00-05:00,32.47999954223633,32.66999816894531,32.43000030517578,32.650001525878906,30.53018569946289,1731500,0.254,0.0,0.0
2024-02-26 00:00:00-05:00,32.59000015258789,32.689998626708984,32.45000076293945,32.47999954223633,30.37122344970703,1988100,0.0,0.0,0.0
2024-02-27 00:00:00-05:00,32.4900016784668,32.5099983215332,32.349998474121094,32.41999816894531,30.31511878967285,1350800,0.0,0.0,0.0
2024-02-28 00:00:00-05:00,32.34000015258789,32.459999084472656,32.33000183105469,32.34000015258789,30.240314483642578,1031300,0.0,0.0,0.0
2024-02-29 00:00:00-05:00,32.5099983215332,32.58000183105469,32.40999984741211,32.540000915527344,30.42732810974121,1715600,0.0,0.0,0.0
2024-03-01 00:00:00-05:00,32.65999984741211,32.91999816894531,32.61000061035156,32.81999969482422,30.689146041870117,2233800,0.0,0.0,0.0
2024-03-04 00:00:00-05:00,32.75,32.849998474121094,32.689998626708984,32.7400016784668,30.614343643188477,1293300,0.0,0.0,0.0
2024-03-05 00:00:00-05:00,32.7400016784668,32.90999984741211,32.720001220703125,32.790000915527344,30.66109848022461,2252500,0.0,0.0,0.0
2024-03-06 00:00:00-05:00,33.0,33.08000183105469,32.790000915527344,32.86000061035156,30.72654914855957,1773100,0.0,0.0,0.0
2024-03-07 00:00:00-05:00,33.0099983215332,33.189998626708984,32.9900016784668,33.16999816894531,31.01641845703125,1882700,0.0,0.0,0.0
2024-03-08 00:00:00-05:00,33.22999954223633,33.34000015258789,33.029998779296875,33.11000061035156,30.96031951904297,2426000,0.0,0.0,0.0
2024-03-11 00:00:00-04:00,33.0,33.189998626708984,32.939998626708984,33.15999984741211,31.0070743560791,1239100,0.0,0.0,0.0
2024-03-12 00:00:00-04:00,33.27000045776367,33.310001373291016,33.099998474121094,33.290000915527344,31.128633499145508,1632300,0.0,0.0,0.0
2024-03-13 00:00:00-04:00,33.34000015258789,33.54999923706055,33.34000015258789,33.5,31.324996948242188,2242800,0.0,0.0,0.0
2024-03-14 00:00:00-04:00,33.52000045776367,33.52000045776367,33.13999938964844,33.290000915527344,31.128633499145508,2451300,0.0,0.0,0.0
2024-03-15 00:00:00-04:00,33.22999954223633,33.369998931884766,33.20000076293945,33.290000915527344,31.128633499145508,1842500,0.0,0.0,0.0
2024-03-18 00:00:00-04:00,33.33000183105469,33.33000183105469,33.209999084472656,33.2599983215332,31.100576400756836,1982500,0.0,0.0,0.0
2024-03-19 00:00:00-04:00,33.310001373291016,33.400001525878906,33.25,33.290000915527344,31.128633499145508,1533100,0.0,0.0,0.0
2024-03-20 00:00:00-04:00,33.27000045776367,33.599998474121094,33.25,33.56999969482422,31.39044952392578,1386100,0.0,0.0,0.0
2024-03-21 00:00:00-04:00,33.709999084472656,33.79999923706055,33.619998931884766,33.630001068115234,31.44655418395996,1286400,0.0,0.0,0.0
2024-03-22 00:00:00-04:00,33.66999816894531,33.689998626708984,33.439998626708984,33.459999084472656,31.28759002685547,961100,0.0,0.0,0.0
2024-03-25 00:00:00-04:00,33.43000030517578,33.59000015258789,33.400001525878906,33.41999816894531,31.250192642211914,709200,0.0,0.0,0.0
2024-03-26 00:00:00-04:00,33.459999084472656,33.540000915527344,33.34000015258789,33.349998474121094,31.184730529785156,2004900,0.0,0.0,0.0
2024-03-27 00:00:00-04:00,33.4900016784668,33.66999816894531,33.439998626708984,33.66999816894531,31.48395538330078,1436100,0.0,0.0,0.0
2024-03-28 00:00:00-04:00,33.720001220703125,33.84000015258789,33.709999084472656,33.75,31.55876350402832,1047800,0.0,0.0,0.0
2024-04-01 00:00:00-04:00,33.779998779296875,33.790000915527344,33.650001525878906,33.779998779296875,31.586807250976562,1343000,0.0,0.0,0.0
2024-04-02 00:00:00-04:00,33.63999938964844,33.650001525878906,33.459999084472656,33.560001373291016,31.381099700927734,1075800,0.0,0.0,0.0
2024-04-03 00:00:00-04:00,33.4900016784668,33.709999084472656,33.4900016784668,33.59000015258789,31.409156799316406,1067200,0.0,0.0,0.0
2024-04-04 00:00:00-04:00,33.7400016784668,33.779998779296875,33.40999984741211,33.470001220703125,31.296945571899414,2295700,0.0,0.0,0.0
2024-04-05 00:00:00-04:00,33.56999969482422,33.880001068115234,33.529998779296875,33.79999923706055,31.605520248413086,1343100,0.0,0.0,0.0
2024-04-08 00:00:00-04:00,33.86000061035156,33.88999938964844,33.689998626708984,33.79999923706055,31.605520248413086,1058400,0.0,0.0,0.0
2024-04-09 00:00:00-04:00,33.849998474121094,33.9900016784668,33.650001525878906,33.95000076293945,31.74578285217285,1637900,0.0,0.0,0.0
2024-04-10 00:00:00-04:00,33.68000030517578,33.79999923706055,33.540000915527344,33.70000076293945,31.512014389038086,3142300,0.0,0.0,0.0
2024-04-11 00:00:00-04:00,33.68000030517578,33.72999954223633,33.36000061035156,33.540000915527344,31.36240005493164,1381300,0.0,0.0,0.0
2024-04-12 00:00:00-04:00,33.56999969482422,33.689998626708984,33.119998931884766,33.2400016784668,31.081878662109375,3357000,0.0,0.0,0.0
2024-04-15 00:00:00-04:00,33.380001068115234,33.459999084472656,32.90999984741211,33.0099983215332,30.86680793762207,4176200,0.0,0.0,0.0
2024-04-16 00:00:00-04:00,32.93000030517578,32.959999084472656,32.70000076293945,32.83000183105469,30.698495864868164,2856300,0.0,0.0,0.0
2024-04-17 00:00:00-04:00,32.88999938964844,33.11000061035156,32.72999954223633,32.86000061035156,30.72654914855957,2205000,0.0,0.0,0.0
2024-04-18 00:00:00-04:00,32.880001068115234,33.08000183105469,32.77000045776367,32.939998626708984,30.801353454589844,2937000,0.0,0.0,0.0
2024-04-19 00:00:00-04:00,32.93000030517578,33.22999954223633,32.91999816894531,33.13999938964844,30.98836898803711,2399700,0.0,0.0,0.0
2024-04-22 00:00:00-04:00,33.20000076293945,33.380001068115234,33.060001373291016,33.27000045776367,31.109928131103516,2682100,0.0,0.0,0.0
2024-04-23 00:00:00-04:00,33.279998779296875,33.529998779296875,33.22999954223633,33.47999954223633,31.306299209594727,993500,0.0,0.0,0.0
2024-04-24 00:00:00-04:00,33.47999954223633,33.5099983215332,33.130001068115234,33.25,31.09122657775879,2521900,0.0,0.0,0.0
2024-04-25 00:00:00-04:00,33.0099983215332,33.310001373291016,32.880001068115234,33.2599983215332,31.100576400756836,2686000,0.0,0.0,0.0
2024-04-26 00:00:00-04:00,33.34000015258789,33.439998626708984,33.29999923706055,33.38999938964844,31.222139358520508,1638100,0.0,0.0,0.0
2024-04-29 00:00:00-04:00,33.459999084472656,33.5099983215332,33.27000045776367,33.40999984741211,31.240840911865234,743000,0.0,0.0,0.0
2024-04-30 00:00:00-04:00,33.31999969482422,33.38999938964844,33.02000045776367,33.02000045776367,30.876161575317383,2802400,0.0,0.0,0.0
2024-05-01 00:00:00-04:00,33.0,33.310001373291016,32.869998931884766,33.029998779296875,30.88551139831543,2707000,0.0,0.0,0.0
2024-05-02 00:00:00-04:00,33.119998931884766,33.290000915527344,32.970001220703125,33.18000030517578,31.025775909423828,1939400,0.0,0.0,0.0
2024-05-03 00:00:00-04:00,33.40999984741211,33.41999816894531,33.25,33.380001068115234,31.212783813476562,3843200,0.0,0.0,0.0
2024-05-06 00:00:00-04:00,33.5099983215332,33.86000061035156,33.5099983215332,33.86000061035156,31.661623001098633,2997500,0.0,0.0,0.0
2024-05-07 00:00:00-04:00,33.95000076293945,33.9900016784668,33.849998474121094,33.900001525878906,31.69902992248535,2556400,0.0,0.0,0.0
2024-05-08 00:00:00-04:00,33.52000045776367,33.849998474121094,33.4900016784668,33.83000183105469,31.633573532104492,2809800,0.0,0.0,0.0
2024-05-09 00:00:00-04:00,33.880001068115234,34.09000015258789,33.880001068115234,34.0099983215332,31.801881790161133,3161800,0.0,0.0,0.0
2024-05-10 00:00:00-04:00,34.11000061035156,34.13999938964844,33.88999938964844,33.91999816894531,31.717727661132812,2524400,0.0,0.0,0.0
2024-05-13 00:00:00-04:00,33.97999954223633,34.0,33.79999923706055,33.81999969482422,31.624225616455078,2050900,0.0,0.0,0.0
2024-05-14 00:00:00-04:00,33.880001068115234,33.900001525878906,33.709999084472656,33.810001373291016,31.614870071411133,2721400,0.0,0.0,0.0
2024-05-15 00:00:00-04:00,33.939998626708984,33.959999084472656,33.77000045776367,33.84000015258789,31.64292335510254,3406600,0.0,0.0,0.0
2024-05-16 00:00:00-04:00,33.88999938964844,33.93000030517578,33.81999969482422,33.86000061035156,31.661623001098633,2345900,0.0,0.0,0.0
2024-05-17 00:00:00-04:00,33.95000076293945,34.119998931884766,33.84000015258789,34.11000061035156,31.89539337158203,2128600,0.0,0.0,0.0
2024-05-21 00:00:00-04:00,34.130001068115234,34.2599983215332,33.9900016784668,34.11000061035156,31.89539337158203,1873000,0.0,0.0,0.0
2024-05-22 00:00:00-04:00,33.720001220703125,33.83000183105469,33.599998474121094,33.720001220703125,31.771957397460938,1343400,0.259,0.0,0.0
2024-05-23 00:00:00-04:00,33.849998474121094,33.86000061035156,33.40999984741211,33.5099983215332,31.574094772338867,3216100,0.0,0.0,0.0
2024-05-24 00:00:00-04:00,33.599998474121094,33.7400016784668,33.560001373291016,33.66999816894531,31.724843978881836,3192700,0.0,0.0,0.0
2024-05-27 00:00:00-04:00,33.63999938964844,33.7599983215332,33.63999938964844,33.70000076293945,31.753114700317383,465100,0.0,0.0,0.0
2024-05-28 00:00:00-04:00,33.630001068115234,33.63999938964844,33.439998626708984,33.52000045776367,31.583518981933594,1962200,0.0,0.0,0.0
2024-05-29 00:00:00-04:00,33.25,33.2599983215332,32.95000076293945,32.959999084472656,31.05586814880371,2670200,0.0,0.0,0.0
2024-05-30 00:00:00-04:00,33.040000915527344,33.33000183105469,33.040000915527344,33.290000915527344,31.366804122924805,4029400,0.0,0.0,0.0
2024-05-31 00:00:00-04:00,33.369998931884766,33.650001525878906,33.15999984741211,33.630001068115234,31.687162399291992,2539500,0.0,0.0,0.0
2024-06-03 00:00:00-04:00,33.58000183105469,33.70000076293945,33.22999954223633,33.400001525878906,31.470449447631836,2219100,0.0,0.0,0.0
2024-06-04 00:00:00-04:00,33.22999954223633,33.25,32.970001220703125,33.220001220703125,31.300853729248047,3618500,0.0,0.0,0.0
2024-06-05 00:00:00-04:00,33.33000183105469,33.5099983215332,33.290000915527344,33.43000030517578,31.498716354370117,2064200,0.0,0.0,0.0
2024-06-06 00:00:00-04:00,33.38999938964844,33.54999923706055,33.38999938964844,33.529998779296875,31.59293556213379,956100,0.0,0.0,0.0
2024-06-07 00:00:00-04:00,33.34000015258789,33.459999084472656,33.22999954223633,33.2400016784668,31.31969451904297,1794200,0.0,0.0,0.0
2024-06-10 00:00:00-04:00,33.22999954223633,33.349998474121094,33.150001525878906,33.29999923706055,31.376222610473633,881500,0.0,0.0,0.0
2024-06-11 00:00:00-04:00,33.13999938964844,33.15999984741211,32.93000030517578,33.029998779296875,31.121816635131836,2768100,0.0,0.0,0.0
2024-06-12 00:00:00-04:00,33.41999816894531,33.43000030517578,33.06999969482422,33.130001068115234,31.216045379638672,3310100,0.0,0.0,0.0
2024-06-13 00:00:00-04:00,33.040000915527344,33.04999923706055,32.689998626708984,32.720001220703125,30.829736709594727,4260600,0.0,0.0,0.0
2024-06-14 00:00:00-04:00,32.619998931884766,32.66999816894531,32.38999938964844,32.650001525878906,30.763776779174805,4054800,0.0,0.0,0.0
2024-06-17 00:00:00-04:00,32.56999969482422,32.619998931884766,32.41999816894531,32.599998474121094,30.716663360595703,3361100,0.0,0.0,0.0
2024-06-18 00:00:00-04:00,32.599998474121094,32.77000045776367,32.529998779296875,32.61000061035156,30.726083755493164,2673000,0.0,0.0,0.0
2024-06-19 00:00:00-04:00,32.5099983215332,32.65999984741211,32.400001525878906,32.459999084472656,30.58475112915039,1147800,0.0,0.0,0.0
2024-06-20 00:00:00-04:00,32.47999954223633,32.66999816894531,32.439998626708984,32.56999969482422,30.688398361206055,3201000,0.0,0.0,0.0
2024-06-21 00:00:00-04:00,32.4900016784668,32.61000061035156,32.45000076293945,32.54999923706055,30.669551849365234,3262300,0.0,0.0,0.0
2024-06-24 00:00:00-04:00,32.689998626708984,33.040000915527344,32.689998626708984,33.0,31.093563079833984,5459000,0.0,0.0,0.0
2024-06-25 00:00:00-04:00,32.869998931884766,32.970001220703125,32.7599983215332,32.91999816894531,31.018178939819336,2102600,0.0,0.0,0.0
2024-06-26 00:00:00-04:00,32.79999923706055,32.95000076293945,32.72999954223633,32.91999816894531,31.018178939819336,1550100,0.0,0.0,0.0
2024-06-27 00:00:00-04:00,32.939998626708984,33.13999938964844,32.900001525878906,33.13999938964844,31.225467681884766,3725700,0.0,0.0,0.0
2024-06-28 00:00:00-04:00,33.2400016784668,33.310001373291016,32.91999816894531,33.040000915527344,31.131244659423828,2718700,0.0,0.0,0.0
2024-07-02 00:00:00-04:00,33.0099983215332,33.15999984741211,32.91999816894531,33.13999938964844,31.225467681884766,1064700,0.0,0.0,0.0
2024-07-03 00:00:00-04:00,33.380001068115234,33.65999984741211,33.34000015258789,33.599998474121094,31.658891677856445,5436500,0.0,0.0,0.0
2024-07-04 00:00:00-04:00,33.58000183105469,33.70000076293945,33.54999923706055,33.59000015258789,31.649471282958984,387400,0.0,0.0,0.0
2024-07-05 00:00:00-04:00,33.72999954223633,33.72999954223633,33.34000015258789,33.349998474121094,31.42333221435547,1700300,0.0,0.0,0.0
2024-07-08 00:00:00-04:00,33.33000183105469,33.41999816894531,33.22999954223633,33.400001525878906,31.470449447631836,1118400,0.0,0.0,0.0
2024-07-09 00:00:00-04:00,33.36000061035156,33.40999984741211,33.2599983215332,33.310001373291016,31.38564682006836,1589800,0.0,0.0,0.0
2024-07-10 00:00:00-04:00,33.47999954223633,33.81999969482422,33.400001525878906,33.810001373291016,31.856767654418945,2799700,0.0,0.0,0.0
2024-07-11 00:00:00-04:00,33.880001068115234,34.119998931884766,33.849998474121094,34.04999923706055,32.0828971862793,1834000,0.0,0.0,0.0
2024-07-12 00:00:00-04:00,34.20000076293945,34.369998931884766,34.119998931884766,34.25,32.27134704589844,2477600,0.0,0.0,0.0
2024-07-15 00:00:00-04:00,34.2599983215332,34.47999954223633,34.15999984741211,34.369998931884766,32.38440704345703,1300400,0.0,0.0,0.0
2024-07-16 00:00:00-04:00,34.400001525878906,34.75,34.38999938964844,34.72999954223633,32.72361755371094,1075100,0.0,0.0,0.0
2024-07-17 00:00:00-04:00,34.560001373291016,34.66999816894531,34.470001220703125,34.560001373291016,32.56343078613281,2268700,0.0,0.0,0.0
2024-07-18 00:00:00-04:00,34.59000015258789,34.63999938964844,34.27000045776367,34.380001068115234,32.39383316040039,3932400,0.0,0.0,0.0
2024-07-19 00:00:00-04:00,34.25,34.470001220703125,34.20000076293945,34.349998474121094,32.365570068359375,1466700,0.0,0.0,0.0
2024-07-22 00:00:00-04:00,34.5,34.650001525878906,34.349998474121094,34.619998931884766,32.61996078491211,1309100,0.0,0.0,0.0
2024-07-23 00:00:00-04:00,34.540000915527344,34.599998474121094,34.45000076293945,34.4900016784668,32.49747848510742,823500,0.0,0.0,0.0
2024-07-24 00:00:00-04:00,34.43000030517578,34.5099983215332,34.25,34.2599983215332,32.280757904052734,2837900,0.0,0.0,0.0
2024-07-25 00:00:00-04:00,34.06999969482422,34.41999816894531,34.029998779296875,34.25,32.27134704589844,3694600,0.0,0.0,0.0
2024-07-26 00:00:00-04:00,34.439998626708984,34.619998931884766,34.40999984741211,34.54999923706055,32.554012298583984,2026600,0.0,0.0,0.0
2024-07-29 00:00:00-04:00,34.630001068115234,34.65999984741211,34.400001525878906,34.5099983215332,32.51631546020508,1315600,0.0,0.0,0.0
2024-07-30 00:00:00-04:00,34.529998779296875,34.709999084472656,34.5,34.619998931884766,32.61996078491211,3518500,0.0,0.0,0.0
2024-07-31 00:00:00-04:00,34.880001068115234,35.18000030517578,34.77000045776367,35.029998779296875,33.00628662109375,3309800,0.0,0.0,0.0
2024-08-01 00:00:00-04:00,34.880001068115234,35.04999923706055,34.310001373291016,34.459999084472656,32.46921157836914,5245300,0.0,0.0,0.0
2024-08-02 00:00:00-04:00,34.02000045776367,34.02000045776367,33.40999984741211,33.75,31.80022621154785,4370200,0.0,0.0,0.0
2024-08-06 00:00:00-04:00,32.95000076293945,33.5,32.88999938964844,33.36000061035156,31.432764053344727,3944200,0.0,0.0,0.0
2024-08-07 00:00:00-04:00,33.83000183105469,33.869998931884766,33.2400016784668,33.310001373291016,31.38564682006836,5088700,0.0,0.0,0.0
2024-08-08 00:00:00-04:00,33.5099983215332,33.959999084472656,33.439998626708984,33.849998474121094,31.89444923400879,3391100,0.0,0.0,0.0
2024-08-09 00:00:00-04:00,33.88999938964844,34.0099983215332,33.720001220703125,33.97999954223633,32.01693344116211,2135200,0.0,0.0,0.0
2024-08-12 00:00:00-04:00,34.099998474121094,34.16999816894531,33.959999084472656,34.08000183105469,32.11116409301758,1370400,0.0,0.0,0.0
2024-08-13 00:00:00-04:00,34.130001068115234,34.41999816894531,34.130001068115234,34.400001525878906,32.412681579589844,2217700,0.0,0.0,0.0
2024-08-14 00:00:00-04:00,34.41999816894531,34.630001068115234,34.38999938964844,34.61000061035156,32.61054611206055,1909000,0.0,0.0,0.0
2024-08-15 00:00:00-04:00,34.90999984741211,35.119998931884766,34.83000183105469,35.06999969482422,33.04397201538086,2194200,0.0,0.0,0.0
2024-08-16 00:00:00-04:00,35.02000045776367,35.119998931884766,35.0,35.099998474121094,33.072235107421875,825600,0.0,0.0,0.0
2024-08-19 00:00:00-04:00,35.099998474121094,35.31999969482422,35.099998474121094,35.189998626708984,33.15703582763672,890600,0.0,0.0,0.0
2024-08-20 00:00:00-04:00,35.220001220703125,35.220001220703125,34.9900016784668,35.060001373291016,33.034549713134766,873400,0.0,0.0,0.0
2024-08-21 00:00:00-04:00,35.18000030517578,35.189998626708984,35.060001373291016,35.16999816894531,33.13819122314453,1617500,0.0,0.0,0.0
2024-08-22 00:00:00-04:00,35.15999984741211,35.15999984741211,34.970001220703125,35.08000183105469,33.05339050292969,1888400,0.0,0.0,0.0
2024-08-23 00:00:00-04:00,35.29999923706055,35.52000045776367,35.2400016784668,35.41999816894531,33.37375259399414,1817600,0.0,0.0,0.0
2024-08-26 00:00:00-04:00,35.52000045776367,35.61000061035156,35.47999954223633,35.52000045776367,33.467979431152344,1326900,0.0,0.0,0.0
2024-08-27 00:00:00-04:00,35.08000183105469,35.220001220703125,35.02000045776367,35.11000061035156,33.331268310546875,1364900,0.266,0.0,0.0
2024-08-28 00:00:00-04:00,35.06999969482422,35.150001525878906,34.869998931884766,34.970001220703125,33.198360443115234,1620900,0.0,0.0,0.0
2024-08-29 00:00:00-04:00,35.119998931884766,35.310001373291016,35.06999969482422,35.130001068115234,33.350257873535156,1121300,0.0,0.0,0.0
2024-08-30 00:00:00-04:00,35.130001068115234,35.349998474121094,35.060001373291016,35.310001373291016,33.52113723754883,1646200,0.0,0.0,0.0
2024-09-03 00:00:00-04:00,35.15999984741211,35.18000030517578,34.86000061035156,34.9900016784668,33.21735382080078,1659300,0.0,0.0,0.0
2024-09-04 00:00:00-04:00,34.86000061035156,35.150001525878906,34.849998474121094,34.9900016784668,33.21735382080078,1653200,0.0,0.0,0.0
2024-09-05 00:00:00-04:00,35.11000061035156,35.189998626708984,34.88999938964844,34.91999816894531,33.15089416503906,1374700,0.0,0.0,0.0
2024-09-06 00:00:00-04:00,34.939998626708984,35.150001525878906,34.5,34.650001525878906,32.89457321166992,2347700,0.0,0.0,0.0
2024-09-09 00:00:00-04:00,34.90999984741211,35.13999938964844,34.88999938964844,35.09000015258789,33.312278747558594,2833100,0.0,0.0,0.0
2024-09-10 00:00:00-04:00,35.040000915527344,35.06999969482422,34.70000076293945,34.97999954223633,33.20785140991211,2975800,0.0,0.0,0.0
2024-09-11 00:00:00-04:00,35.02000045776367,35.31999969482422,34.72999954223633,35.290000915527344,33.50215148925781,2125600,0.0,0.0,0.0
2024-09-12 00:00:00-04:00,35.439998626708984,35.65999984741211,35.34000015258789,35.65999984741211,33.8534049987793,2605100,0.0,0.0,0.0
2024-09-13 00:00:00-04:00,35.79999923706055,35.90999984741211,35.75,35.779998779296875,33.967323303222656,1187100,0.0,0.0,0.0
2024-09-16 00:00:00-04:00,35.90999984741211,36.029998779296875,35.7599983215332,36.0,34.176177978515625,2161700,0.0,0.0,0.0
2024-09-17 00:00:00-04:00,36.130001068115234,36.130001068115234,35.81999969482422,35.90999984741211,34.09074401855469,1577300,0.0,0.0,0.0
2024-09-18 00:00:00-04:00,35.90999984741211,36.040000915527344,35.7400016784668,35.779998779296875,33.967323303222656,3639200,0.0,0.0,0.0
2024-09-19 00:00:00-04:00,36.290000915527344,36.29999923706055,35.970001220703125,36.189998626708984,34.35655212402344,2658800,0.0,0.0,0.0
2024-09-20 00:00:00-04:00,36.15999984741211,36.220001220703125,35.9900016784668,36.20000076293945,34.366050720214844,2065200,0.0,0.0,0.0
2024-09-23 00:00:00-04:00,36.209999084472656,36.33000183105469,36.11000061035156,36.27000045776367,34.4324951171875,2438000,0.0,0.0,0.0
2024-09-24 00:00:00-04:00,36.400001525878906,36.41999816894531,36.2599983215332,36.279998779296875,34.441993713378906,2328300,0.0,0.0,0.0
2024-09-25 00:00:00-04:00,36.29999923706055,36.33000183105469,36.18000030517578,36.209999084472656,34.37553787231445,1313800,0.0,0.0,0.0
2024-09-26 00:00:00-04:00,36.310001373291016,36.52000045776367,36.310001373291016,36.400001525878906,34.55591583251953,3503700,0.0,0.0,0.0
2024-09-27 00:00:00-04:00,36.459999084472656,36.52000045776367,36.349998474121094,36.36000061035156,34.5179443359375,1127500,0.0,0.0,0.0
2024-09-30 00:00:00-04:00,36.29999923706055,36.45000076293945,36.15999984741211,36.38999938964844,34.54642105102539,1599200,0.0,0.0,0.0
2024-10-01 00:00:00-04:00,36.40999984741211,36.5,36.209999084472656,36.41999816894531,34.574893951416016,2694000,0.0,0.0,0.0
2024-10-02 00:00:00-04:00,36.470001220703125,36.56999969482422,36.310001373291016,36.40999984741211,34.565406799316406,1882400,0.0,0.0,0.0
2024-10-03 00:00:00-04:00,36.310001373291016,36.349998474121094,36.119998931884766,36.310001373291016,34.47047424316406,2244900,0.0,0.0,0.0
2024-10-04 00:00:00-04:00,36.459999084472656,36.630001068115234,36.41999816894531,36.599998474121094,34.74578094482422,3488700,0.0,0.0,0.0
2024-10-07 00:00:00-04:00,36.56999969482422,36.65999984741211,36.369998931884766,36.529998779296875,34.6793212890625,1998400,0.0,0.0,0.0
2024-10-08 00:00:00-04:00,36.470001220703125,36.54999923706055,36.36000061035156,36.5099983215332,34.660343170166016,1362400,0.0,0.0,0.0
2024-10-09 00:00:00-04:00,36.439998626708984,36.779998779296875,36.43000030517578,36.75,34.888187408447266,2397600,0.0,0.0,0.0
2024-10-10 00:00:00-04:00,36.70000076293945,36.88999938964844,36.619998931884766,36.84000015258789,34.97362518310547,2879100,0.0,0.0,0.0
2024-10-11 00:00:00-04:00,36.86000061035156,37.20000076293945,36.86000061035156,37.099998474121094,35.22045135498047,1858100,0.0,0.0,0.0
2024-10-15 00:00:00-04:00,37.040000915527344,37.130001068115234,36.91999816894531,37.04999923706055,35.17298889160156,1463400,0.0,0.0,0.0
2024-10-16 00:00:00-04:00,37.119998931884766,37.310001373291016,37.119998931884766,37.25,35.36284637451172,1425400,0.0,0.0,0.0
2024-10-17 00:00:00-04:00,37.400001525878906,37.4900016784668,37.349998474121094,37.47999954223633,35.581199645996094,1477400,0.0,0.0,0.0
2024-10-18 00:00:00-04:00,37.5099983215332,37.689998626708984,37.459999084472656,37.650001525878906,35.742591857910156,1460400,0.0,0.0,0.0
2024-10-21 00:00:00-04:00,37.68000030517578,37.790000915527344,37.41999816894531,37.47999954223633,35.581199645996094,2907800,0.0,0.0,0.0
2024-10-22 00:00:00-04:00,37.369998931884766,37.470001220703125,37.220001220703125,37.43000030517578,35.53373718261719,1136500,0.0,0.0,0.0
2024-10-23 00:00:00-04:00,37.349998474121094,37.470001220703125,37.09000015258789,37.2599983215332,35.37234115600586,1220700,0.0,0.0,0.0
2024-10-24 00:00:00-04:00,37.34000015258789,37.36000061035156,36.970001220703125,37.22999954223633,35.3438720703125,2186200,0.0,0.0,0.0
2024-10-25 00:00:00-04:00,37.27000045776367,37.33000183105469,37.04999923706055,37.09000015258789,35.21095657348633,1202500,0.0,0.0,0.0
2024-10-28 00:00:00-04:00,37.040000915527344,37.349998474121094,37.0099983215332,37.290000915527344,35.40082550048828,904200,0.0,0.0,0.0
2024-10-29 00:00:00-04:00,37.22999954223633,37.310001373291016,37.11000061035156,37.2400016784668,35.353363037109375,1316000,0.0,0.0,0.0
2024-10-30 00:00:00-04:00,37.11000061035156,37.279998779296875,37.04999923706055,37.18000030517578,35.29640197753906,1621100,0.0,0.0,0.0
2024-10-31 00:00:00-04:00,37.04999923706055,37.060001373291016,36.56999969482422,36.66999816894531,34.812232971191406,4101800,0.0,0.0,0.0
2024-11-01 00:00:00-04:00,36.849998474121094,36.970001220703125,36.709999084472656,36.77000045776367,34.907169342041016,1875100,0.0,0.0,0.0
2024-11-04 00:00:00-05:00,36.81999969482422,36.90999984741211,36.619998931884766,36.779998779296875,34.91666030883789,1310500,0.0,0.0,0.0
2024-11-05 00:00:00-05:00,36.79999923706055,37.0,36.75,36.9900016784668,35.11602020263672,1180500,0.0,0.0,0.0
2024-11-06 00:00:00-05:00,37.2400016784668,37.43000030517578,36.90999984741211,37.400001525878906,35.50525665283203,3379800,0.0,0.0,0.0
2024-11-07 00:00:00-05:00,37.4900016784668,37.72999954223633,37.41999816894531,37.68000030517578,35.77107238769531,2053600,0.0,0.0,0.0
2024-11-08 00:00:00-05:00,37.599998474121094,37.61000061035156,37.459999084472656,37.61000061035156,35.704612731933594,1272900,0.0,0.0,0.0
2024-11-11 00:00:00-05:00,37.75,37.869998931884766,37.66999816894531,37.70000076293945,35.79005813598633,1552700,0.0,0.0,0.0
2024-11-12 00:00:00-05:00,37.970001220703125,38.130001068115234,37.86000061035156,37.970001220703125,36.04637908935547,2549400,0.0,0.0,0.0
2024-11-13 00:00:00-05:00,38.04999923706055,38.15999984741211,37.90999984741211,38.130001068115234,36.19826889038086,1374300,0.0,0.0,0.0
2024-11-14 00:00:00-05:00,38.349998474121094,38.43000030517578,38.130001068115234,38.20000076293945,36.26472091674805,4454400,0.0,0.0,0.0
2024-11-15 00:00:00-05:00,38.099998474121094,38.130001068115234,37.84000015258789,37.970001220703125,36.04637908935547,1925400,0.0,0.0,0.0
2024-11-18 00:00:00-05:00,38.029998779296875,38.189998626708984,37.970001220703125,38.040000915527344,36.112831115722656,890600,0.0,0.0,0.0
2024-11-19 00:00:00-05:00,37.75,38.08000183105469,37.70000076293945,38.06999969482422,36.14131546020508,1932200,0.0,0.0,0.0
2024-11-20 00:00:00-05:00,38.119998931884766,38.13999938964844,37.869998931884766,38.06999969482422,36.14131546020508,2388100,0.0,0.0,0.0
2024-11-21 00:00:00-05:00,37.849998474121094,38.33000183105469,37.709999084472656,38.29999923706055,36.66300964355469,3379100,0.315,0.0,0.0
2024-11-22 00:00:00-05:00,38.33000183105469,38.45000076293945,38.2400016784668,38.40999984741211,36.76831817626953,2685000,0.0,0.0,0.0
2024-11-25 00:00:00-05:00,38.459999084472656,38.58000183105469,38.34000015258789,38.369998931884766,36.73002624511719,2063500,0.0,0.0,0.0
2024-11-26 00:00:00-05:00,38.2400016784668,38.439998626708984,38.189998626708984,38.400001525878906,36.75873947143555,1601200,0.0,0.0,0.0
2024-11-27 00:00:00-05:00,38.400001525878906,38.58000183105469,38.369998931884766,38.540000915527344,36.89276123046875,1138500,0.0,0.0,0.0
2024-11-28 00:00:00-05:00,38.529998779296875,38.70000076293945,38.529998779296875,38.650001525878906,36.9980583190918,398600,0.0,0.0,0.0
2024-11-29 00:00:00-05:00,38.599998474121094,38.849998474121094,38.560001373291016,38.779998779296875,37.12249755859375,3757000,0.0,0.0,0.0
2024-12-02 00:00:00-05:00,38.86000061035156,38.90999984741211,38.560001373291016,38.72999954223633,37.07463836669922,2248300,0.0,0.0,0.0
2024-12-03 00:00:00-05:00,38.7599983215332,38.90999984741211,38.689998626708984,38.7400016784668,37.08421325683594,1542000,0.0,0.0,0.0
2024-12-04 00:00:00-05:00,38.83000183105469,38.95000076293945,38.650001525878906,38.7400016784668,37.08421325683594,2064600,0.0,0.0,0.0
2024-12-05 00:00:00-05:00,38.61000061035156,38.91999816894531,38.61000061035156,38.79999923706055,37.14164352416992,903100,0.0,0.0,0.0
2024-12-06 00:00:00-05:00,38.95000076293945,39.060001373291016,38.84000015258789,38.84000015258789,37.17993927001953,762300,0.0,0.0,0.0
2024-12-09 00:00:00-05:00,38.97999954223633,39.040000915527344,38.720001220703125,38.7400016784668,37.08421325683594,1553800,0.0,0.0,0.0
2024-12-10 00:00:00-05:00,38.72999954223633,38.7400016784668,38.56999969482422,38.59000015258789,36.94062042236328,2078200,0.0,0.0,0.0
2024-12-11 00:00:00-05:00,38.72999954223633,38.849998474121094,38.630001068115234,38.83000183105469,37.17036819458008,1436000,0.0,0.0,0.0
2024-12-12 00:00:00-05:00,38.70000076293945,38.720001220703125,38.40999984741211,38.439998626708984,36.797027587890625,2510700,0.0,0.0,0.0
2024-12-13 00:00:00-05:00,38.470001220703125,38.470001220703125,38.209999084472656,38.27000045776367,36.63430404663086,2282800,0.0,0.0,0.0
2024-12-16 00:00:00-05:00,38.27000045776367,38.27000045776367,38.08000183105469,38.099998474121094,36.47156524658203,1723400,0.0,0.0,0.0
2024-12-17 00:00:00-05:00,37.9900016784668,38.11000061035156,37.91999816894531,38.09000015258789,36.46199035644531,3031700,0.0,0.0,0.0
2024-12-18 00:00:00-05:00,38.04999923706055,38.06999969482422,37.15999984741211,37.22999954223633,35.638755798339844,5660300,0.0,0.0,0.0
2024-12-19 00:00:00-05:00,37.34000015258789,37.36000061035156,36.97999954223633,37.0,35.4185791015625,4927900,0.0,0.0,0.0
2024-12-20 00:00:00-05:00,36.75,37.45000076293945,36.72999954223633,37.2599983215332,35.66746139526367,31832200,0.0,0.0,0.0
2024-12-23 00:00:00-05:00,37.220001220703125,37.5,37.130001068115234,37.5,35.897212982177734,2273100,0.0,0.0,0.0
2024-12-24 00:00:00-05:00,37.5099983215332,37.619998931884766,37.34000015258789,37.619998931884766,36.0120849609375,883200,0.0,0.0,0.0
2024-12-27 00:00:00-05:00,37.5099983215332,37.68000030517578,37.41999816894531,37.56999969482422,35.96421432495117,1172700,0.0,0.0,0.0
2024-12-30 00:00:00-05:00,37.31999969482422,37.40999984741211,37.099998474121094,37.29999923706055,35.70575714111328,2528500,0.0,0.0,0.0
2024-12-31 00:00:00-05:00,37.41999816894531,37.529998779296875,37.380001068115234,37.470001220703125,35.868492126464844,3793000,0.0,0.0,0.0
2025-01-02 00:00:00-05:00,37.70000076293945,37.869998931884766,37.5099983215332,37.70000076293945,36.08866500854492,2197200,0.0,0.0,0.0
2025-01-03 00:00:00-05:00,37.88999938964844,38.0099983215332,37.790000915527344,37.970001220703125,36.34712600708008,1623800,0.0,0.0,0.0
2025-01-06 00:00:00-05:00,38.20000076293945,38.209999084472656,37.81999969482422,37.88999938964844,36.27054214477539,2096500,0.0,0.0,0.0
2025-01-07 00:00:00-05:00,38.099998474121094,38.20000076293945,37.689998626708984,37.779998779296875,36.16524124145508,3782600,0.0,0.0,0.0
2025-01-08 00:00:00-05:00,37.75,38.040000915527344,37.709999084472656,38.029998779296875,36.40455627441406,2756200,0.0,0.0,0.0
2025-01-09 00:00:00-05:00,38.02000045776367,38.08000183105469,37.959999084472656,38.04999923706055,36.42369842529297,1896300,0.0,0.0,0.0
2025-01-10 00:00:00-05:00,37.880001068115234,37.880001068115234,37.40999984741211,37.5099983215332,35.90678024291992,3499400,0.0,0.0,0.0
2025-01-13 00:00:00-05:00,37.220001220703125,37.40999984741211,37.189998626708984,37.2400016784668,35.6483268737793,4251800,0.0,0.0,0.0
2025-01-14 00:00:00-05:00,37.279998779296875,37.34000015258789,37.06999969482422,37.27000045776367,35.677040100097656,2503400,0.0,0.0,0.0
2025-01-15 00:00:00-05:00,37.63999938964844,37.72999954223633,37.52000045776367,37.599998474121094,35.99293518066406,3184300,0.0,0.0,0.0
2025-01-16 00:00:00-05:00,37.68000030517578,37.77000045776367,37.56999969482422,37.709999084472656,36.09823226928711,1419800,0.0,0.0,0.0
2025-01-17 00:00:00-05:00,37.93000030517578,38.119998931884766,37.869998931884766,38.08000183105469,36.452423095703125,2101000,0.0,0.0,0.0
2025-01-20 00:00:00-05:00,38.099998474121094,38.36000061035156,38.06999969482422,38.18000030517578,36.54814147949219,1433100,0.0,0.0,0.0
2025-01-21 00:00:00-05:00,38.150001525878906,38.459999084472656,38.13999938964844,38.400001525878906,36.75873947143555,2704000,0.0,0.0,0.0
2025-01-22 00:00:00-05:00,38.5,38.529998779296875,38.400001525878906,38.40999984741211,36.76831817626953,2298900,0.0,0.0,0.0
2025-01-23 00:00:00-05:00,38.470001220703125,38.65999984741211,38.470001220703125,38.63999938964844,36.988487243652344,2008600,0.0,0.0,0.0
2025-01-24 00:00:00-05:00,38.63999938964844,38.75,38.58000183105469,38.70000076293945,37.04591751098633,1747300,0.0,0.0,0.0
2025-01-27 00:00:00-05:00,38.439998626708984,38.630001068115234,38.41999816894531,38.630001068115234,36.978912353515625,1379900,0.0,0.0,0.0
2025-01-28 00:00:00-05:00,38.68000030517578,38.880001068115234,38.61000061035156,38.849998474121094,37.189510345458984,3086200,0.0,0.0,0.0
2025-01-29 00:00:00-05:00,38.86000061035156,39.06999969482422,38.77000045776367,38.939998626708984,37.275657653808594,2071600,0.0,0.0,0.0
2025-01-30 00:00:00-05:00,39.15999984741211,39.54999923706055,39.15999984741211,39.43000030517578,37.744720458984375,4768100,0.0,0.0,0.0
2025-01-31 00:00:00-05:00,39.470001220703125,39.54999923706055,39.02000045776367,39.040000915527344,37.37138748168945,4264000,0.0,0.0,0.0
2025-02-03 00:00:00-05:00,38.25,38.77000045776367,38.09000015258789,38.560001373291016,36.911903381347656,11725900,0.0,0.0,0.0
2025-02-04 00:00:00-05:00,38.54999923706055,38.83000183105469,38.5099983215332,38.5099983215332,36.864036560058594,3657100,0.0,0.0,0.0
2025-02-05 00:00:00-05:00,38.59000015258789,38.939998626708984,38.529998779296875,38.93000030517578,37.26609420776367,3101600,0.0,0.0,0.0
2025-02-06 00:00:00-05:00,39.09000015258789,39.16999816894531,38.709999084472656,38.88999938964844,37.22779846191406,1837700,0.0,0.0,0.0
2025-02-07 00:00:00-05:00,38.93000030517578,38.93000030517578,38.650001525878906,38.7400016784668,37.08421325683594,2318000,0.0,0.0,0.0
2025-02-10 00:00:00-05:00,39.130001068115234,39.20000076293945,39.029998779296875,39.06999969482422,37.40010452270508,5337500,0.0,0.0,0.0
2025-02-11 00:00:00-05:00,38.97999954223633,39.16999816894531,38.810001373291016,39.11000061035156,37.43840026855469,2005100,0.0,0.0,0.0
2025-02-12 00:00:00-05:00,38.849998474121094,39.04999923706055,38.790000915527344,38.95000076293945,37.285240173339844,2658300,0.0,0.0,0.0
2025-02-13 00:00:00-05:00,38.9900016784668,39.220001220703125,38.970001220703125,39.20000076293945,37.52455139160156,3118100,0.0,0.0,0.0
2025-02-14 00:00:00-05:00,39.189998626708984,39.209999084472656,38.84000015258789,38.869998931884766,37.208648681640625,4008800,0.0,0.0,0.0
2025-02-18 00:00:00-05:00,38.88999938964844,39.150001525878906,38.7400016784668,39.130001068115234,37.457542419433594,2986500,0.0,0.0,0.0
2025-02-19 00:00:00-05:00,38.97999954223633,39.08000183105469,38.77000045776367,39.04999923706055,37.38096237182617,1866000,0.0,0.0,0.0
2025-02-20 00:00:00-05:00,39.040000915527344,39.09000015258789,38.779998779296875,38.88999938964844,37.22779846191406,2515900,0.0,0.0,0.0
2025-02-21 00:00:00-05:00,38.95000076293945,38.95000076293945,38.36000061035156,38.38999938964844,36.749168395996094,3340200,0.0,0.0,0.0
2025-02-24 00:00:00-05:00,38.4900016784668,38.54999923706055,38.2400016784668,38.38999938964844,36.749168395996094,5365500,0.0,0.0,0.0
2025-02-25 00:00:00-05:00,38.209999084472656,38.31999969482422,37.81999969482422,38.22999954223633,36.86004638671875,5045500,0.275,0.0,0.0
2025-02-26 00:00:00-05:00,38.29999923706055,38.54999923706055,38.18000030517578,38.400001525878906,37.023956298828125,4741600,0.0,0.0,0.0
2025-02-27 00:00:00-05:00,38.459999084472656,38.5099983215332,38.119998931884766,38.130001068115234,36.763633728027344,4545300,0.0,0.0,0.0
2025-02-28 00:00:00-05:00,38.029998779296875,38.599998474121094,37.93000030517578,38.59000015258789,37.207149505615234,4811700,0.0,0.0,0.0
2025-03-03 00:00:00-05:00,38.720001220703125,38.83000183105469,37.849998474121094,38.029998779296875,36.66721725463867,6242600,0.0,0.0,0.0
2025-03-04 00:00:00-05:00,37.5,37.709999084472656,37.02000045776367,37.31999969482422,35.982662200927734,8236000,0.0,0.0,0.0
2025-03-05 00:00:00-05:00,37.2599983215332,37.77000045776367,37.2400016784668,37.7400016784668,36.387611389160156,5596900,0.0,0.0,0.0
2025-03-06 00:00:00-05:00,37.380001068115234,37.720001220703125,37.18000030517578,37.33000183105469,35.992305755615234,7206400,0.0,0.0,0.0
2025-03-07 00:00:00-05:00,37.25,37.70000076293945,37.13999938964844,37.61000061035156,36.262264251708984,5885100,0.0,0.0,0.0
2025-03-10 00:00:00-04:00,37.20000076293945,37.349998474121094,36.900001525878906,37.099998474121094,35.77054214477539,6473300,0.0,0.0,0.0
2025-03-11 00:00:00-04:00,37.04999923706055,37.2400016784668,36.66999816894531,36.779998779296875,35.46200942993164,9246100,0.0,0.0,0.0
2025-03-12 00:00:00-04:00,36.970001220703125,37.18000030517578,36.72999954223633,37.02000045776367,35.69340896606445,4703900,0.0,0.0,0.0
2025-03-13 00:00:00-04:00,36.95000076293945,37.060001373291016,36.56999969482422,36.650001525878906,35.336669921875,6243800,0.0,0.0,0.0
2025-03-14 00:00:00-04:00,36.90999984741211,37.25,36.79999923706055,37.2400016784668,35.9055290222168,3419600,0.0,0.0,0.0
2025-03-17 00:00:00-04:00,37.2599983215332,37.599998474121094,37.2400016784668,37.54999923706055,36.20441818237305,2953500,0.0,0.0,0.0
2025-03-18 00:00:00-04:00,37.560001373291016,37.560001373291016,37.189998626708984,37.41999816894531,36.07907485961914,4515700,0.0,0.0,0.0
2025-03-19 00:00:00-04:00,37.58000183105469,38.06999969482422,37.54999923706055,37.97999954223633,36.6190071105957,4129000,0.0,0.0,0.0
2025-03-20 00:00:00-04:00,37.79999923706055,38.150001525878906,37.75,37.95000076293945,36.59008026123047,2198000,0.0,0.0,0.0
2025-03-21 00:00:00-04:00,37.7599983215332,37.869998931884766,37.56999969482422,37.849998474121094,36.49366760253906,2651100,0.0,0.0,0.0
2025-03-24 00:00:00-04:00,38.09000015258789,38.470001220703125,38.06999969482422,38.400001525878906,37.023956298828125,2934600,0.0,0.0,0.0
2025-03-25 00:00:00-04:00,38.5,38.63999938964844,38.38999938964844,38.43000030517578,37.05288314819336,2633700,0.0,0.0,0.0
2025-03-26 00:00:00-04:00,38.439998626708984,38.540000915527344,38.06999969482422,38.15999984741211,36.79255676269531,1920900,0.0,0.0,0.0
2025-03-27 00:00:00-04:00,38.08000183105469,38.22999954223633,37.97999954223633,38.15999984741211,36.79255676269531,2487200,0.0,0.0,0.0
2025-03-28 00:00:00-04:00,38.029998779296875,38.060001373291016,37.52000045776367,37.54999923706055,36.20441818237305,3866100,0.0,0.0,0.0
2025-03-31 00:00:00-04:00,37.279998779296875,37.970001220703125,37.25,37.869998931884766,36.51294708251953,4700400,0.0,0.0,0.0
2025-04-01 00:00:00-04:00,37.849998474121094,38.099998474121094,37.560001373291016,38.029998779296875,36.66721725463867,5452800,0.0,0.0,0.0
2025-04-02 00:00:00-04:00,37.70000076293945,38.470001220703125,37.619998931884766,38.459999084472656,37.08180618286133,5308800,0.0,0.0,0.0
2025-04-03 00:00:00-04:00,37.209999084472656,37.59000015258789,36.97999954223633,37.0099983215332,35.68376541137695,9803600,0.0,0.0,0.0
2025-04-04 00:00:00-04:00,36.290000915527344,36.369998931884766,35.06999969482422,35.349998474121094,34.083255767822266,16734800,0.0,0.0,0.0
2025-04-07 00:00:00-04:00,34.31999969482422,35.810001373291016,33.91999816894531,34.849998474121094,33.60116958618164,16288400,0.0,0.0,0.0
2025-04-08 00:00:00-04:00,35.59000015258789,35.66999816894531,34.040000915527344,34.310001373291016,33.08052444458008,15655200,0.0,0.0,0.0
2025-04-09 00:00:00-04:00,34.029998779296875,36.20000076293945,33.869998931884766,36.08000183105469,34.78709411621094,18967700,0.0,0.0,0.0
2025-04-10 00:00:00-04:00,35.599998474121094,35.599998474121094,34.5,35.029998779296875,33.774723052978516,17926600,0.0,0.0,0.0
2025-04-11 00:00:00-04:00,35.02000045776367,35.970001220703125,34.97999954223633,35.869998931884766,34.58462142944336,9706400,0.0,0.0,0.0
2025-04-14 00:00:00-04:00,36.220001220703125,36.41999816894531,35.970001220703125,36.2599983215332,34.96064376831055,4946400,0.0,0.0,0.0
2025-04-15 00:00:00-04:00,36.349998474121094,36.63999938964844,36.29999923706055,36.58000183105469,35.2691764831543,4539000,0.0,0.0,0.0
2025-04-16 00:00:00-04:00,36.54999923706055,36.790000915527344,36.27000045776367,36.560001373291016,35.24989700317383,5499100,0.0,0.0,0.0
2025-04-17 00:00:00-04:00,36.650001525878906,36.90999984741211,36.52000045776367,36.720001220703125,35.40415954589844,5226000,0.0,0.0,0.0
2025-04-21 00:00:00-04:00,36.65999984741211,36.72999954223633,36.20000076293945,36.47999954223633,35.172760009765625,3830800,0.0,0.0,0.0
2025-04-22 00:00:00-04:00,36.84000015258789,37.13999938964844,36.79999923706055,37.02000045776367,35.69340896606445,4738800,0.0,0.0,0.0
2025-04-23 00:00:00-04:00,37.41999816894531,37.58000183105469,37.16999816894531,37.2400016784668,35.9055290222168,5995700,0.0,0.0,0.0
2025-04-24 00:00:00-04:00,37.31999969482422,37.63999938964844,37.22999954223633,37.619998931884766,36.27191162109375,1550900,0.0,0.0,0.0
2025-04-25 00:00:00-04:00,37.560001373291016,37.65999984741211,37.45000076293945,37.619998931884766,36.27191162109375,2993000,0.0,0.0,0.0
2025-04-28 00:00:00-04:00,37.63999938964844,37.849998474121094,37.63999938964844,37.779998779296875,36.42617416381836,1854300,0.0,0.0,0.0
2025-04-29 00:00:00-04:00,37.790000915527344,37.9900016784668,37.72999954223633,37.93000030517578,36.57080078125,3609500,0.0,0.0,0.0
2025-04-30 00:00:00-04:00,37.709999084472656,37.900001525878906,37.369998931884766,37.84000015258789,36.48402786254883,4058900,0.0,0.0,0.0
2025-05-01 00:00:00-04:00,37.869998931884766,38.119998931884766,37.7599983215332,37.84000015258789,36.48402786254883,2937700,0.0,0.0,0.0
2025-05-02 00:00:00-04:00,38.130001068115234,38.220001220703125,37.939998626708984,38.189998626708984,36.82147979736328,2381500,0.0,0.0,0.0
2025-05-05 00:00:00-04:00,38.060001373291016,38.2599983215332,38.0,38.09000015258789,36.72506332397461,1803900,0.0,0.0,0.0
2025-05-06 00:00:00-04:00,38.0099983215332,38.150001525878906,37.90999984741211,38.02000045776367,36.65757751464844,2168200,0.0,0.0,0.0
2025-05-07 00:00:00-04:00,38.09000015258789,38.349998474121094,38.04999923706055,38.290000915527344,36.91790008544922,5619700,0.0,0.0,0.0
2025-05-08 00:00:00-04:00,38.349998474121094,38.65999984741211,38.279998779296875,38.459999084472656,37.08180618286133,4546100,0.0,0.0,0.0
2025-05-09 00:00:00-04:00,38.68000030517578,38.70000076293945,38.38999938964844,38.54999923706055,37.1685791015625,2226800,0.0,0.0,0.0
2025-05-12 00:00:00-04:00,39.16999816894531,39.20000076293945,38.810001373291016,38.900001525878906,37.506038665771484,3710000,0.0,0.0,0.0
2025-05-13 00:00:00-04:00,39.0,39.13999938964844,38.95000076293945,39.0,37.60245895385742,2439300,0.0,0.0,0.0
2025-05-14 00:00:00-04:00,38.970001220703125,39.16999816894531,38.91999816894531,39.13999938964844,37.73744201660156,2715600,0.0,0.0,0.0
2025-05-15 00:00:00-04:00,39.150001525878906,39.5,39.150001525878906,39.5,38.084537506103516,4011400,0.0,0.0,0.0
2025-05-16 00:00:00-04:00,39.470001220703125,39.63999938964844,39.400001525878906,39.599998474121094,38.18095779418945,3732400,0.0,0.0,0.0
2025-05-20 00:00:00-04:00,39.66999816894531,39.790000915527344,39.56999969482422,39.689998626708984,38.267730712890625,2396900,0.0,0.0,0.0
2025-05-21 00:00:00-04:00,39.4900016784668,39.54999923706055,39.18000030517578,39.290000915527344,37.88206481933594,5156400,0.0,0.0,0.0
2025-05-22 00:00:00-04:00,38.939998626708984,39.209999084472656,38.93000030517578,39.09000015258789,37.951969146728516,4335400,0.272,0.0,0.0
2025-05-23 00:00:00-04:00,38.81999969482422,39.150001525878906,38.79999923706055,39.060001373291016,37.922847747802734,5540700,0.0,0.0,0.0
2025-05-26 00:00:00-04:00,39.22999954223633,39.40999984741211,39.20000076293945,39.349998474121094,38.20439910888672,1094700,0.0,0.0,0.0
2025-05-27 00:00:00-04:00,39.369998931884766,39.709999084472656,39.31999969482422,39.65999984741211,38.505374908447266,3162300,0.0,0.0,0.0
2025-05-28 00:00:00-04:00,39.650001525878906,39.77000045776367,39.599998474121094,39.68000030517578,38.52479553222656,2124100,0.0,0.0,0.0
2025-05-29 00:00:00-04:00,39.869998931884766,39.880001068115234,39.470001220703125,39.58000183105469,38.42770767211914,1404600,0.0,0.0,0.0
2025-05-30 00:00:00-04:00,39.5099983215332,39.599998474121094,39.33000183105469,39.529998779296875,38.3791618347168,3071900,0.0,0.0,0.0
2025-06-02 00:00:00-04:00,39.599998474121094,39.91999816894531,39.4900016784668,39.880001068115234,38.71896743774414,2840400,0.0,0.0,0.0
2025-06-03 00:00:00-04:00,39.77000045776367,39.93000030517578,39.72999954223633,39.84000015258789,38.680137634277344,1608800,0.0,0.0,0.0
2025-06-04 00:00:00-04:00,39.849998474121094,39.880001068115234,39.61000061035156,39.66999816894531,38.51508331298828,994900,0.0,0.0,0.0
2025-06-05 00:00:00-04:00,39.7400016784668,39.79999923706055,39.619998931884766,39.66999816894531,38.51508331298828,4271100,0.0,0.0,0.0
2025-06-06 00:00:00-04:00,39.88999938964844,39.959999084472656,39.77000045776367,39.81999969482422,38.66071701049805,2140100,0.0,0.0,0.0
2025-06-09 00:00:00-04:00,39.84000015258789,39.849998474121094,39.650001525878906,39.689998626708984,38.53450393676758,1727200,0.0,0.0,0.0
2025-06-10 00:00:00-04:00,39.79999923706055,39.849998474121094,39.689998626708984,39.79999923706055,38.64129638671875,1555400,0.0,0.0,0.0
2025-06-11 00:00:00-04:00,39.88999938964844,40.04999923706055,39.84000015258789,39.959999084472656,38.79663848876953,1347100,0.0,0.0,0.0
2025-06-12 00:00:00-04:00,39.90999984741211,40.060001373291016,39.869998931884766,40.040000915527344,38.87431335449219,2116500,0.0,0.0,0.0
2025-06-13 00:00:00-04:00,40.0099983215332,40.029998779296875,39.810001373291016,39.880001068115234,38.71896743774414,3585600,0.0,0.0,0.0
2025-06-16 00:00:00-04:00,40.040000915527344,40.18000030517578,39.959999084472656,40.0,38.83547592163086,2846200,0.0,0.0,0.0
2025-06-17 00:00:00-04:00,39.9900016784668,40.0099983215332,39.79999923706055,39.90999984741211,38.74809646606445,2106200,0.0,0.0,0.0
2025-06-18 00:00:00-04:00,40.04999923706055,40.04999923706055,39.88999938964844,39.93000030517578,38.76751708984375,2146700,0.0,0.0,0.0
2025-06-19 00:00:00-04:00,39.779998779296875,39.880001068115234,39.709999084472656,39.849998474121094,38.68984603881836,1098400,0.0,0.0,0.0
2025-06-20 00:00:00-04:00,40.11000061035156,40.11000061035156,39.779998779296875,39.83000183105469,38.67042922973633,3268200,0.0,0.0,0.0
2025-06-23 00:00:00-04:00,39.83000183105469,40.11000061035156,39.83000183105469,40.02000045776367,38.854896545410156,1911800,0.0,0.0,0.0
2025-06-24 00:00:00-04:00,40.11000061035156,40.31999969482422,40.0,40.2400016784668,39.06848907470703,2097000,0.0,0.0,0.0
2025-06-25 00:00:00-04:00,40.18000030517578,40.189998626708984,39.90999984741211,39.959999084472656,38.79663848876953,1766100,0.0,0.0,0.0
2025-06-26 00:00:00-04:00,40.0099983215332,40.22999954223633,39.90999984741211,40.22999954223633,39.058780670166016,4410700,0.0,0.0,0.0
2025-06-27 00:00:00-04:00,40.16999816894531,40.36000061035156,40.0099983215332,40.18000030517578,39.01023483276367,3753000,0.0,0.0,0.0
2025-06-30 00:00:00-04:00,40.20000076293945,40.439998626708984,40.15999984741211,40.40999984741211,39.23353958129883,3257700,0.0,0.0,0.0
2025-07-02 00:00:00-04:00,40.459999084472656,40.4900016784668,40.279998779296875,40.439998626708984,39.262664794921875,2600800,0.0,0.0,0.0
2025-07-03 00:00:00-04:00,40.4900016784668,40.72999954223633,40.470001220703125,40.720001220703125,39.53451919555664,1953900,0.0,0.0,0.0
2025-07-04 00:00:00-04:00,40.619998931884766,40.790000915527344,40.58000183105469,40.720001220703125,39.53451919555664,2200200,0.0,0.0,0.0
2025-07-07 00:00:00-04:00,40.779998779296875,40.81999969482422,40.58000183105469,40.65999984741211,39.476261138916016,3275800,0.0,0.0,0.0
2025-07-08 00:00:00-04:00,40.709999084472656,40.7599983215332,40.439998626708984,40.4900016784668,39.31121063232422,2707500,0.0,0.0,0.0
2025-07-09 00:00:00-04:00,40.58000183105469,40.65999984741211,40.4900016784668,40.58000183105469,39.39859390258789,2666900,0.0,0.0,0.0
2025-07-10 00:00:00-04:00,40.630001068115234,40.86000061035156,40.54999923706055,40.779998779296875,39.59276580810547,5064500,0.0,0.0,0.0
2025-07-11 00:00:00-04:00,40.66999816894531,40.68000030517578,40.52000045776367,40.650001525878906,39.466552734375,4102200,0.0,0.0,0.0
2025-07-14 00:00:00-04:00,40.63999938964844,40.970001220703125,40.58000183105469,40.93000030517578,39.738399505615234,1946100,0.0,0.0,0.0
2025-07-15 00:00:00-04:00,40.959999084472656,40.970001220703125,40.63999938964844,40.66999816894531,39.48596954345703,3485500,0.0,0.0,0.0
2025-07-16 00:00:00-04:00,40.72999954223633,40.900001525878906,40.5099983215332,40.88999938964844,39.69956588745117,3617000,0.0,0.0,0.0
2025-07-17 00:00:00-04:00,40.900001525878906,41.369998931884766,40.880001068115234,41.31999969482422,40.117042541503906,1602100,0.0,0.0,0.0
2025-07-18 00:00:00-04:00,41.400001525878906,41.41999816894531,41.11000061035156,41.15999984741211,39.961708068847656,1593600,0.0,0.0,0.0
2025-07-21 00:00:00-04:00,41.27000045776367,41.33000183105469,41.119998931884766,41.130001068115234,39.932579040527344,1273400,0.0,0.0,0.0
2025-07-22 00:00:00-04:00,41.13999938964844,41.25,41.08000183105469,41.209999084472656,40.010250091552734,1209900,0.0,0.0,0.0
2025-07-23 00:00:00-04:00,41.29999923706055,41.33000183105469,41.220001220703125,41.27000045776367,40.06849670410156,2869700,0.0,0.0,0.0
2025-07-24 00:00:00-04:00,41.209999084472656,41.380001068115234,41.150001525878906,41.220001220703125,40.01995849609375,2260000,0.0,0.0,0.0
2025-07-25 00:00:00-04:00,41.220001220703125,41.470001220703125,41.20000076293945,41.41999816894531,40.214134216308594,1222500,0.0,0.0,0.0
2025-07-28 00:00:00-04:00,41.41999816894531,41.439998626708984,41.220001220703125,41.29999923706055,40.09762954711914,1303700,0.0,0.0,0.0
2025-07-29 00:00:00-04:00,41.38999938964844,41.439998626708984,41.290000915527344,41.439998626708984,40.233551025390625,1083800,0.0,0.0,0.0
2025-07-30 00:00:00-04:00,41.439998626708984,41.5099983215332,41.119998931884766,41.22999954223633,40.029666900634766,3472100,0.0,0.0,0.0
2025-07-31 00:00:00-04:00,41.2400016784668,41.40999984741211,41.0,41.099998474121094,39.9034538269043,4955000,0.0,0.0,0.0
2025-08-01 00:00:00-04:00,40.709999084472656,40.7599983215332,40.41999816894531,40.689998626708984,39.50538635253906,4763400,0.0,0.0,0.0
2025-08-05 00:00:00-04:00,41.310001373291016,41.529998779296875,41.290000915527344,41.5,40.29180908203125,5506400,0.0,0.0,0.0
2025-08-06 00:00:00-04:00,41.900001525878906,42.2400016784668,41.86000061035156,42.150001525878906,40.92288589477539,5749700,0.0,0.0,0.0
2025-08-07 00:00:00-04:00,42.209999084472656,42.2400016784668,41.709999084472656,41.81999969482422,40.60249328613281,3718300,0.0,0.0,0.0
2025-08-08 00:00:00-04:00,41.91999816894531,41.970001220703125,41.779998779296875,41.81999969482422,40.60249328613281,2064900,0.0,0.0,0.0
2025-08-11 00:00:00-04:00,41.84000015258789,41.970001220703125,41.81999969482422,41.86000061035156,40.64132308959961,2022600,0.0,0.0,0.0
2025-08-12 00:00:00-04:00,41.959999084472656,42.09000015258789,41.900001525878906,42.0,40.77725601196289,2562100,0.0,0.0,0.0
2025-08-13 00:00:00-04:00,42.150001525878906,42.220001220703125,42.04999923706055,42.11000061035156,40.88404846191406,1816800,0.0,0.0,0.0
2025-08-14 00:00:00-04:00,42.08000183105469,42.11000061035156,41.880001068115234,41.9900016784668,40.767539978027344,1420900,0.0,0.0,0.0
2025-08-15 00:00:00-04:00,42.029998779296875,42.060001373291016,41.880001068115234,41.970001220703125,40.74812316894531,990800,0.0,0.0,0.0
2025-08-18 00:00:00-04:00,41.93000030517578,41.97999954223633,41.849998474121094,41.959999084472656,40.73841094970703,1334700,0.0,0.0,0.0
2025-08-19 00:00:00-04:00,42.0099983215332,42.119998931884766,41.90999984741211,41.93000030517578,40.70928955078125,1888000,0.0,0.0,0.0
2025-08-20 00:00:00-04:00,41.95000076293945,42.099998474121094,41.91999816894531,42.029998779296875,40.80637741088867,2005300,0.0,0.0,0.0
2025-08-21 00:00:00-04:00,42.0,42.25,41.939998626708984,42.2400016784668,41.01026916503906,1416900,0.0,0.0,0.0
2025-08-22 00:00:00-04:00,42.310001373291016,42.720001220703125,42.29999923706055,42.630001068115234,41.38890838623047,2305600,0.0,0.0,0.0
2025-08-25 00:00:00-04:00,42.540000915527344,42.58000183105469,42.310001373291016,42.36000061035156,41.12677001953125,2045300,0.0,0.0,0.0
2025-08-26 00:00:00-04:00,42.13999938964844,42.400001525878906,42.04999923706055,42.38999938964844,41.42778015136719,3137600,0.278,0.0,0.0
2025-08-27 00:00:00-04:00,42.43000030517578,42.619998931884766,42.43000030517578,42.56999969482422,41.60368728637695,2262500,0.0,0.0,0.0
2025-08-28 00:00:00-04:00,42.689998626708984,42.70000076293945,42.43000030517578,42.52000045776367,41.55482864379883,1409100,0.0,0.0,0.0
2025-08-29 00:00:00-04:00,42.529998779296875,42.84000015258789,42.47999954223633,42.7599983215332,41.78937911987305,3506000,0.0,0.0,0.0
2025-09-02 00:00:00-04:00,42.599998474121094,42.79999923706055,42.470001220703125,42.790000915527344,41.81869888305664,1845100,0.0,0.0,0.0
2025-09-03 00:00:00-04:00,42.83000183105469,43.0,42.83000183105469,43.0,42.023929595947266,1533400,0.0,0.0,0.0
2025-09-04 00:00:00-04:00,43.060001373291016,43.279998779296875,42.97999954223633,43.27000045776367,42.28779983520508,1508300,0.0,0.0,0.0
2025-09-05 00:00:00-04:00,43.439998626708984,43.5,43.150001525878906,43.40999984741211,42.424625396728516,1913400,0.0,0.0,0.0
2025-09-08 00:00:00-04:00,43.529998779296875,43.529998779296875,43.13999938964844,43.36000061035156,42.37575912475586,1594900,0.0,0.0,0.0
2025-09-09 00:00:00-04:00,43.439998626708984,43.540000915527344,43.34000015258789,43.41999816894531,42.43439483642578,2339200,0.0,0.0,0.0
2025-09-10 00:00:00-04:00,43.5,43.630001068115234,43.459999084472656,43.529998779296875,42.541900634765625,1309800,0.0,0.0,0.0
2025-09-11 00:00:00-04:00,43.58000183105469,43.900001525878906,43.54999923706055,43.880001068115234,42.88395690917969,1204000,0.0,0.0,0.0
2025-09-12 00:00:00-04:00,43.869998931884766,43.880001068115234,43.63999938964844,43.66999816894531,42.67871856689453,944000,0.0,0.0,0.0
2025-09-15 00:00:00-04:00,43.77000045776367,43.91999816894531,43.630001068115234,43.90999984741211,42.913272857666016,1779500,0.0,0.0,0.0
2025-09-16 00:00:00-04:00,43.880001068115234,43.880001068115234,43.65999984741211,43.779998779296875,42.786224365234375,2785200,0.0,0.0,0.0
2025-09-17 00:00:00-04:00,43.75,44.0099983215332,43.63999938964844,43.81999969482422,42.8253173828125,4752100,0.0,0.0,0.0
2025-09-18 00:00:00-04:00,43.849998474121094,44.119998931884766,43.79999923706055,44.029998779296875,43.03055191040039,1573600,0.0,0.0,0.0
2025-09-19 00:00:00-04:00,44.11000061035156,44.540000915527344,44.060001373291016,44.470001220703125,43.460567474365234,4087800,0.0,0.0,0.0
2025-09-22 00:00:00-04:00,44.529998779296875,44.779998779296875,44.439998626708984,44.70000076293945,43.68534469604492,1633000,0.0,0.0,0.0
2025-09-23 00:00:00-04:00,44.79999923706055,44.849998474121094,44.47999954223633,44.5,43.48988342285156,2545500,0.0,0.0,0.0
2025-09-24 00:00:00-04:00,44.619998931884766,44.75,44.439998626708984,44.439998626708984,43.43124008178711,1780900,0.0,0.0,0.0
2025-09-25 00:00:00-04:00,44.209999084472656,44.40999984741211,44.06999969482422,44.349998474121094,43.34328842163086,3486500,0.0,0.0,0.0
2025-09-26 00:00:00-04:00,44.41999816894531,44.52000045776367,44.31999969482422,44.34000015258789,43.33351135253906,1876600,0.0,0.0,0.0
2025-09-29 00:00:00-04:00,44.599998474121094,44.709999084472656,44.529998779296875,44.68000030517578,43.66579818725586,1901600,0.0,0.0,0.0
2025-09-30 00:00:00-04:00,44.650001525878906,44.810001373291016,44.4900016784668,44.77000045776367,43.753753662109375,2027000,0.0,0.0,0.0
2025-10-01 00:00:00-04:00,44.75,45.0099983215332,44.75,44.86000061035156,43.84170913696289,3112300,0.0,0.0,0.0
2025-10-02 00:00:00-04:00,44.939998626708984,44.95000076293945,44.59000015258789,44.93000030517578,43.91012191772461,2238800,0.0,0.0,0.0
2025-10-03 00:00:00-04:00,45.02000045776367,45.529998779296875,45.0099983215332,45.4900016784668,44.45741271972656,5283500,0.0,0.0,0.0
2025-10-06 00:00:00-04:00,45.77000045776367,45.77000045776367,45.43000030517578,45.52000045776367,44.486732482910156,2882000,0.0,0.0,0.0
2025-10-07 00:00:00-04:00,45.56999969482422,45.63999938964844,45.189998626708984,45.27000045776367,44.24240493774414,2360200,0.0,0.0,0.0
2025-10-08 00:00:00-04:00,45.45000076293945,45.459999084472656,45.209999084472656,45.34000015258789,44.31081771850586,2910000,0.0,0.0,0.0
2025-10-09 00:00:00-04:00,45.43000030517578,45.43000030517578,44.939998626708984,45.08000183105469,44.05671691894531,3656800,0.0,0.0,0.0
2025-10-10 00:00:00-04:00,45.029998779296875,45.20000076293945,44.41999816894531,44.45000076293945,43.441017150878906,5676400,0.0,0.0,0.0
2025-10-14 00:00:00-04:00,44.540000915527344,45.279998779296875,44.5099983215332,45.130001068115234,44.10558319091797,3648000,0.0,0.0,0.0
2025-10-15 00:00:00-04:00,45.369998931884766,45.7400016784668,45.2599983215332,45.4900016784668,44.45741271972656,2392500,0.0,0.0,0.0
2025-10-16 00:00:00-04:00,45.630001068115234,45.70000076293945,45.04999923706055,45.16999816894531,44.14467239379883,3009100,0.0,0.0,0.0
2025-10-17 00:00:00-04:00,44.93000030517578,45.08000183105469,44.689998626708984,44.810001373291016,43.7928466796875,1907900,0.0,0.0,0.0
2025-10-20 00:00:00-04:00,45.150001525878906,45.310001373291016,45.099998474121094,45.2599983215332,44.23263168334961,3021700,0.0,0.0,0.0
2025-10-21 00:00:00-04:00,44.900001525878906,44.900001525878906,44.56999969482422,44.63999938964844,43.626705169677734,2352400,0.0,0.0,0.0
2025-10-22 00:00:00-04:00,44.54999923706055,44.84000015258789,44.540000915527344,44.7599983215332,43.743980407714844,4037400,0.0,0.0,0.0
2025-10-23 00:00:00-04:00,44.9900016784668,45.16999816894531,44.90999984741211,45.029998779296875,44.007850646972656,3272300,0.0,0.0,0.0
2025-10-24 00:00:00-04:00,45.189998626708984,45.349998474121094,45.15999984741211,45.279998779296875,44.25217819213867,3203800,0.0,0.0,0.0
2025-10-27 00:00:00-04:00,45.33000183105469,45.40999984741211,45.02000045776367,45.290000915527344,44.26194763183594,2727800,0.0,0.0,0.0
2025-10-28 00:00:00-04:00,45.27000045776367,45.54999923706055,45.22999954223633,45.459999084472656,44.4280891418457,1469200,0.0,0.0,0.0
2025-10-29 00:00:00-04:00,45.47999954223633,45.5099983215332,44.810001373291016,44.959999084472656,43.93943786621094,4009100,0.0,0.0,0.0
2025-10-30 00:00:00-04:00,44.95000076293945,45.209999084472656,44.900001525878906,45.0099983215332,43.988304138183594,1574100,0.0,0.0,0.0
2025-10-31 00:00:00-04:00,45.16999816894531,45.22999954223633,44.959999084472656,45.13999938964844,44.115352630615234,2309400,0.0,0.0,0.0
2025-11-03 00:00:00-05:00,45.209999084472656,45.2400016784668,44.83000183105469,45.20000076293945,44.17399597167969,1425100,0.0,0.0,0.0
2025-11-04 00:00:00-05:00,44.68000030517578,44.900001525878906,44.47999954223633,44.52000045776367,43.509429931640625,2447100,0.0,0.0,0.0
2025-11-05 00:00:00-05:00,44.7400016784668,45.119998931884766,44.72999954223633,44.9900016784668,43.96875762939453,3130200,0.0,0.0,0.0
2025-11-06 00:00:00-05:00,44.9900016784668,44.9900016784668,44.54999923706055,44.63999938964844,43.626705169677734,2117400,0.0,0.0,0.0
2025-11-07 00:00:00-05:00,44.400001525878906,44.689998626708984,44.13999938964844,44.66999816894531,43.65602111816406,5976100,0.0,0.0,0.0
2025-11-10 00:00:00-05:00,45.09000015258789,45.279998779296875,45.0099983215332,45.22999954223633,44.20330810546875,2568600,0.0,0.0,0.0
2025-11-11 00:00:00-05:00,45.2400016784668,45.470001220703125,45.20000076293945,45.439998626708984,44.40854263305664,2330100,0.0,0.0,0.0
2025-11-12 00:00:00-05:00,45.529998779296875,46.040000915527344,45.529998779296875,45.9900016784668,44.94606399536133,3108800,0.0,0.0,0.0
2025-11-13 00:00:00-05:00,45.86000061035156,45.91999816894531,45.04999923706055,45.18000030517578,44.15444564819336,3807300,0.0,0.0,0.0
2025-11-14 00:00:00-05:00,44.70000076293945,45.36000061035156,44.63999938964844,45.310001373291016,44.281494140625,3230400,0.0,0.0,0.0
2025-11-17 00:00:00-05:00,45.11000061035156,45.34000015258789,44.72999954223633,44.93000030517578,43.91012191772461,5291500,0.0,0.0,0.0
2025-11-18 00:00:00-05:00,44.619998931884766,45.0099983215332,44.560001373291016,44.88999938964844,43.871028900146484,6517800,0.0,0.0,0.0
2025-11-19 00:00:00-05:00,44.709999084472656,44.900001525878906,44.56999969482422,44.869998931884766,44.14651107788086,4515300,0.3,0.0,0.0
2025-11-20 00:00:00-05:00,45.209999084472656,45.40999984741211,44.470001220703125,44.5099983215332,43.79231643676758,5797700,0.0,0.0,0.0
2025-11-21 00:00:00-05:00,44.56999969482422,45.02000045776367,44.45000076293945,44.83000183105469,44.10716247558594,4208900,0.0,0.0,0.0
2025-11-24 00:00:00-05:00,45.0,45.41999816894531,44.79999923706055,45.369998931884766,44.638450622558594,3041400,0.0,0.0,0.0
2025-11-25 00:00:00-05:00,45.41999816894531,45.869998931884766,45.36000061035156,45.86000061035156,45.12055206298828,2227300,0.0,0.0,0.0
2025-11-26 00:00:00-05:00,45.959999084472656,46.2599983215332,45.939998626708984,46.220001220703125,45.47475051879883,2287100,0.0,0.0,0.0
2025-11-27 00:00:00-05:00,46.189998626708984,46.310001373291016,46.15999984741211,46.2599983215332,45.51409912109375,358000,0.0,0.0,0.0
2025-11-28 00:00:00-05:00,46.22999954223633,46.470001220703125,46.11000061035156,46.43000030517578,45.681358337402344,1868000,0.0,0.0,0.0
2025-12-01 00:00:00-05:00,46.20000076293945,46.33000183105469,45.9900016784668,46.0,45.25829315185547,2683500,0.0,0.0,0.0
2025-12-02 00:00:00-05:00,46.06999969482422,46.119998931884766,45.790000915527344,46.0,45.25829315185547,3573500,0.0,0.0,0.0
2025-12-03 00:00:00-05:00,46.099998474121094,46.2400016784668,46.02000045776367,46.16999816894531,45.4255485534668,1823900,0.0,0.0,0.0
2025-12-04 00:00:00-05:00,46.25,46.70000076293945,46.22999954223633,46.65999984741211,45.907649993896484,2467200,0.0,0.0,0.0
2025-12-05 00:00:00-05:00,46.63999938964844,46.709999084472656,46.349998474121094,46.41999816894531,45.6715202331543,2349600,0.0,0.0,0.0
2025-12-08 00:00:00-05:00,46.380001068115234,46.43000030517578,46.119998931884766,46.150001525878906,45.405879974365234,1287900,0.0,0.0,0.0
2025-12-09 00:00:00-05:00,46.13999938964844,46.45000076293945,46.11000061035156,46.209999084472656,45.464908599853516,1530700,0.0,0.0,0.0
2025-12-10 00:00:00-05:00,46.15999984741211,46.65999984741211,46.150001525878906,46.56999969482422,45.8191032409668,2882800,0.0,0.0,0.0
2025-12-11 00:00:00-05:00,46.540000915527344,46.849998474121094,46.5099983215332,46.79999923706055,46.04539489746094,2837300,0.0,0.0,0.0
2025-12-12 00:00:00-05:00,46.88999938964844,46.91999816894531,46.380001068115234,46.70000076293945,45.9470100402832,2289100,0.0,0.0,0.0
2025-12-15 00:00:00-05:00,46.900001525878906,46.95000076293945,46.56999969482422,46.650001525878906,45.8978157043457,2564600,0.0,0.0,0.0
2025-12-16 00:00:00-05:00,46.47999954223633,46.630001068115234,46.22999954223633,46.310001373291016,45.56330108642578,3632000,0.0,0.0,0.0
2025-12-17 00:00:00-05:00,46.5099983215332,46.529998779296875,46.189998626708984,46.310001373291016,45.56330108642578,1768600,0.0,0.0,0.0
2025-12-18 00:00:00-05:00,46.459999084472656,46.90999984741211,46.459999084472656,46.66999816894531,45.9174919128418,4154400,0.0,0.0,0.0
2025-12-19 00:00:00-05:00,46.779998779296875,47.25,46.77000045776367,47.060001373291016,46.30120086669922,5231800,0.0,0.0,0.0
2025-12-22 00:00:00-05:00,47.25,47.40999984741211,47.04999923706055,47.290000915527344,46.52749252319336,3996100,0.0,0.0,0.0
2025-12-23 00:00:00-05:00,47.290000915527344,47.38999938964844,47.25,47.380001068115234,46.61604309082031,2553900,0.0,0.0,0.0
2025-12-24 00:00:00-05:00,47.349998474121094,47.47999954223633,47.209999084472656,47.36000061035156,46.59636688232422,927100,0.0,0.0,0.0
2025-12-29 00:00:00-05:00,47.189998626708984,47.40999984741211,47.16999816894531,47.27000045776367,46.507816314697266,1747800,0.0,0.0,0.0
2025-12-30 00:00:00-05:00,47.400001525878906,47.41999816894531,47.209999084472656,47.220001220703125,46.458621978759766,1815300,0.0,0.0,0.0
2025-12-31 00:00:00-05:00,47.209999084472656,47.2400016784668,46.97999954223633,46.9900016784668,46.232330322265625,1066600,0.0,0.0,0.0
2026-01-02 00:00:00-05:00,47.22999954223633,47.27000045776367,47.0,47.25,46.48814010620117,1907800,0.0,0.0,0.0
2026-01-05 00:00:00-05:00,47.439998626708984,47.81999969482422,47.43000030517578,47.709999084472656,46.94071960449219,1809000,0.0,0.0,0.0
2026-01-06 00:00:00-05:00,47.75,47.959999084472656,47.58000183105469,47.90999984741211,47.13749694824219,3351900,0.0,0.0,0.0
2026-01-07 00:00:00-05:00,47.709999084472656,47.72999954223633,47.369998931884766,47.4900016784668,46.724273681640625,3066400,0.0,0.0,0.0
2026-01-08 00:00:00-05:00,47.45000076293945,47.959999084472656,47.380001068115234,47.91999816894531,47.147335052490234,1873500,0.0,0.0,0.0
2026-01-09 00:00:00-05:00,48.09000015258789,48.36000061035156,48.04999923706055,48.220001220703125,47.442501068115234,3125400,0.0,0.0,0.0
2026-01-12 00:00:00-05:00,48.27000045776367,48.529998779296875,48.209999084472656,48.47999954223633,47.698307037353516,2213100,0.0,0.0,0.0
2026-01-13 00:00:00-05:00,48.650001525878906,48.650001525878906,48.43000030517578,48.5099983215332,47.727821350097656,2158600,0.0,0.0,0.0
2026-01-14 00:00:00-05:00,48.56999969482422,48.630001068115234,48.220001220703125,48.529998779296875,47.747501373291016,1820000,0.0,0.0,0.0
2026-01-15 00:00:00-05:00,48.529998779296875,48.79999923706055,48.5099983215332,48.689998626708984,47.9049186706543,3319000,0.0,0.0,0.0
2026-01-16 00:00:00-05:00,48.7599983215332,48.77000045776367,48.47999954223633,48.63999938964844,47.8557243347168,2020500,0.0,0.0,0.0
2026-01-19 00:00:00-05:00,48.4900016784668,48.65999984741211,48.36000061035156,48.650001525878906,47.86556625366211,1093800,0.0,0.0,0.0
2026-01-20 00:00:00-05:00,48.54999923706055,48.54999923706055,47.900001525878906,47.959999084472656,47.18669128417969,4581900,0.0,0.0,0.0
2026-01-21 00:00:00-05:00,48.16999816894531,48.349998474121094,47.880001068115234,48.130001068115234,47.35395050048828,3419400,0.0,0.0,0.0
2026-01-22 00:00:00-05:00,48.31999969482422,48.52000045776367,48.130001068115234,48.25,47.472015380859375,1474000,0.0,0.0,0.0
2026-01-23 00:00:00-05:00,48.31999969482422,48.41999816894531,48.150001525878906,48.380001068115234,47.59992218017578,2502400,0.0,0.0,0.0
2026-01-26 00:00:00-05:00,48.68000030517578,48.7400016784668,48.29999923706055,48.349998474121094,47.570404052734375,3243700,0.0,0.0,0.0
2026-01-27 00:00:00-05:00,48.36000061035156,48.45000076293945,48.119998931884766,48.2599983215332,47.48185348510742,2760000,0.0,0.0,0.0
2026-01-28 00:00:00-05:00,48.36000061035156,48.5099983215332,48.08000183105469,48.29999923706055,47.52120590209961,2553500,0.0,0.0,0.0
2026-01-29 00:00:00-05:00,48.56999969482422,48.65999984741211,47.79999923706055,48.2599983215332,47.48185348510742,4530000,0.0,0.0,0.0
2026-01-30 00:00:00-05:00,47.7400016784668,47.83000183105469,46.630001068115234,46.900001525878906,46.1437873840332,5718600,0.0,0.0,0.0
2026-02-02 00:00:00-05:00,46.880001068115234,47.43000030517578,46.83000183105469,47.33000183105469,46.56685256958008,5239200,0.0,0.0,0.0
2026-02-03 00:00:00-05:00,47.68000030517578,47.70000076293945,46.9900016784668,47.40999984741211,46.64556121826172,3938700,0.0,0.0,0.0
2026-02-04 00:00:00-05:00,47.619998931884766,47.7599983215332,47.290000915527344,47.66999816894531,46.901363372802734,5540900,0.0,0.0,0.0
2026-02-05 00:00:00-05:00,47.22999954223633,47.599998474121094,46.9900016784668,47.09000015258789,46.33071517944336,4344500,0.0,0.0,0.0
2026-02-06 00:00:00-05:00,47.369998931884766,47.709999084472656,47.349998474121094,47.650001525878906,46.88168716430664,1904800,0.0,0.0,0.0
2026-02-09 00:00:00-05:00,47.68000030517578,48.400001525878906,47.68000030517578,48.400001525878906,47.619598388671875,2425400,0.0,0.0,0.0
2026-02-10 00:00:00-05:00,48.4900016784668,48.849998474121094,48.470001220703125,48.779998779296875,47.99346923828125,2479600,0.0,0.0,0.0
2026-02-11 00:00:00-05:00,49.369998931884766,49.380001068115234,48.40999984741211,48.650001525878906,47.86556625366211,5444900,0.0,0.0,0.0
2026-02-12 00:00:00-05:00,48.77000045776367,48.849998474121094,47.720001220703125,47.790000915527344,47.01943588256836,4337200,0.0,0.0,0.0
2026-02-13 00:00:00-05:00,47.90999984741211,48.529998779296875,47.720001220703125,48.529998779296875,47.747501373291016,4871800,0.0,0.0,0.0
2026-02-17 00:00:00-05:00,48.29999923706055,48.459999084472656,47.90999984741211,48.380001068115234,47.59992218017578,3680300,0.0,0.0,0.0
2026-02-18 00:00:00-05:00,48.599998474121094,49.209999084472656,48.560001373291016,49.08000183105469,48.28863525390625,3247900,0.0,0.0,0.0
2026-02-19 00:00:00-05:00,48.9900016784668,49.29999923706055,48.86000061035156,49.29999923706055,48.50508117675781,3412500,0.0,0.0,0.0
2026-02-20 00:00:00-05:00,49.27000045776367,49.56999969482422,49.22999954223633,49.56999969482422,48.77073287963867,5481200,0.0,0.0,0.0
2026-02-23 00:00:00-05:00,49.560001373291016,49.790000915527344,49.130001068115234,49.40999984741211,48.613311767578125,4608000,0.0,0.0,0.0
2026-02-24 00:00:00-05:00,49.06999969482422,49.34000015258789,48.91999816894531,49.31999969482422,48.79833221435547,4769100,0.277,0.0,0.0
2026-02-25 00:00:00-05:00,49.560001373291016,49.779998779296875,49.31999969482422,49.630001068115234,49.10505294799805,5488300,0.0,0.0,0.0
2026-02-26 00:00:00-05:00,49.59000015258789,50.04999923706055,49.529998779296875,50.029998779296875,49.500823974609375,3109100,0.0,0.0,0.0
2026-02-27 00:00:00-05:00,49.900001525878906,50.02000045776367,49.630001068115234,49.709999084472656,49.184207916259766,3945500,0.0,0.0,0.0
2026-03-02 00:00:00-05:00,49.4900016784668,50.08000183105469,49.400001525878906,50.060001373291016,49.5305061340332,4198200,0.0,0.0,0.0
2026-03-03 00:00:00-05:00,49.13999938964844,49.279998779296875,48.22999954223633,49.15999984741211,48.6400260925293,11113800,0.0,0.0,0.0
2026-03-04 00:00:00-05:00,49.34000015258789,49.56999969482422,49.130001068115234,49.41999816894531,48.897274017333984,3794300,0.0,0.0,0.0
2026-03-05 00:00:00-05:00,49.060001373291016,49.36000061035156,48.689998626708984,49.04999923706055,48.53118896484375,7154900,0.0,0.0,0.0
2026-03-06 00:00:00-05:00,48.5099983215332,48.61000061035156,48.040000915527344,48.279998779296875,47.76933670043945,7666500,0.0,0.0,0.0
2026-03-09 00:00:00-04:00,47.75,48.560001373291016,47.380001068115234,48.459999084472656,47.94742965698242,5770700,0.0,0.0,0.0
2026-03-10 00:00:00-04:00,48.529998779296875,48.880001068115234,48.369998931884766,48.54999923706055,48.03647994995117,5331600,0.0,0.0,0.0
2026-03-11 00:00:00-04:00,48.36000061035156,48.619998931884766,48.220001220703125,48.369998931884766,47.85838317871094,2772600,0.0,0.0,0.0
2026-03-12 00:00:00-04:00,48.279998779296875,48.400001525878906,47.97999954223633,48.029998779296875,47.521976470947266,3328200,0.0,0.0,0.0
2026-03-13 00:00:00-04:00,48.2400016784668,48.380001068115234,47.599998474121094,47.70000076293945,47.19546890258789,3684000,0.0,0.0,0.0
2026-03-16 00:00:00-04:00,47.849998474121094,48.34000015258789,47.849998474121094,48.27000045776367,47.75944137573242,4020300,0.0,0.0,0.0
2026-03-17 00:00:00-04:00,48.470001220703125,48.810001373291016,48.29999923706055,48.369998931884766,47.85838317871094,2806300,0.0,0.0,0.0
2026-03-18 00:00:00-04:00,48.029998779296875,48.11000061035156,47.529998779296875,47.540000915527344,47.03716278076172,4220000,0.0,0.0,0.0
2026-03-19 00:00:00-04:00,46.880001068115234,47.15999984741211,46.70000076293945,47.02000045776367,46.52266311645508,4438900,0.0,0.0,0.0
2026-03-20 00:00:00-04:00,46.900001525878906,46.95000076293945,46.02000045776367,46.22999954223633,45.74101638793945,7096200,0.0,0.0,0.0
2026-03-23 00:00:00-04:00,46.70000076293945,47.2599983215332,46.5,47.04999923706055,46.55234146118164,9596100,0.0,0.0,0.0
2026-03-24 00:00:00-04:00,46.709999084472656,47.36000061035156,46.560001373291016,47.06999969482422,46.5721321105957,9366700,0.0,0.0,0.0
2026-03-25 00:00:00-04:00,47.65999984741211,47.77000045776367,47.2599983215332,47.66999816894531,47.1657829284668,8006300,0.0,0.0,0.0
2026-03-26 00:00:00-04:00,47.220001220703125,47.869998931884766,46.9900016784668,47.04999923706055,46.55234146118164,4243300,0.0,0.0,0.0
2026-03-27 00:00:00-04:00,46.84000015258789,47.25,46.790000915527344,47.040000915527344,46.54245376586914,2941300,0.0,0.0,0.0
2026-03-30 00:00:00-04:00,47.400001525878906,47.709999084472656,46.81999969482422,47.06999969482422,46.5721321105957,4492600,0.0,0.0,0.0
2026-03-31 00:00:00-04:00,47.47999954223633,48.189998626708984,47.47999954223633,48.150001525878906,47.64071273803711,6643100,0.0,0.0,0.0
2026-04-01 00:00:00-04:00,48.40999984741211,48.54999923706055,48.209999084472656,48.380001068115234,47.86827850341797,5956100,0.0,0.0,0.0
2026-04-02 00:00:00-04:00,47.84000015258789,48.68000030517578,47.790000915527344,48.630001068115234,48.11563491821289,6003800,0.0,0.0,0.0
2026-04-06 00:00:00-04:00,48.56999969482422,48.810001373291016,48.54999923706055,48.7400016784668,48.22447204589844,3605100,0.0,0.0,0.0
2026-04-07 00:00:00-04:00,48.59000015258789,48.849998474121094,48.43000030517578,48.849998474121094,48.33330535888672,7821700,0.0,0.0,0.0
2026-04-08 00:00:00-04:00,49.72999954223633,49.77000045776367,49.209999084472656,49.40999984741211,48.88738250732422,7410300,0.0,0.0,0.0
2026-04-09 00:00:00-04:00,49.400001525878906,49.540000915527344,49.130001068115234,49.15999984741211,48.6400260925293,4597100,0.0,0.0,0.0
2026-04-10 00:00:00-04:00,49.34000015258789,49.599998474121094,49.34000015258789,49.47999954223633,48.956642150878906,3694200,0.0,0.0,0.0
2026-04-13 00:00:00-04:00,49.34000015258789,49.790000915527344,49.2599983215332,49.75,49.223785400390625,3958400,0.0,0.0,0.0
2026-04-14 00:00:00-04:00,49.81999969482422,50.06999969482422,49.650001525878906,50.04999923706055,49.52061080932617,3742200,0.0,0.0,0.0
2026-04-15 00:00:00-04:00,50.08000183105469,50.36000061035156,49.9900016784668,50.220001220703125,49.68881607055664,4357700,0.0,0.0,0.0
2026-04-16 00:00:00-04:00,50.31999969482422,50.47999954223633,50.0,50.06999969482422,49.540401458740234,3711200,0.0,0.0,0.0
2026-04-17 00:00:00-04:00,50.18000030517578,50.560001373291016,50.11000061035156,50.4900016784668,49.95595932006836,5075800,0.0,0.0,0.0
2026-04-20 00:00:00-04:00,50.31999969482422,50.540000915527344,50.310001373291016,50.5099983215332,49.975746154785156,6198200,0.0,0.0,0.0
2026-04-21 00:00:00-04:00,50.5099983215332,50.619998931884766,49.86000061035156,49.880001068115234,49.352413177490234,4928300,0.0,0.0,0.0
2026-04-22 00:00:00-04:00,50.20000076293945,50.22999954223633,49.88999938964844,49.9900016784668,49.46125030517578,2163300,0.0,0.0,0.0
2026-04-23 00:00:00-04:00,49.880001068115234,50.13999938964844,49.619998931884766,50.0,49.47114181518555,4211400,0.0,0.0,0.0
2026-04-24 00:00:00-04:00,50.029998779296875,50.060001373291016,49.77000045776367,49.970001220703125,49.44145965576172,2136300,0.0,0.0,0.0
2026-04-27 00:00:00-04:00,49.77000045776367,49.93000030517578,49.70000076293945,49.810001373291016,49.28315353393555,2020000,0.0,0.0,0.0
2026-04-28 00:00:00-04:00,49.66999816894531,49.88999938964844,49.52000045776367,49.58000183105469,49.05558776855469,3760700,0.0,0.0,0.0
2026-04-29 00:00:00-04:00,49.560001373291016,49.560001373291016,49.06999969482422,49.18000030517578,48.65981674194336,3279200,0.0,0.0,0.0
2026-04-30 00:00:00-04:00,49.38999938964844,50.220001220703125,49.369998931884766,50.189998626708984,49.65913009643555,5244000,0.0,0.0,0.0
2026-05-01 00:00:00-04:00,50.22999954223633,50.25,50.040000915527344,50.04999923706055,49.52061080932617,3975200,0.0,0.0,0.0
2026-05-04 00:00:00-04:00,50.0,50.13999938964844,49.689998626708984,49.7400016784668,49.21389389038086,4905200,0.0,0.0,0.0
2026-05-05 00:00:00-04:00,49.7599983215332,49.900001525878906,49.540000915527344,49.599998474121094,49.07537078857422,3687700,0.0,0.0,0.0
2026-05-06 00:00:00-04:00,50.0,50.09000015258789,49.900001525878906,49.9900016784668,49.46125030517578,4350100,0.0,0.0,0.0
2026-05-07 00:00:00-04:00,50.15999984741211,50.220001220703125,49.56999969482422,49.72999954223633,49.20399475097656,5431000,0.0,0.0,0.0
2026-05-08 00:00:00-04:00,50.0099983215332,50.119998931884766,49.880001068115234,50.09000015258789,49.56018829345703,3688700,0.0,0.0,0.0
2026-05-11 00:00:00-04:00,50.060001373291016,50.34000015258789,50.02000045776367,50.060001373291016,49.5305061340332,1766000,0.0,0.0,0.0
2026-05-12 00:00:00-04:00,50.09000015258789,50.27000045776367,49.79999923706055,50.2599983215332,49.728389739990234,3486900,0.0,0.0,0.0
2026-05-13 00:00:00-04:00,50.16999816894531,50.209999084472656,49.720001220703125,49.849998474121094,49.32272720336914,3083200,0.0,0.0,0.0
2026-05-14 00:00:00-04:00,49.970001220703125,50.36000061035156,49.900001525878906,50.310001373291016,49.77786636352539,4394200,0.0,0.0,0.0
2026-05-15 00:00:00-04:00,49.84000015258789,49.86000061035156,49.59000015258789,49.81999969482422,49.29304885864258,5396600,0.0,0.0,0.0
2026-05-19 00:00:00-04:00,49.959999084472656,50.310001373291016,49.900001525878906,49.939998626708984,49.411773681640625,3265000,0.0,0.0,0.0
2026-05-20 00:00:00-04:00,49.97999954223633,50.68000030517578,49.970001220703125,50.58000183105469,50.04500961303711,5414600,0.0,0.0,0.0
2026-05-21 00:00:00-04:00,50.13999938964844,50.849998474121094,50.09000015258789,50.720001220703125,50.45485305786133,5071300,0.272,0.0,0.0
2026-05-22 00:00:00-04:00,50.869998931884766,51.0099983215332,50.720001220703125,50.779998779296875,50.5145378112793,2924400,0.0,0.0,0.0
2026-05-25 00:00:00-04:00,51.189998626708984,51.34000015258789,51.060001373291016,51.25,50.98208236694336,1741700,0.0,0.0,0.0
2026-05-26 00:00:00-04:00,51.11000061035156,51.16999816894531,50.7400016784668,50.88999938964844,50.62396240234375,1995600,0.0,0.0,0.0
2026-05-27 00:00:00-04:00,50.7400016784668,50.88999938964844,50.59000015258789,50.63999938964844,50.37527084350586,2457100,0.0,0.0,0.0
2026-05-28 00:00:00-04:00,50.529998779296875,50.7400016784668,50.369998931884766,50.650001525878906,50.38521957397461,4465900,0.0,0.0,0.0
2026-05-29 00:00:00-04:00,50.75,50.97999954223633,50.560001373291016,50.86000061035156,50.594120025634766,2711300,0.0,0.0,0.0
2026-06-01 00:00:00-04:00,50.88999938964844,51.06999969482422,50.650001525878906,50.959999084472656,50.69359588623047,3048600,0.0,0.0,0.0
2026-06-02 00:00:00-04:00,50.959999084472656,51.650001525878906,50.959999084472656,51.63999938964844,51.37004089355469,4782300,0.0,0.0,0.0
2026-06-03 00:00:00-04:00,51.47999954223633,51.650001525878906,51.15999984741211,51.189998626708984,50.922393798828125,4612000,0.0,0.0,0.0
2026-06-04 00:00:00-04:00,51.279998779296875,51.939998626708984,51.279998779296875,51.849998474121094,51.578941345214844,2635200,0.0,0.0,0.0
2026-06-05 00:00:00-04:00,51.4900016784668,51.4900016784668,50.849998474121094,50.849998474121094,50.584171295166016,3741500,0.0,0.0,0.0
2026-06-08 00:00:00-04:00,51.189998626708984,51.40999984741211,50.88999938964844,50.97999954223633,50.71349334716797,1772000,0.0,0.0,0.0
2026-06-09 00:00:00-04:00,51.119998931884766,51.369998931884766,50.43000030517578,50.970001220703125,50.70354461669922,3203700,0.0,0.0,0.0
2026-06-10 00:00:00-04:00,50.66999816894531,51.02000045776367,50.65999984741211,50.720001220703125,50.45485305786133,3086500,0.0,0.0,0.0
2026-06-11 00:00:00-04:00,51.09000015258789,51.529998779296875,50.959999084472656,51.43000030517578,51.16114044189453,6326900,0.0,0.0,0.0
2026-06-12 00:00:00-04:00,51.599998474121094,51.970001220703125,51.5,51.75,51.47946548461914,4948000,0.0,0.0,0.0
2026-06-15 00:00:00-04:00,52.220001220703125,52.27000045776367,51.939998626708984,52.11000061035156,51.83758544921875,2441500,0.0,0.0,0.0
2026-06-16 00:00:00-04:00,52.189998626708984,52.349998474121094,52.11000061035156,52.27000045776367,51.99674987792969,7130500,0.0,0.0,0.0
2026-06-17 00:00:00-04:00,52.20000076293945,52.58000183105469,51.869998931884766,51.95000076293945,51.67842102050781,7490400,0.0,0.0,0.0
2026-06-18 00:00:00-04:00,52.08000183105469,52.20000076293945,51.65999984741211,51.72999954223633,51.459571838378906,5520900,0.0,0.0,0.0
2026-06-19 00:00:00-04:00,51.68000030517578,51.900001525878906,51.560001373291016,51.560001373291016,51.290462493896484,4030700,0.0,0.0,0.0
2026-06-22 00:00:00-04:00,51.66999816894531,51.95000076293945,51.65999984741211,51.84000015258789,51.56899642944336,2580400,0.0,0.0,0.0
2026-06-23 00:00:00-04:00,51.349998474121094,52.06999969482422,51.34000015258789,51.91999816894531,51.64857864379883,2434800,0.0,0.0,0.0
2026-06-24 00:00:00-04:00,51.66999816894531,51.849998474121094,51.5,51.7400016784668,51.469520568847656,2949400,0.0,0.0,0.0
2026-06-25 00:00:00-04:00,52.0,52.2599983215332,51.83000183105469,51.90999984741211,51.63862991333008,3335300,0.0,0.0,0.0
2026-06-26 00:00:00-04:00,51.79999923706055,52.189998626708984,51.7400016784668,51.959999084472656,51.68836975097656,2164900,0.0,0.0,0.0
2026-06-29 00:00:00-04:00,52.130001068115234,52.13999938964844,51.689998626708984,51.75,51.47946548461914,3207600,0.0,0.0,0.0
2026-06-30 00:00:00-04:00,51.83000183105469,51.939998626708984,51.68000030517578,51.810001373291016,51.539154052734375,5595700,0.0,0.0,0.0
2026-07-02 00:00:00-04:00,51.95000076293945,52.119998931884766,51.56999969482422,51.95000076293945,51.67842102050781,4148300,0.0,0.0,0.0
2026-07-03 00:00:00-04:00,52.119998931884766,52.439998626708984,52.119998931884766,52.279998779296875,52.00669479370117,1256100,0.0,0.0,0.0
2026-07-06 00:00:00-04:00,52.27000045776367,52.400001525878906,52.02000045776367,52.279998779296875,52.00669479370117,3274300,0.0,0.0,0.0
2026-07-07 00:00:00-04:00,52.400001525878906,52.709999084472656,52.27000045776367,52.560001373291016,52.28523254394531,4513000,0.0,0.0,0.0
2026-07-08 00:00:00-04:00,52.290000915527344,52.310001373291016,51.63999938964844,52.060001373291016,51.78784942626953,5321900,0.0,0.0,0.0
2026-07-09 00:00:00-04:00,52.11000061035156,52.529998779296875,52.11000061035156,52.41999816894531,52.14596176147461,3869200,0.0,0.0,0.0
2026-07-10 00:00:00-04:00,52.540000915527344,52.7400016784668,52.38999938964844,52.689998626708984,52.41455078125,2754800,0.0,0.0,0.0
2026-07-13 00:00:00-04:00,52.689998626708984,52.95000076293945,52.59000015258789,52.7400016784668,52.46429443359375,3546200,0.0,0.0,0.0
2026-07-14 00:00:00-04:00,52.68000030517578,53.040000915527344,52.66999816894531,52.790000915527344,52.51403045654297,6725600,0.0,0.0,0.0
2026-07-15 00:00:00-04:00,52.83000183105469,53.040000915527344,52.7400016784668,52.970001220703125,52.693092346191406,3619600,0.0,0.0,0.0
2026-07-16 00:00:00-04:00,52.810001373291016,53.119998931884766,52.630001068115234,52.97999954223633,52.70303726196289,6301500,0.0,0.0,0.0
2026-07-17 00:00:00-04:00,52.720001220703125,52.97999954223633,52.5,52.83000183105469,52.5538215637207,6217900,0.0,0.0,0.0
2026-07-20 00:00:00-04:00,52.869998931884766,53.0,52.29999923706055,52.29999923706055,52.02659225463867,2762000,0.0,0.0,0.0
2026-07-21 00:00:00-04:00,52.5,52.75,52.22999954223633,52.75,52.474239349365234,3013100,0.0,0.0,0.0
2026-07-22 00:00:00-04:00,52.86000061035156,53.25,52.77000045776367,52.83000183105469,52.5538215637207,3922200,0.0,0.0,0.0
2026-07-23 00:00:00-04:00,52.5,52.619998931884766,52.290000915527344,52.43000030517578,52.155914306640625,4938700,0.0,0.0,0.0
2026-07-24 00:00:00-04:00,52.599998474121094,52.83000183105469,52.5,52.7400016784668,52.46429443359375,4865500,0.0,0.0,0.0
2026-07-27 00:00:00-04:00,52.959999084472656,53.15999984741211,52.779998779296875,53.150001525878906,52.87215042114258,3118900,0.0,0.0,0.0
2026-07-28 00:00:00-04:00,53.060001373291016,53.599998474121094,52.939998626708984,53.56999969482422,53.28995132446289,3017100,0.0,0.0,0.0
2026-07-29 00:00:00-04:00,53.4900016784668,53.5,52.84000015258789,52.90999984741211,52.63340377807617,4688500,0.0,0.0,0.0
2026-07-30 00:00:00-04:00,53.189998626708984,53.189998626708984,52.7400016784668,53.13999938964844,52.86220169067383,2089200,0.0,0.0,0.0
2026-07-31 00:00:00-04:00,53.08000183105469,53.119998931884766,52.72999954223633,52.7599983215332,52.48418426513672,3094200,0.0,0.0,0.0
2026-08-04 00:00:00-04:00,53.25,53.5,53.04999923706055,53.40999984741211,53.13079071044922,4287900,0.0,0.0,0.0
2026-08-05 00:00:00-04:00,54.2599983215332,54.41999816894531,53.939998626708984,53.939998626708984,53.658016204833984,3629600,0.0,0.0,0.0
2026-08-06 00:00:00-04:00,53.959999084472656,54.130001068115234,53.75,53.959999084472656,53.677913665771484,4723800,0.0,0.0,0.0
2026-08-07 00:00:00-04:00,54.09000015258789,54.16999816894531,53.939998626708984,54.13999938964844,53.856971740722656,2933300,0.0,0.0,0.0
2026-08-10 00:00:00-04:00,54.130001068115234,54.400001525878906,54.02000045776367,54.27000045776367,53.98629379272461,2572500,0.0,0.0,0.0
2026-08-11 00:00:00-04:00,54.380001068115234,54.59000015258789,54.2599983215332,54.279998779296875,53.996238708496094,3800700,0.0,0.0,0.0
2026-08-12 00:00:00-04:00,54.43000030517578,54.66999816894531,54.29999923706055,54.58000183105469,54.294673919677734,4435200,0.0,0.0,0.0
2026-08-13 00:00:00-04:00,54.650001525878906,54.90999984741211,54.54999923706055,54.880001068115234,54.59310531616211,2650400,0.0,0.0,0.0
2026-08-14 00:00:00-04:00,54.91999816894531,54.959999084472656,54.65999984741211,54.81999969482422,54.533416748046875,1375400,0.0,0.0,0.0
2026-08-17 00:00:00-04:00,54.70000076293945,54.90999984741211,54.65999984741211,54.68000030517578,54.39414978027344,2686900,0.0,0.0,0.0
2026-08-18 00:00:00-04:00,54.619998931884766,54.65999984741211,54.20000076293945,54.279998779296875,53.996238708496094,2936500,0.0,0.0,0.0
2026-08-19 00:00:00-04:00,54.56999969482422,54.709999084472656,54.06999969482422,54.119998931884766,53.83707809448242,2830400,0.0,0.0,0.0
2026-08-20 00:00:00-04:00,53.900001525878906,54.18000030517578,53.83000183105469,53.97999954223633,53.69780731201172,4218700,0.0,0.0,0.0
2026-08-21 00:00:00-04:00,54.2400016784668,54.5,54.189998626708984,54.36000061035156,54.07582473754883,3577700,0.0,0.0,0.0
2026-08-24 00:00:00-04:00,54.34000015258789,54.560001373291016,54.189998626708984,54.470001220703125,54.18524932861328,2115600,0.0,0.0,0.0
2026-08-25 00:00:00-04:00,54.439998626708984,54.95000076293945,54.380001068115234,54.900001525878906,54.61300277709961,5566800,0.0,0.0,0.0
2026-08-26 00:00:00-04:00,54.56999969482422,54.810001373291016,54.380001068115234,54.40999984741211,54.40999984741211,2900800,0.287,0.0,0.0
2026-08-27 00:00:00-04:00,54.38999938964844,54.400001525878906,54.040000915527344,54.33000183105469,54.33000183105469,1915500,0.0,0.0,0.0
2026-08-28 00:00:00-04:00,54.439998626708984,54.560001373291016,53.880001068115234,54.04999923706055,54.04999923706055,5379400,0.0,0.0,0.0
2026-08-31 00:00:00-04:00,54.029998779296875,54.06999969482422,53.5099983215332,53.650001525878906,53.650001525878906,3097100,0.0,0.0,0.0
